날짜,지역,품목명,단위,가격
2024-08-05,부산,배추,1포기,5710
2024-08-05,부산,시금치,100g,17550
2024-08-05,부산,상추,100g,22000
2024-08-05,부산,얼갈이배추,1kg,4655
2024-08-05,부산,오이,10개,13200
2024-08-05,부산,호박,1개,1668
2024-08-05,부산,토마토,1kg,5010
2024-08-05,부산,무,1개,3140
2024-08-05,부산,당근,1kg,5985
2024-08-05,부산,열무,1kg,4833
2024-08-05,부산,양파,1kg,2080
2024-08-05,부산,대파,1kg,3215
2024-08-05,부산,피망,100g,9967
2024-08-05,부산,파프리카,1개,1298
2024-08-05,부산,마늘,1kg,9790
2024-08-05,부산,브로콜리,1개,2388
2024-08-05,부산,사과,10개,35267
2024-08-05,부산,배,10개,74167
2024-08-06,부산,배추,1포기,5710
2024-08-06,부산,시금치,100g,17850
2024-08-06,부산,상추,100g,20333
2024-08-06,부산,얼갈이배추,1kg,4698
2024-08-06,부산,오이,10개,15325
2024-08-06,부산,호박,1개,1850
2024-08-06,부산,토마토,1kg,5010
2024-08-06,부산,무,1개,3140
2024-08-06,부산,당근,1kg,5985
2024-08-06,부산,열무,1kg,4875
2024-08-06,부산,양파,1kg,2158
2024-08-06,부산,대파,1kg,3215
2024-08-06,부산,피망,100g,9967
2024-08-06,부산,파프리카,1개,1323
2024-08-06,부산,마늘,1kg,9790
2024-08-06,부산,브로콜리,1개,2513
2024-08-06,부산,사과,10개,33100
2024-08-06,부산,배,10개,74167
2024-08-07,부산,배추,1포기,5823
2024-08-07,부산,시금치,100g,17925
2024-08-07,부산,상추,100g,20100
2024-08-07,부산,얼갈이배추,1kg,4698
2024-08-07,부산,오이,10개,15325
2024-08-07,부산,호박,1개,1800
2024-08-07,부산,토마토,1kg,5010
2024-08-07,부산,무,1개,3140
2024-08-07,부산,당근,1kg,5985
2024-08-07,부산,열무,1kg,4875
2024-08-07,부산,양파,1kg,2158
2024-08-07,부산,대파,1kg,3215
2024-08-07,부산,피망,100g,9967
2024-08-07,부산,파프리카,1개,1323
2024-08-07,부산,마늘,1kg,9790
2024-08-07,부산,브로콜리,1개,2513
2024-08-07,부산,사과,10개,24467
2024-08-07,부산,배,10개,74167
2024-08-08,부산,배추,1포기,5865
2024-08-08,부산,시금치,100g,19950
2024-08-08,부산,상추,100g,23100
2024-08-08,부산,얼갈이배추,1kg,4878
2024-08-08,부산,오이,10개,14090
2024-08-08,부산,호박,1개,2073
2024-08-08,부산,토마토,1kg,5093
2024-08-08,부산,무,1개,3190
2024-08-08,부산,당근,1kg,5863
2024-08-08,부산,열무,1kg,5433
2024-08-08,부산,양파,1kg,2158
2024-08-08,부산,대파,1kg,3140
2024-08-08,부산,피망,100g,9967
2024-08-08,부산,파프리카,1개,1598
2024-08-08,부산,마늘,1kg,9790
2024-08-08,부산,브로콜리,1개,2240
2024-08-08,부산,사과,10개,31100
2024-08-08,부산,배,10개,70833
2024-08-09,부산,배추,1포기,5905
2024-08-09,부산,시금치,100g,20050
2024-08-09,부산,상추,100g,23100
2024-08-09,부산,얼갈이배추,1kg,4878
2024-08-09,부산,오이,10개,14165
2024-08-09,부산,호박,1개,2073
2024-08-09,부산,토마토,1kg,5175
2024-08-09,부산,무,1개,3190
2024-08-09,부산,당근,1kg,5863
2024-08-09,부산,열무,1kg,5433
2024-08-09,부산,양파,1kg,2158
2024-08-09,부산,대파,1kg,3158
2024-08-09,부산,피망,100g,9967
2024-08-09,부산,파프리카,1개,1598
2024-08-09,부산,마늘,1kg,9790
2024-08-09,부산,브로콜리,1개,2423
2024-08-09,부산,사과,10개,35650
2024-08-09,부산,배,10개,85200
2024-08-12,부산,배추,1포기,6030
2024-08-12,부산,시금치,100g,20200
2024-08-12,부산,상추,100g,23333
2024-08-12,부산,얼갈이배추,1kg,4720
2024-08-12,부산,오이,10개,14240
2024-08-12,부산,호박,1개,2073
2024-08-12,부산,토마토,1kg,5260
2024-08-12,부산,무,1개,3190
2024-08-12,부산,당근,1kg,5863
2024-08-12,부산,열무,1kg,5433
2024-08-12,부산,양파,1kg,2158
2024-08-12,부산,대파,1kg,3190
2024-08-12,부산,피망,100g,9967
2024-08-12,부산,파프리카,1개,1615
2024-08-12,부산,마늘,1kg,9433
2024-08-12,부산,브로콜리,1개,2423
2024-08-12,부산,사과,10개,35650
2024-08-12,부산,배,10개,85200
2024-08-13,부산,배추,1포기,6030
2024-08-13,부산,시금치,100g,20300
2024-08-13,부산,상추,100g,23333
2024-08-13,부산,얼갈이배추,1kg,4720
2024-08-13,부산,오이,10개,14340
2024-08-13,부산,호박,1개,2073
2024-08-13,부산,토마토,1kg,5260
2024-08-13,부산,무,1개,3190
2024-08-13,부산,당근,1kg,5863
2024-08-13,부산,열무,1kg,5433
2024-08-13,부산,양파,1kg,2158
2024-08-13,부산,대파,1kg,3618
2024-08-13,부산,피망,100g,9967
2024-08-13,부산,파프리카,1개,1615
2024-08-13,부산,마늘,1kg,9433
2024-08-13,부산,브로콜리,1개,2423
2024-08-13,부산,사과,10개,35650
2024-08-13,부산,배,10개,70800
2024-08-14,부산,배추,1포기,6280
2024-08-14,부산,시금치,100g,21350
2024-08-14,부산,상추,100g,23533
2024-08-14,부산,얼갈이배추,1kg,4785
2024-08-14,부산,오이,10개,14175
2024-08-14,부산,호박,1개,2023
2024-08-14,부산,토마토,1kg,5260
2024-08-14,부산,무,1개,3290
2024-08-14,부산,당근,1kg,6113
2024-08-14,부산,열무,1kg,5740
2024-08-14,부산,양파,1kg,2158
2024-08-14,부산,대파,1kg,3445
2024-08-14,부산,피망,100g,9967
2024-08-14,부산,파프리카,1개,1680
2024-08-14,부산,마늘,1kg,9790
2024-08-14,부산,브로콜리,1개,2423
2024-08-14,부산,사과,10개,35650
2024-08-14,부산,배,10개,59000
2024-08-16,부산,배추,1포기,6615
2024-08-16,부산,시금치,100g,23825
2024-08-16,부산,상추,100g,19100
2024-08-16,부산,얼갈이배추,1kg,3980
2024-08-16,부산,오이,10개,13125
2024-08-16,부산,호박,1개,1698
2024-08-16,부산,토마토,1kg,5260
2024-08-16,부산,무,1개,3323
2024-08-16,부산,당근,1kg,6175
2024-08-16,부산,열무,1kg,4553
2024-08-16,부산,양파,1kg,2115
2024-08-16,부산,대파,1kg,3530
2024-08-16,부산,피망,100g,9967
2024-08-16,부산,파프리카,1개,1680
2024-08-16,부산,마늘,1kg,9748
2024-08-16,부산,브로콜리,1개,2590
2024-08-16,부산,사과,10개,34933
2024-08-16,부산,배,10개,40125
2024-08-19,부산,배추,1포기,6740
2024-08-19,부산,시금치,100g,28550
2024-08-19,부산,상추,100g,20867
2024-08-19,부산,얼갈이배추,1kg,3980
2024-08-19,부산,오이,10개,14750
2024-08-19,부산,호박,1개,1623
2024-08-19,부산,토마토,1kg,5260
2024-08-19,부산,무,1개,3323
2024-08-19,부산,당근,1kg,6215
2024-08-19,부산,열무,1kg,4553
2024-08-19,부산,양파,1kg,2115
2024-08-19,부산,대파,1kg,4015
2024-08-19,부산,피망,100g,9967
2024-08-19,부산,파프리카,1개,1680
2024-08-19,부산,마늘,1kg,9748
2024-08-19,부산,브로콜리,1개,2590
2024-08-19,부산,사과,10개,42450
2024-08-19,부산,배,10개,36875
2024-08-20,부산,배추,1포기,6780
2024-08-20,부산,시금치,100g,28550
2024-08-20,부산,상추,100g,20667
2024-08-20,부산,얼갈이배추,1kg,3980
2024-08-20,부산,오이,10개,14575
2024-08-20,부산,호박,1개,1590
2024-08-20,부산,토마토,1kg,5693
2024-08-20,부산,무,1개,3600
2024-08-20,부산,당근,1kg,6215
2024-08-20,부산,열무,1kg,4553
2024-08-20,부산,양파,1kg,2115
2024-08-20,부산,대파,1kg,4000
2024-08-20,부산,피망,100g,9967
2024-08-20,부산,파프리카,1개,1780
2024-08-20,부산,마늘,1kg,9748
2024-08-20,부산,브로콜리,1개,2657
2024-08-20,부산,사과,10개,35600
2024-08-20,부산,배,10개,37625
2024-08-21,부산,배추,1포기,6780
2024-08-21,부산,시금치,100g,29550
2024-08-21,부산,상추,100g,20667
2024-08-21,부산,얼갈이배추,1kg,3980
2024-08-21,부산,오이,10개,14575
2024-08-21,부산,호박,1개,1590
2024-08-21,부산,토마토,1kg,5443
2024-08-21,부산,무,1개,3600
2024-08-21,부산,당근,1kg,6215
2024-08-21,부산,열무,1kg,4553
2024-08-21,부산,양파,1kg,2115
2024-08-21,부산,대파,1kg,4000
2024-08-21,부산,피망,100g,9967
2024-08-21,부산,파프리카,1개,1830
2024-08-21,부산,마늘,1kg,9748
2024-08-21,부산,브로콜리,1개,2657
2024-08-21,부산,사과,10개,42450
2024-08-21,부산,배,10개,37625
2024-08-22,부산,배추,1포기,7353
2024-08-22,부산,시금치,100g,29775
2024-08-22,부산,상추,100g,20633
2024-08-22,부산,얼갈이배추,1kg,3613
2024-08-22,부산,오이,10개,12118
2024-08-22,부산,호박,1개,1340
2024-08-22,부산,토마토,1kg,5818
2024-08-22,부산,무,1개,3655
2024-08-22,부산,당근,1kg,6133
2024-08-22,부산,열무,1kg,3808
2024-08-22,부산,양파,1kg,2055
2024-08-22,부산,대파,1kg,3230
2024-08-22,부산,피망,100g,9967
2024-08-22,부산,파프리카,1개,1598
2024-08-22,부산,마늘,1kg,9033
2024-08-22,부산,브로콜리,1개,2657
2024-08-22,부산,사과,10개,20050
2024-08-22,부산,배,10개,34750
2024-08-23,부산,배추,1포기,7395
2024-08-23,부산,시금치,100g,35525
2024-08-23,부산,상추,100g,20833
2024-08-23,부산,얼갈이배추,1kg,4695
2024-08-23,부산,오이,10개,12043
2024-08-23,부산,호박,1개,1340
2024-08-23,부산,토마토,1kg,5818
2024-08-23,부산,무,1개,3698
2024-08-23,부산,당근,1kg,6175
2024-08-23,부산,열무,1kg,5025
2024-08-23,부산,양파,1kg,2055
2024-08-23,부산,대파,1kg,3025
2024-08-23,부산,피망,100g,9967
2024-08-23,부산,파프리카,1개,1655
2024-08-23,부산,마늘,1kg,9033
2024-08-23,부산,브로콜리,1개,2710
2024-08-23,부산,사과,10개,20050
2024-08-23,부산,배,10개,35200
2024-08-26,부산,배추,1포기,7435
2024-08-26,부산,시금치,100g,35850
2024-08-26,부산,상추,100g,20633
2024-08-26,부산,얼갈이배추,1kg,4695
2024-08-26,부산,오이,10개,12293
2024-08-26,부산,호박,1개,1323
2024-08-26,부산,토마토,1kg,5818
2024-08-26,부산,무,1개,3740
2024-08-26,부산,당근,1kg,6175
2024-08-26,부산,열무,1kg,5065
2024-08-26,부산,양파,1kg,2055
2024-08-26,부산,대파,1kg,2990
2024-08-26,부산,피망,100g,9967
2024-08-26,부산,파프리카,1개,1698
2024-08-26,부산,마늘,1kg,9033
2024-08-26,부산,브로콜리,1개,2710
2024-08-26,부산,사과,10개,20050
2024-08-26,부산,배,10개,34775
2024-08-27,부산,배추,1포기,7478
2024-08-27,부산,시금치,100g,38900
2024-08-27,부산,상추,100g,20233
2024-08-27,부산,얼갈이배추,1kg,4695
2024-08-27,부산,오이,10개,12368
2024-08-27,부산,호박,1개,1323
2024-08-27,부산,토마토,1kg,5818
2024-08-27,부산,무,1개,3780
2024-08-27,부산,당근,1kg,6218
2024-08-27,부산,열무,1kg,5065
2024-08-27,부산,양파,1kg,2055
2024-08-27,부산,대파,1kg,3508
2024-08-27,부산,피망,100g,9967
2024-08-27,부산,파프리카,1개,1798
2024-08-27,부산,마늘,1kg,9305
2024-08-27,부산,브로콜리,1개,2710
2024-08-27,부산,사과,10개,20050
2024-08-27,부산,배,10개,34375
2024-08-28,부산,배추,1포기,7655
2024-08-28,부산,시금치,100g,40333
2024-08-28,부산,상추,100g,20233
2024-08-28,부산,얼갈이배추,1kg,5373
2024-08-28,부산,오이,10개,14675
2024-08-28,부산,호박,1개,1623
2024-08-28,부산,토마토,1kg,6068
2024-08-28,부산,무,1개,3933
2024-08-28,부산,당근,1kg,7653
2024-08-28,부산,열무,1kg,5638
2024-08-28,부산,양파,1kg,2158
2024-08-28,부산,대파,1kg,3618
2024-08-28,부산,피망,100g,10133
2024-08-28,부산,파프리카,1개,2248
2024-08-28,부산,마늘,1kg,9663
2024-08-28,부산,브로콜리,1개,2780
2024-08-28,부산,사과,10개,20300
2024-08-28,부산,배,10개,35950
2024-08-29,부산,배추,1포기,7115
2024-08-29,부산,시금치,100g,45900
2024-08-29,부산,상추,100g,20233
2024-08-29,부산,얼갈이배추,1kg,5623
2024-08-29,부산,오이,10개,14175
2024-08-29,부산,호박,1개,1648
2024-08-29,부산,토마토,1kg,6068
2024-08-29,부산,무,1개,4745
2024-08-29,부산,당근,1kg,7653
2024-08-29,부산,열무,1kg,5878
2024-08-29,부산,양파,1kg,2158
2024-08-29,부산,대파,1kg,3800
2024-08-29,부산,피망,100g,10133
2024-08-29,부산,파프리카,1개,2390
2024-08-29,부산,마늘,1kg,9663
2024-08-29,부산,브로콜리,1개,2780
2024-08-29,부산,사과,10개,20300
2024-08-29,부산,배,10개,35950
2024-08-30,부산,배추,1포기,6103
2024-08-30,부산,시금치,100g,40333
2024-08-30,부산,상추,100g,19467
2024-08-30,부산,얼갈이배추,1kg,5770
2024-08-30,부산,오이,10개,15500
2024-08-30,부산,호박,1개,1648
2024-08-30,부산,토마토,1kg,6150
2024-08-30,부산,무,1개,4230
2024-08-30,부산,당근,1kg,7693
2024-08-30,부산,열무,1kg,5963
2024-08-30,부산,양파,1kg,2158
2024-08-30,부산,대파,1kg,3570
2024-08-30,부산,피망,100g,11433
2024-08-30,부산,파프리카,1개,2390
2024-08-30,부산,마늘,1kg,9663
2024-08-30,부산,브로콜리,1개,2780
2024-08-30,부산,사과,10개,20300
2024-08-30,부산,배,10개,24500
2024-09-02,부산,배추,1포기,6310
2024-09-02,부산,시금치,100g,53233
2024-09-02,부산,상추,100g,18500
2024-09-02,부산,얼갈이배추,1kg,5970
2024-09-02,부산,오이,10개,16000
2024-09-02,부산,호박,1개,1965
2024-09-02,부산,토마토,1kg,6150
2024-09-02,부산,무,1개,4500
2024-09-02,부산,당근,1kg,7693
2024-09-02,부산,열무,1kg,6300
2024-09-02,부산,양파,1kg,2158
2024-09-02,부산,대파,1kg,3800
2024-09-02,부산,피망,100g,11933
2024-09-02,부산,파프리카,1개,2440
2024-09-02,부산,마늘,1kg,9393
2024-09-02,부산,브로콜리,1개,2905
2024-09-02,부산,사과,10개,27225
2024-09-02,부산,배,10개,36600
2024-09-03,부산,배추,1포기,6478
2024-09-03,부산,시금치,100g,46900
2024-09-03,부산,상추,100g,18167
2024-09-03,부산,얼갈이배추,1kg,6288
2024-09-03,부산,오이,10개,16000
2024-09-03,부산,호박,1개,2215
2024-09-03,부산,토마토,1kg,6150
2024-09-03,부산,무,1개,4160
2024-09-03,부산,당근,1kg,7693
2024-09-03,부산,열무,1kg,6738
2024-09-03,부산,양파,1kg,2158
2024-09-03,부산,대파,1kg,3895
2024-09-03,부산,피망,100g,11933
2024-09-03,부산,파프리카,1개,2465
2024-09-03,부산,마늘,1kg,10108
2024-09-03,부산,브로콜리,1개,3030
2024-09-03,부산,사과,10개,27225
2024-09-03,부산,배,10개,36600
2024-09-04,부산,배추,1포기,6478
2024-09-04,부산,시금치,100g,46900
2024-09-04,부산,상추,100g,18167
2024-09-04,부산,얼갈이배추,1kg,6288
2024-09-04,부산,오이,10개,15000
2024-09-04,부산,호박,1개,2215
2024-09-04,부산,토마토,1kg,6150
2024-09-04,부산,무,1개,4160
2024-09-04,부산,당근,1kg,7693
2024-09-04,부산,열무,1kg,6738
2024-09-04,부산,양파,1kg,2158
2024-09-04,부산,대파,1kg,3895
2024-09-04,부산,피망,100g,11933
2024-09-04,부산,파프리카,1개,2465
2024-09-04,부산,마늘,1kg,10108
2024-09-04,부산,브로콜리,1개,3030
2024-09-04,부산,사과,10개,27225
2024-09-04,부산,배,10개,43250
2024-09-05,부산,배추,1포기,6478
2024-09-05,부산,시금치,100g,46275
2024-09-05,부산,상추,100g,19267
2024-09-05,부산,얼갈이배추,1kg,5163
2024-09-05,부산,오이,10개,16650
2024-09-05,부산,호박,1개,2530
2024-09-05,부산,토마토,1kg,6150
2024-09-05,부산,무,1개,4160
2024-09-05,부산,당근,1kg,7693
2024-09-05,부산,열무,1kg,5678
2024-09-05,부산,양파,1kg,2140
2024-09-05,부산,대파,1kg,3665
2024-09-05,부산,피망,100g,11933
2024-09-05,부산,파프리카,1개,2465
2024-09-05,부산,마늘,1kg,10108
2024-09-05,부산,브로콜리,1개,2877
2024-09-05,부산,사과,10개,27475
2024-09-05,부산,배,10개,33250
2024-09-06,부산,배추,1포기,6478
2024-09-06,부산,시금치,100g,46275
2024-09-06,부산,상추,100g,19267
2024-09-06,부산,얼갈이배추,1kg,5113
2024-09-06,부산,오이,10개,13460
2024-09-06,부산,호박,1개,2353
2024-09-06,부산,토마토,1kg,6150
2024-09-06,부산,무,1개,4160
2024-09-06,부산,당근,1kg,7778
2024-09-06,부산,열무,1kg,5788
2024-09-06,부산,양파,1kg,2140
2024-09-06,부산,대파,1kg,3643
2024-09-06,부산,피망,100g,11933
2024-09-06,부산,파프리카,1개,2465
2024-09-06,부산,마늘,1kg,8873
2024-09-06,부산,브로콜리,1개,2877
2024-09-06,부산,사과,10개,26250
2024-09-06,부산,배,10개,34100
2024-09-09,부산,배추,1포기,6478
2024-09-09,부산,시금치,100g,46275
2024-09-09,부산,상추,100g,19267
2024-09-09,부산,얼갈이배추,1kg,5110
2024-09-09,부산,오이,10개,13960
2024-09-09,부산,호박,1개,2353
2024-09-09,부산,토마토,1kg,6150
2024-09-09,부산,무,1개,4160
2024-09-09,부산,당근,1kg,7778
2024-09-09,부산,열무,1kg,5785
2024-09-09,부산,양파,1kg,2140
2024-09-09,부산,대파,1kg,3643
2024-09-09,부산,피망,100g,11933
2024-09-09,부산,파프리카,1개,2465
2024-09-09,부산,마늘,1kg,8873
2024-09-09,부산,브로콜리,1개,3043
2024-09-09,부산,사과,10개,26000
2024-09-09,부산,배,10개,34100
2024-09-10,부산,배추,1포기,6478
2024-09-10,부산,시금치,100g,46275
2024-09-10,부산,상추,100g,19600
2024-09-10,부산,얼갈이배추,1kg,5110
2024-09-10,부산,오이,10개,13785
2024-09-10,부산,호박,1개,2353
2024-09-10,부산,토마토,1kg,6150
2024-09-10,부산,무,1개,4160
2024-09-10,부산,당근,1kg,7860
2024-09-10,부산,열무,1kg,5785
2024-09-10,부산,양파,1kg,2115
2024-09-10,부산,대파,1kg,3665
2024-09-10,부산,피망,100g,12267
2024-09-10,부산,파프리카,1개,2465
2024-09-10,부산,마늘,1kg,8873
2024-09-10,부산,브로콜리,1개,3043
2024-09-10,부산,사과,10개,25675
2024-09-10,부산,배,10개,34950
2024-09-11,부산,배추,1포기,7233
2024-09-11,부산,시금치,100g,46275
2024-09-11,부산,상추,100g,19600
2024-09-11,부산,얼갈이배추,1kg,5083
2024-09-11,부산,오이,10개,14035
2024-09-11,부산,호박,1개,2253
2024-09-11,부산,토마토,1kg,6818
2024-09-11,부산,무,1개,4160
2024-09-11,부산,당근,1kg,7860
2024-09-11,부산,열무,1kg,5713
2024-09-11,부산,양파,1kg,2115
2024-09-11,부산,대파,1kg,3840
2024-09-11,부산,피망,100g,12267
2024-09-11,부산,파프리카,1개,2465
2024-09-11,부산,마늘,1kg,9128
2024-09-11,부산,브로콜리,1개,3210
2024-09-11,부산,사과,10개,26975
2024-09-11,부산,배,10개,32167
2024-09-12,부산,배추,1포기,7883
2024-09-12,부산,시금치,100g,45575
2024-09-12,부산,상추,100g,19600
2024-09-12,부산,얼갈이배추,1kg,5083
2024-09-12,부산,오이,10개,14035
2024-09-12,부산,호박,1개,2125
2024-09-12,부산,토마토,1kg,6818
2024-09-12,부산,무,1개,4160
2024-09-12,부산,당근,1kg,7890
2024-09-12,부산,열무,1kg,5713
2024-09-12,부산,양파,1kg,2115
2024-09-12,부산,대파,1kg,4313
2024-09-12,부산,피망,100g,12267
2024-09-12,부산,파프리카,1개,2465
2024-09-12,부산,마늘,1kg,8853
2024-09-12,부산,브로콜리,1개,3405
2024-09-12,부산,사과,10개,29333
2024-09-12,부산,배,10개,34250
2024-09-13,부산,배추,1포기,8000
2024-09-13,부산,시금치,100g,39750
2024-09-13,부산,상추,100g,19600
2024-09-13,부산,얼갈이배추,1kg,4913
2024-09-13,부산,오이,10개,12870
2024-09-13,부산,호박,1개,2035
2024-09-13,부산,토마토,1kg,7568
2024-09-13,부산,무,1개,4160
2024-09-13,부산,당근,1kg,7783
2024-09-13,부산,열무,1kg,6098
2024-09-13,부산,양파,1kg,2115
2024-09-13,부산,대파,1kg,3978
2024-09-13,부산,피망,100g,12267
2024-09-13,부산,파프리카,1개,2465
2024-09-13,부산,마늘,1kg,8143
2024-09-13,부산,브로콜리,1개,3405
2024-09-13,부산,사과,10개,29333
2024-09-13,부산,배,10개,34875
2024-09-19,부산,배추,1포기,9355
2024-09-19,부산,시금치,100g,35250
2024-09-19,부산,상추,100g,19600
2024-09-19,부산,얼갈이배추,1kg,5350
2024-09-19,부산,오이,10개,12870
2024-09-19,부산,호박,1개,2113
2024-09-19,부산,토마토,1kg,7568
2024-09-19,부산,무,1개,4160
2024-09-19,부산,당근,1kg,7695
2024-09-19,부산,열무,1kg,6543
2024-09-19,부산,양파,1kg,2115
2024-09-19,부산,대파,1kg,3713
2024-09-19,부산,피망,100g,12267
2024-09-19,부산,파프리카,1개,2465
2024-09-19,부산,마늘,1kg,8873
2024-09-19,부산,브로콜리,1개,3405
2024-09-19,부산,사과,10개,26975
2024-09-19,부산,배,10개,33200
2024-09-20,부산,배추,1포기,8128
2024-09-20,부산,시금치,100g,35250
2024-09-20,부산,상추,100g,21267
2024-09-20,부산,얼갈이배추,1kg,6375
2024-09-20,부산,오이,10개,14900
2024-09-20,부산,호박,1개,2380
2024-09-20,부산,토마토,1kg,8570
2024-09-20,부산,무,1개,4160
2024-09-20,부산,당근,1kg,7728
2024-09-20,부산,열무,1kg,6573
2024-09-20,부산,양파,1kg,2115
2024-09-20,부산,대파,1kg,3670
2024-09-20,부산,피망,100g,12600
2024-09-20,부산,파프리카,1개,2465
2024-09-20,부산,마늘,1kg,10075
2024-09-20,부산,브로콜리,1개,3480
2024-09-20,부산,사과,10개,28975
2024-09-20,부산,배,10개,40725
2024-09-23,부산,배추,1포기,8850
2024-09-23,부산,시금치,100g,35250
2024-09-23,부산,상추,100g,21267
2024-09-23,부산,얼갈이배추,1kg,6375
2024-09-23,부산,오이,10개,14900
2024-09-23,부산,호박,1개,2380
2024-09-23,부산,토마토,1kg,8570
2024-09-23,부산,무,1개,4160
2024-09-23,부산,당근,1kg,7728
2024-09-23,부산,열무,1kg,6573
2024-09-23,부산,양파,1kg,2115
2024-09-23,부산,대파,1kg,4085
2024-09-23,부산,피망,100g,12600
2024-09-23,부산,파프리카,1개,2465
2024-09-23,부산,마늘,1kg,10075
2024-09-23,부산,브로콜리,1개,3480
2024-09-23,부산,사과,10개,28975
2024-09-23,부산,배,10개,36533
2024-09-24,부산,배추,1포기,8850
2024-09-24,부산,시금치,100g,37250
2024-09-24,부산,상추,100g,22067
2024-09-24,부산,얼갈이배추,1kg,6375
2024-09-24,부산,오이,10개,14900
2024-09-24,부산,호박,1개,2380
2024-09-24,부산,토마토,1kg,8653
2024-09-24,부산,무,1개,4160
2024-09-24,부산,당근,1kg,7895
2024-09-24,부산,열무,1kg,6573
2024-09-24,부산,양파,1kg,2115
2024-09-24,부산,대파,1kg,3820
2024-09-24,부산,피망,100g,12600
2024-09-24,부산,파프리카,1개,2465
2024-09-24,부산,마늘,1kg,9845
2024-09-24,부산,브로콜리,1개,3480
2024-09-24,부산,사과,10개,28975
2024-09-24,부산,배,10개,39875
2024-09-25,부산,배추,1포기,9143
2024-09-25,부산,시금치,100g,35467
2024-09-25,부산,상추,100g,22067
2024-09-25,부산,얼갈이배추,1kg,5907
2024-09-25,부산,오이,10개,15400
2024-09-25,부산,호박,1개,2180
2024-09-25,부산,토마토,1kg,8653
2024-09-25,부산,무,1개,4160
2024-09-25,부산,당근,1kg,7983
2024-09-25,부산,열무,1kg,6573
2024-09-25,부산,양파,1kg,2115
2024-09-25,부산,대파,1kg,4575
2024-09-25,부산,피망,100g,13767
2024-09-25,부산,파프리카,1개,2465
2024-09-25,부산,마늘,1kg,9845
2024-09-25,부산,브로콜리,1개,3480
2024-09-25,부산,사과,10개,26350
2024-09-25,부산,배,10개,39875
2024-09-26,부산,배추,1포기,11260
2024-09-26,부산,시금치,100g,31450
2024-09-26,부산,상추,100g,22067
2024-09-26,부산,얼갈이배추,1kg,5768
2024-09-26,부산,오이,10개,16900
2024-09-26,부산,호박,1개,2730
2024-09-26,부산,토마토,1kg,8653
2024-09-26,부산,무,1개,4160
2024-09-26,부산,당근,1kg,7983
2024-09-26,부산,열무,1kg,6443
2024-09-26,부산,양파,1kg,2143
2024-09-26,부산,대파,1kg,4608
2024-09-26,부산,피망,100g,13767
2024-09-26,부산,파프리카,1개,2465
2024-09-26,부산,마늘,1kg,9858
2024-09-26,부산,브로콜리,1개,3405
2024-09-26,부산,사과,10개,26925
2024-09-26,부산,배,10개,37325
2024-09-27,부산,배추,1포기,9868
2024-09-27,부산,시금치,100g,29075
2024-09-27,부산,상추,100g,22833
2024-09-27,부산,얼갈이배추,1kg,5300
2024-09-27,부산,오이,10개,16900
2024-09-27,부산,호박,1개,2655
2024-09-27,부산,토마토,1kg,8278
2024-09-27,부산,무,1개,4160
2024-09-27,부산,당근,1kg,7525
2024-09-27,부산,열무,1kg,6040
2024-09-27,부산,양파,1kg,2248
2024-09-27,부산,대파,1kg,4650
2024-09-27,부산,피망,100g,13767
2024-09-27,부산,파프리카,1개,2465
2024-09-27,부산,마늘,1kg,9858
2024-09-27,부산,브로콜리,1개,3530
2024-09-27,부산,사과,10개,26350
2024-09-27,부산,배,10개,37075
2024-09-30,부산,배추,1포기,9368
2024-09-30,부산,시금치,100g,29075
2024-09-30,부산,상추,100g,22833
2024-09-30,부산,얼갈이배추,1kg,5588
2024-09-30,부산,오이,10개,16075
2024-09-30,부산,호박,1개,2655
2024-09-30,부산,토마토,1kg,8278
2024-09-30,부산,무,1개,4160
2024-09-30,부산,당근,1kg,7525
2024-09-30,부산,열무,1kg,6040
2024-09-30,부산,양파,1kg,2248
2024-09-30,부산,대파,1kg,4650
2024-09-30,부산,피망,100g,13767
2024-09-30,부산,파프리카,1개,2165
2024-09-30,부산,마늘,1kg,9858
2024-09-30,부산,브로콜리,1개,3530
2024-09-30,부산,사과,10개,26350
2024-09-30,부산,배,10개,37075
2024-10-02,부산,배추,1포기,9368
2024-10-02,부산,시금치,100g,30000
2024-10-02,부산,상추,100g,22833
2024-10-02,부산,얼갈이배추,1kg,5588
2024-10-02,부산,오이,10개,16900
2024-10-02,부산,호박,1개,2555
2024-10-02,부산,토마토,1kg,8828
2024-10-02,부산,무,1개,4160
2024-10-02,부산,당근,1kg,7525
2024-10-02,부산,열무,1kg,5938
2024-10-02,부산,양파,1kg,2248
2024-10-02,부산,대파,1kg,4230
2024-10-02,부산,피망,100g,14267
2024-10-02,부산,파프리카,1개,2165
2024-10-02,부산,마늘,1kg,9858
2024-10-02,부산,브로콜리,1개,3680
2024-10-02,부산,사과,10개,26550
2024-10-02,부산,배,10개,37075
2024-10-04,부산,배추,1포기,8883
2024-10-04,부산,시금치,100g,28750
2024-10-04,부산,상추,100g,22933
2024-10-04,부산,얼갈이배추,1kg,5855
2024-10-04,부산,오이,10개,19400
2024-10-04,부산,호박,1개,2380
2024-10-04,부산,토마토,1kg,8505
2024-10-04,부산,무,1개,4160
2024-10-04,부산,당근,1kg,7525
2024-10-04,부산,열무,1kg,6028
2024-10-04,부산,양파,1kg,2365
2024-10-04,부산,대파,1kg,3940
2024-10-04,부산,피망,100g,14767
2024-10-04,부산,파프리카,1개,2165
2024-10-04,부산,마늘,1kg,9520
2024-10-04,부산,브로콜리,1개,3805
2024-10-04,부산,사과,10개,27625
2024-10-04,부산,배,10개,31450
2024-10-07,부산,배추,1포기,8628
2024-10-07,부산,시금치,100g,27075
2024-10-07,부산,상추,100g,23933
2024-10-07,부산,얼갈이배추,1kg,5625
2024-10-07,부산,오이,10개,18900
2024-10-07,부산,호박,1개,2430
2024-10-07,부산,토마토,1kg,8505
2024-10-07,부산,무,1개,4160
2024-10-07,부산,당근,1kg,7438
2024-10-07,부산,열무,1kg,6545
2024-10-07,부산,양파,1kg,2238
2024-10-07,부산,대파,1kg,3983
2024-10-07,부산,피망,100g,14267
2024-10-07,부산,파프리카,1개,1915
2024-10-07,부산,마늘,1kg,9520
2024-10-07,부산,브로콜리,1개,3805
2024-10-07,부산,사과,10개,26500
2024-10-07,부산,배,10개,31450
2024-10-08,부산,배추,1포기,8628
2024-10-08,부산,시금치,100g,25325
2024-10-08,부산,상추,100g,23933
2024-10-08,부산,얼갈이배추,1kg,5768
2024-10-08,부산,오이,10개,18150
2024-10-08,부산,호박,1개,2355
2024-10-08,부산,토마토,1kg,8505
2024-10-08,부산,무,1개,4160
2024-10-08,부산,당근,1kg,7438
2024-10-08,부산,열무,1kg,6688
2024-10-08,부산,양파,1kg,2238
2024-10-08,부산,대파,1kg,4078
2024-10-08,부산,피망,100g,14267
2024-10-08,부산,파프리카,1개,1915
2024-10-08,부산,마늘,1kg,9520
2024-10-08,부산,브로콜리,1개,3805
2024-10-08,부산,사과,10개,26075
2024-10-08,부산,배,10개,31450
2024-10-10,부산,배추,1포기,8628
2024-10-10,부산,시금치,100g,25325
2024-10-10,부산,상추,100g,25600
2024-10-10,부산,얼갈이배추,1kg,5768
2024-10-10,부산,오이,10개,17325
2024-10-10,부산,호박,1개,2530
2024-10-10,부산,토마토,1kg,10878
2024-10-10,부산,무,1개,4160
2024-10-10,부산,당근,1kg,7208
2024-10-10,부산,열무,1kg,6688
2024-10-10,부산,양파,1kg,2308
2024-10-10,부산,대파,1kg,4373
2024-10-10,부산,피망,100g,14600
2024-10-10,부산,파프리카,1개,2457
2024-10-10,부산,마늘,1kg,9420
2024-10-10,부산,브로콜리,1개,3805
2024-10-10,부산,사과,10개,26075
2024-10-10,부산,배,10개,31450
2024-10-11,부산,배추,1포기,8628
2024-10-11,부산,시금치,100g,25325
2024-10-11,부산,상추,100g,25600
2024-10-11,부산,얼갈이배추,1kg,5768
2024-10-11,부산,오이,10개,16750
2024-10-11,부산,호박,1개,2530
2024-10-11,부산,토마토,1kg,11053
2024-10-11,부산,무,1개,4160
2024-10-11,부산,당근,1kg,7208
2024-10-11,부산,열무,1kg,6688
2024-10-11,부산,양파,1kg,2308
2024-10-11,부산,대파,1kg,4373
2024-10-11,부산,피망,100g,14600
2024-10-11,부산,파프리카,1개,2457
2024-10-11,부산,마늘,1kg,9420
2024-10-11,부산,브로콜리,1개,3805
2024-10-11,부산,사과,10개,25633
2024-10-11,부산,배,10개,31450
2024-10-14,부산,배추,1포기,8228
2024-10-14,부산,시금치,100g,22750
2024-10-14,부산,상추,100g,25600
2024-10-14,부산,얼갈이배추,1kg,5768
2024-10-14,부산,오이,10개,16750
2024-10-14,부산,호박,1개,2530
2024-10-14,부산,토마토,1kg,11220
2024-10-14,부산,무,1개,4160
2024-10-14,부산,당근,1kg,7208
2024-10-14,부산,열무,1kg,6688
2024-10-14,부산,양파,1kg,2308
2024-10-14,부산,대파,1kg,4373
2024-10-14,부산,피망,100g,14600
2024-10-14,부산,파프리카,1개,2457
2024-10-14,부산,마늘,1kg,9420
2024-10-14,부산,브로콜리,1개,3805
2024-10-14,부산,사과,10개,25633
2024-10-14,부산,배,10개,31450
2024-10-15,부산,배추,1포기,8228
2024-10-15,부산,시금치,100g,22750
2024-10-15,부산,상추,100g,29133
2024-10-15,부산,얼갈이배추,1kg,5768
2024-10-15,부산,오이,10개,16750
2024-10-15,부산,호박,1개,2530
2024-10-15,부산,토마토,1kg,11220
2024-10-15,부산,무,1개,4160
2024-10-15,부산,당근,1kg,7208
2024-10-15,부산,열무,1kg,6688
2024-10-15,부산,양파,1kg,2308
2024-10-15,부산,대파,1kg,4373
2024-10-15,부산,피망,100g,14600
2024-10-15,부산,파프리카,1개,2457
2024-10-15,부산,마늘,1kg,9420
2024-10-15,부산,브로콜리,1개,4180
2024-10-15,부산,사과,10개,25633
2024-10-15,부산,배,10개,31450
2024-10-16,부산,배추,1포기,8663
2024-10-16,부산,시금치,100g,20263
2024-10-16,부산,상추,100g,29133
2024-10-16,부산,얼갈이배추,1kg,5768
2024-10-16,부산,오이,10개,17575
2024-10-16,부산,호박,1개,2460
2024-10-16,부산,토마토,1kg,10020
2024-10-16,부산,무,1개,4160
2024-10-16,부산,당근,1kg,6850
2024-10-16,부산,열무,1kg,6688
2024-10-16,부산,양파,1kg,2308
2024-10-16,부산,대파,1kg,4373
2024-10-16,부산,피망,100g,14600
2024-10-16,부산,파프리카,1개,2457
2024-10-16,부산,마늘,1kg,9778
2024-10-16,부산,브로콜리,1개,4180
2024-10-16,부산,사과,10개,26050
2024-10-16,부산,배,10개,31125
2024-10-17,부산,배추,1포기,9607
2024-10-17,부산,시금치,100g,18475
2024-10-17,부산,상추,100g,26167
2024-10-17,부산,얼갈이배추,1kg,5025
2024-10-17,부산,오이,10개,15525
2024-10-17,부산,호박,1개,2155
2024-10-17,부산,토마토,1kg,11058
2024-10-17,부산,무,1개,4160
2024-10-17,부산,당근,1kg,6195
2024-10-17,부산,열무,1kg,4955
2024-10-17,부산,양파,1kg,2053
2024-10-17,부산,대파,1kg,3500
2024-10-17,부산,피망,100g,14100
2024-10-17,부산,파프리카,1개,2057
2024-10-17,부산,마늘,1kg,8810
2024-10-17,부산,브로콜리,1개,3965
2024-10-17,부산,사과,10개,24367
2024-10-17,부산,배,10개,26000
2024-10-18,부산,배추,1포기,9060
2024-10-18,부산,시금치,100g,18325
2024-10-18,부산,상추,100g,26167
2024-10-18,부산,얼갈이배추,1kg,5025
2024-10-18,부산,오이,10개,15525
2024-10-18,부산,호박,1개,2155
2024-10-18,부산,토마토,1kg,11058
2024-10-18,부산,무,1개,4160
2024-10-18,부산,당근,1kg,6195
2024-10-18,부산,열무,1kg,4845
2024-10-18,부산,양파,1kg,2053
2024-10-18,부산,대파,1kg,3533
2024-10-18,부산,피망,100g,14100
2024-10-18,부산,파프리카,1개,2057
2024-10-18,부산,마늘,1kg,8810
2024-10-18,부산,브로콜리,1개,3965
2024-10-18,부산,사과,10개,24367
2024-10-18,부산,배,10개,26000
2024-10-21,부산,배추,1포기,8613
2024-10-21,부산,시금치,100g,17775
2024-10-21,부산,상추,100g,24467
2024-10-21,부산,얼갈이배추,1kg,5025
2024-10-21,부산,오이,10개,15525
2024-10-21,부산,호박,1개,2155
2024-10-21,부산,토마토,1kg,11475
2024-10-21,부산,무,1개,4160
2024-10-21,부산,당근,1kg,6195
2024-10-21,부산,열무,1kg,4845
2024-10-21,부산,양파,1kg,2053
2024-10-21,부산,대파,1kg,3533
2024-10-21,부산,피망,100g,14100
2024-10-21,부산,파프리카,1개,2057
2024-10-21,부산,마늘,1kg,8810
2024-10-21,부산,브로콜리,1개,3965
2024-10-21,부산,사과,10개,24033
2024-10-21,부산,배,10개,25650
2024-10-22,부산,배추,1포기,9325
2024-10-22,부산,시금치,100g,17825
2024-10-22,부산,상추,100g,24467
2024-10-22,부산,얼갈이배추,1kg,5138
2024-10-22,부산,오이,10개,15275
2024-10-22,부산,호박,1개,2155
2024-10-22,부산,토마토,1kg,11638
2024-10-22,부산,무,1개,4160
2024-10-22,부산,당근,1kg,6370
2024-10-22,부산,열무,1kg,4513
2024-10-22,부산,양파,1kg,2155
2024-10-22,부산,대파,1kg,3430
2024-10-22,부산,피망,100g,15767
2024-10-22,부산,파프리카,1개,2057
2024-10-22,부산,마늘,1kg,9168
2024-10-22,부산,브로콜리,1개,4065
2024-10-22,부산,사과,10개,22300
2024-10-22,부산,배,10개,25250
2024-10-23,부산,배추,1포기,9117
2024-10-23,부산,시금치,100g,17975
2024-10-23,부산,상추,100g,21367
2024-10-23,부산,얼갈이배추,1kg,5095
2024-10-23,부산,오이,10개,14675
2024-10-23,부산,호박,1개,2355
2024-10-23,부산,토마토,1kg,11845
2024-10-23,부산,무,1개,4160
2024-10-23,부산,당근,1kg,6868
2024-10-23,부산,열무,1kg,4450
2024-10-23,부산,양파,1kg,2238
2024-10-23,부산,대파,1kg,3898
2024-10-23,부산,피망,100g,16600
2024-10-23,부산,파프리카,1개,2195
2024-10-23,부산,마늘,1kg,9658
2024-10-23,부산,브로콜리,1개,3755
2024-10-23,부산,사과,10개,22300
2024-10-23,부산,배,10개,26925
2024-10-24,부산,배추,1포기,8517
2024-10-24,부산,시금치,100g,12795
2024-10-24,부산,상추,100g,19500
2024-10-24,부산,얼갈이배추,1kg,4480
2024-10-24,부산,오이,10개,13825
2024-10-24,부산,호박,1개,2430
2024-10-24,부산,토마토,1kg,8995
2024-10-24,부산,무,1개,4160
2024-10-24,부산,당근,1kg,6925
2024-10-24,부산,열무,1kg,4450
2024-10-24,부산,양파,1kg,2238
2024-10-24,부산,대파,1kg,4190
2024-10-24,부산,피망,100g,16933
2024-10-24,부산,파프리카,1개,2395
2024-10-24,부산,마늘,1kg,9280
2024-10-24,부산,브로콜리,1개,4010
2024-10-24,부산,사과,10개,24000
2024-10-24,부산,배,10개,28175
2024-10-25,부산,배추,1포기,8003
2024-10-25,부산,시금치,100g,10320
2024-10-25,부산,상추,100g,18600
2024-10-25,부산,얼갈이배추,1kg,4455
2024-10-25,부산,오이,10개,13825
2024-10-25,부산,호박,1개,2430
2024-10-25,부산,토마토,1kg,9863
2024-10-25,부산,무,1개,4160
2024-10-25,부산,당근,1kg,6840
2024-10-25,부산,열무,1kg,4415
2024-10-25,부산,양파,1kg,2198
2024-10-25,부산,대파,1kg,4258
2024-10-25,부산,피망,100g,16933
2024-10-25,부산,파프리카,1개,2460
2024-10-25,부산,마늘,1kg,9280
2024-10-25,부산,브로콜리,1개,4057
2024-10-25,부산,사과,10개,23650
2024-10-25,부산,배,10개,28175
2024-10-28,부산,배추,1포기,7058
2024-10-28,부산,시금치,100g,10343
2024-10-28,부산,상추,100g,18733
2024-10-28,부산,얼갈이배추,1kg,4455
2024-10-28,부산,오이,10개,14575
2024-10-28,부산,호박,1개,2598
2024-10-28,부산,토마토,1kg,9408
2024-10-28,부산,무,1개,3830
2024-10-28,부산,당근,1kg,6840
2024-10-28,부산,열무,1kg,4415
2024-10-28,부산,양파,1kg,2198
2024-10-28,부산,대파,1kg,4423
2024-10-28,부산,피망,100g,17267
2024-10-28,부산,파프리카,1개,2460
2024-10-28,부산,마늘,1kg,9280
2024-10-28,부산,브로콜리,1개,4057
2024-10-28,부산,사과,10개,24000
2024-10-28,부산,배,10개,32750
2024-10-29,부산,배추,1포기,6973
2024-10-29,부산,시금치,100g,10070
2024-10-29,부산,상추,100g,18733
2024-10-29,부산,얼갈이배추,1kg,4413
2024-10-29,부산,오이,10개,14575
2024-10-29,부산,호박,1개,2598
2024-10-29,부산,토마토,1kg,9408
2024-10-29,부산,무,1개,3510
2024-10-29,부산,당근,1kg,6845
2024-10-29,부산,열무,1kg,4415
2024-10-29,부산,양파,1kg,2295
2024-10-29,부산,대파,1kg,4483
2024-10-29,부산,피망,100g,17500
2024-10-29,부산,파프리카,1개,2460
2024-10-29,부산,마늘,1kg,9280
2024-10-29,부산,브로콜리,1개,4057
2024-10-29,부산,사과,10개,24000
2024-10-29,부산,배,10개,31250
2024-10-30,부산,배추,1포기,6598
2024-10-30,부산,시금치,100g,9695
2024-10-30,부산,상추,100g,18600
2024-10-30,부산,얼갈이배추,1kg,4560
2024-10-30,부산,오이,10개,14575
2024-10-30,부산,호박,1개,2723
2024-10-30,부산,토마토,1kg,9180
2024-10-30,부산,무,1개,3343
2024-10-30,부산,당근,1kg,7128
2024-10-30,부산,열무,1kg,4165
2024-10-30,부산,양파,1kg,2295
2024-10-30,부산,대파,1kg,4318
2024-10-30,부산,피망,100g,17767
2024-10-30,부산,파프리카,1개,2460
2024-10-30,부산,마늘,1kg,9280
2024-10-30,부산,브로콜리,1개,4057
2024-10-30,부산,사과,10개,28250
2024-10-30,부산,배,10개,34550
2024-10-31,부산,배추,1포기,5598
2024-10-31,부산,시금치,100g,9158
2024-10-31,부산,상추,100g,17467
2024-10-31,부산,얼갈이배추,1kg,4603
2024-10-31,부산,오이,10개,16375
2024-10-31,부산,호박,1개,2780
2024-10-31,부산,토마토,1kg,9180
2024-10-31,부산,무,1개,3370
2024-10-31,부산,당근,1kg,7128
2024-10-31,부산,열무,1kg,4468
2024-10-31,부산,양파,1kg,2400
2024-10-31,부산,대파,1kg,4275
2024-10-31,부산,피망,100g,17767
2024-10-31,부산,파프리카,1개,2760
2024-10-31,부산,마늘,1kg,9300
2024-10-31,부산,브로콜리,1개,3757
2024-10-31,부산,사과,10개,24975
2024-10-31,부산,배,10개,36050
2024-11-01,부산,배추,1포기,5733
2024-11-01,부산,시금치,100g,9158
2024-11-01,부산,상추,100g,16200
2024-11-01,부산,얼갈이배추,1kg,4603
2024-11-01,부산,오이,10개,16875
2024-11-01,부산,호박,1개,2780
2024-11-01,부산,토마토,1kg,9180
2024-11-01,부산,무,1개,3370
2024-11-01,부산,당근,1kg,7028
2024-11-01,부산,열무,1kg,4340
2024-11-01,부산,양파,1kg,2400
2024-11-01,부산,대파,1kg,4275
2024-11-01,부산,피망,100g,17767
2024-11-01,부산,파프리카,1개,2325
2024-11-01,부산,마늘,1kg,9300
2024-11-01,부산,브로콜리,1개,3757
2024-11-01,부산,사과,10개,24975
2024-11-01,부산,배,10개,36050
2024-08-05,대구,배추,1포기,5327
2024-08-05,대구,시금치,100g,21333
2024-08-05,대구,상추,100g,24833
2024-08-05,대구,얼갈이배추,1kg,5487
2024-08-05,대구,오이,10개,16333
2024-08-05,대구,호박,1개,1570
2024-08-05,대구,토마토,1kg,4613
2024-08-05,대구,무,1개,3170
2024-08-05,대구,당근,1kg,6347
2024-08-05,대구,열무,1kg,5450
2024-08-05,대구,양파,1kg,1763
2024-08-05,대구,대파,1kg,3253
2024-08-05,대구,피망,100g,9100
2024-08-05,대구,파프리카,1개,1580
2024-08-05,대구,마늘,1kg,10510
2024-08-05,대구,브로콜리,1개,2245
2024-08-05,대구,사과,10개,27400
2024-08-05,대구,배,10개,89600
2024-08-06,대구,배추,1포기,5493
2024-08-06,대구,시금치,100g,21333
2024-08-06,대구,상추,100g,24833
2024-08-06,대구,얼갈이배추,1kg,5433
2024-08-06,대구,오이,10개,16100
2024-08-06,대구,호박,1개,1570
2024-08-06,대구,토마토,1kg,4660
2024-08-06,대구,무,1개,3170
2024-08-06,대구,당근,1kg,6347
2024-08-06,대구,열무,1kg,5450
2024-08-06,대구,양파,1kg,1763
2024-08-06,대구,대파,1kg,3253
2024-08-06,대구,피망,100g,9100
2024-08-06,대구,파프리카,1개,1580
2024-08-06,대구,마늘,1kg,10510
2024-08-06,대구,브로콜리,1개,2245
2024-08-06,대구,사과,10개,27400
2024-08-06,대구,배,10개,89600
2024-08-07,대구,배추,1포기,6160
2024-08-07,대구,시금치,100g,22167
2024-08-07,대구,상추,100g,24833
2024-08-07,대구,얼갈이배추,1kg,5433
2024-08-07,대구,오이,10개,16100
2024-08-07,대구,호박,1개,1570
2024-08-07,대구,토마토,1kg,4660
2024-08-07,대구,무,1개,3170
2024-08-07,대구,당근,1kg,6347
2024-08-07,대구,열무,1kg,5450
2024-08-07,대구,양파,1kg,1763
2024-08-07,대구,대파,1kg,3253
2024-08-07,대구,피망,100g,9100
2024-08-07,대구,파프리카,1개,1580
2024-08-07,대구,마늘,1kg,10510
2024-08-07,대구,브로콜리,1개,2245
2024-08-07,대구,사과,10개,27400
2024-08-07,대구,배,10개,89600
2024-08-08,대구,배추,1포기,6160
2024-08-08,대구,시금치,100g,22833
2024-08-08,대구,상추,100g,25200
2024-08-08,대구,얼갈이배추,1kg,5897
2024-08-08,대구,오이,10개,15267
2024-08-08,대구,호박,1개,1910
2024-08-08,대구,토마토,1kg,4660
2024-08-08,대구,무,1개,2943
2024-08-08,대구,당근,1kg,6550
2024-08-08,대구,열무,1kg,5450
2024-08-08,대구,양파,1kg,1813
2024-08-08,대구,대파,1kg,2927
2024-08-08,대구,피망,100g,9100
2024-08-08,대구,파프리카,1개,1847
2024-08-08,대구,마늘,1kg,8740
2024-08-08,대구,브로콜리,1개,2745
2024-08-08,대구,사과,10개,25900
2024-08-08,대구,배,10개,89300
2024-08-09,대구,배추,1포기,6160
2024-08-09,대구,시금치,100g,22833
2024-08-09,대구,상추,100g,25200
2024-08-09,대구,얼갈이배추,1kg,5840
2024-08-09,대구,오이,10개,15900
2024-08-09,대구,호박,1개,1910
2024-08-09,대구,토마토,1kg,4660
2024-08-09,대구,무,1개,2943
2024-08-09,대구,당근,1kg,6550
2024-08-09,대구,열무,1kg,6007
2024-08-09,대구,양파,1kg,1813
2024-08-09,대구,대파,1kg,2973
2024-08-09,대구,피망,100g,9200
2024-08-09,대구,파프리카,1개,1710
2024-08-09,대구,마늘,1kg,8740
2024-08-09,대구,브로콜리,1개,2745
2024-08-09,대구,사과,10개,22900
2024-08-09,대구,배,10개,89300
2024-08-12,대구,배추,1포기,6160
2024-08-12,대구,시금치,100g,22833
2024-08-12,대구,상추,100g,24467
2024-08-12,대구,얼갈이배추,1kg,5840
2024-08-12,대구,오이,10개,15333
2024-08-12,대구,호박,1개,1993
2024-08-12,대구,토마토,1kg,4660
2024-08-12,대구,무,1개,2943
2024-08-12,대구,당근,1kg,6550
2024-08-12,대구,열무,1kg,6063
2024-08-12,대구,양파,1kg,1813
2024-08-12,대구,대파,1kg,2973
2024-08-12,대구,피망,100g,9200
2024-08-12,대구,파프리카,1개,1710
2024-08-12,대구,마늘,1kg,8740
2024-08-12,대구,브로콜리,1개,2495
2024-08-12,대구,사과,10개,22900
2024-08-12,대구,배,10개,89300
2024-08-13,대구,배추,1포기,6160
2024-08-13,대구,시금치,100g,22833
2024-08-13,대구,상추,100g,23333
2024-08-13,대구,얼갈이배추,1kg,5840
2024-08-13,대구,오이,10개,15333
2024-08-13,대구,호박,1개,2133
2024-08-13,대구,토마토,1kg,4660
2024-08-13,대구,무,1개,2943
2024-08-13,대구,당근,1kg,6550
2024-08-13,대구,열무,1kg,6063
2024-08-13,대구,양파,1kg,1813
2024-08-13,대구,대파,1kg,3567
2024-08-13,대구,피망,100g,9200
2024-08-13,대구,파프리카,1개,1903
2024-08-13,대구,마늘,1kg,8740
2024-08-13,대구,브로콜리,1개,2390
2024-08-13,대구,사과,10개,22900
2024-08-13,대구,배,10개,89300
2024-08-14,대구,배추,1포기,6160
2024-08-14,대구,시금치,100g,22833
2024-08-14,대구,상추,100g,23867
2024-08-14,대구,얼갈이배추,1kg,5840
2024-08-14,대구,오이,10개,15333
2024-08-14,대구,호박,1개,2133
2024-08-14,대구,토마토,1kg,4660
2024-08-14,대구,무,1개,2943
2024-08-14,대구,당근,1kg,6550
2024-08-14,대구,열무,1kg,6063
2024-08-14,대구,양파,1kg,1813
2024-08-14,대구,대파,1kg,3567
2024-08-14,대구,피망,100g,9300
2024-08-14,대구,파프리카,1개,1903
2024-08-14,대구,마늘,1kg,8740
2024-08-14,대구,브로콜리,1개,2390
2024-08-14,대구,사과,10개,22900
2024-08-14,대구,배,10개,89300
2024-08-16,대구,배추,1포기,7245
2024-08-16,대구,시금치,100g,26400
2024-08-16,대구,상추,100g,21100
2024-08-16,대구,얼갈이배추,1kg,3873
2024-08-16,대구,오이,10개,15333
2024-08-16,대구,호박,1개,1733
2024-08-16,대구,토마토,1kg,4993
2024-08-16,대구,무,1개,3370
2024-08-16,대구,당근,1kg,6633
2024-08-16,대구,열무,1kg,3990
2024-08-16,대구,양파,1kg,1707
2024-08-16,대구,대파,1kg,3060
2024-08-16,대구,피망,100g,9300
2024-08-16,대구,파프리카,1개,1770
2024-08-16,대구,마늘,1kg,9350
2024-08-16,대구,브로콜리,1개,2890
2024-08-16,대구,사과,10개,25900
2024-08-16,대구,배,10개,42733
2024-08-19,대구,배추,1포기,7245
2024-08-19,대구,시금치,100g,41650
2024-08-19,대구,상추,100g,20167
2024-08-19,대구,얼갈이배추,1kg,3857
2024-08-19,대구,오이,10개,14900
2024-08-19,대구,호박,1개,1517
2024-08-19,대구,토마토,1kg,4993
2024-08-19,대구,무,1개,3370
2024-08-19,대구,당근,1kg,6897
2024-08-19,대구,열무,1kg,4190
2024-08-19,대구,양파,1kg,1707
2024-08-19,대구,대파,1kg,3350
2024-08-19,대구,피망,100g,9300
2024-08-19,대구,파프리카,1개,1903
2024-08-19,대구,마늘,1kg,9350
2024-08-19,대구,브로콜리,1개,2890
2024-08-19,대구,사과,10개,25900
2024-08-19,대구,배,10개,39933
2024-08-20,대구,배추,1포기,7245
2024-08-20,대구,시금치,100g,41650
2024-08-20,대구,상추,100g,20167
2024-08-20,대구,얼갈이배추,1kg,3857
2024-08-20,대구,오이,10개,14900
2024-08-20,대구,호박,1개,1517
2024-08-20,대구,토마토,1kg,4993
2024-08-20,대구,무,1개,3495
2024-08-20,대구,당근,1kg,6897
2024-08-20,대구,열무,1kg,4190
2024-08-20,대구,양파,1kg,1707
2024-08-20,대구,대파,1kg,3350
2024-08-20,대구,피망,100g,9200
2024-08-20,대구,파프리카,1개,2213
2024-08-20,대구,마늘,1kg,9987
2024-08-20,대구,브로콜리,1개,3660
2024-08-20,대구,사과,10개,25900
2024-08-20,대구,배,10개,39933
2024-08-21,대구,배추,1포기,7245
2024-08-21,대구,시금치,100g,35267
2024-08-21,대구,상추,100g,21000
2024-08-21,대구,얼갈이배추,1kg,3857
2024-08-21,대구,오이,10개,14833
2024-08-21,대구,호박,1개,1517
2024-08-21,대구,토마토,1kg,4993
2024-08-21,대구,무,1개,3870
2024-08-21,대구,당근,1kg,7510
2024-08-21,대구,열무,1kg,4190
2024-08-21,대구,양파,1kg,1707
2024-08-21,대구,대파,1kg,3350
2024-08-21,대구,피망,100g,9100
2024-08-21,대구,파프리카,1개,2213
2024-08-21,대구,마늘,1kg,9987
2024-08-21,대구,브로콜리,1개,3660
2024-08-21,대구,사과,10개,25900
2024-08-21,대구,배,10개,39933
2024-08-22,대구,배추,1포기,8245
2024-08-22,대구,시금치,100g,34100
2024-08-22,대구,상추,100g,21967
2024-08-22,대구,얼갈이배추,1kg,5840
2024-08-22,대구,오이,10개,14417
2024-08-22,대구,호박,1개,1617
2024-08-22,대구,토마토,1kg,5493
2024-08-22,대구,무,1개,3777
2024-08-22,대구,당근,1kg,7413
2024-08-22,대구,열무,1kg,6030
2024-08-22,대구,양파,1kg,1763
2024-08-22,대구,대파,1kg,3095
2024-08-22,대구,피망,100g,11100
2024-08-22,대구,파프리카,1개,2047
2024-08-22,대구,마늘,1kg,9987
2024-08-22,대구,브로콜리,1개,2990
2024-08-22,대구,사과,10개,18500
2024-08-22,대구,배,10개,39367
2024-08-23,대구,배추,1포기,8160
2024-08-23,대구,시금치,100g,36300
2024-08-23,대구,상추,100g,21967
2024-08-23,대구,얼갈이배추,1kg,6173
2024-08-23,대구,오이,10개,14417
2024-08-23,대구,호박,1개,1617
2024-08-23,대구,토마토,1kg,6827
2024-08-23,대구,무,1개,3910
2024-08-23,대구,당근,1kg,7413
2024-08-23,대구,열무,1kg,6363
2024-08-23,대구,양파,1kg,1763
2024-08-23,대구,대파,1kg,2973
2024-08-23,대구,피망,100g,11100
2024-08-23,대구,파프리카,1개,2380
2024-08-23,대구,마늘,1kg,10320
2024-08-23,대구,브로콜리,1개,2990
2024-08-23,대구,사과,10개,18500
2024-08-23,대구,배,10개,39367
2024-08-26,대구,배추,1포기,8160
2024-08-26,대구,시금치,100g,36300
2024-08-26,대구,상추,100g,21967
2024-08-26,대구,얼갈이배추,1kg,6173
2024-08-26,대구,오이,10개,14417
2024-08-26,대구,호박,1개,1617
2024-08-26,대구,토마토,1kg,6827
2024-08-26,대구,무,1개,3910
2024-08-26,대구,당근,1kg,7413
2024-08-26,대구,열무,1kg,6363
2024-08-26,대구,양파,1kg,1763
2024-08-26,대구,대파,1kg,2973
2024-08-26,대구,피망,100g,11100
2024-08-26,대구,파프리카,1개,2380
2024-08-26,대구,마늘,1kg,10320
2024-08-26,대구,브로콜리,1개,2990
2024-08-26,대구,사과,10개,18500
2024-08-26,대구,배,10개,39367
2024-08-27,대구,배추,1포기,9160
2024-08-27,대구,시금치,100g,47233
2024-08-27,대구,상추,100g,21900
2024-08-27,대구,얼갈이배추,1kg,6047
2024-08-27,대구,오이,10개,14417
2024-08-27,대구,호박,1개,1617
2024-08-27,대구,토마토,1kg,6827
2024-08-27,대구,무,1개,4160
2024-08-27,대구,당근,1kg,7413
2024-08-27,대구,열무,1kg,6323
2024-08-27,대구,양파,1kg,1763
2024-08-27,대구,대파,1kg,3683
2024-08-27,대구,피망,100g,11100
2024-08-27,대구,파프리카,1개,2713
2024-08-27,대구,마늘,1kg,10683
2024-08-27,대구,브로콜리,1개,2990
2024-08-27,대구,사과,10개,18500
2024-08-27,대구,배,10개,39367
2024-08-28,대구,배추,1포기,9160
2024-08-28,대구,시금치,100g,50267
2024-08-28,대구,상추,100g,21633
2024-08-28,대구,얼갈이배추,1kg,6617
2024-08-28,대구,오이,10개,14833
2024-08-28,대구,호박,1개,1617
2024-08-28,대구,토마토,1kg,6913
2024-08-28,대구,무,1개,4245
2024-08-28,대구,당근,1kg,7413
2024-08-28,대구,열무,1kg,6950
2024-08-28,대구,양파,1kg,1763
2024-08-28,대구,대파,1kg,3683
2024-08-28,대구,피망,100g,11100
2024-08-28,대구,파프리카,1개,2880
2024-08-28,대구,마늘,1kg,10683
2024-08-28,대구,브로콜리,1개,2990
2024-08-28,대구,사과,10개,18500
2024-08-28,대구,배,10개,39367
2024-08-29,대구,배추,1포기,7427
2024-08-29,대구,시금치,100g,53800
2024-08-29,대구,상추,100g,22533
2024-08-29,대구,얼갈이배추,1kg,6717
2024-08-29,대구,오이,10개,14233
2024-08-29,대구,호박,1개,1733
2024-08-29,대구,토마토,1kg,6913
2024-08-29,대구,무,1개,3845
2024-08-29,대구,당근,1kg,7997
2024-08-29,대구,열무,1kg,6897
2024-08-29,대구,양파,1kg,1863
2024-08-29,대구,대파,1kg,3727
2024-08-29,대구,피망,100g,12433
2024-08-29,대구,파프리카,1개,2547
2024-08-29,대구,마늘,1kg,10017
2024-08-29,대구,브로콜리,1개,3740
2024-08-29,대구,사과,10개,16900
2024-08-29,대구,배,10개,32733
2024-08-30,대구,배추,1포기,7427
2024-08-30,대구,시금치,100g,50267
2024-08-30,대구,상추,100g,21233
2024-08-30,대구,얼갈이배추,1kg,6717
2024-08-30,대구,오이,10개,14233
2024-08-30,대구,호박,1개,2000
2024-08-30,대구,토마토,1kg,6913
2024-08-30,대구,무,1개,3845
2024-08-30,대구,당근,1kg,7997
2024-08-30,대구,열무,1kg,6897
2024-08-30,대구,양파,1kg,1863
2024-08-30,대구,대파,1kg,3430
2024-08-30,대구,피망,100g,12767
2024-08-30,대구,파프리카,1개,2603
2024-08-30,대구,마늘,1kg,10017
2024-08-30,대구,브로콜리,1개,3740
2024-08-30,대구,사과,10개,16900
2024-08-30,대구,배,10개,40000
2024-09-02,대구,배추,1포기,7427
2024-09-02,대구,시금치,100g,62900
2024-09-02,대구,상추,100g,19667
2024-09-02,대구,얼갈이배추,1kg,6940
2024-09-02,대구,오이,10개,12553
2024-09-02,대구,호박,1개,2210
2024-09-02,대구,토마토,1kg,7047
2024-09-02,대구,무,1개,3845
2024-09-02,대구,당근,1kg,8577
2024-09-02,대구,열무,1kg,7117
2024-09-02,대구,양파,1kg,1987
2024-09-02,대구,대파,1kg,3727
2024-09-02,대구,피망,100g,13267
2024-09-02,대구,파프리카,1개,2760
2024-09-02,대구,마늘,1kg,10017
2024-09-02,대구,브로콜리,1개,3990
2024-09-02,대구,사과,10개,26600
2024-09-02,대구,배,10개,40000
2024-09-03,대구,배추,1포기,7427
2024-09-03,대구,시금치,100g,62900
2024-09-03,대구,상추,100g,20267
2024-09-03,대구,얼갈이배추,1kg,6940
2024-09-03,대구,오이,10개,12553
2024-09-03,대구,호박,1개,2250
2024-09-03,대구,토마토,1kg,7047
2024-09-03,대구,무,1개,3845
2024-09-03,대구,당근,1kg,8577
2024-09-03,대구,열무,1kg,7117
2024-09-03,대구,양파,1kg,1987
2024-09-03,대구,대파,1kg,3727
2024-09-03,대구,피망,100g,13267
2024-09-03,대구,파프리카,1개,2760
2024-09-03,대구,마늘,1kg,10017
2024-09-03,대구,브로콜리,1개,3990
2024-09-03,대구,사과,10개,26600
2024-09-03,대구,배,10개,39950
2024-09-04,대구,배추,1포기,7427
2024-09-04,대구,시금치,100g,62900
2024-09-04,대구,상추,100g,20267
2024-09-04,대구,얼갈이배추,1kg,6997
2024-09-04,대구,오이,10개,12553
2024-09-04,대구,호박,1개,2250
2024-09-04,대구,토마토,1kg,7047
2024-09-04,대구,무,1개,3845
2024-09-04,대구,당근,1kg,8577
2024-09-04,대구,열무,1kg,7117
2024-09-04,대구,양파,1kg,1987
2024-09-04,대구,대파,1kg,3727
2024-09-04,대구,피망,100g,13267
2024-09-04,대구,파프리카,1개,2760
2024-09-04,대구,마늘,1kg,10017
2024-09-04,대구,브로콜리,1개,3990
2024-09-04,대구,사과,10개,26600
2024-09-04,대구,배,10개,39950
2024-09-05,대구,배추,1포기,7950
2024-09-05,대구,시금치,100g,58600
2024-09-05,대구,상추,100g,21533
2024-09-05,대구,얼갈이배추,1kg,5203
2024-09-05,대구,오이,10개,14487
2024-09-05,대구,호박,1개,2450
2024-09-05,대구,토마토,1kg,7047
2024-09-05,대구,무,1개,4500
2024-09-05,대구,당근,1kg,8347
2024-09-05,대구,열무,1kg,5447
2024-09-05,대구,양파,1kg,2097
2024-09-05,대구,대파,1kg,3610
2024-09-05,대구,피망,100g,13367
2024-09-05,대구,파프리카,1개,2703
2024-09-05,대구,마늘,1kg,9090
2024-09-05,대구,브로콜리,1개,3990
2024-09-05,대구,사과,10개,26233
2024-09-05,대구,배,10개,33500
2024-09-06,대구,배추,1포기,7950
2024-09-06,대구,시금치,100g,50600
2024-09-06,대구,상추,100g,21533
2024-09-06,대구,얼갈이배추,1kg,5207
2024-09-06,대구,오이,10개,14487
2024-09-06,대구,호박,1개,2577
2024-09-06,대구,토마토,1kg,7047
2024-09-06,대구,무,1개,4500
2024-09-06,대구,당근,1kg,8347
2024-09-06,대구,열무,1kg,5390
2024-09-06,대구,양파,1kg,2097
2024-09-06,대구,대파,1kg,3197
2024-09-06,대구,피망,100g,13367
2024-09-06,대구,파프리카,1개,2593
2024-09-06,대구,마늘,1kg,9090
2024-09-06,대구,브로콜리,1개,3990
2024-09-06,대구,사과,10개,26200
2024-09-06,대구,배,10개,34600
2024-09-09,대구,배추,1포기,7950
2024-09-09,대구,시금치,100g,50600
2024-09-09,대구,상추,100g,21667
2024-09-09,대구,얼갈이배추,1kg,5203
2024-09-09,대구,오이,10개,14487
2024-09-09,대구,호박,1개,2410
2024-09-09,대구,토마토,1kg,7047
2024-09-09,대구,무,1개,4500
2024-09-09,대구,당근,1kg,8347
2024-09-09,대구,열무,1kg,5390
2024-09-09,대구,양파,1kg,2097
2024-09-09,대구,대파,1kg,3197
2024-09-09,대구,피망,100g,13367
2024-09-09,대구,파프리카,1개,2593
2024-09-09,대구,마늘,1kg,9090
2024-09-09,대구,브로콜리,1개,3990
2024-09-09,대구,사과,10개,25867
2024-09-09,대구,배,10개,34600
2024-09-10,대구,배추,1포기,8117
2024-09-10,대구,시금치,100g,42900
2024-09-10,대구,상추,100g,22167
2024-09-10,대구,얼갈이배추,1kg,5147
2024-09-10,대구,오이,10개,14487
2024-09-10,대구,호박,1개,2450
2024-09-10,대구,토마토,1kg,7447
2024-09-10,대구,무,1개,4500
2024-09-10,대구,당근,1kg,8347
2024-09-10,대구,열무,1kg,5390
2024-09-10,대구,양파,1kg,2097
2024-09-10,대구,대파,1kg,3197
2024-09-10,대구,피망,100g,13700
2024-09-10,대구,파프리카,1개,2593
2024-09-10,대구,마늘,1kg,8963
2024-09-10,대구,브로콜리,1개,3990
2024-09-10,대구,사과,10개,26600
2024-09-10,대구,배,10개,31150
2024-09-11,대구,배추,1포기,8117
2024-09-11,대구,시금치,100g,42900
2024-09-11,대구,상추,100g,21667
2024-09-11,대구,얼갈이배추,1kg,5147
2024-09-11,대구,오이,10개,14487
2024-09-11,대구,호박,1개,2450
2024-09-11,대구,토마토,1kg,7447
2024-09-11,대구,무,1개,4500
2024-09-11,대구,당근,1kg,8347
2024-09-11,대구,열무,1kg,5390
2024-09-11,대구,양파,1kg,2097
2024-09-11,대구,대파,1kg,3197
2024-09-11,대구,피망,100g,13933
2024-09-11,대구,파프리카,1개,2593
2024-09-11,대구,마늘,1kg,8963
2024-09-11,대구,브로콜리,1개,3990
2024-09-11,대구,사과,10개,26567
2024-09-11,대구,배,10개,31150
2024-09-12,대구,배추,1포기,8823
2024-09-12,대구,시금치,100g,41800
2024-09-12,대구,상추,100g,22333
2024-09-12,대구,얼갈이배추,1kg,5533
2024-09-12,대구,오이,10개,13767
2024-09-12,대구,호박,1개,1980
2024-09-12,대구,토마토,1kg,8530
2024-09-12,대구,무,1개,4500
2024-09-12,대구,당근,1kg,7830
2024-09-12,대구,열무,1kg,5773
2024-09-12,대구,양파,1kg,1740
2024-09-12,대구,대파,1kg,3963
2024-09-12,대구,피망,100g,10950
2024-09-12,대구,파프리카,1개,2693
2024-09-12,대구,마늘,1kg,8717
2024-09-12,대구,브로콜리,1개,4590
2024-09-12,대구,사과,10개,28800
2024-09-12,대구,배,10개,36733
2024-09-13,대구,배추,1포기,8823
2024-09-13,대구,시금치,100g,39267
2024-09-13,대구,상추,100g,22333
2024-09-13,대구,얼갈이배추,1kg,5570
2024-09-13,대구,오이,10개,13767
2024-09-13,대구,호박,1개,1980
2024-09-13,대구,토마토,1kg,9867
2024-09-13,대구,무,1개,4500
2024-09-13,대구,당근,1kg,8703
2024-09-13,대구,열무,1kg,5667
2024-09-13,대구,양파,1kg,1740
2024-09-13,대구,대파,1kg,3963
2024-09-13,대구,피망,100g,10950
2024-09-13,대구,파프리카,1개,2693
2024-09-13,대구,마늘,1kg,8717
2024-09-13,대구,브로콜리,1개,4590
2024-09-13,대구,사과,10개,28800
2024-09-13,대구,배,10개,41000
2024-09-19,대구,배추,1포기,9660
2024-09-19,대구,시금치,100g,42600
2024-09-19,대구,상추,100g,21933
2024-09-19,대구,얼갈이배추,1kg,6573
2024-09-19,대구,오이,10개,14767
2024-09-19,대구,호박,1개,2250
2024-09-19,대구,토마토,1kg,9800
2024-09-19,대구,무,1개,4245
2024-09-19,대구,당근,1kg,8437
2024-09-19,대구,열무,1kg,6697
2024-09-19,대구,양파,1kg,1963
2024-09-19,대구,대파,1kg,4237
2024-09-19,대구,피망,100g,10950
2024-09-19,대구,파프리카,1개,2693
2024-09-19,대구,마늘,1kg,10517
2024-09-19,대구,브로콜리,1개,4590
2024-09-19,대구,사과,10개,27150
2024-09-19,대구,배,10개,40000
2024-09-20,대구,배추,1포기,9660
2024-09-20,대구,시금치,100g,42600
2024-09-20,대구,상추,100g,21933
2024-09-20,대구,얼갈이배추,1kg,6573
2024-09-20,대구,오이,10개,13600
2024-09-20,대구,호박,1개,2250
2024-09-20,대구,토마토,1kg,10467
2024-09-20,대구,무,1개,4245
2024-09-20,대구,당근,1kg,8437
2024-09-20,대구,열무,1kg,6697
2024-09-20,대구,양파,1kg,1963
2024-09-20,대구,대파,1kg,3853
2024-09-20,대구,피망,100g,11250
2024-09-20,대구,파프리카,1개,2693
2024-09-20,대구,마늘,1kg,10517
2024-09-20,대구,브로콜리,1개,4190
2024-09-20,대구,사과,10개,27150
2024-09-20,대구,배,10개,40000
2024-09-23,대구,배추,1포기,11327
2024-09-23,대구,시금치,100g,42600
2024-09-23,대구,상추,100g,22333
2024-09-23,대구,얼갈이배추,1kg,6630
2024-09-23,대구,오이,10개,13600
2024-09-23,대구,호박,1개,2293
2024-09-23,대구,토마토,1kg,10687
2024-09-23,대구,무,1개,4245
2024-09-23,대구,당근,1kg,8437
2024-09-23,대구,열무,1kg,6697
2024-09-23,대구,양파,1kg,1963
2024-09-23,대구,대파,1kg,4237
2024-09-23,대구,피망,100g,11250
2024-09-23,대구,파프리카,1개,2693
2024-09-23,대구,마늘,1kg,10517
2024-09-23,대구,브로콜리,1개,4190
2024-09-23,대구,사과,10개,27150
2024-09-23,대구,배,10개,40000
2024-09-24,대구,배추,1포기,11993
2024-09-24,대구,시금치,100g,38267
2024-09-24,대구,상추,100g,24767
2024-09-24,대구,얼갈이배추,1kg,6630
2024-09-24,대구,오이,10개,13600
2024-09-24,대구,호박,1개,2210
2024-09-24,대구,토마토,1kg,10687
2024-09-24,대구,무,1개,4245
2024-09-24,대구,당근,1kg,8437
2024-09-24,대구,열무,1kg,6643
2024-09-24,대구,양파,1kg,1963
2024-09-24,대구,대파,1kg,4237
2024-09-24,대구,피망,100g,11600
2024-09-24,대구,파프리카,1개,2860
2024-09-24,대구,마늘,1kg,10210
2024-09-24,대구,브로콜리,1개,4190
2024-09-24,대구,사과,10개,27150
2024-09-24,대구,배,10개,34950
2024-09-25,대구,배추,1포기,11660
2024-09-25,대구,시금치,100g,38267
2024-09-25,대구,상추,100g,24767
2024-09-25,대구,얼갈이배추,1kg,6630
2024-09-25,대구,오이,10개,13600
2024-09-25,대구,호박,1개,2293
2024-09-25,대구,토마토,1kg,10687
2024-09-25,대구,무,1개,4325
2024-09-25,대구,당근,1kg,8553
2024-09-25,대구,열무,1kg,6643
2024-09-25,대구,양파,1kg,1963
2024-09-25,대구,대파,1kg,4233
2024-09-25,대구,피망,100g,12850
2024-09-25,대구,파프리카,1개,2970
2024-09-25,대구,마늘,1kg,10210
2024-09-25,대구,브로콜리,1개,4190
2024-09-25,대구,사과,10개,27150
2024-09-25,대구,배,10개,46650
2024-09-26,대구,배추,1포기,12327
2024-09-26,대구,시금치,100g,29100
2024-09-26,대구,상추,100g,26100
2024-09-26,대구,얼갈이배추,1kg,6193
2024-09-26,대구,오이,10개,14433
2024-09-26,대구,호박,1개,2527
2024-09-26,대구,토마토,1kg,10020
2024-09-26,대구,무,1개,4660
2024-09-26,대구,당근,1kg,8720
2024-09-26,대구,열무,1kg,6417
2024-09-26,대구,양파,1kg,1877
2024-09-26,대구,대파,1kg,4280
2024-09-26,대구,피망,100g,13200
2024-09-26,대구,파프리카,1개,2827
2024-09-26,대구,마늘,1kg,10350
2024-09-26,대구,브로콜리,1개,5590
2024-09-26,대구,사과,10개,28800
2024-09-26,대구,배,10개,46650
2024-09-27,대구,배추,1포기,12327
2024-09-27,대구,시금치,100g,29100
2024-09-27,대구,상추,100g,26100
2024-09-27,대구,얼갈이배추,1kg,6193
2024-09-27,대구,오이,10개,14433
2024-09-27,대구,호박,1개,2527
2024-09-27,대구,토마토,1kg,10020
2024-09-27,대구,무,1개,4660
2024-09-27,대구,당근,1kg,8720
2024-09-27,대구,열무,1kg,6417
2024-09-27,대구,양파,1kg,1877
2024-09-27,대구,대파,1kg,4280
2024-09-27,대구,피망,100g,13200
2024-09-27,대구,파프리카,1개,2860
2024-09-27,대구,마늘,1kg,10350
2024-09-27,대구,브로콜리,1개,5590
2024-09-27,대구,사과,10개,29650
2024-09-27,대구,배,10개,45233
2024-09-30,대구,배추,1포기,10160
2024-09-30,대구,시금치,100g,30767
2024-09-30,대구,상추,100g,28467
2024-09-30,대구,얼갈이배추,1kg,6193
2024-09-30,대구,오이,10개,16600
2024-09-30,대구,호박,1개,2443
2024-09-30,대구,토마토,1kg,9910
2024-09-30,대구,무,1개,4660
2024-09-30,대구,당근,1kg,8720
2024-09-30,대구,열무,1kg,6193
2024-09-30,대구,양파,1kg,1807
2024-09-30,대구,대파,1kg,4197
2024-09-30,대구,피망,100g,13200
2024-09-30,대구,파프리카,1개,2860
2024-09-30,대구,마늘,1kg,10350
2024-09-30,대구,브로콜리,1개,4540
2024-09-30,대구,사과,10개,29650
2024-09-30,대구,배,10개,45233
2024-10-02,대구,배추,1포기,10160
2024-10-02,대구,시금치,100g,32833
2024-10-02,대구,상추,100g,27967
2024-10-02,대구,얼갈이배추,1kg,5860
2024-10-02,대구,오이,10개,16600
2024-10-02,대구,호박,1개,2343
2024-10-02,대구,토마토,1kg,10243
2024-10-02,대구,무,1개,4660
2024-10-02,대구,당근,1kg,8553
2024-10-02,대구,열무,1kg,5783
2024-10-02,대구,양파,1kg,1807
2024-10-02,대구,대파,1kg,4197
2024-10-02,대구,피망,100g,17600
2024-10-02,대구,파프리카,1개,2860
2024-10-02,대구,마늘,1kg,10350
2024-10-02,대구,브로콜리,1개,4540
2024-10-02,대구,사과,10개,29650
2024-10-02,대구,배,10개,34100
2024-10-04,대구,배추,1포기,10160
2024-10-04,대구,시금치,100g,32833
2024-10-04,대구,상추,100g,27167
2024-10-04,대구,얼갈이배추,1kg,5860
2024-10-04,대구,오이,10개,18833
2024-10-04,대구,호박,1개,2110
2024-10-04,대구,토마토,1kg,9547
2024-10-04,대구,무,1개,4660
2024-10-04,대구,당근,1kg,8553
2024-10-04,대구,열무,1kg,5783
2024-10-04,대구,양파,1kg,1793
2024-10-04,대구,대파,1kg,3803
2024-10-04,대구,피망,100g,17600
2024-10-04,대구,파프리카,1개,2860
2024-10-04,대구,마늘,1kg,10377
2024-10-04,대구,브로콜리,1개,4790
2024-10-04,대구,사과,10개,27150
2024-10-04,대구,배,10개,29933
2024-10-07,대구,배추,1포기,10193
2024-10-07,대구,시금치,100g,30767
2024-10-07,대구,상추,100g,29633
2024-10-07,대구,얼갈이배추,1kg,5710
2024-10-07,대구,오이,10개,18833
2024-10-07,대구,호박,1개,2110
2024-10-07,대구,토마토,1kg,9547
2024-10-07,대구,무,1개,4660
2024-10-07,대구,당근,1kg,8103
2024-10-07,대구,열무,1kg,5600
2024-10-07,대구,양파,1kg,1793
2024-10-07,대구,대파,1kg,3803
2024-10-07,대구,피망,100g,17600
2024-10-07,대구,파프리카,1개,2527
2024-10-07,대구,마늘,1kg,10377
2024-10-07,대구,브로콜리,1개,4790
2024-10-07,대구,사과,10개,31800
2024-10-07,대구,배,10개,29933
2024-10-08,대구,배추,1포기,10093
2024-10-08,대구,시금치,100g,29800
2024-10-08,대구,상추,100g,29633
2024-10-08,대구,얼갈이배추,1kg,5653
2024-10-08,대구,오이,10개,18233
2024-10-08,대구,호박,1개,2110
2024-10-08,대구,토마토,1kg,11103
2024-10-08,대구,무,1개,4330
2024-10-08,대구,당근,1kg,7880
2024-10-08,대구,열무,1kg,5543
2024-10-08,대구,양파,1kg,1793
2024-10-08,대구,대파,1kg,3803
2024-10-08,대구,피망,100g,17600
2024-10-08,대구,파프리카,1개,2527
2024-10-08,대구,마늘,1kg,10377
2024-10-08,대구,브로콜리,1개,4027
2024-10-08,대구,사과,10개,31800
2024-10-08,대구,배,10개,29933
2024-10-10,대구,배추,1포기,10693
2024-10-10,대구,시금치,100g,26467
2024-10-10,대구,상추,100g,28700
2024-10-10,대구,얼갈이배추,1kg,5600
2024-10-10,대구,오이,10개,16300
2024-10-10,대구,호박,1개,2510
2024-10-10,대구,토마토,1kg,13133
2024-10-10,대구,무,1개,4330
2024-10-10,대구,당근,1kg,7447
2024-10-10,대구,열무,1kg,5600
2024-10-10,대구,양파,1kg,1887
2024-10-10,대구,대파,1kg,3973
2024-10-10,대구,피망,100g,18267
2024-10-10,대구,파프리카,1개,2860
2024-10-10,대구,마늘,1kg,10243
2024-10-10,대구,브로콜리,1개,4160
2024-10-10,대구,사과,10개,29067
2024-10-10,대구,배,10개,35267
2024-10-11,대구,배추,1포기,10027
2024-10-11,대구,시금치,100g,26467
2024-10-11,대구,상추,100g,28700
2024-10-11,대구,얼갈이배추,1kg,5543
2024-10-11,대구,오이,10개,16133
2024-10-11,대구,호박,1개,2467
2024-10-11,대구,토마토,1kg,13133
2024-10-11,대구,무,1개,4330
2024-10-11,대구,당근,1kg,7447
2024-10-11,대구,열무,1kg,5600
2024-10-11,대구,양파,1kg,1887
2024-10-11,대구,대파,1kg,3930
2024-10-11,대구,피망,100g,18367
2024-10-11,대구,파프리카,1개,2637
2024-10-11,대구,마늘,1kg,10243
2024-10-11,대구,브로콜리,1개,4160
2024-10-11,대구,사과,10개,27400
2024-10-11,대구,배,10개,35267
2024-10-14,대구,배추,1포기,10027
2024-10-14,대구,시금치,100g,25500
2024-10-14,대구,상추,100g,27267
2024-10-14,대구,얼갈이배추,1kg,5487
2024-10-14,대구,오이,10개,16133
2024-10-14,대구,호박,1개,2467
2024-10-14,대구,토마토,1kg,13133
2024-10-14,대구,무,1개,4330
2024-10-14,대구,당근,1kg,7447
2024-10-14,대구,열무,1kg,5600
2024-10-14,대구,양파,1kg,1887
2024-10-14,대구,대파,1kg,3930
2024-10-14,대구,피망,100g,18367
2024-10-14,대구,파프리카,1개,2637
2024-10-14,대구,마늘,1kg,10243
2024-10-14,대구,브로콜리,1개,4160
2024-10-14,대구,사과,10개,27400
2024-10-14,대구,배,10개,35267
2024-10-15,대구,배추,1포기,10027
2024-10-15,대구,시금치,100g,25500
2024-10-15,대구,상추,100g,28333
2024-10-15,대구,얼갈이배추,1kg,5487
2024-10-15,대구,오이,10개,16133
2024-10-15,대구,호박,1개,2427
2024-10-15,대구,토마토,1kg,13133
2024-10-15,대구,무,1개,4330
2024-10-15,대구,당근,1kg,7447
2024-10-15,대구,열무,1kg,5487
2024-10-15,대구,양파,1kg,1853
2024-10-15,대구,대파,1kg,3930
2024-10-15,대구,피망,100g,18133
2024-10-15,대구,파프리카,1개,2637
2024-10-15,대구,마늘,1kg,10243
2024-10-15,대구,브로콜리,1개,4245
2024-10-15,대구,사과,10개,27400
2024-10-15,대구,배,10개,35267
2024-10-16,대구,배추,1포기,10027
2024-10-16,대구,시금치,100g,25500
2024-10-16,대구,상추,100g,27867
2024-10-16,대구,얼갈이배추,1kg,5487
2024-10-16,대구,오이,10개,16133
2024-10-16,대구,호박,1개,2383
2024-10-16,대구,토마토,1kg,13133
2024-10-16,대구,무,1개,4330
2024-10-16,대구,당근,1kg,7447
2024-10-16,대구,열무,1kg,5487
2024-10-16,대구,양파,1kg,1853
2024-10-16,대구,대파,1kg,3930
2024-10-16,대구,피망,100g,18133
2024-10-16,대구,파프리카,1개,2637
2024-10-16,대구,마늘,1kg,10243
2024-10-16,대구,브로콜리,1개,4120
2024-10-16,대구,사과,10개,27400
2024-10-16,대구,배,10개,33933
2024-10-17,대구,배추,1포기,11027
2024-10-17,대구,시금치,100g,22700
2024-10-17,대구,상추,100g,24433
2024-10-17,대구,얼갈이배추,1kg,5293
2024-10-17,대구,오이,10개,16733
2024-10-17,대구,호박,1개,2177
2024-10-17,대구,토마토,1kg,15233
2024-10-17,대구,무,1개,4330
2024-10-17,대구,당근,1kg,7233
2024-10-17,대구,열무,1kg,5057
2024-10-17,대구,양파,1kg,1693
2024-10-17,대구,대파,1kg,3670
2024-10-17,대구,피망,100g,19600
2024-10-17,대구,파프리카,1개,2360
2024-10-17,대구,마늘,1kg,10377
2024-10-17,대구,브로콜리,1개,4410
2024-10-17,대구,사과,10개,28133
2024-10-17,대구,배,10개,32267
2024-10-18,대구,배추,1포기,10693
2024-10-18,대구,시금치,100g,22700
2024-10-18,대구,상추,100g,24433
2024-10-18,대구,얼갈이배추,1kg,5293
2024-10-18,대구,오이,10개,16733
2024-10-18,대구,호박,1개,2177
2024-10-18,대구,토마토,1kg,15233
2024-10-18,대구,무,1개,4330
2024-10-18,대구,당근,1kg,7233
2024-10-18,대구,열무,1kg,5057
2024-10-18,대구,양파,1kg,1693
2024-10-18,대구,대파,1kg,3670
2024-10-18,대구,피망,100g,19600
2024-10-18,대구,파프리카,1개,2360
2024-10-18,대구,마늘,1kg,10377
2024-10-18,대구,브로콜리,1개,4410
2024-10-18,대구,사과,10개,28133
2024-10-18,대구,배,10개,32267
2024-10-21,대구,배추,1포기,10493
2024-10-21,대구,시금치,100g,19767
2024-10-21,대구,상추,100g,20700
2024-10-21,대구,얼갈이배추,1kg,4907
2024-10-21,대구,오이,10개,16733
2024-10-21,대구,호박,1개,2217
2024-10-21,대구,토마토,1kg,15233
2024-10-21,대구,무,1개,4330
2024-10-21,대구,당근,1kg,7233
2024-10-21,대구,열무,1kg,4837
2024-10-21,대구,양파,1kg,1693
2024-10-21,대구,대파,1kg,3670
2024-10-21,대구,피망,100g,19700
2024-10-21,대구,파프리카,1개,2360
2024-10-21,대구,마늘,1kg,10377
2024-10-21,대구,브로콜리,1개,4327
2024-10-21,대구,사과,10개,28250
2024-10-21,대구,배,10개,32267
2024-10-22,대구,배추,1포기,10493
2024-10-22,대구,시금치,100g,19767
2024-10-22,대구,상추,100g,20700
2024-10-22,대구,얼갈이배추,1kg,4907
2024-10-22,대구,오이,10개,16733
2024-10-22,대구,호박,1개,2217
2024-10-22,대구,토마토,1kg,15233
2024-10-22,대구,무,1개,4330
2024-10-22,대구,당근,1kg,7233
2024-10-22,대구,열무,1kg,4837
2024-10-22,대구,양파,1kg,1693
2024-10-22,대구,대파,1kg,3670
2024-10-22,대구,피망,100g,21367
2024-10-22,대구,파프리카,1개,2360
2024-10-22,대구,마늘,1kg,10377
2024-10-22,대구,브로콜리,1개,4327
2024-10-22,대구,사과,10개,28250
2024-10-22,대구,배,10개,32267
2024-10-23,대구,배추,1포기,10493
2024-10-23,대구,시금치,100g,20800
2024-10-23,대구,상추,100g,21733
2024-10-23,대구,얼갈이배추,1kg,4907
2024-10-23,대구,오이,10개,16733
2024-10-23,대구,호박,1개,2217
2024-10-23,대구,토마토,1kg,15233
2024-10-23,대구,무,1개,4330
2024-10-23,대구,당근,1kg,7147
2024-10-23,대구,열무,1kg,4837
2024-10-23,대구,양파,1kg,1693
2024-10-23,대구,대파,1kg,3670
2024-10-23,대구,피망,100g,21367
2024-10-23,대구,파프리카,1개,2360
2024-10-23,대구,마늘,1kg,10377
2024-10-23,대구,브로콜리,1개,4327
2024-10-23,대구,사과,10개,28250
2024-10-23,대구,배,10개,32267
2024-10-24,대구,배추,1포기,8893
2024-10-24,대구,시금치,100g,10953
2024-10-24,대구,상추,100g,17933
2024-10-24,대구,얼갈이배추,1kg,4823
2024-10-24,대구,오이,10개,14767
2024-10-24,대구,호박,1개,2383
2024-10-24,대구,토마토,1kg,11433
2024-10-24,대구,무,1개,4330
2024-10-24,대구,당근,1kg,7313
2024-10-24,대구,열무,1kg,4897
2024-10-24,대구,양파,1kg,1827
2024-10-24,대구,대파,1kg,3983
2024-10-24,대구,피망,100g,24700
2024-10-24,대구,파프리카,1개,2297
2024-10-24,대구,마늘,1kg,10350
2024-10-24,대구,브로콜리,1개,3745
2024-10-24,대구,사과,10개,24650
2024-10-24,대구,배,10개,33933
2024-10-25,대구,배추,1포기,6977
2024-10-25,대구,시금치,100g,10953
2024-10-25,대구,상추,100g,17933
2024-10-25,대구,얼갈이배추,1kg,4823
2024-10-25,대구,오이,10개,14767
2024-10-25,대구,호박,1개,2383
2024-10-25,대구,토마토,1kg,11433
2024-10-25,대구,무,1개,4330
2024-10-25,대구,당근,1kg,7313
2024-10-25,대구,열무,1kg,4897
2024-10-25,대구,양파,1kg,1827
2024-10-25,대구,대파,1kg,3983
2024-10-25,대구,피망,100g,24700
2024-10-25,대구,파프리카,1개,2297
2024-10-25,대구,마늘,1kg,10350
2024-10-25,대구,브로콜리,1개,5490
2024-10-25,대구,사과,10개,24650
2024-10-25,대구,배,10개,33933
2024-10-28,대구,배추,1포기,7503
2024-10-28,대구,시금치,100g,10970
2024-10-28,대구,상추,100g,21267
2024-10-28,대구,얼갈이배추,1kg,4990
2024-10-28,대구,오이,10개,15600
2024-10-28,대구,호박,1개,2467
2024-10-28,대구,토마토,1kg,10100
2024-10-28,대구,무,1개,4330
2024-10-28,대구,당근,1kg,7313
2024-10-28,대구,열무,1kg,4950
2024-10-28,대구,양파,1kg,1827
2024-10-28,대구,대파,1kg,3983
2024-10-28,대구,피망,100g,24700
2024-10-28,대구,파프리카,1개,2240
2024-10-28,대구,마늘,1kg,10350
2024-10-28,대구,브로콜리,1개,5490
2024-10-28,대구,사과,10개,24650
2024-10-28,대구,배,10개,33933
2024-10-29,대구,배추,1포기,7503
2024-10-29,대구,시금치,100g,10487
2024-10-29,대구,상추,100g,21267
2024-10-29,대구,얼갈이배추,1kg,4990
2024-10-29,대구,오이,10개,15600
2024-10-29,대구,호박,1개,2593
2024-10-29,대구,토마토,1kg,10100
2024-10-29,대구,무,1개,4330
2024-10-29,대구,당근,1kg,7683
2024-10-29,대구,열무,1kg,4950
2024-10-29,대구,양파,1kg,1957
2024-10-29,대구,대파,1kg,4063
2024-10-29,대구,피망,100g,25600
2024-10-29,대구,파프리카,1개,2240
2024-10-29,대구,마늘,1kg,10350
2024-10-29,대구,브로콜리,1개,5490
2024-10-29,대구,사과,10개,32700
2024-10-29,대구,배,10개,34133
2024-10-30,대구,배추,1포기,6893
2024-10-30,대구,시금치,100g,10487
2024-10-30,대구,상추,100g,21767
2024-10-30,대구,얼갈이배추,1kg,4990
2024-10-30,대구,오이,10개,15600
2024-10-30,대구,호박,1개,2633
2024-10-30,대구,토마토,1kg,10100
2024-10-30,대구,무,1개,4330
2024-10-30,대구,당근,1kg,7683
2024-10-30,대구,열무,1kg,4950
2024-10-30,대구,양파,1kg,1957
2024-10-30,대구,대파,1kg,4063
2024-10-30,대구,피망,100g,25600
2024-10-30,대구,파프리카,1개,2240
2024-10-30,대구,마늘,1kg,10350
2024-10-30,대구,브로콜리,1개,5490
2024-10-30,대구,사과,10개,25900
2024-10-30,대구,배,10개,34133
2024-10-31,대구,배추,1포기,5160
2024-10-31,대구,시금치,100g,10807
2024-10-31,대구,상추,100g,19367
2024-10-31,대구,얼갈이배추,1kg,4957
2024-10-31,대구,오이,10개,17133
2024-10-31,대구,호박,1개,2843
2024-10-31,대구,토마토,1kg,10100
2024-10-31,대구,무,1개,4330
2024-10-31,대구,당근,1kg,7683
2024-10-31,대구,열무,1kg,5177
2024-10-31,대구,양파,1kg,1910
2024-10-31,대구,대파,1kg,4153
2024-10-31,대구,피망,100g,26133
2024-10-31,대구,파프리카,1개,2240
2024-10-31,대구,마늘,1kg,10377
2024-10-31,대구,브로콜리,1개,4590
2024-10-31,대구,사과,10개,31650
2024-10-31,대구,배,10개,36133
2024-11-01,대구,배추,1포기,5160
2024-11-01,대구,시금치,100g,10593
2024-11-01,대구,상추,100g,19367
2024-11-01,대구,얼갈이배추,1kg,4900
2024-11-01,대구,오이,10개,17133
2024-11-01,대구,호박,1개,2843
2024-11-01,대구,토마토,1kg,9943
2024-11-01,대구,무,1개,4000
2024-11-01,대구,당근,1kg,7603
2024-11-01,대구,열무,1kg,5177
2024-11-01,대구,양파,1kg,1910
2024-11-01,대구,대파,1kg,4153
2024-11-01,대구,피망,100g,26467
2024-11-01,대구,파프리카,1개,2240
2024-11-01,대구,마늘,1kg,10377
2024-11-01,대구,브로콜리,1개,3375
2024-11-01,대구,사과,10개,20900
2024-11-01,대구,배,10개,37267
2024-08-05,광주,배추,1포기,5880
2024-08-05,광주,시금치,100g,19600
2024-08-05,광주,상추,100g,24833
2024-08-05,광주,얼갈이배추,1kg,5380
2024-08-05,광주,오이,10개,15133
2024-08-05,광주,호박,1개,1720
2024-08-05,광주,토마토,1kg,4700
2024-08-05,광주,무,1개,3375
2024-08-05,광주,당근,1kg,6243
2024-08-05,광주,열무,1kg,5563
2024-08-05,광주,양파,1kg,2290
2024-08-05,광주,대파,1kg,3113
2024-08-05,광주,피망,100g,10300
2024-08-05,광주,파프리카,1개,1560
2024-08-05,광주,마늘,1kg,10513
2024-08-05,광주,브로콜리,1개,2125
2024-08-05,광주,사과,10개,31100
2024-08-05,광주,배,10개,88300
2024-08-06,광주,배추,1포기,5937
2024-08-06,광주,시금치,100g,19933
2024-08-06,광주,상추,100g,25000
2024-08-06,광주,얼갈이배추,1kg,5403
2024-08-06,광주,오이,10개,15267
2024-08-06,광주,호박,1개,1737
2024-08-06,광주,토마토,1kg,4700
2024-08-06,광주,무,1개,3460
2024-08-06,광주,당근,1kg,6243
2024-08-06,광주,열무,1kg,5617
2024-08-06,광주,양파,1kg,2290
2024-08-06,광주,대파,1kg,3147
2024-08-06,광주,피망,100g,10300
2024-08-06,광주,파프리카,1개,1560
2024-08-06,광주,마늘,1kg,10513
2024-08-06,광주,브로콜리,1개,2125
2024-08-06,광주,사과,10개,31100
2024-08-06,광주,배,10개,88300
2024-08-07,광주,배추,1포기,5993
2024-08-07,광주,시금치,100g,20033
2024-08-07,광주,상추,100g,24833
2024-08-07,광주,얼갈이배추,1kg,5380
2024-08-07,광주,오이,10개,15267
2024-08-07,광주,호박,1개,1753
2024-08-07,광주,토마토,1kg,4700
2024-08-07,광주,무,1개,3460
2024-08-07,광주,당근,1kg,6243
2024-08-07,광주,열무,1kg,5617
2024-08-07,광주,양파,1kg,2290
2024-08-07,광주,대파,1kg,3170
2024-08-07,광주,피망,100g,10300
2024-08-07,광주,파프리카,1개,1570
2024-08-07,광주,마늘,1kg,10513
2024-08-07,광주,브로콜리,1개,2160
2024-08-07,광주,사과,10개,31100
2024-08-07,광주,배,10개,88300
2024-08-08,광주,배추,1포기,5993
2024-08-08,광주,시금치,100g,21100
2024-08-08,광주,상추,100g,24067
2024-08-08,광주,얼갈이배추,1kg,5810
2024-08-08,광주,오이,10개,14033
2024-08-08,광주,호박,1개,2093
2024-08-08,광주,토마토,1kg,4660
2024-08-08,광주,무,1개,3137
2024-08-08,광주,당근,1kg,6363
2024-08-08,광주,열무,1kg,6073
2024-08-08,광주,양파,1kg,2350
2024-08-08,광주,대파,1kg,2850
2024-08-08,광주,피망,100g,10500
2024-08-08,광주,파프리카,1개,1837
2024-08-08,광주,마늘,1kg,8877
2024-08-08,광주,브로콜리,1개,2160
2024-08-08,광주,사과,10개,29700
2024-08-08,광주,배,10개,75450
2024-08-09,광주,배추,1포기,6103
2024-08-09,광주,시금치,100g,21333
2024-08-09,광주,상추,100g,24333
2024-08-09,광주,얼갈이배추,1kg,5810
2024-08-09,광주,오이,10개,14267
2024-08-09,광주,호박,1개,2093
2024-08-09,광주,토마토,1kg,4660
2024-08-09,광주,무,1개,3137
2024-08-09,광주,당근,1kg,6363
2024-08-09,광주,열무,1kg,6030
2024-08-09,광주,양파,1kg,2060
2024-08-09,광주,대파,1kg,2813
2024-08-09,광주,피망,100g,10300
2024-08-09,광주,파프리카,1개,1660
2024-08-09,광주,마늘,1kg,8877
2024-08-09,광주,브로콜리,1개,2160
2024-08-09,광주,사과,10개,29700
2024-08-09,광주,배,10개,75450
2024-08-12,광주,배추,1포기,6270
2024-08-12,광주,시금치,100g,21667
2024-08-12,광주,상추,100g,24567
2024-08-12,광주,얼갈이배추,1kg,5810
2024-08-12,광주,오이,10개,14267
2024-08-12,광주,호박,1개,2260
2024-08-12,광주,토마토,1kg,4700
2024-08-12,광주,무,1개,3193
2024-08-12,광주,당근,1kg,6363
2024-08-12,광주,열무,1kg,6053
2024-08-12,광주,양파,1kg,2060
2024-08-12,광주,대파,1kg,2857
2024-08-12,광주,피망,100g,10300
2024-08-12,광주,파프리카,1개,1903
2024-08-12,광주,마늘,1kg,8877
2024-08-12,광주,브로콜리,1개,2160
2024-08-12,광주,사과,10개,29700
2024-08-12,광주,배,10개,75450
2024-08-13,광주,배추,1포기,6327
2024-08-13,광주,시금치,100g,21867
2024-08-13,광주,상추,100g,24233
2024-08-13,광주,얼갈이배추,1kg,5810
2024-08-13,광주,오이,10개,14033
2024-08-13,광주,호박,1개,2260
2024-08-13,광주,토마토,1kg,4783
2024-08-13,광주,무,1개,3193
2024-08-13,광주,당근,1kg,6363
2024-08-13,광주,열무,1kg,6073
2024-08-13,광주,양파,1kg,2060
2024-08-13,광주,대파,1kg,2910
2024-08-13,광주,피망,100g,10300
2024-08-13,광주,파프리카,1개,1927
2024-08-13,광주,마늘,1kg,8877
2024-08-13,광주,브로콜리,1개,2160
2024-08-13,광주,사과,10개,29700
2024-08-13,광주,배,10개,89900
2024-08-14,광주,배추,1포기,6327
2024-08-14,광주,시금치,100g,21867
2024-08-14,광주,상추,100g,24067
2024-08-14,광주,얼갈이배추,1kg,5810
2024-08-14,광주,오이,10개,13933
2024-08-14,광주,호박,1개,2260
2024-08-14,광주,토마토,1kg,4783
2024-08-14,광주,무,1개,3193
2024-08-14,광주,당근,1kg,6363
2024-08-14,광주,열무,1kg,6073
2024-08-14,광주,양파,1kg,2350
2024-08-14,광주,대파,1kg,3497
2024-08-14,광주,피망,100g,10300
2024-08-14,광주,파프리카,1개,1927
2024-08-14,광주,마늘,1kg,8877
2024-08-14,광주,브로콜리,1개,2175
2024-08-14,광주,사과,10개,29700
2024-08-14,광주,배,10개,89900
2024-08-16,광주,배추,1포기,7660
2024-08-16,광주,시금치,100g,25133
2024-08-16,광주,상추,100g,21233
2024-08-16,광주,얼갈이배추,1kg,3913
2024-08-16,광주,오이,10개,14167
2024-08-16,광주,호박,1개,1843
2024-08-16,광주,토마토,1kg,5117
2024-08-16,광주,무,1개,3427
2024-08-16,광주,당근,1kg,6447
2024-08-16,광주,열무,1kg,4233
2024-08-16,광주,양파,1kg,2003
2024-08-16,광주,대파,1kg,3003
2024-08-16,광주,피망,100g,10300
2024-08-16,광주,파프리카,1개,1793
2024-08-16,광주,마늘,1kg,9487
2024-08-16,광주,브로콜리,1개,2713
2024-08-16,광주,사과,10개,25900
2024-08-16,광주,배,10개,40367
2024-08-19,광주,배추,1포기,7270
2024-08-19,광주,시금치,100g,43700
2024-08-19,광주,상추,100g,21067
2024-08-19,광주,얼갈이배추,1kg,3947
2024-08-19,광주,오이,10개,14167
2024-08-19,광주,호박,1개,1677
2024-08-19,광주,토마토,1kg,5117
2024-08-19,광주,무,1개,3427
2024-08-19,광주,당근,1kg,6413
2024-08-19,광주,열무,1kg,4277
2024-08-19,광주,양파,1kg,2003
2024-08-19,광주,대파,1kg,3580
2024-08-19,광주,피망,100g,10300
2024-08-19,광주,파프리카,1개,1927
2024-08-19,광주,마늘,1kg,9487
2024-08-19,광주,브로콜리,1개,2713
2024-08-19,광주,사과,10개,25900
2024-08-19,광주,배,10개,39033
2024-08-20,광주,배추,1포기,7327
2024-08-20,광주,시금치,100g,43700
2024-08-20,광주,상추,100g,21067
2024-08-20,광주,얼갈이배추,1kg,3980
2024-08-20,광주,오이,10개,14167
2024-08-20,광주,호박,1개,1660
2024-08-20,광주,토마토,1kg,5117
2024-08-20,광주,무,1개,3480
2024-08-20,광주,당근,1kg,6413
2024-08-20,광주,열무,1kg,4277
2024-08-20,광주,양파,1kg,2003
2024-08-20,광주,대파,1kg,3580
2024-08-20,광주,피망,100g,10300
2024-08-20,광주,파프리카,1개,2037
2024-08-20,광주,마늘,1kg,9487
2024-08-20,광주,브로콜리,1개,2780
2024-08-20,광주,사과,10개,25900
2024-08-20,광주,배,10개,38933
2024-08-21,광주,배추,1포기,7327
2024-08-21,광주,시금치,100g,43700
2024-08-21,광주,상추,100g,21067
2024-08-21,광주,얼갈이배추,1kg,4023
2024-08-21,광주,오이,10개,14167
2024-08-21,광주,호박,1개,1633
2024-08-21,광주,토마토,1kg,5117
2024-08-21,광주,무,1개,3537
2024-08-21,광주,당근,1kg,6413
2024-08-21,광주,열무,1kg,4333
2024-08-21,광주,양파,1kg,2003
2024-08-21,광주,대파,1kg,3580
2024-08-21,광주,피망,100g,10300
2024-08-21,광주,파프리카,1개,2037
2024-08-21,광주,마늘,1kg,9487
2024-08-21,광주,브로콜리,1개,2780
2024-08-21,광주,사과,10개,25900
2024-08-21,광주,배,10개,38867
2024-08-22,광주,배추,1포기,7993
2024-08-22,광주,시금치,100g,52400
2024-08-22,광주,상추,100g,22400
2024-08-22,광주,얼갈이배추,1kg,5920
2024-08-22,광주,오이,10개,14167
2024-08-22,광주,호박,1개,1700
2024-08-22,광주,토마토,1kg,5617
2024-08-22,광주,무,1개,3693
2024-08-22,광주,당근,1kg,6580
2024-08-22,광주,열무,1kg,6130
2024-08-22,광주,양파,1kg,2060
2024-08-22,광주,대파,1kg,2900
2024-08-22,광주,피망,100g,12300
2024-08-22,광주,파프리카,1개,1893
2024-08-22,광주,마늘,1kg,9487
2024-08-22,광주,브로콜리,1개,2780
2024-08-22,광주,사과,10개,21700
2024-08-22,광주,배,10개,40500
2024-08-23,광주,배추,1포기,7993
2024-08-23,광주,시금치,100g,55700
2024-08-23,광주,상추,100g,22467
2024-08-23,광주,얼갈이배추,1kg,6253
2024-08-23,광주,오이,10개,14167
2024-08-23,광주,호박,1개,1660
2024-08-23,광주,토마토,1kg,6950
2024-08-23,광주,무,1개,3827
2024-08-23,광주,당근,1kg,6580
2024-08-23,광주,열무,1kg,6463
2024-08-23,광주,양파,1kg,2060
2024-08-23,광주,대파,1kg,2900
2024-08-23,광주,피망,100g,12300
2024-08-23,광주,파프리카,1개,1893
2024-08-23,광주,마늘,1kg,9487
2024-08-23,광주,브로콜리,1개,2780
2024-08-23,광주,사과,10개,21500
2024-08-23,광주,배,10개,40333
2024-08-26,광주,배추,1포기,7993
2024-08-26,광주,시금치,100g,45467
2024-08-26,광주,상추,100g,22400
2024-08-26,광주,얼갈이배추,1kg,6253
2024-08-26,광주,오이,10개,14167
2024-08-26,광주,호박,1개,1660
2024-08-26,광주,토마토,1kg,6950
2024-08-26,광주,무,1개,4103
2024-08-26,광주,당근,1kg,6690
2024-08-26,광주,열무,1kg,6520
2024-08-26,광주,양파,1kg,2060
2024-08-26,광주,대파,1kg,3417
2024-08-26,광주,피망,100g,12300
2024-08-26,광주,파프리카,1개,2280
2024-08-26,광주,마늘,1kg,9850
2024-08-26,광주,브로콜리,1개,2780
2024-08-26,광주,사과,10개,21500
2024-08-26,광주,배,10개,39067
2024-08-27,광주,배추,1포기,7993
2024-08-27,광주,시금치,100g,45467
2024-08-27,광주,상추,100g,22300
2024-08-27,광주,얼갈이배추,1kg,6253
2024-08-27,광주,오이,10개,14167
2024-08-27,광주,호박,1개,1660
2024-08-27,광주,토마토,1kg,6950
2024-08-27,광주,무,1개,4160
2024-08-27,광주,당근,1kg,6690
2024-08-27,광주,열무,1kg,6563
2024-08-27,광주,양파,1kg,2060
2024-08-27,광주,대파,1kg,3580
2024-08-27,광주,피망,100g,12433
2024-08-27,광주,파프리카,1개,2303
2024-08-27,광주,마늘,1kg,9850
2024-08-27,광주,브로콜리,1개,2803
2024-08-27,광주,사과,10개,21500
2024-08-27,광주,배,10개,38400
2024-08-28,광주,배추,1포기,7937
2024-08-28,광주,시금치,100g,48767
2024-08-28,광주,상추,100g,22233
2024-08-28,광주,얼갈이배추,1kg,6730
2024-08-28,광주,오이,10개,14400
2024-08-28,광주,호박,1개,1660
2024-08-28,광주,토마토,1kg,6950
2024-08-28,광주,무,1개,4047
2024-08-28,광주,당근,1kg,7647
2024-08-28,광주,열무,1kg,7030
2024-08-28,광주,양파,1kg,2060
2024-08-28,광주,대파,1kg,3560
2024-08-28,광주,피망,100g,12433
2024-08-28,광주,파프리카,1개,2493
2024-08-28,광주,마늘,1kg,9850
2024-08-28,광주,브로콜리,1개,2803
2024-08-28,광주,사과,10개,20500
2024-08-28,광주,배,10개,37833
2024-08-29,광주,배추,1포기,6203
2024-08-29,광주,시금치,100g,54333
2024-08-29,광주,상추,100g,22233
2024-08-29,광주,얼갈이배추,1kg,6730
2024-08-29,광주,오이,10개,14733
2024-08-29,광주,호박,1개,1733
2024-08-29,광주,토마토,1kg,6993
2024-08-29,광주,무,1개,3925
2024-08-29,광주,당근,1kg,7383
2024-08-29,광주,열무,1kg,7063
2024-08-29,광주,양파,1kg,2183
2024-08-29,광주,대파,1kg,3560
2024-08-29,광주,피망,100g,13767
2024-08-29,광주,파프리카,1개,2160
2024-08-29,광주,마늘,1kg,10153
2024-08-29,광주,브로콜리,1개,3120
2024-08-29,광주,사과,10개,20500
2024-08-29,광주,배,10개,38400
2024-08-30,광주,배추,1포기,6237
2024-08-30,광주,시금치,100g,48767
2024-08-30,광주,상추,100g,21767
2024-08-30,광주,얼갈이배추,1kg,6840
2024-08-30,광주,오이,10개,14833
2024-08-30,광주,호박,1개,2043
2024-08-30,광주,토마토,1kg,7033
2024-08-30,광주,무,1개,3925
2024-08-30,광주,당근,1kg,7383
2024-08-30,광주,열무,1kg,7107
2024-08-30,광주,양파,1kg,2183
2024-08-30,광주,대파,1kg,3263
2024-08-30,광주,피망,100g,13767
2024-08-30,광주,파프리카,1개,2160
2024-08-30,광주,마늘,1kg,10153
2024-08-30,광주,브로콜리,1개,3120
2024-08-30,광주,사과,10개,20000
2024-08-30,광주,배,10개,40000
2024-09-02,광주,배추,1포기,6260
2024-09-02,광주,시금치,100g,48767
2024-09-02,광주,상추,100g,20900
2024-09-02,광주,얼갈이배추,1kg,6873
2024-09-02,광주,오이,10개,17267
2024-09-02,광주,호박,1개,2210
2024-09-02,광주,토마토,1kg,7160
2024-09-02,광주,무,1개,3925
2024-09-02,광주,당근,1kg,8123
2024-09-02,광주,열무,1kg,7130
2024-09-02,광주,양파,1kg,2083
2024-09-02,광주,대파,1kg,3560
2024-09-02,광주,피망,100g,14267
2024-09-02,광주,파프리카,1개,2427
2024-09-02,광주,마늘,1kg,10153
2024-09-02,광주,브로콜리,1개,3120
2024-09-02,광주,사과,10개,26100
2024-09-02,광주,배,10개,40000
2024-09-03,광주,배추,1포기,6260
2024-09-03,광주,시금치,100g,48767
2024-09-03,광주,상추,100g,21167
2024-09-03,광주,얼갈이배추,1kg,6897
2024-09-03,광주,오이,10개,17367
2024-09-03,광주,호박,1개,2250
2024-09-03,광주,토마토,1kg,7283
2024-09-03,광주,무,1개,4010
2024-09-03,광주,당근,1kg,8180
2024-09-03,광주,열무,1kg,7197
2024-09-03,광주,양파,1kg,2083
2024-09-03,광주,대파,1kg,3560
2024-09-03,광주,피망,100g,14267
2024-09-03,광주,파프리카,1개,2427
2024-09-03,광주,마늘,1kg,10153
2024-09-03,광주,브로콜리,1개,3120
2024-09-03,광주,사과,10개,25600
2024-09-03,광주,배,10개,40750
2024-09-04,광주,배추,1포기,6260
2024-09-04,광주,시금치,100g,59850
2024-09-04,광주,상추,100g,21400
2024-09-04,광주,얼갈이배추,1kg,6940
2024-09-04,광주,오이,10개,17367
2024-09-04,광주,호박,1개,2250
2024-09-04,광주,토마토,1kg,7283
2024-09-04,광주,무,1개,4010
2024-09-04,광주,당근,1kg,8233
2024-09-04,광주,열무,1kg,7197
2024-09-04,광주,양파,1kg,2083
2024-09-04,광주,대파,1kg,3560
2024-09-04,광주,피망,100g,14267
2024-09-04,광주,파프리카,1개,2427
2024-09-04,광주,마늘,1kg,10153
2024-09-04,광주,브로콜리,1개,3120
2024-09-04,광주,사과,10개,25600
2024-09-04,광주,배,10개,40550
2024-09-05,광주,배추,1포기,6893
2024-09-05,광주,시금치,100g,61550
2024-09-05,광주,상추,100g,22667
2024-09-05,광주,얼갈이배추,1kg,5247
2024-09-05,광주,오이,10개,17067
2024-09-05,광주,호박,1개,2493
2024-09-05,광주,토마토,1kg,7283
2024-09-05,광주,무,1개,4080
2024-09-05,광주,당근,1kg,7900
2024-09-05,광주,열무,1kg,6520
2024-09-05,광주,양파,1kg,2060
2024-09-05,광주,대파,1kg,3507
2024-09-05,광주,피망,100g,14267
2024-09-05,광주,파프리카,1개,2427
2024-09-05,광주,마늘,1kg,9227
2024-09-05,광주,브로콜리,1개,3245
2024-09-05,광주,사과,10개,25400
2024-09-05,광주,배,10개,33900
2024-09-06,광주,배추,1포기,7117
2024-09-06,광주,시금치,100g,50600
2024-09-06,광주,상추,100g,22767
2024-09-06,광주,얼갈이배추,1kg,5270
2024-09-06,광주,오이,10개,16933
2024-09-06,광주,호박,1개,2493
2024-09-06,광주,토마토,1kg,7283
2024-09-06,광주,무,1개,4080
2024-09-06,광주,당근,1kg,7957
2024-09-06,광주,열무,1kg,4380
2024-09-06,광주,양파,1kg,2060
2024-09-06,광주,대파,1kg,2897
2024-09-06,광주,피망,100g,14267
2024-09-06,광주,파프리카,1개,2427
2024-09-06,광주,마늘,1kg,9227
2024-09-06,광주,브로콜리,1개,3245
2024-09-06,광주,사과,10개,25600
2024-09-06,광주,배,10개,33567
2024-09-09,광주,배추,1포기,7117
2024-09-09,광주,시금치,100g,50600
2024-09-09,광주,상추,100g,22600
2024-09-09,광주,얼갈이배추,1kg,5237
2024-09-09,광주,오이,10개,16733
2024-09-09,광주,호박,1개,2327
2024-09-09,광주,토마토,1kg,7283
2024-09-09,광주,무,1개,5000
2024-09-09,광주,당근,1kg,8013
2024-09-09,광주,열무,1kg,4230
2024-09-09,광주,양파,1kg,2060
2024-09-09,광주,대파,1kg,2807
2024-09-09,광주,피망,100g,14267
2024-09-09,광주,파프리카,1개,2480
2024-09-09,광주,마늘,1kg,9227
2024-09-09,광주,브로콜리,1개,3245
2024-09-09,광주,사과,10개,23933
2024-09-09,광주,배,10개,30300
2024-09-10,광주,배추,1포기,7117
2024-09-10,광주,시금치,100g,50600
2024-09-10,광주,상추,100g,22767
2024-09-10,광주,얼갈이배추,1kg,5020
2024-09-10,광주,오이,10개,16733
2024-09-10,광주,호박,1개,2327
2024-09-10,광주,토마토,1kg,7283
2024-09-10,광주,무,1개,5000
2024-09-10,광주,당근,1kg,8013
2024-09-10,광주,열무,1kg,4230
2024-09-10,광주,양파,1kg,2060
2024-09-10,광주,대파,1kg,3110
2024-09-10,광주,피망,100g,14600
2024-09-10,광주,파프리카,1개,2480
2024-09-10,광주,마늘,1kg,9100
2024-09-10,광주,브로콜리,1개,3245
2024-09-10,광주,사과,10개,23433
2024-09-10,광주,배,10개,29633
2024-09-11,광주,배추,1포기,7317
2024-09-11,광주,시금치,100g,50600
2024-09-11,광주,상추,100g,22767
2024-09-11,광주,얼갈이배추,1kg,4973
2024-09-11,광주,오이,10개,15167
2024-09-11,광주,호박,1개,2327
2024-09-11,광주,토마토,1kg,7283
2024-09-11,광주,무,1개,5000
2024-09-11,광주,당근,1kg,8013
2024-09-11,광주,열무,1kg,4130
2024-09-11,광주,양파,1kg,2417
2024-09-11,광주,대파,1kg,3110
2024-09-11,광주,피망,100g,14600
2024-09-11,광주,파프리카,1개,2480
2024-09-11,광주,마늘,1kg,9100
2024-09-11,광주,브로콜리,1개,3245
2024-09-11,광주,사과,10개,23400
2024-09-11,광주,배,10개,29633
2024-09-12,광주,배추,1포기,7823
2024-09-12,광주,시금치,100g,42767
2024-09-12,광주,상추,100g,22767
2024-09-12,광주,얼갈이배추,1kg,5313
2024-09-12,광주,오이,10개,12467
2024-09-12,광주,호박,1개,1857
2024-09-12,광주,토마토,1kg,8253
2024-09-12,광주,무,1개,5000
2024-09-12,광주,당근,1kg,7550
2024-09-12,광주,열무,1kg,5340
2024-09-12,광주,양파,1kg,2060
2024-09-12,광주,대파,1kg,3837
2024-09-12,광주,피망,100g,11950
2024-09-12,광주,파프리카,1개,2637
2024-09-12,광주,마늘,1kg,8210
2024-09-12,광주,브로콜리,1개,3527
2024-09-12,광주,사과,10개,24050
2024-09-12,광주,배,10개,39900
2024-09-13,광주,배추,1포기,7923
2024-09-13,광주,시금치,100g,42767
2024-09-13,광주,상추,100g,22767
2024-09-13,광주,얼갈이배추,1kg,5293
2024-09-13,광주,오이,10개,12467
2024-09-13,광주,호박,1개,1857
2024-09-13,광주,토마토,1kg,9590
2024-09-13,광주,무,1개,5000
2024-09-13,광주,당근,1kg,8050
2024-09-13,광주,열무,1kg,5307
2024-09-13,광주,양파,1kg,2060
2024-09-13,광주,대파,1kg,3880
2024-09-13,광주,피망,100g,11950
2024-09-13,광주,파프리카,1개,2637
2024-09-13,광주,마늘,1kg,8210
2024-09-13,광주,브로콜리,1개,3527
2024-09-13,광주,사과,10개,24050
2024-09-13,광주,배,10개,37233
2024-09-19,광주,배추,1포기,8660
2024-09-19,광주,시금치,100g,42767
2024-09-19,광주,상추,100g,22933
2024-09-19,광주,얼갈이배추,1kg,6287
2024-09-19,광주,오이,10개,15833
2024-09-19,광주,호박,1개,2127
2024-09-19,광주,토마토,1kg,9590
2024-09-19,광주,무,1개,4495
2024-09-19,광주,당근,1kg,8157
2024-09-19,광주,열무,1kg,6307
2024-09-19,광주,양파,1kg,2160
2024-09-19,광주,대파,1kg,4160
2024-09-19,광주,피망,100g,11950
2024-09-19,광주,파프리카,1개,2637
2024-09-19,광주,마늘,1kg,9850
2024-09-19,광주,브로콜리,1개,3527
2024-09-19,광주,사과,10개,24050
2024-09-19,광주,배,10개,39933
2024-09-20,광주,배추,1포기,8660
2024-09-20,광주,시금치,100g,42767
2024-09-20,광주,상추,100g,23100
2024-09-20,광주,얼갈이배추,1kg,6287
2024-09-20,광주,오이,10개,14367
2024-09-20,광주,호박,1개,2127
2024-09-20,광주,토마토,1kg,10257
2024-09-20,광주,무,1개,4495
2024-09-20,광주,당근,1kg,8050
2024-09-20,광주,열무,1kg,6307
2024-09-20,광주,양파,1kg,2160
2024-09-20,광주,대파,1kg,3767
2024-09-20,광주,피망,100g,11950
2024-09-20,광주,파프리카,1개,2637
2024-09-20,광주,마늘,1kg,9850
2024-09-20,광주,브로콜리,1개,3627
2024-09-20,광주,사과,10개,24050
2024-09-20,광주,배,10개,39933
2024-09-23,광주,배추,1포기,8660
2024-09-23,광주,시금치,100g,41133
2024-09-23,광주,상추,100g,23433
2024-09-23,광주,얼갈이배추,1kg,6287
2024-09-23,광주,오이,10개,15600
2024-09-23,광주,호박,1개,2127
2024-09-23,광주,토마토,1kg,10217
2024-09-23,광주,무,1개,4495
2024-09-23,광주,당근,1kg,8157
2024-09-23,광주,열무,1kg,6363
2024-09-23,광주,양파,1kg,2160
2024-09-23,광주,대파,1kg,4393
2024-09-23,광주,피망,100g,11950
2024-09-23,광주,파프리카,1개,2637
2024-09-23,광주,마늘,1kg,9543
2024-09-23,광주,브로콜리,1개,3627
2024-09-23,광주,사과,10개,24050
2024-09-23,광주,배,10개,39933
2024-09-24,광주,배추,1포기,9427
2024-09-24,광주,시금치,100g,40633
2024-09-24,광주,상추,100g,24233
2024-09-24,광주,얼갈이배추,1kg,6287
2024-09-24,광주,오이,10개,15600
2024-09-24,광주,호박,1개,2127
2024-09-24,광주,토마토,1kg,10217
2024-09-24,광주,무,1개,5000
2024-09-24,광주,당근,1kg,8157
2024-09-24,광주,열무,1kg,6340
2024-09-24,광주,양파,1kg,2160
2024-09-24,광주,대파,1kg,4220
2024-09-24,광주,피망,100g,11950
2024-09-24,광주,파프리카,1개,2637
2024-09-24,광주,마늘,1kg,9543
2024-09-24,광주,브로콜리,1개,4190
2024-09-24,광주,사과,10개,23050
2024-09-24,광주,배,10개,37933
2024-09-25,광주,배추,1포기,9193
2024-09-25,광주,시금치,100g,39800
2024-09-25,광주,상추,100g,24233
2024-09-25,광주,얼갈이배추,1kg,6287
2024-09-25,광주,오이,10개,14267
2024-09-25,광주,호박,1개,2127
2024-09-25,광주,토마토,1kg,10217
2024-09-25,광주,무,1개,4500
2024-09-25,광주,당근,1kg,8330
2024-09-25,광주,열무,1kg,6340
2024-09-25,광주,양파,1kg,2160
2024-09-25,광주,대파,1kg,4220
2024-09-25,광주,피망,100g,13200
2024-09-25,광주,파프리카,1개,2637
2024-09-25,광주,마늘,1kg,9543
2024-09-25,광주,브로콜리,1개,4190
2024-09-25,광주,사과,10개,22700
2024-09-25,광주,배,10개,37933
2024-09-26,광주,배추,1포기,9660
2024-09-26,광주,시금치,100g,31600
2024-09-26,광주,상추,100g,25733
2024-09-26,광주,얼갈이배추,1kg,6063
2024-09-26,광주,오이,10개,17300
2024-09-26,광주,호박,1개,2400
2024-09-26,광주,토마토,1kg,9507
2024-09-26,광주,무,1개,4500
2024-09-26,광주,당근,1kg,8387
2024-09-26,광주,열무,1kg,5075
2024-09-26,광주,양파,1kg,2197
2024-09-26,광주,대파,1kg,4247
2024-09-26,광주,피망,100g,13200
2024-09-26,광주,파프리카,1개,2603
2024-09-26,광주,마늘,1kg,9517
2024-09-26,광주,브로콜리,1개,4540
2024-09-26,광주,사과,10개,27433
2024-09-26,광주,배,10개,37100
2024-09-27,광주,배추,1포기,9660
2024-09-27,광주,시금치,100g,31600
2024-09-27,광주,상추,100g,26467
2024-09-27,광주,얼갈이배추,1kg,6063
2024-09-27,광주,오이,10개,17500
2024-09-27,광주,호박,1개,2400
2024-09-27,광주,토마토,1kg,9507
2024-09-27,광주,무,1개,4330
2024-09-27,광주,당근,1kg,8387
2024-09-27,광주,열무,1kg,5075
2024-09-27,광주,양파,1kg,2197
2024-09-27,광주,대파,1kg,4180
2024-09-27,광주,피망,100g,18767
2024-09-27,광주,파프리카,1개,2613
2024-09-27,광주,마늘,1kg,9517
2024-09-27,광주,브로콜리,1개,4540
2024-09-27,광주,사과,10개,26833
2024-09-27,광주,배,10개,44900
2024-09-30,광주,배추,1포기,9427
2024-09-30,광주,시금치,100g,31600
2024-09-30,광주,상추,100g,27067
2024-09-30,광주,얼갈이배추,1kg,6063
2024-09-30,광주,오이,10개,17967
2024-09-30,광주,호박,1개,2400
2024-09-30,광주,토마토,1kg,9507
2024-09-30,광주,무,1개,4160
2024-09-30,광주,당근,1kg,8387
2024-09-30,광주,열무,1kg,6153
2024-09-30,광주,양파,1kg,2197
2024-09-30,광주,대파,1kg,4133
2024-09-30,광주,피망,100g,18767
2024-09-30,광주,파프리카,1개,2613
2024-09-30,광주,마늘,1kg,9517
2024-09-30,광주,브로콜리,1개,4540
2024-09-30,광주,사과,10개,26833
2024-09-30,광주,배,10개,44467
2024-10-02,광주,배추,1포기,9327
2024-10-02,광주,시금치,100g,33667
2024-10-02,광주,상추,100g,31500
2024-10-02,광주,얼갈이배추,1kg,5763
2024-10-02,광주,오이,10개,17967
2024-10-02,광주,호박,1개,2260
2024-10-02,광주,토마토,1kg,9967
2024-10-02,광주,무,1개,4000
2024-10-02,광주,당근,1kg,8220
2024-10-02,광주,열무,1kg,5820
2024-10-02,광주,양파,1kg,2197
2024-10-02,광주,대파,1kg,4113
2024-10-02,광주,피망,100g,17700
2024-10-02,광주,파프리카,1개,2613
2024-10-02,광주,마늘,1kg,9517
2024-10-02,광주,브로콜리,1개,4540
2024-10-02,광주,사과,10개,21550
2024-10-02,광주,배,10개,32833
2024-10-04,광주,배추,1포기,9327
2024-10-04,광주,시금치,100g,30867
2024-10-04,광주,상추,100g,30433
2024-10-04,광주,얼갈이배추,1kg,5763
2024-10-04,광주,오이,10개,20200
2024-10-04,광주,호박,1개,2027
2024-10-04,광주,토마토,1kg,9270
2024-10-04,광주,무,1개,4000
2024-10-04,광주,당근,1kg,8220
2024-10-04,광주,열무,1kg,5820
2024-10-04,광주,양파,1kg,2183
2024-10-04,광주,대파,1kg,3720
2024-10-04,광주,피망,100g,17700
2024-10-04,광주,파프리카,1개,2613
2024-10-04,광주,마늘,1kg,9543
2024-10-04,광주,브로콜리,1개,4790
2024-10-04,광주,사과,10개,22333
2024-10-04,광주,배,10개,32833
2024-10-07,광주,배추,1포기,9193
2024-10-07,광주,시금치,100g,28067
2024-10-07,광주,상추,100g,30000
2024-10-07,광주,얼갈이배추,1kg,6023
2024-10-07,광주,오이,10개,20200
2024-10-07,광주,호박,1개,2193
2024-10-07,광주,토마토,1kg,9437
2024-10-07,광주,무,1개,3830
2024-10-07,광주,당근,1kg,8103
2024-10-07,광주,열무,1kg,5970
2024-10-07,광주,양파,1kg,2183
2024-10-07,광주,대파,1kg,3640
2024-10-07,광주,피망,100g,17700
2024-10-07,광주,파프리카,1개,2280
2024-10-07,광주,마늘,1kg,9543
2024-10-07,광주,브로콜리,1개,4790
2024-10-07,광주,사과,10개,24833
2024-10-07,광주,배,10개,27800
2024-10-08,광주,배추,1포기,9193
2024-10-08,광주,시금치,100g,29200
2024-10-08,광주,상추,100g,30600
2024-10-08,광주,얼갈이배추,1kg,6023
2024-10-08,광주,오이,10개,19967
2024-10-08,광주,호박,1개,2233
2024-10-08,광주,토마토,1kg,9603
2024-10-08,광주,무,1개,3830
2024-10-08,광주,당근,1kg,8103
2024-10-08,광주,열무,1kg,5970
2024-10-08,광주,양파,1kg,2183
2024-10-08,광주,대파,1kg,3640
2024-10-08,광주,피망,100g,17700
2024-10-08,광주,파프리카,1개,2280
2024-10-08,광주,마늘,1kg,9543
2024-10-08,광주,브로콜리,1개,4790
2024-10-08,광주,사과,10개,24767
2024-10-08,광주,배,10개,27700
2024-10-10,광주,배추,1포기,9760
2024-10-10,광주,시금치,100g,25367
2024-10-10,광주,상추,100g,30000
2024-10-10,광주,얼갈이배추,1kg,5630
2024-10-10,광주,오이,10개,17700
2024-10-10,광주,호박,1개,2467
2024-10-10,광주,토마토,1kg,11800
2024-10-10,광주,무,1개,3500
2024-10-10,광주,당근,1kg,7790
2024-10-10,광주,열무,1kg,5820
2024-10-10,광주,양파,1kg,2237
2024-10-10,광주,대파,1kg,3907
2024-10-10,광주,피망,100g,18367
2024-10-10,광주,파프리카,1개,2613
2024-10-10,광주,마늘,1kg,9410
2024-10-10,광주,브로콜리,1개,5990
2024-10-10,광주,사과,10개,25433
2024-10-10,광주,배,10개,33100
2024-10-11,광주,배추,1포기,8860
2024-10-11,광주,시금치,100g,25033
2024-10-11,광주,상추,100g,29333
2024-10-11,광주,얼갈이배추,1kg,5597
2024-10-11,광주,오이,10개,16267
2024-10-11,광주,호박,1개,2467
2024-10-11,광주,토마토,1kg,12007
2024-10-11,광주,무,1개,3330
2024-10-11,광주,당근,1kg,7677
2024-10-11,광주,열무,1kg,5763
2024-10-11,광주,양파,1kg,2237
2024-10-11,광주,대파,1kg,3907
2024-10-11,광주,피망,100g,18367
2024-10-11,광주,파프리카,1개,2613
2024-10-11,광주,마늘,1kg,9410
2024-10-11,광주,브로콜리,1개,5990
2024-10-11,광주,사과,10개,24000
2024-10-11,광주,배,10개,32833
2024-10-14,광주,배추,1포기,8860
2024-10-14,광주,시금치,100g,25033
2024-10-14,광주,상추,100g,28667
2024-10-14,광주,얼갈이배추,1kg,5597
2024-10-14,광주,오이,10개,16367
2024-10-14,광주,호박,1개,2467
2024-10-14,광주,토마토,1kg,12217
2024-10-14,광주,무,1개,3330
2024-10-14,광주,당근,1kg,7677
2024-10-14,광주,열무,1kg,5743
2024-10-14,광주,양파,1kg,2243
2024-10-14,광주,대파,1kg,3907
2024-10-14,광주,피망,100g,18367
2024-10-14,광주,파프리카,1개,2613
2024-10-14,광주,마늘,1kg,9410
2024-10-14,광주,브로콜리,1개,4990
2024-10-14,광주,사과,10개,24000
2024-10-14,광주,배,10개,32833
2024-10-15,광주,배추,1포기,8860
2024-10-15,광주,시금치,100g,24533
2024-10-15,광주,상추,100g,29067
2024-10-15,광주,얼갈이배추,1kg,5563
2024-10-15,광주,오이,10개,16367
2024-10-15,광주,호박,1개,2450
2024-10-15,광주,토마토,1kg,12507
2024-10-15,광주,무,1개,3330
2024-10-15,광주,당근,1kg,7677
2024-10-15,광주,열무,1kg,5710
2024-10-15,광주,양파,1kg,2243
2024-10-15,광주,대파,1kg,3907
2024-10-15,광주,피망,100g,18367
2024-10-15,광주,파프리카,1개,2613
2024-10-15,광주,마늘,1kg,9410
2024-10-15,광주,브로콜리,1개,5490
2024-10-15,광주,사과,10개,24000
2024-10-15,광주,배,10개,32833
2024-10-16,광주,배추,1포기,8860
2024-10-16,광주,시금치,100g,23900
2024-10-16,광주,상추,100g,28733
2024-10-16,광주,얼갈이배추,1kg,5563
2024-10-16,광주,오이,10개,16367
2024-10-16,광주,호박,1개,2427
2024-10-16,광주,토마토,1kg,12800
2024-10-16,광주,무,1개,3330
2024-10-16,광주,당근,1kg,7677
2024-10-16,광주,열무,1kg,5710
2024-10-16,광주,양파,1kg,2243
2024-10-16,광주,대파,1kg,3907
2024-10-16,광주,피망,100g,18367
2024-10-16,광주,파프리카,1개,2613
2024-10-16,광주,마늘,1kg,9410
2024-10-16,광주,브로콜리,1개,5490
2024-10-16,광주,사과,10개,26000
2024-10-16,광주,배,10개,31500
2024-10-17,광주,배추,1포기,9860
2024-10-17,광주,시금치,100g,20267
2024-10-17,광주,상추,100g,24733
2024-10-17,광주,얼갈이배추,1kg,5370
2024-10-17,광주,오이,10개,16367
2024-10-17,광주,호박,1개,2260
2024-10-17,광주,토마토,1kg,14900
2024-10-17,광주,무,1개,3660
2024-10-17,광주,당근,1kg,7320
2024-10-17,광주,열무,1kg,5290
2024-10-17,광주,양파,1kg,2107
2024-10-17,광주,대파,1kg,3460
2024-10-17,광주,피망,100g,19700
2024-10-17,광주,파프리카,1개,2280
2024-10-17,광주,마늘,1kg,10513
2024-10-17,광주,브로콜리,1개,5490
2024-10-17,광주,사과,10개,26733
2024-10-17,광주,배,10개,29833
2024-10-18,광주,배추,1포기,9327
2024-10-18,광주,시금치,100g,19933
2024-10-18,광주,상추,100g,24067
2024-10-18,광주,얼갈이배추,1kg,5370
2024-10-18,광주,오이,10개,15933
2024-10-18,광주,호박,1개,2260
2024-10-18,광주,토마토,1kg,14900
2024-10-18,광주,무,1개,3660
2024-10-18,광주,당근,1kg,7320
2024-10-18,광주,열무,1kg,5290
2024-10-18,광주,양파,1kg,2107
2024-10-18,광주,대파,1kg,3460
2024-10-18,광주,피망,100g,19700
2024-10-18,광주,파프리카,1개,2280
2024-10-18,광주,마늘,1kg,10513
2024-10-18,광주,브로콜리,1개,5490
2024-10-18,광주,사과,10개,26400
2024-10-18,광주,배,10개,29833
2024-10-21,광주,배추,1포기,9327
2024-10-21,광주,시금치,100g,18533
2024-10-21,광주,상추,100g,22267
2024-10-21,광주,얼갈이배추,1kg,5370
2024-10-21,광주,오이,10개,15933
2024-10-21,광주,호박,1개,2260
2024-10-21,광주,토마토,1kg,14900
2024-10-21,광주,무,1개,3500
2024-10-21,광주,당근,1kg,7263
2024-10-21,광주,열무,1kg,5290
2024-10-21,광주,양파,1kg,2060
2024-10-21,광주,대파,1kg,3460
2024-10-21,광주,피망,100g,19700
2024-10-21,광주,파프리카,1개,2280
2024-10-21,광주,마늘,1kg,10513
2024-10-21,광주,브로콜리,1개,5490
2024-10-21,광주,사과,10개,26400
2024-10-21,광주,배,10개,29833
2024-10-22,광주,배추,1포기,9103
2024-10-22,광주,시금치,100g,19400
2024-10-22,광주,상추,100g,23067
2024-10-22,광주,얼갈이배추,1kg,5347
2024-10-22,광주,오이,10개,15933
2024-10-22,광주,호박,1개,2260
2024-10-22,광주,토마토,1kg,14900
2024-10-22,광주,무,1개,3500
2024-10-22,광주,당근,1kg,7263
2024-10-22,광주,열무,1kg,5267
2024-10-22,광주,양파,1kg,2083
2024-10-22,광주,대파,1kg,3460
2024-10-22,광주,피망,100g,21367
2024-10-22,광주,파프리카,1개,2280
2024-10-22,광주,마늘,1kg,10513
2024-10-22,광주,브로콜리,1개,5490
2024-10-22,광주,사과,10개,25900
2024-10-22,광주,배,10개,29933
2024-10-23,광주,배추,1포기,8993
2024-10-23,광주,시금치,100g,19233
2024-10-23,광주,상추,100g,22800
2024-10-23,광주,얼갈이배추,1kg,5247
2024-10-23,광주,오이,10개,15933
2024-10-23,광주,호박,1개,2260
2024-10-23,광주,토마토,1kg,14690
2024-10-23,광주,무,1개,3500
2024-10-23,광주,당근,1kg,7343
2024-10-23,광주,열무,1kg,5257
2024-10-23,광주,양파,1kg,2083
2024-10-23,광주,대파,1kg,3460
2024-10-23,광주,피망,100g,21367
2024-10-23,광주,파프리카,1개,2280
2024-10-23,광주,마늘,1kg,10513
2024-10-23,광주,브로콜리,1개,5990
2024-10-23,광주,사과,10개,25900
2024-10-23,광주,배,10개,29933
2024-10-24,광주,배추,1포기,6837
2024-10-24,광주,시금치,100g,9287
2024-10-24,광주,상추,100g,18233
2024-10-24,광주,얼갈이배추,1kg,4980
2024-10-24,광주,오이,10개,13167
2024-10-24,광주,호박,1개,2427
2024-10-24,광주,토마토,1kg,10767
2024-10-24,광주,무,1개,3345
2024-10-24,광주,당근,1kg,7510
2024-10-24,광주,열무,1kg,5073
2024-10-24,광주,양파,1kg,2217
2024-10-24,광주,대파,1kg,3863
2024-10-24,광주,피망,100g,24700
2024-10-24,광주,파프리카,1개,2217
2024-10-24,광주,마늘,1kg,10487
2024-10-24,광주,브로콜리,1개,5490
2024-10-24,광주,사과,10개,23833
2024-10-24,광주,배,10개,31600
2024-10-25,광주,배추,1포기,6947
2024-10-25,광주,시금치,100g,9287
2024-10-25,광주,상추,100g,18233
2024-10-25,광주,얼갈이배추,1kg,4957
2024-10-25,광주,오이,10개,13167
2024-10-25,광주,호박,1개,2427
2024-10-25,광주,토마토,1kg,10767
2024-10-25,광주,무,1개,3425
2024-10-25,광주,당근,1kg,7510
2024-10-25,광주,열무,1kg,5083
2024-10-25,광주,양파,1kg,2217
2024-10-25,광주,대파,1kg,3920
2024-10-25,광주,피망,100g,24700
2024-10-25,광주,파프리카,1개,2217
2024-10-25,광주,마늘,1kg,10487
2024-10-25,광주,브로콜리,1개,5490
2024-10-25,광주,사과,10개,23833
2024-10-25,광주,배,10개,31600
2024-10-28,광주,배추,1포기,6837
2024-10-28,광주,시금치,100g,9227
2024-10-28,광주,상추,100g,18333
2024-10-28,광주,얼갈이배추,1kg,4937
2024-10-28,광주,오이,10개,13167
2024-10-28,광주,호박,1개,2510
2024-10-28,광주,토마토,1kg,10683
2024-10-28,광주,무,1개,3425
2024-10-28,광주,당근,1kg,7683
2024-10-28,광주,열무,1kg,5083
2024-10-28,광주,양파,1kg,2217
2024-10-28,광주,대파,1kg,3977
2024-10-28,광주,피망,100g,24867
2024-10-28,광주,파프리카,1개,2197
2024-10-28,광주,마늘,1kg,10487
2024-10-28,광주,브로콜리,1개,5490
2024-10-28,광주,사과,10개,23833
2024-10-28,광주,배,10개,29600
2024-10-29,광주,배추,1포기,6613
2024-10-29,광주,시금치,100g,9293
2024-10-29,광주,상추,100g,19067
2024-10-29,광주,얼갈이배추,1kg,4937
2024-10-29,광주,오이,10개,12400
2024-10-29,광주,호박,1개,2593
2024-10-29,광주,토마토,1kg,10683
2024-10-29,광주,무,1개,3425
2024-10-29,광주,당근,1kg,7683
2024-10-29,광주,열무,1kg,5083
2024-10-29,광주,양파,1kg,2347
2024-10-29,광주,대파,1kg,3957
2024-10-29,광주,피망,100g,24933
2024-10-29,광주,파프리카,1개,2197
2024-10-29,광주,마늘,1kg,10487
2024-10-29,광주,브로콜리,1개,5490
2024-10-29,광주,사과,10개,27450
2024-10-29,광주,배,10개,29600
2024-10-30,광주,배추,1포기,6560
2024-10-30,광주,시금치,100g,9160
2024-10-30,광주,상추,100g,20000
2024-10-30,광주,얼갈이배추,1kg,4903
2024-10-30,광주,오이,10개,14900
2024-10-30,광주,호박,1개,2593
2024-10-30,광주,토마토,1kg,10640
2024-10-30,광주,무,1개,3345
2024-10-30,광주,당근,1kg,7683
2024-10-30,광주,열무,1kg,5007
2024-10-30,광주,양파,1kg,2347
2024-10-30,광주,대파,1kg,3957
2024-10-30,광주,피망,100g,24933
2024-10-30,광주,파프리카,1개,2197
2024-10-30,광주,마늘,1kg,10487
2024-10-30,광주,브로콜리,1개,4120
2024-10-30,광주,사과,10개,29700
2024-10-30,광주,배,10개,29600
2024-10-31,광주,배추,1포기,4547
2024-10-31,광주,시금치,100g,9440
2024-10-31,광주,상추,100g,18033
2024-10-31,광주,얼갈이배추,1kg,4807
2024-10-31,광주,오이,10개,17400
2024-10-31,광주,호박,1개,2760
2024-10-31,광주,토마토,1kg,10600
2024-10-31,광주,무,1개,3100
2024-10-31,광주,당근,1kg,7683
2024-10-31,광주,열무,1kg,4960
2024-10-31,광주,양파,1kg,2300
2024-10-31,광주,대파,1kg,4133
2024-10-31,광주,피망,100g,24933
2024-10-31,광주,파프리카,1개,2197
2024-10-31,광주,마늘,1kg,10513
2024-10-31,광주,브로콜리,1개,3670
2024-10-31,광주,사과,10개,32100
2024-10-31,광주,배,10개,31600
2024-11-01,광주,배추,1포기,4327
2024-11-01,광주,시금치,100g,9340
2024-11-01,광주,상추,100g,18033
2024-11-01,광주,얼갈이배추,1kg,4783
2024-11-01,광주,오이,10개,17400
2024-11-01,광주,호박,1개,2760
2024-11-01,광주,토마토,1kg,10517
2024-11-01,광주,무,1개,3015
2024-11-01,광주,당근,1kg,7627
2024-11-01,광주,열무,1kg,4917
2024-11-01,광주,양파,1kg,2300
2024-11-01,광주,대파,1kg,4110
2024-11-01,광주,피망,100g,24933
2024-11-01,광주,파프리카,1개,2183
2024-11-01,광주,마늘,1kg,10513
2024-11-01,광주,브로콜리,1개,3545
2024-11-01,광주,사과,10개,28433
2024-11-01,광주,배,10개,31767
2024-08-05,대전,배추,1포기,5243
2024-08-05,대전,시금치,100g,20100
2024-08-05,대전,상추,100g,23833
2024-08-05,대전,얼갈이배추,1kg,5377
2024-08-05,대전,오이,10개,21600
2024-08-05,대전,호박,1개,1653
2024-08-05,대전,토마토,1kg,4740
2024-08-05,대전,무,1개,3420
2024-08-05,대전,당근,1kg,6210
2024-08-05,대전,열무,1kg,5407
2024-08-05,대전,양파,1kg,1940
2024-08-05,대전,대파,1kg,3137
2024-08-05,대전,피망,100g,11150
2024-08-05,대전,파프리카,1개,1162
2024-08-05,대전,마늘,1kg,11027
2024-08-05,대전,브로콜리,1개,1990
2024-08-05,대전,사과,10개,32767
2024-08-05,대전,배,10개,114000
2024-08-06,대전,배추,1포기,5160
2024-08-06,대전,시금치,100g,20100
2024-08-06,대전,상추,100g,23833
2024-08-06,대전,얼갈이배추,1kg,5323
2024-08-06,대전,오이,10개,21600
2024-08-06,대전,호박,1개,1653
2024-08-06,대전,토마토,1kg,4783
2024-08-06,대전,무,1개,3420
2024-08-06,대전,당근,1kg,6210
2024-08-06,대전,열무,1kg,5407
2024-08-06,대전,양파,1kg,1940
2024-08-06,대전,대파,1kg,3137
2024-08-06,대전,피망,100g,11150
2024-08-06,대전,파프리카,1개,1162
2024-08-06,대전,마늘,1kg,11027
2024-08-06,대전,브로콜리,1개,1990
2024-08-06,대전,사과,10개,32767
2024-08-06,대전,배,10개,114000
2024-08-07,대전,배추,1포기,5410
2024-08-07,대전,시금치,100g,20100
2024-08-07,대전,상추,100g,24033
2024-08-07,대전,얼갈이배추,1kg,5377
2024-08-07,대전,오이,10개,21600
2024-08-07,대전,호박,1개,1653
2024-08-07,대전,토마토,1kg,4783
2024-08-07,대전,무,1개,3420
2024-08-07,대전,당근,1kg,6210
2024-08-07,대전,열무,1kg,5600
2024-08-07,대전,양파,1kg,1940
2024-08-07,대전,대파,1kg,3137
2024-08-07,대전,피망,100g,11150
2024-08-07,대전,파프리카,1개,1215
2024-08-07,대전,마늘,1kg,11027
2024-08-07,대전,브로콜리,1개,1990
2024-08-07,대전,사과,10개,32767
2024-08-07,대전,배,10개,114000
2024-08-08,대전,배추,1포기,6995
2024-08-08,대전,시금치,100g,24900
2024-08-08,대전,상추,100g,24833
2024-08-08,대전,얼갈이배추,1kg,5920
2024-08-08,대전,오이,10개,21600
2024-08-08,대전,호박,1개,1993
2024-08-08,대전,토마토,1kg,4783
2024-08-08,대전,무,1개,3420
2024-08-08,대전,당근,1kg,6330
2024-08-08,대전,열무,1kg,6073
2024-08-08,대전,양파,1kg,1990
2024-08-08,대전,대파,1kg,2867
2024-08-08,대전,피망,100g,11150
2024-08-08,대전,파프리카,1개,1660
2024-08-08,대전,마늘,1kg,8723
2024-08-08,대전,브로콜리,1개,1990
2024-08-08,대전,사과,10개,34433
2024-08-08,대전,배,10개,114000
2024-08-09,대전,배추,1포기,6493
2024-08-09,대전,시금치,100g,24900
2024-08-09,대전,상추,100g,25033
2024-08-09,대전,얼갈이배추,1kg,5920
2024-08-09,대전,오이,10개,21600
2024-08-09,대전,호박,1개,2047
2024-08-09,대전,토마토,1kg,4783
2024-08-09,대전,무,1개,3420
2024-08-09,대전,당근,1kg,6330
2024-08-09,대전,열무,1kg,6073
2024-08-09,대전,양파,1kg,1990
2024-08-09,대전,대파,1kg,2867
2024-08-09,대전,피망,100g,11150
2024-08-09,대전,파프리카,1개,1660
2024-08-09,대전,마늘,1kg,8723
2024-08-09,대전,브로콜리,1개,1990
2024-08-09,대전,사과,10개,33667
2024-08-09,대전,배,10개,114000
2024-08-12,대전,배추,1포기,6410
2024-08-12,대전,시금치,100g,24900
2024-08-12,대전,상추,100g,24633
2024-08-12,대전,얼갈이배추,1kg,5920
2024-08-12,대전,오이,10개,21600
2024-08-12,대전,호박,1개,2093
2024-08-12,대전,토마토,1kg,5117
2024-08-12,대전,무,1개,3420
2024-08-12,대전,당근,1kg,6330
2024-08-12,대전,열무,1kg,6073
2024-08-12,대전,양파,1kg,1990
2024-08-12,대전,대파,1kg,2707
2024-08-12,대전,피망,100g,11150
2024-08-12,대전,파프리카,1개,1717
2024-08-12,대전,마늘,1kg,8723
2024-08-12,대전,브로콜리,1개,1990
2024-08-12,대전,사과,10개,21250
2024-08-12,대전,배,10개,114000
2024-08-13,대전,배추,1포기,6327
2024-08-13,대전,시금치,100g,25500
2024-08-13,대전,상추,100g,24633
2024-08-13,대전,얼갈이배추,1kg,5920
2024-08-13,대전,오이,10개,21600
2024-08-13,대전,호박,1개,2147
2024-08-13,대전,토마토,1kg,5117
2024-08-13,대전,무,1개,3110
2024-08-13,대전,당근,1kg,6330
2024-08-13,대전,열무,1kg,6073
2024-08-13,대전,양파,1kg,1940
2024-08-13,대전,대파,1kg,2707
2024-08-13,대전,피망,100g,11150
2024-08-13,대전,파프리카,1개,1770
2024-08-13,대전,마늘,1kg,8723
2024-08-13,대전,브로콜리,1개,1990
2024-08-13,대전,사과,10개,21250
2024-08-13,대전,배,10개,114000
2024-08-14,대전,배추,1포기,6493
2024-08-14,대전,시금치,100g,24900
2024-08-14,대전,상추,100g,23167
2024-08-14,대전,얼갈이배추,1kg,5837
2024-08-14,대전,오이,10개,21600
2024-08-14,대전,호박,1개,2093
2024-08-14,대전,토마토,1kg,5117
2024-08-14,대전,무,1개,3110
2024-08-14,대전,당근,1kg,6330
2024-08-14,대전,열무,1kg,6047
2024-08-14,대전,양파,1kg,1940
2024-08-14,대전,대파,1kg,2850
2024-08-14,대전,피망,100g,11150
2024-08-14,대전,파프리카,1개,1827
2024-08-14,대전,마늘,1kg,8723
2024-08-14,대전,브로콜리,1개,1990
2024-08-14,대전,사과,10개,21250
2024-08-14,대전,배,10개,114000
2024-08-16,대전,배추,1포기,7160
2024-08-16,대전,시금치,100g,30200
2024-08-16,대전,상추,100g,20400
2024-08-16,대전,얼갈이배추,1kg,3713
2024-08-16,대전,오이,10개,21600
2024-08-16,대전,호박,1개,1693
2024-08-16,대전,토마토,1kg,5117
2024-08-16,대전,무,1개,3343
2024-08-16,대전,당근,1kg,6413
2024-08-16,대전,열무,1kg,4000
2024-08-16,대전,양파,1kg,1883
2024-08-16,대전,대파,1kg,3120
2024-08-16,대전,피망,100g,11150
2024-08-16,대전,파프리카,1개,1903
2024-08-16,대전,마늘,1kg,9970
2024-08-16,대전,브로콜리,1개,2890
2024-08-16,대전,사과,10개,25900
2024-08-16,대전,배,10개,39950
2024-08-19,대전,배추,1포기,7077
2024-08-19,대전,시금치,100g,43700
2024-08-19,대전,상추,100g,21733
2024-08-19,대전,얼갈이배추,1kg,4130
2024-08-19,대전,오이,10개,21600
2024-08-19,대전,호박,1개,1560
2024-08-19,대전,토마토,1kg,5117
2024-08-19,대전,무,1개,3677
2024-08-19,대전,당근,1kg,6413
2024-08-19,대전,열무,1kg,4027
2024-08-19,대전,양파,1kg,1883
2024-08-19,대전,대파,1kg,3593
2024-08-19,대전,피망,100g,11150
2024-08-19,대전,파프리카,1개,2037
2024-08-19,대전,마늘,1kg,9970
2024-08-19,대전,브로콜리,1개,2890
2024-08-19,대전,사과,10개,25900
2024-08-19,대전,배,10개,39950
2024-08-20,대전,배추,1포기,6827
2024-08-20,대전,시금치,100g,43700
2024-08-20,대전,상추,100g,21733
2024-08-20,대전,얼갈이배추,1kg,4073
2024-08-20,대전,오이,10개,21600
2024-08-20,대전,호박,1개,1560
2024-08-20,대전,토마토,1kg,5117
2024-08-20,대전,무,1개,3677
2024-08-20,대전,당근,1kg,6413
2024-08-20,대전,열무,1kg,4027
2024-08-20,대전,양파,1kg,1883
2024-08-20,대전,대파,1kg,3187
2024-08-20,대전,피망,100g,11150
2024-08-20,대전,파프리카,1개,2103
2024-08-20,대전,마늘,1kg,9970
2024-08-20,대전,브로콜리,1개,2990
2024-08-20,대전,사과,10개,25900
2024-08-20,대전,배,10개,39950
2024-08-21,대전,배추,1포기,6577
2024-08-21,대전,시금치,100g,43700
2024-08-21,대전,상추,100g,21733
2024-08-21,대전,얼갈이배추,1kg,3963
2024-08-21,대전,오이,10개,21600
2024-08-21,대전,호박,1개,1560
2024-08-21,대전,토마토,1kg,5117
2024-08-21,대전,무,1개,3760
2024-08-21,대전,당근,1kg,6413
2024-08-21,대전,열무,1kg,3917
2024-08-21,대전,양파,1kg,1883
2024-08-21,대전,대파,1kg,3187
2024-08-21,대전,피망,100g,11150
2024-08-21,대전,파프리카,1개,2103
2024-08-21,대전,마늘,1kg,9970
2024-08-21,대전,브로콜리,1개,2990
2024-08-21,대전,사과,10개,25900
2024-08-21,대전,배,10개,37733
2024-08-22,대전,배추,1포기,7410
2024-08-22,대전,시금치,100g,40750
2024-08-22,대전,상추,100g,21933
2024-08-22,대전,얼갈이배추,1kg,4245
2024-08-22,대전,오이,10개,21600
2024-08-22,대전,호박,1개,1660
2024-08-22,대전,토마토,1kg,5823
2024-08-22,대전,무,1개,4045
2024-08-22,대전,당근,1kg,6580
2024-08-22,대전,열무,1kg,5770
2024-08-22,대전,양파,1kg,1940
2024-08-22,대전,대파,1kg,2917
2024-08-22,대전,피망,100g,14150
2024-08-22,대전,파프리카,1개,1993
2024-08-22,대전,마늘,1kg,9970
2024-08-22,대전,브로콜리,1개,2990
2024-08-22,대전,사과,10개,16750
2024-08-22,대전,배,10개,37167
2024-08-23,대전,배추,1포기,7493
2024-08-23,대전,시금치,100g,55700
2024-08-23,대전,상추,100g,21933
2024-08-23,대전,얼갈이배추,1kg,4660
2024-08-23,대전,오이,10개,21600
2024-08-23,대전,호박,1개,1660
2024-08-23,대전,토마토,1kg,5823
2024-08-23,대전,무,1개,4120
2024-08-23,대전,당근,1kg,6580
2024-08-23,대전,열무,1kg,6103
2024-08-23,대전,양파,1kg,1940
2024-08-23,대전,대파,1kg,3250
2024-08-23,대전,피망,100g,14150
2024-08-23,대전,파프리카,1개,1993
2024-08-23,대전,마늘,1kg,10303
2024-08-23,대전,브로콜리,1개,2990
2024-08-23,대전,사과,10개,16750
2024-08-23,대전,배,10개,37167
2024-08-26,대전,배추,1포기,7827
2024-08-26,대전,시금치,100g,55700
2024-08-26,대전,상추,100g,21933
2024-08-26,대전,얼갈이배추,1kg,5245
2024-08-26,대전,오이,10개,21600
2024-08-26,대전,호박,1개,1713
2024-08-26,대전,토마토,1kg,7157
2024-08-26,대전,무,1개,4370
2024-08-26,대전,당근,1kg,6580
2024-08-26,대전,열무,1kg,6323
2024-08-26,대전,양파,1kg,1940
2024-08-26,대전,대파,1kg,3117
2024-08-26,대전,피망,100g,14150
2024-08-26,대전,파프리카,1개,2327
2024-08-26,대전,마늘,1kg,10667
2024-08-26,대전,브로콜리,1개,2990
2024-08-26,대전,사과,10개,16750
2024-08-26,대전,배,10개,37167
2024-08-27,대전,배추,1포기,7743
2024-08-27,대전,시금치,100g,55700
2024-08-27,대전,상추,100g,21933
2024-08-27,대전,얼갈이배추,1kg,5160
2024-08-27,대전,오이,10개,21600
2024-08-27,대전,호박,1개,1713
2024-08-27,대전,토마토,1kg,7157
2024-08-27,대전,무,1개,4305
2024-08-27,대전,당근,1kg,6580
2024-08-27,대전,열무,1kg,6323
2024-08-27,대전,양파,1kg,1940
2024-08-27,대전,대파,1kg,3117
2024-08-27,대전,피망,100g,14150
2024-08-27,대전,파프리카,1개,2327
2024-08-27,대전,마늘,1kg,10700
2024-08-27,대전,브로콜리,1개,2990
2024-08-27,대전,사과,10개,16750
2024-08-27,대전,배,10개,37167
2024-08-28,대전,배추,1포기,7743
2024-08-28,대전,시금치,100g,59850
2024-08-28,대전,상추,100g,21933
2024-08-28,대전,얼갈이배추,1kg,7063
2024-08-28,대전,오이,10개,21600
2024-08-28,대전,호박,1개,1713
2024-08-28,대전,토마토,1kg,7240
2024-08-28,대전,무,1개,4370
2024-08-28,대전,당근,1kg,6580
2024-08-28,대전,열무,1kg,6850
2024-08-28,대전,양파,1kg,1940
2024-08-28,대전,대파,1kg,3117
2024-08-28,대전,피망,100g,14150
2024-08-28,대전,파프리카,1개,2547
2024-08-28,대전,마늘,1kg,10700
2024-08-28,대전,브로콜리,1개,2990
2024-08-28,대전,사과,10개,16750
2024-08-28,대전,배,10개,36600
2024-08-29,대전,배추,1포기,6010
2024-08-29,대전,시금치,100g,68200
2024-08-29,대전,상추,100g,22767
2024-08-29,대전,얼갈이배추,1kg,7117
2024-08-29,대전,오이,10개,16600
2024-08-29,대전,호박,1개,1747
2024-08-29,대전,토마토,1kg,7240
2024-08-29,대전,무,1개,4095
2024-08-29,대전,당근,1kg,7847
2024-08-29,대전,열무,1kg,6907
2024-08-29,대전,양파,1kg,2040
2024-08-29,대전,대파,1kg,3527
2024-08-29,대전,피망,100g,16150
2024-08-29,대전,파프리카,1개,2380
2024-08-29,대전,마늘,1kg,10067
2024-08-29,대전,브로콜리,1개,3490
2024-08-29,대전,사과,10개,18300
2024-08-29,대전,배,10개,39100
2024-08-30,대전,배추,1포기,6427
2024-08-30,대전,시금치,100g,59850
2024-08-30,대전,상추,100g,22300
2024-08-30,대전,얼갈이배추,1kg,7117
2024-08-30,대전,오이,10개,16600
2024-08-30,대전,호박,1개,2013
2024-08-30,대전,토마토,1kg,7240
2024-08-30,대전,무,1개,4095
2024-08-30,대전,당근,1kg,7847
2024-08-30,대전,열무,1kg,7073
2024-08-30,대전,양파,1kg,2040
2024-08-30,대전,대파,1kg,2817
2024-08-30,대전,피망,100g,16150
2024-08-30,대전,파프리카,1개,2380
2024-08-30,대전,마늘,1kg,10067
2024-08-30,대전,브로콜리,1개,3490
2024-08-30,대전,사과,10개,18300
2024-08-30,대전,배,10개,39100
2024-09-02,대전,배추,1포기,6343
2024-09-02,대전,시금치,100g,62900
2024-09-02,대전,상추,100g,21500
2024-09-02,대전,얼갈이배추,1kg,7173
2024-09-02,대전,오이,10개,16600
2024-09-02,대전,호박,1개,2380
2024-09-02,대전,토마토,1kg,7240
2024-09-02,대전,무,1개,3845
2024-09-02,대전,당근,1kg,7847
2024-09-02,대전,열무,1kg,7017
2024-09-02,대전,양파,1kg,1940
2024-09-02,대전,대파,1kg,3527
2024-09-02,대전,피망,100g,16900
2024-09-02,대전,파프리카,1개,2647
2024-09-02,대전,마늘,1kg,10067
2024-09-02,대전,브로콜리,1개,3490
2024-09-02,대전,사과,10개,23250
2024-09-02,대전,배,10개,39950
2024-09-03,대전,배추,1포기,6177
2024-09-03,대전,시금치,100g,62900
2024-09-03,대전,상추,100g,21500
2024-09-03,대전,얼갈이배추,1kg,7173
2024-09-03,대전,오이,10개,16600
2024-09-03,대전,호박,1개,2347
2024-09-03,대전,토마토,1kg,7240
2024-09-03,대전,무,1개,3845
2024-09-03,대전,당근,1kg,7847
2024-09-03,대전,열무,1kg,6823
2024-09-03,대전,양파,1kg,1940
2024-09-03,대전,대파,1kg,3593
2024-09-03,대전,피망,100g,16900
2024-09-03,대전,파프리카,1개,2647
2024-09-03,대전,마늘,1kg,10067
2024-09-03,대전,브로콜리,1개,3490
2024-09-03,대전,사과,10개,23250
2024-09-03,대전,배,10개,39950
2024-09-04,대전,배추,1포기,6593
2024-09-04,대전,시금치,100g,62900
2024-09-04,대전,상추,100g,21900
2024-09-04,대전,얼갈이배추,1kg,7063
2024-09-04,대전,오이,10개,16600
2024-09-04,대전,호박,1개,2293
2024-09-04,대전,토마토,1kg,7240
2024-09-04,대전,무,1개,3905
2024-09-04,대전,당근,1kg,7847
2024-09-04,대전,열무,1kg,6630
2024-09-04,대전,양파,1kg,1940
2024-09-04,대전,대파,1kg,3627
2024-09-04,대전,피망,100g,16900
2024-09-04,대전,파프리카,1개,2593
2024-09-04,대전,마늘,1kg,10067
2024-09-04,대전,브로콜리,1개,3490
2024-09-04,대전,사과,10개,23250
2024-09-04,대전,배,10개,39950
2024-09-05,대전,배추,1포기,7183
2024-09-05,대전,시금치,100g,58600
2024-09-05,대전,상추,100g,23133
2024-09-05,대전,얼갈이배추,1kg,5280
2024-09-05,대전,오이,10개,19900
2024-09-05,대전,호박,1개,2493
2024-09-05,대전,토마토,1kg,7240
2024-09-05,대전,무,1개,3830
2024-09-05,대전,당근,1kg,7480
2024-09-05,대전,열무,1kg,4927
2024-09-05,대전,양파,1kg,1917
2024-09-05,대전,대파,1kg,3607
2024-09-05,대전,피망,100g,16900
2024-09-05,대전,파프리카,1개,2593
2024-09-05,대전,마늘,1kg,9207
2024-09-05,대전,브로콜리,1개,3990
2024-09-05,대전,사과,10개,25750
2024-09-05,대전,배,10개,33500
2024-09-06,대전,배추,1포기,6950
2024-09-06,대전,시금치,100g,58600
2024-09-06,대전,상추,100g,22600
2024-09-06,대전,얼갈이배추,1kg,5087
2024-09-06,대전,오이,10개,19900
2024-09-06,대전,호박,1개,2493
2024-09-06,대전,토마토,1kg,7240
2024-09-06,대전,무,1개,3705
2024-09-06,대전,당근,1kg,7480
2024-09-06,대전,열무,1kg,5260
2024-09-06,대전,양파,1kg,1917
2024-09-06,대전,대파,1kg,3193
2024-09-06,대전,피망,100g,16900
2024-09-06,대전,파프리카,1개,2593
2024-09-06,대전,마늘,1kg,9207
2024-09-06,대전,브로콜리,1개,3990
2024-09-06,대전,사과,10개,26600
2024-09-06,대전,배,10개,30167
2024-09-09,대전,배추,1포기,6950
2024-09-09,대전,시금치,100g,52200
2024-09-09,대전,상추,100g,22600
2024-09-09,대전,얼갈이배추,1kg,5113
2024-09-09,대전,오이,10개,19900
2024-09-09,대전,호박,1개,2327
2024-09-09,대전,토마토,1kg,7240
2024-09-09,대전,무,1개,4000
2024-09-09,대전,당근,1kg,7480
2024-09-09,대전,열무,1kg,5147
2024-09-09,대전,양파,1kg,1917
2024-09-09,대전,대파,1kg,3227
2024-09-09,대전,피망,100g,16900
2024-09-09,대전,파프리카,1개,2593
2024-09-09,대전,마늘,1kg,9240
2024-09-09,대전,브로콜리,1개,3990
2024-09-09,대전,사과,10개,22450
2024-09-09,대전,배,10개,30167
2024-09-10,대전,배추,1포기,7117
2024-09-10,대전,시금치,100g,52200
2024-09-10,대전,상추,100g,22600
2024-09-10,대전,얼갈이배추,1kg,4840
2024-09-10,대전,오이,10개,19900
2024-09-10,대전,호박,1개,2327
2024-09-10,대전,토마토,1kg,7240
2024-09-10,대전,무,1개,4000
2024-09-10,대전,당근,1kg,7513
2024-09-10,대전,열무,1kg,4873
2024-09-10,대전,양파,1kg,1917
2024-09-10,대전,대파,1kg,3327
2024-09-10,대전,피망,100g,17400
2024-09-10,대전,파프리카,1개,2593
2024-09-10,대전,마늘,1kg,9147
2024-09-10,대전,브로콜리,1개,3990
2024-09-10,대전,사과,10개,22450
2024-09-10,대전,배,10개,29633
2024-09-11,대전,배추,1포기,7283
2024-09-11,대전,시금치,100g,52200
2024-09-11,대전,상추,100g,22600
2024-09-11,대전,얼갈이배추,1kg,4787
2024-09-11,대전,오이,10개,19900
2024-09-11,대전,호박,1개,2327
2024-09-11,대전,토마토,1kg,7240
2024-09-11,대전,무,1개,4000
2024-09-11,대전,당근,1kg,7513
2024-09-11,대전,열무,1kg,4820
2024-09-11,대전,양파,1kg,1917
2024-09-11,대전,대파,1kg,3360
2024-09-11,대전,피망,100g,17400
2024-09-11,대전,파프리카,1개,2647
2024-09-11,대전,마늘,1kg,9147
2024-09-11,대전,브로콜리,1개,3990
2024-09-11,대전,사과,10개,22450
2024-09-11,대전,배,10개,29633
2024-09-12,대전,배추,1포기,8023
2024-09-12,대전,시금치,100g,41550
2024-09-12,대전,상추,100g,22300
2024-09-12,대전,얼갈이배추,1kg,5063
2024-09-12,대전,오이,10개,19900
2024-09-12,대전,호박,1개,1857
2024-09-12,대전,토마토,1kg,8543
2024-09-12,대전,무,1개,4120
2024-09-12,대전,당근,1kg,6997
2024-09-12,대전,열무,1kg,4947
2024-09-12,대전,양파,1kg,1917
2024-09-12,대전,대파,1kg,4223
2024-09-12,대전,피망,100g,14900
2024-09-12,대전,파프리카,1개,2747
2024-09-12,대전,마늘,1kg,8257
2024-09-12,대전,브로콜리,1개,4040
2024-09-12,대전,사과,10개,27250
2024-09-12,대전,배,10개,38767
2024-09-13,대전,배추,1포기,9090
2024-09-13,대전,시금치,100g,41550
2024-09-13,대전,상추,100g,22300
2024-09-13,대전,얼갈이배추,1kg,5117
2024-09-13,대전,오이,10개,19900
2024-09-13,대전,호박,1개,1857
2024-09-13,대전,토마토,1kg,8710
2024-09-13,대전,무,1개,4750
2024-09-13,대전,당근,1kg,7830
2024-09-13,대전,열무,1kg,5000
2024-09-13,대전,양파,1kg,1917
2024-09-13,대전,대파,1kg,4083
2024-09-13,대전,피망,100g,14900
2024-09-13,대전,파프리카,1개,2860
2024-09-13,대전,마늘,1kg,8257
2024-09-13,대전,브로콜리,1개,4040
2024-09-13,대전,사과,10개,22450
2024-09-13,대전,배,10개,32967
2024-09-19,대전,배추,1포기,13350
2024-09-19,대전,시금치,100g,31700
2024-09-19,대전,상추,100g,22300
2024-09-19,대전,얼갈이배추,1kg,6217
2024-09-19,대전,오이,10개,19900
2024-09-19,대전,호박,1개,2127
2024-09-19,대전,토마토,1kg,9407
2024-09-19,대전,무,1개,4370
2024-09-19,대전,당근,1kg,7830
2024-09-19,대전,열무,1kg,6133
2024-09-19,대전,양파,1kg,2017
2024-09-19,대전,대파,1kg,4337
2024-09-19,대전,피망,100g,14900
2024-09-19,대전,파프리카,1개,2860
2024-09-19,대전,마늘,1kg,9897
2024-09-19,대전,브로콜리,1개,4040
2024-09-19,대전,사과,10개,22450
2024-09-19,대전,배,10개,46650
2024-09-20,대전,배추,1포기,8527
2024-09-20,대전,시금치,100g,35600
2024-09-20,대전,상추,100g,22167
2024-09-20,대전,얼갈이배추,1kg,6300
2024-09-20,대전,오이,10개,19900
2024-09-20,대전,호박,1개,1960
2024-09-20,대전,토마토,1kg,10073
2024-09-20,대전,무,1개,4120
2024-09-20,대전,당근,1kg,7830
2024-09-20,대전,열무,1kg,6247
2024-09-20,대전,양파,1kg,2017
2024-09-20,대전,대파,1kg,4007
2024-09-20,대전,피망,100g,14900
2024-09-20,대전,파프리카,1개,2860
2024-09-20,대전,마늘,1kg,9897
2024-09-20,대전,브로콜리,1개,4190
2024-09-20,대전,사과,10개,21600
2024-09-20,대전,배,10개,46650
2024-09-23,대전,배추,1포기,8660
2024-09-23,대전,시금치,100g,43100
2024-09-23,대전,상추,100g,22600
2024-09-23,대전,얼갈이배추,1kg,6163
2024-09-23,대전,오이,10개,19900
2024-09-23,대전,호박,1개,2127
2024-09-23,대전,토마토,1kg,10623
2024-09-23,대전,무,1개,3870
2024-09-23,대전,당근,1kg,7830
2024-09-23,대전,열무,1kg,6133
2024-09-23,대전,양파,1kg,2017
2024-09-23,대전,대파,1kg,4333
2024-09-23,대전,피망,100g,14900
2024-09-23,대전,파프리카,1개,2693
2024-09-23,대전,마늘,1kg,9557
2024-09-23,대전,브로콜리,1개,4190
2024-09-23,대전,사과,10개,21600
2024-09-23,대전,배,10개,41067
2024-09-24,대전,배추,1포기,6990
2024-09-24,대전,시금치,100g,43100
2024-09-24,대전,상추,100g,23800
2024-09-24,대전,얼갈이배추,1kg,6190
2024-09-24,대전,오이,10개,19900
2024-09-24,대전,호박,1개,2127
2024-09-24,대전,토마토,1kg,10457
2024-09-24,대전,무,1개,3995
2024-09-24,대전,당근,1kg,8050
2024-09-24,대전,열무,1kg,6133
2024-09-24,대전,양파,1kg,2017
2024-09-24,대전,대파,1kg,4300
2024-09-24,대전,피망,100g,14900
2024-09-24,대전,파프리카,1개,2527
2024-09-24,대전,마늘,1kg,9557
2024-09-24,대전,브로콜리,1개,4190
2024-09-24,대전,사과,10개,18250
2024-09-24,대전,배,10개,39400
2024-09-25,대전,배추,1포기,8593
2024-09-25,대전,시금치,100g,43100
2024-09-25,대전,상추,100g,25067
2024-09-25,대전,얼갈이배추,1kg,6133
2024-09-25,대전,오이,10개,19900
2024-09-25,대전,호박,1개,2127
2024-09-25,대전,토마토,1kg,10457
2024-09-25,대전,무,1개,3995
2024-09-25,대전,당근,1kg,8273
2024-09-25,대전,열무,1kg,6133
2024-09-25,대전,양파,1kg,2017
2024-09-25,대전,대파,1kg,4300
2024-09-25,대전,피망,100g,17400
2024-09-25,대전,파프리카,1개,2527
2024-09-25,대전,마늘,1kg,9557
2024-09-25,대전,브로콜리,1개,4190
2024-09-25,대전,사과,10개,18250
2024-09-25,대전,배,10개,39400
2024-09-26,대전,배추,1포기,8927
2024-09-26,대전,시금치,100g,31700
2024-09-26,대전,상추,100g,25967
2024-09-26,대전,얼갈이배추,1kg,5960
2024-09-26,대전,오이,10개,19900
2024-09-26,대전,호박,1개,2360
2024-09-26,대전,토마토,1kg,9623
2024-09-26,대전,무,1개,4000
2024-09-26,대전,당근,1kg,8273
2024-09-26,대전,열무,1kg,5987
2024-09-26,대전,양파,1kg,2053
2024-09-26,대전,대파,1kg,4293
2024-09-26,대전,피망,100g,17400
2024-09-26,대전,파프리카,1개,2493
2024-09-26,대전,마늘,1kg,10500
2024-09-26,대전,브로콜리,1개,4540
2024-09-26,대전,사과,10개,16950
2024-09-26,대전,배,10개,34500
2024-09-27,대전,배추,1포기,8493
2024-09-27,대전,시금치,100g,31700
2024-09-27,대전,상추,100g,25967
2024-09-27,대전,얼갈이배추,1kg,5987
2024-09-27,대전,오이,10개,19900
2024-09-27,대전,호박,1개,2360
2024-09-27,대전,토마토,1kg,9623
2024-09-27,대전,무,1개,4000
2024-09-27,대전,당근,1kg,8273
2024-09-27,대전,열무,1kg,6017
2024-09-27,대전,양파,1kg,2080
2024-09-27,대전,대파,1kg,4277
2024-09-27,대전,피망,100g,17400
2024-09-27,대전,파프리카,1개,2527
2024-09-27,대전,마늘,1kg,10500
2024-09-27,대전,브로콜리,1개,4540
2024-09-27,대전,사과,10개,16950
2024-09-27,대전,배,10개,42300
2024-09-30,대전,배추,1포기,8660
2024-09-30,대전,시금치,100g,25300
2024-09-30,대전,상추,100g,27633
2024-09-30,대전,얼갈이배추,1kg,6070
2024-09-30,대전,오이,10개,19900
2024-09-30,대전,호박,1개,2360
2024-09-30,대전,토마토,1kg,10123
2024-09-30,대전,무,1개,3500
2024-09-30,대전,당근,1kg,8273
2024-09-30,대전,열무,1kg,6070
2024-09-30,대전,양파,1kg,2080
2024-09-30,대전,대파,1kg,4210
2024-09-30,대전,피망,100g,17400
2024-09-30,대전,파프리카,1개,2527
2024-09-30,대전,마늘,1kg,10500
2024-09-30,대전,브로콜리,1개,4540
2024-09-30,대전,사과,10개,20750
2024-09-30,대전,배,10개,42567
2024-10-02,대전,배추,1포기,8660
2024-10-02,대전,시금치,100g,26867
2024-10-02,대전,상추,100g,28500
2024-10-02,대전,얼갈이배추,1kg,5737
2024-10-02,대전,오이,10개,19900
2024-10-02,대전,호박,1개,2260
2024-10-02,대전,토마토,1kg,10313
2024-10-02,대전,무,1개,3500
2024-10-02,대전,당근,1kg,8107
2024-10-02,대전,열무,1kg,5737
2024-10-02,대전,양파,1kg,2080
2024-10-02,대전,대파,1kg,4210
2024-10-02,대전,피망,100g,19800
2024-10-02,대전,파프리카,1개,2527
2024-10-02,대전,마늘,1kg,10500
2024-10-02,대전,브로콜리,1개,4540
2024-10-02,대전,사과,10개,22200
2024-10-02,대전,배,10개,43133
2024-10-04,대전,배추,1포기,8660
2024-10-04,대전,시금치,100g,25300
2024-10-04,대전,상추,100g,25333
2024-10-04,대전,얼갈이배추,1kg,5507
2024-10-04,대전,오이,10개,26600
2024-10-04,대전,호박,1개,2027
2024-10-04,대전,토마토,1kg,9617
2024-10-04,대전,무,1개,3870
2024-10-04,대전,당근,1kg,7773
2024-10-04,대전,열무,1kg,5480
2024-10-04,대전,양파,1kg,1930
2024-10-04,대전,대파,1kg,3740
2024-10-04,대전,피망,100g,18900
2024-10-04,대전,파프리카,1개,2527
2024-10-04,대전,마늘,1kg,10527
2024-10-04,대전,브로콜리,1개,4790
2024-10-04,대전,사과,10개,22050
2024-10-04,대전,배,10개,27267
2024-10-07,대전,배추,1포기,8827
2024-10-07,대전,시금치,100g,25067
2024-10-07,대전,상추,100g,25633
2024-10-07,대전,얼갈이배추,1kg,5450
2024-10-07,대전,오이,10개,26600
2024-10-07,대전,호박,1개,1983
2024-10-07,대전,토마토,1kg,9617
2024-10-07,대전,무,1개,3995
2024-10-07,대전,당근,1kg,7773
2024-10-07,대전,열무,1kg,5450
2024-10-07,대전,양파,1kg,1947
2024-10-07,대전,대파,1kg,3740
2024-10-07,대전,피망,100g,18900
2024-10-07,대전,파프리카,1개,2193
2024-10-07,대전,마늘,1kg,10460
2024-10-07,대전,브로콜리,1개,4790
2024-10-07,대전,사과,10개,23050
2024-10-07,대전,배,10개,26600
2024-10-08,대전,배추,1포기,8827
2024-10-08,대전,시금치,100g,25700
2024-10-08,대전,상추,100g,27000
2024-10-08,대전,얼갈이배추,1kg,5480
2024-10-08,대전,오이,10개,26600
2024-10-08,대전,호박,1개,1983
2024-10-08,대전,토마토,1kg,9617
2024-10-08,대전,무,1개,3995
2024-10-08,대전,당근,1kg,7657
2024-10-08,대전,열무,1kg,5450
2024-10-08,대전,양파,1kg,1947
2024-10-08,대전,대파,1kg,3740
2024-10-08,대전,피망,100g,18900
2024-10-08,대전,파프리카,1개,2193
2024-10-08,대전,마늘,1kg,10460
2024-10-08,대전,브로콜리,1개,4527
2024-10-08,대전,사과,10개,23050
2024-10-08,대전,배,10개,26600
2024-10-10,대전,배추,1포기,9327
2024-10-10,대전,시금치,100g,21967
2024-10-10,대전,상추,100g,27400
2024-10-10,대전,얼갈이배추,1kg,5200
2024-10-10,대전,오이,10개,23300
2024-10-10,대전,호박,1개,2383
2024-10-10,대전,토마토,1kg,13300
2024-10-10,대전,무,1개,3920
2024-10-10,대전,당근,1kg,7343
2024-10-10,대전,열무,1kg,5460
2024-10-10,대전,양파,1kg,2000
2024-10-10,대전,대파,1kg,3870
2024-10-10,대전,피망,100g,19900
2024-10-10,대전,파프리카,1개,2277
2024-10-10,대전,마늘,1kg,10327
2024-10-10,대전,브로콜리,1개,4660
2024-10-10,대전,사과,10개,23050
2024-10-10,대전,배,10개,31933
2024-10-11,대전,배추,1포기,8660
2024-10-11,대전,시금치,100g,21967
2024-10-11,대전,상추,100g,26900
2024-10-11,대전,얼갈이배추,1kg,5087
2024-10-11,대전,오이,10개,23300
2024-10-11,대전,호박,1개,2383
2024-10-11,대전,토마토,1kg,13300
2024-10-11,대전,무,1개,3920
2024-10-11,대전,당근,1kg,7343
2024-10-11,대전,열무,1kg,5487
2024-10-11,대전,양파,1kg,2000
2024-10-11,대전,대파,1kg,3837
2024-10-11,대전,피망,100g,22900
2024-10-11,대전,파프리카,1개,2610
2024-10-11,대전,마늘,1kg,10327
2024-10-11,대전,브로콜리,1개,4660
2024-10-11,대전,사과,10개,23050
2024-10-11,대전,배,10개,31933
2024-10-14,대전,배추,1포기,8693
2024-10-14,대전,시금치,100g,21733
2024-10-14,대전,상추,100g,25433
2024-10-14,대전,얼갈이배추,1kg,5060
2024-10-14,대전,오이,10개,23300
2024-10-14,대전,호박,1개,2383
2024-10-14,대전,토마토,1kg,13533
2024-10-14,대전,무,1개,3920
2024-10-14,대전,당근,1kg,7457
2024-10-14,대전,열무,1kg,5487
2024-10-14,대전,양파,1kg,2040
2024-10-14,대전,대파,1kg,3903
2024-10-14,대전,피망,100g,22900
2024-10-14,대전,파프리카,1개,2610
2024-10-14,대전,마늘,1kg,10327
2024-10-14,대전,브로콜리,1개,4990
2024-10-14,대전,사과,10개,21800
2024-10-14,대전,배,10개,32950
2024-10-15,대전,배추,1포기,8603
2024-10-15,대전,시금치,100g,21967
2024-10-15,대전,상추,100g,26367
2024-10-15,대전,얼갈이배추,1kg,5200
2024-10-15,대전,오이,10개,23300
2024-10-15,대전,호박,1개,2383
2024-10-15,대전,토마토,1kg,13533
2024-10-15,대전,무,1개,3920
2024-10-15,대전,당근,1kg,7233
2024-10-15,대전,열무,1kg,5430
2024-10-15,대전,양파,1kg,2007
2024-10-15,대전,대파,1kg,3953
2024-10-15,대전,피망,100g,22900
2024-10-15,대전,파프리카,1개,2610
2024-10-15,대전,마늘,1kg,10327
2024-10-15,대전,브로콜리,1개,4660
2024-10-15,대전,사과,10개,21800
2024-10-15,대전,배,10개,31933
2024-10-16,대전,배추,1포기,8363
2024-10-16,대전,시금치,100g,21533
2024-10-16,대전,상추,100g,26000
2024-10-16,대전,얼갈이배추,1kg,5200
2024-10-16,대전,오이,10개,23300
2024-10-16,대전,호박,1개,2383
2024-10-16,대전,토마토,1kg,13533
2024-10-16,대전,무,1개,3920
2024-10-16,대전,당근,1kg,7233
2024-10-16,대전,열무,1kg,5210
2024-10-16,대전,양파,1kg,2007
2024-10-16,대전,대파,1kg,4007
2024-10-16,대전,피망,100g,22900
2024-10-16,대전,파프리카,1개,2610
2024-10-16,대전,마늘,1kg,10327
2024-10-16,대전,브로콜리,1개,4493
2024-10-16,대전,사과,10개,21800
2024-10-16,대전,배,10개,30600
2024-10-17,대전,배추,1포기,9410
2024-10-17,대전,시금치,100g,17900
2024-10-17,대전,상추,100g,22067
2024-10-17,대전,얼갈이배추,1kg,4840
2024-10-17,대전,오이,10개,23300
2024-10-17,대전,호박,1개,2217
2024-10-17,대전,토마토,1kg,15633
2024-10-17,대전,무,1개,4000
2024-10-17,대전,당근,1kg,6957
2024-10-17,대전,열무,1kg,4267
2024-10-17,대전,양파,1kg,1847
2024-10-17,대전,대파,1kg,3697
2024-10-17,대전,피망,100g,24900
2024-10-17,대전,파프리카,1개,2277
2024-10-17,대전,마늘,1kg,10460
2024-10-17,대전,브로콜리,1개,4493
2024-10-17,대전,사과,10개,22900
2024-10-17,대전,배,10개,28933
2024-10-18,대전,배추,1포기,8510
2024-10-18,대전,시금치,100g,17500
2024-10-18,대전,상추,100g,22233
2024-10-18,대전,얼갈이배추,1kg,4783
2024-10-18,대전,오이,10개,23300
2024-10-18,대전,호박,1개,2217
2024-10-18,대전,토마토,1kg,15633
2024-10-18,대전,무,1개,4250
2024-10-18,대전,당근,1kg,6957
2024-10-18,대전,열무,1kg,4213
2024-10-18,대전,양파,1kg,1847
2024-10-18,대전,대파,1kg,3697
2024-10-18,대전,피망,100g,24900
2024-10-18,대전,파프리카,1개,2277
2024-10-18,대전,마늘,1kg,10460
2024-10-18,대전,브로콜리,1개,4410
2024-10-18,대전,사과,10개,22900
2024-10-18,대전,배,10개,28933
2024-10-21,대전,배추,1포기,8770
2024-10-21,대전,시금치,100g,16767
2024-10-21,대전,상추,100g,27300
2024-10-21,대전,얼갈이배추,1kg,4717
2024-10-21,대전,오이,10개,23300
2024-10-21,대전,호박,1개,2217
2024-10-21,대전,토마토,1kg,15467
2024-10-21,대전,무,1개,4800
2024-10-21,대전,당근,1kg,6957
2024-10-21,대전,열무,1kg,4340
2024-10-21,대전,양파,1kg,1847
2024-10-21,대전,대파,1kg,3810
2024-10-21,대전,피망,100g,24900
2024-10-21,대전,파프리카,1개,2277
2024-10-21,대전,마늘,1kg,10460
2024-10-21,대전,브로콜리,1개,4327
2024-10-21,대전,사과,10개,23800
2024-10-21,대전,배,10개,28933
2024-10-22,대전,배추,1포기,7993
2024-10-22,대전,시금치,100g,17500
2024-10-22,대전,상추,100g,21500
2024-10-22,대전,얼갈이배추,1kg,4717
2024-10-22,대전,오이,10개,23300
2024-10-22,대전,호박,1개,2217
2024-10-22,대전,토마토,1kg,15467
2024-10-22,대전,무,1개,4295
2024-10-22,대전,당근,1kg,6957
2024-10-22,대전,열무,1kg,4340
2024-10-22,대전,양파,1kg,1847
2024-10-22,대전,대파,1kg,3920
2024-10-22,대전,피망,100g,27400
2024-10-22,대전,파프리카,1개,2277
2024-10-22,대전,마늘,1kg,10460
2024-10-22,대전,브로콜리,1개,4327
2024-10-22,대전,사과,10개,21050
2024-10-22,대전,배,10개,29600
2024-10-23,대전,배추,1포기,7953
2024-10-23,대전,시금치,100g,17500
2024-10-23,대전,상추,100g,21933
2024-10-23,대전,얼갈이배추,1kg,4717
2024-10-23,대전,오이,10개,23300
2024-10-23,대전,호박,1개,2217
2024-10-23,대전,토마토,1kg,15467
2024-10-23,대전,무,1개,4395
2024-10-23,대전,당근,1kg,6987
2024-10-23,대전,열무,1kg,4340
2024-10-23,대전,양파,1kg,1847
2024-10-23,대전,대파,1kg,3977
2024-10-23,대전,피망,100g,27400
2024-10-23,대전,파프리카,1개,2277
2024-10-23,대전,마늘,1kg,10460
2024-10-23,대전,브로콜리,1개,4327
2024-10-23,대전,사과,10개,21050
2024-10-23,대전,배,10개,30033
2024-10-24,대전,배추,1포기,6447
2024-10-24,대전,시금치,100g,10427
2024-10-24,대전,상추,100g,18767
2024-10-24,대전,얼갈이배추,1kg,4713
2024-10-24,대전,오이,10개,19900
2024-10-24,대전,호박,1개,2383
2024-10-24,대전,토마토,1kg,11667
2024-10-24,대전,무,1개,4600
2024-10-24,대전,당근,1kg,7233
2024-10-24,대전,열무,1kg,4790
2024-10-24,대전,양파,1kg,1980
2024-10-24,대전,대파,1kg,4260
2024-10-24,대전,피망,100g,32400
2024-10-24,대전,파프리카,1개,2213
2024-10-24,대전,마늘,1kg,10433
2024-10-24,대전,브로콜리,1개,3620
2024-10-24,대전,사과,10개,20933
2024-10-24,대전,배,10개,31700
2024-10-25,대전,배추,1포기,6310
2024-10-25,대전,시금치,100g,9367
2024-10-25,대전,상추,100g,18200
2024-10-25,대전,얼갈이배추,1kg,4713
2024-10-25,대전,오이,10개,19900
2024-10-25,대전,호박,1개,2427
2024-10-25,대전,토마토,1kg,11767
2024-10-25,대전,무,1개,4300
2024-10-25,대전,당근,1kg,7123
2024-10-25,대전,열무,1kg,4790
2024-10-25,대전,양파,1kg,1980
2024-10-25,대전,대파,1kg,4277
2024-10-25,대전,피망,100g,32400
2024-10-25,대전,파프리카,1개,2130
2024-10-25,대전,마늘,1kg,10433
2024-10-25,대전,브로콜리,1개,5490
2024-10-25,대전,사과,10개,20933
2024-10-25,대전,배,10개,31700
2024-10-28,대전,배추,1포기,6227
2024-10-28,대전,시금치,100g,8993
2024-10-28,대전,상추,100g,19167
2024-10-28,대전,얼갈이배추,1kg,4713
2024-10-28,대전,오이,10개,19900
2024-10-28,대전,호박,1개,2467
2024-10-28,대전,토마토,1kg,10877
2024-10-28,대전,무,1개,3800
2024-10-28,대전,당근,1kg,7240
2024-10-28,대전,열무,1kg,4957
2024-10-28,대전,양파,1kg,2110
2024-10-28,대전,대파,1kg,4247
2024-10-28,대전,피망,100g,32400
2024-10-28,대전,파프리카,1개,2130
2024-10-28,대전,마늘,1kg,10433
2024-10-28,대전,브로콜리,1개,4245
2024-10-28,대전,사과,10개,20933
2024-10-28,대전,배,10개,30267
2024-10-29,대전,배추,1포기,6227
2024-10-29,대전,시금치,100g,8767
2024-10-29,대전,상추,100g,18767
2024-10-29,대전,얼갈이배추,1kg,4713
2024-10-29,대전,오이,10개,19900
2024-10-29,대전,호박,1개,2467
2024-10-29,대전,토마토,1kg,10653
2024-10-29,대전,무,1개,3600
2024-10-29,대전,당근,1kg,7240
2024-10-29,대전,열무,1kg,4957
2024-10-29,대전,양파,1kg,2110
2024-10-29,대전,대파,1kg,4193
2024-10-29,대전,피망,100g,32400
2024-10-29,대전,파프리카,1개,2130
2024-10-29,대전,마늘,1kg,10433
2024-10-29,대전,브로콜리,1개,4245
2024-10-29,대전,사과,10개,20933
2024-10-29,대전,배,10개,30667
2024-10-30,대전,배추,1포기,6143
2024-10-30,대전,시금치,100g,8767
2024-10-30,대전,상추,100g,18533
2024-10-30,대전,얼갈이배추,1kg,4713
2024-10-30,대전,오이,10개,19900
2024-10-30,대전,호박,1개,2510
2024-10-30,대전,토마토,1kg,10653
2024-10-30,대전,무,1개,3200
2024-10-30,대전,당근,1kg,7127
2024-10-30,대전,열무,1kg,4957
2024-10-30,대전,양파,1kg,2110
2024-10-30,대전,대파,1kg,4137
2024-10-30,대전,피망,100g,32400
2024-10-30,대전,파프리카,1개,2073
2024-10-30,대전,마늘,1kg,10433
2024-10-30,대전,브로콜리,1개,5490
2024-10-30,대전,사과,10개,25900
2024-10-30,대전,배,10개,30667
2024-10-31,대전,배추,1포기,4243
2024-10-31,대전,시금치,100g,9073
2024-10-31,대전,상추,100g,17633
2024-10-31,대전,얼갈이배추,1kg,4717
2024-10-31,대전,오이,10개,23300
2024-10-31,대전,호박,1개,2677
2024-10-31,대전,토마토,1kg,10750
2024-10-31,대전,무,1개,3000
2024-10-31,대전,당근,1kg,7127
2024-10-31,대전,열무,1kg,4827
2024-10-31,대전,양파,1kg,2063
2024-10-31,대전,대파,1kg,4267
2024-10-31,대전,피망,100g,32400
2024-10-31,대전,파프리카,1개,2073
2024-10-31,대전,마늘,1kg,10460
2024-10-31,대전,브로콜리,1개,3295
2024-10-31,대전,사과,10개,24900
2024-10-31,대전,배,10개,32667
2024-11-01,대전,배추,1포기,4077
2024-11-01,대전,시금치,100g,8873
2024-11-01,대전,상추,100g,16467
2024-11-01,대전,얼갈이배추,1kg,4717
2024-11-01,대전,오이,10개,23300
2024-11-01,대전,호박,1개,2677
2024-11-01,대전,토마토,1kg,10750
2024-11-01,대전,무,1개,3000
2024-11-01,대전,당근,1kg,7193
2024-11-01,대전,열무,1kg,4857
2024-11-01,대전,양파,1kg,2063
2024-11-01,대전,대파,1kg,4240
2024-11-01,대전,피망,100g,32400
2024-11-01,대전,파프리카,1개,2017
2024-11-01,대전,마늘,1kg,10460
2024-11-01,대전,브로콜리,1개,3295
2024-11-01,대전,사과,10개,20900
2024-11-01,대전,배,10개,32667
2024-11-04,부산,배추,1포기,5733
2024-11-04,부산,시금치,100g,9730
2024-11-04,부산,상추,100g,16000
2024-11-04,부산,얼갈이배추,1kg,4405
2024-11-04,부산,오이,10개,17000
2024-11-04,부산,호박,1개,2905
2024-11-04,부산,토마토,1kg,9180
2024-11-04,부산,무,1개,3370
2024-11-04,부산,당근,1kg,7028
2024-11-04,부산,열무,1kg,4175
2024-11-04,부산,양파,1kg,2400
2024-11-04,부산,대파,1kg,4260
2024-11-04,부산,피망,100g,17767
2024-11-04,부산,파프리카,1개,2275
2024-11-04,부산,마늘,1kg,9658
2024-11-04,부산,브로콜리,1개,3757
2024-11-04,부산,사과,10개,25325
2024-11-04,부산,배,10개,36625
2024-11-05,부산,배추,1포기,6313
2024-11-05,부산,시금치,100g,9730
2024-11-05,부산,상추,100g,16000
2024-11-05,부산,얼갈이배추,1kg,4405
2024-11-05,부산,오이,10개,18000
2024-11-05,부산,호박,1개,2905
2024-11-05,부산,토마토,1kg,9138
2024-11-05,부산,무,1개,3620
2024-11-05,부산,당근,1kg,6970
2024-11-05,부산,열무,1kg,4175
2024-11-05,부산,양파,1kg,2400
2024-11-05,부산,대파,1kg,4260
2024-11-05,부산,피망,100g,18267
2024-11-05,부산,파프리카,1개,2275
2024-11-05,부산,마늘,1kg,9658
2024-11-05,부산,브로콜리,1개,3700
2024-11-05,부산,사과,10개,25825
2024-11-05,부산,배,10개,36625
2024-11-06,부산,배추,1포기,6000
2024-11-06,부산,시금치,100g,9955
2024-11-06,부산,상추,100g,16000
2024-11-06,부산,얼갈이배추,1kg,4355
2024-11-06,부산,오이,10개,18825
2024-11-06,부산,호박,1개,2748
2024-11-06,부산,토마토,1kg,9138
2024-11-06,부산,무,1개,3660
2024-11-06,부산,당근,1kg,6970
2024-11-06,부산,열무,1kg,4175
2024-11-06,부산,양파,1kg,2400
2024-11-06,부산,대파,1kg,4260
2024-11-06,부산,피망,100g,18267
2024-11-06,부산,파프리카,1개,2275
2024-11-06,부산,마늘,1kg,9658
2024-11-06,부산,브로콜리,1개,3600
2024-11-06,부산,사과,10개,25825
2024-11-06,부산,배,10개,36550
2024-11-07,부산,배추,1포기,5398
2024-11-07,부산,시금치,100g,9815
2024-11-07,부산,상추,100g,18033
2024-11-07,부산,얼갈이배추,1kg,4153
2024-11-07,부산,오이,10개,18825
2024-11-07,부산,호박,1개,2748
2024-11-07,부산,토마토,1kg,9413
2024-11-07,부산,무,1개,2930
2024-11-07,부산,당근,1kg,6883
2024-11-07,부산,열무,1kg,4175
2024-11-07,부산,양파,1kg,2230
2024-11-07,부산,대파,1kg,3403
2024-11-07,부산,피망,100g,20433
2024-11-07,부산,파프리카,1개,2075
2024-11-07,부산,마늘,1kg,9403
2024-11-07,부산,브로콜리,1개,3543
2024-11-07,부산,사과,10개,23825
2024-11-07,부산,배,10개,37475
2024-11-08,부산,배추,1포기,4898
2024-11-08,부산,시금치,100g,9948
2024-11-08,부산,상추,100g,18033
2024-11-08,부산,얼갈이배추,1kg,4153
2024-11-08,부산,오이,10개,20900
2024-11-08,부산,호박,1개,2748
2024-11-08,부산,토마토,1kg,9408
2024-11-08,부산,무,1개,2930
2024-11-08,부산,당근,1kg,6883
2024-11-08,부산,열무,1kg,4175
2024-11-08,부산,양파,1kg,2123
2024-11-08,부산,대파,1kg,3535
2024-11-08,부산,피망,100g,20433
2024-11-08,부산,파프리카,1개,2075
2024-11-08,부산,마늘,1kg,8678
2024-11-08,부산,브로콜리,1개,3985
2024-11-08,부산,사과,10개,23825
2024-11-08,부산,배,10개,40150
2024-11-11,부산,배추,1포기,4815
2024-11-11,부산,시금치,100g,9948
2024-11-11,부산,상추,100g,17800
2024-11-11,부산,얼갈이배추,1kg,4005
2024-11-11,부산,오이,10개,20900
2024-11-11,부산,호박,1개,2705
2024-11-11,부산,토마토,1kg,9365
2024-11-11,부산,무,1개,3138
2024-11-11,부산,당근,1kg,6840
2024-11-11,부산,열무,1kg,4175
2024-11-11,부산,양파,1kg,2123
2024-11-11,부산,대파,1kg,3535
2024-11-11,부산,피망,100g,20433
2024-11-11,부산,파프리카,1개,2075
2024-11-11,부산,마늘,1kg,8678
2024-11-11,부산,브로콜리,1개,3135
2024-11-11,부산,사과,10개,23475
2024-11-11,부산,배,10개,36950
2024-11-12,부산,배추,1포기,4815
2024-11-12,부산,시금치,100g,9898
2024-11-12,부산,상추,100g,17800
2024-11-12,부산,얼갈이배추,1kg,4005
2024-11-12,부산,오이,10개,20900
2024-11-12,부산,호박,1개,2705
2024-11-12,부산,토마토,1kg,9365
2024-11-12,부산,무,1개,3138
2024-11-12,부산,당근,1kg,6840
2024-11-12,부산,열무,1kg,4000
2024-11-12,부산,양파,1kg,2123
2024-11-12,부산,대파,1kg,3535
2024-11-12,부산,피망,100g,19600
2024-11-12,부산,파프리카,1개,2075
2024-11-12,부산,마늘,1kg,8678
2024-11-12,부산,브로콜리,1개,3355
2024-11-12,부산,사과,10개,23475
2024-11-12,부산,배,10개,36950
2024-11-13,부산,배추,1포기,4483
2024-11-13,부산,시금치,100g,12635
2024-11-13,부산,상추,100g,17800
2024-11-13,부산,얼갈이배추,1kg,4153
2024-11-13,부산,오이,10개,20900
2024-11-13,부산,호박,1개,2655
2024-11-13,부산,토마토,1kg,10440
2024-11-13,부산,무,1개,3013
2024-11-13,부산,당근,1kg,6840
2024-11-13,부산,열무,1kg,4000
2024-11-13,부산,양파,1kg,2123
2024-11-13,부산,대파,1kg,3535
2024-11-13,부산,피망,100g,19600
2024-11-13,부산,파프리카,1개,2575
2024-11-13,부산,마늘,1kg,8678
2024-11-13,부산,브로콜리,1개,3780
2024-11-13,부산,사과,10개,23475
2024-11-13,부산,배,10개,37575
2024-11-14,부산,배추,1포기,4398
2024-11-14,부산,시금치,100g,11300
2024-11-14,부산,상추,100g,16433
2024-11-14,부산,얼갈이배추,1kg,4153
2024-11-14,부산,오이,10개,16725
2024-11-14,부산,호박,1개,2048
2024-11-14,부산,토마토,1kg,10275
2024-11-14,부산,무,1개,2890
2024-11-14,부산,당근,1kg,6483
2024-11-14,부산,열무,1kg,4000
2024-11-14,부산,양파,1kg,1910
2024-11-14,부산,대파,1kg,3535
2024-11-14,부산,피망,100g,17933
2024-11-14,부산,파프리카,1개,2575
2024-11-14,부산,마늘,1kg,8185
2024-11-14,부산,브로콜리,1개,3530
2024-11-14,부산,사과,10개,23550
2024-11-14,부산,배,10개,38350
2024-11-15,부산,배추,1포기,3818
2024-11-15,부산,시금치,100g,11300
2024-11-15,부산,상추,100g,16200
2024-11-15,부산,얼갈이배추,1kg,4153
2024-11-15,부산,오이,10개,16725
2024-11-15,부산,호박,1개,2048
2024-11-15,부산,토마토,1kg,9828
2024-11-15,부산,무,1개,2890
2024-11-15,부산,당근,1kg,6243
2024-11-15,부산,열무,1kg,4000
2024-11-15,부산,양파,1kg,1910
2024-11-15,부산,대파,1kg,3458
2024-11-15,부산,피망,100g,17933
2024-11-15,부산,파프리카,1개,2575
2024-11-15,부산,마늘,1kg,8185
2024-11-15,부산,브로콜리,1개,3530
2024-11-15,부산,사과,10개,24375
2024-11-15,부산,배,10개,39750
2024-11-18,부산,배추,1포기,3818
2024-11-18,부산,시금치,100g,11500
2024-11-18,부산,상추,100g,16200
2024-11-18,부산,얼갈이배추,1kg,4153
2024-11-18,부산,오이,10개,16650
2024-11-18,부산,호박,1개,2048
2024-11-18,부산,토마토,1kg,9828
2024-11-18,부산,무,1개,2890
2024-11-18,부산,당근,1kg,6243
2024-11-18,부산,열무,1kg,4000
2024-11-18,부산,양파,1kg,1910
2024-11-18,부산,대파,1kg,3458
2024-11-18,부산,피망,100g,17933
2024-11-18,부산,파프리카,1개,2575
2024-11-18,부산,마늘,1kg,8155
2024-11-18,부산,브로콜리,1개,3530
2024-11-18,부산,사과,10개,24375
2024-11-18,부산,배,10개,40175
2024-11-19,부산,배추,1포기,3568
2024-11-19,부산,시금치,100g,11500
2024-11-19,부산,상추,100g,16100
2024-11-19,부산,얼갈이배추,1kg,4005
2024-11-19,부산,오이,10개,17900
2024-11-19,부산,호박,1개,2005
2024-11-19,부산,토마토,1kg,9828
2024-11-19,부산,무,1개,3015
2024-11-19,부산,당근,1kg,6595
2024-11-19,부산,열무,1kg,4507
2024-11-19,부산,양파,1kg,2043
2024-11-19,부산,대파,1kg,3465
2024-11-19,부산,피망,100g,17600
2024-11-19,부산,파프리카,1개,2360
2024-11-19,부산,마늘,1kg,8155
2024-11-19,부산,브로콜리,1개,3740
2024-11-19,부산,사과,10개,25375
2024-11-19,부산,배,10개,43575
2024-11-20,부산,배추,1포기,3138
2024-11-20,부산,시금치,100g,11500
2024-11-20,부산,상추,100g,16100
2024-11-20,부산,얼갈이배추,1kg,4005
2024-11-20,부산,오이,10개,17150
2024-11-20,부산,호박,1개,2005
2024-11-20,부산,토마토,1kg,9828
2024-11-20,부산,무,1개,3015
2024-11-20,부산,당근,1kg,6595
2024-11-20,부산,열무,1kg,4507
2024-11-20,부산,양파,1kg,2090
2024-11-20,부산,대파,1kg,3465
2024-11-20,부산,피망,100g,17600
2024-11-20,부산,파프리카,1개,2360
2024-11-20,부산,마늘,1kg,7885
2024-11-20,부산,브로콜리,1개,3240
2024-11-20,부산,사과,10개,25375
2024-11-20,부산,배,10개,43575
2024-11-21,부산,배추,1포기,3055
2024-11-21,부산,시금치,100g,11068
2024-11-21,부산,상추,100g,15867
2024-11-21,부산,얼갈이배추,1kg,3590
2024-11-21,부산,오이,10개,17150
2024-11-21,부산,호박,1개,1973
2024-11-21,부산,토마토,1kg,9828
2024-11-21,부산,무,1개,3015
2024-11-21,부산,당근,1kg,6900
2024-11-21,부산,열무,1kg,4465
2024-11-21,부산,양파,1kg,2038
2024-11-21,부산,대파,1kg,3470
2024-11-21,부산,피망,100g,15933
2024-11-21,부산,파프리카,1개,2260
2024-11-21,부산,마늘,1kg,7885
2024-11-21,부산,브로콜리,1개,3240
2024-11-21,부산,사과,10개,23725
2024-11-21,부산,배,10개,43575
2024-11-22,부산,배추,1포기,3140
2024-11-22,부산,시금치,100g,10250
2024-11-22,부산,상추,100g,15767
2024-11-22,부산,얼갈이배추,1kg,3590
2024-11-22,부산,오이,10개,17150
2024-11-22,부산,호박,1개,1998
2024-11-22,부산,토마토,1kg,9745
2024-11-22,부산,무,1개,3145
2024-11-22,부산,당근,1kg,6368
2024-11-22,부산,열무,1kg,4465
2024-11-22,부산,양파,1kg,2038
2024-11-22,부산,대파,1kg,3483
2024-11-22,부산,피망,100g,15933
2024-11-22,부산,파프리카,1개,2260
2024-11-22,부산,마늘,1kg,7885
2024-11-22,부산,브로콜리,1개,3240
2024-11-22,부산,사과,10개,23725
2024-11-22,부산,배,10개,43450
2024-11-25,부산,배추,1포기,3140
2024-11-25,부산,시금치,100g,10250
2024-11-25,부산,상추,100g,15700
2024-11-25,부산,얼갈이배추,1kg,3590
2024-11-25,부산,오이,10개,17150
2024-11-25,부산,호박,1개,1940
2024-11-25,부산,토마토,1kg,9745
2024-11-25,부산,무,1개,3145
2024-11-25,부산,당근,1kg,6368
2024-11-25,부산,열무,1kg,4465
2024-11-25,부산,양파,1kg,2038
2024-11-25,부산,대파,1kg,3483
2024-11-25,부산,피망,100g,15933
2024-11-25,부산,파프리카,1개,2260
2024-11-25,부산,마늘,1kg,7885
2024-11-25,부산,브로콜리,1개,3240
2024-11-25,부산,사과,10개,23725
2024-11-25,부산,배,10개,43450
2024-11-26,부산,배추,1포기,3223
2024-11-26,부산,시금치,100g,10250
2024-11-26,부산,상추,100g,16033
2024-11-26,부산,얼갈이배추,1kg,3590
2024-11-26,부산,오이,10개,16975
2024-11-26,부산,호박,1개,1940
2024-11-26,부산,토마토,1kg,9745
2024-11-26,부산,무,1개,3145
2024-11-26,부산,당근,1kg,6565
2024-11-26,부산,열무,1kg,4465
2024-11-26,부산,양파,1kg,2090
2024-11-26,부산,대파,1kg,3483
2024-11-26,부산,피망,100g,15933
2024-11-26,부산,파프리카,1개,2237
2024-11-26,부산,마늘,1kg,7885
2024-11-26,부산,브로콜리,1개,3198
2024-11-26,부산,사과,10개,23725
2024-11-26,부산,배,10개,43025
2024-11-27,부산,배추,1포기,3265
2024-11-27,부산,시금치,100g,10993
2024-11-27,부산,상추,100g,15867
2024-11-27,부산,얼갈이배추,1kg,3543
2024-11-27,부산,오이,10개,16975
2024-11-27,부산,호박,1개,1940
2024-11-27,부산,토마토,1kg,9745
2024-11-27,부산,무,1개,3270
2024-11-27,부산,당근,1kg,6565
2024-11-27,부산,열무,1kg,4440
2024-11-27,부산,양파,1kg,2090
2024-11-27,부산,대파,1kg,3508
2024-11-27,부산,피망,100g,14600
2024-11-27,부산,파프리카,1개,2237
2024-11-27,부산,마늘,1kg,7885
2024-11-27,부산,브로콜리,1개,3573
2024-11-27,부산,사과,10개,23725
2024-11-27,부산,배,10개,43025
2024-11-28,부산,배추,1포기,3185
2024-11-28,부산,시금치,100g,10543
2024-11-28,부산,상추,100g,11877
2024-11-28,부산,얼갈이배추,1kg,3460
2024-11-28,부산,오이,10개,16975
2024-11-28,부산,호박,1개,1648
2024-11-28,부산,토마토,1kg,9538
2024-11-28,부산,무,1개,3353
2024-11-28,부산,당근,1kg,7098
2024-11-28,부산,열무,1kg,4440
2024-11-28,부산,양파,1kg,2038
2024-11-28,부산,대파,1kg,3790
2024-11-28,부산,피망,100g,13767
2024-11-28,부산,파프리카,1개,2103
2024-11-28,부산,마늘,1kg,8135
2024-11-28,부산,브로콜리,1개,3323
2024-11-28,부산,사과,10개,23975
2024-11-28,부산,배,10개,46625
2024-11-29,부산,배추,1포기,3265
2024-11-29,부산,시금치,100g,10800
2024-11-29,부산,상추,100g,11877
2024-11-29,부산,얼갈이배추,1kg,3460
2024-11-29,부산,오이,10개,16975
2024-11-29,부산,호박,1개,1648
2024-11-29,부산,토마토,1kg,9538
2024-11-29,부산,무,1개,3473
2024-11-29,부산,당근,1kg,7098
2024-11-29,부산,열무,1kg,4440
2024-11-29,부산,양파,1kg,2038
2024-11-29,부산,대파,1kg,3845
2024-11-29,부산,피망,100g,13767
2024-11-29,부산,파프리카,1개,2103
2024-11-29,부산,마늘,1kg,8135
2024-11-29,부산,브로콜리,1개,2948
2024-11-29,부산,사과,10개,23975
2024-11-29,부산,배,10개,46625
2024-12-02,부산,배추,1포기,3578
2024-12-02,부산,시금치,100g,10365
2024-12-02,부산,상추,100g,9377
2024-12-02,부산,얼갈이배추,1kg,3460
2024-12-02,부산,오이,10개,16975
2024-12-02,부산,호박,1개,1648
2024-12-02,부산,토마토,1kg,9663
2024-12-02,부산,무,1개,3815
2024-12-02,부산,당근,1kg,7033
2024-12-02,부산,열무,1kg,4440
2024-12-02,부산,양파,1kg,2128
2024-12-02,부산,대파,1kg,4095
2024-12-02,부산,피망,100g,13267
2024-12-02,부산,파프리카,1개,2103
2024-12-02,부산,마늘,1kg,8635
2024-12-02,부산,브로콜리,1개,2905
2024-12-02,부산,사과,10개,24575
2024-12-02,부산,배,10개,46875
2024-12-03,부산,배추,1포기,3580
2024-12-03,부산,시금치,100g,9548
2024-12-03,부산,상추,100g,10177
2024-12-03,부산,얼갈이배추,1kg,3460
2024-12-03,부산,오이,10개,16975
2024-12-03,부산,호박,1개,1648
2024-12-03,부산,토마토,1kg,9663
2024-12-03,부산,무,1개,3815
2024-12-03,부산,당근,1kg,7033
2024-12-03,부산,열무,1kg,4440
2024-12-03,부산,양파,1kg,2195
2024-12-03,부산,대파,1kg,4095
2024-12-03,부산,피망,100g,13267
2024-12-03,부산,파프리카,1개,2103
2024-12-03,부산,마늘,1kg,8635
2024-12-03,부산,브로콜리,1개,3280
2024-12-03,부산,사과,10개,25575
2024-12-03,부산,배,10개,48300
2024-12-04,부산,배추,1포기,3495
2024-12-04,부산,시금치,100g,9523
2024-12-04,부산,상추,100g,10177
2024-12-04,부산,얼갈이배추,1kg,3435
2024-12-04,부산,오이,10개,16825
2024-12-04,부산,호박,1개,1648
2024-12-04,부산,토마토,1kg,9663
2024-12-04,부산,무,1개,3815
2024-12-04,부산,당근,1kg,7033
2024-12-04,부산,열무,1kg,4440
2024-12-04,부산,양파,1kg,2195
2024-12-04,부산,대파,1kg,4095
2024-12-04,부산,피망,100g,13267
2024-12-04,부산,파프리카,1개,2170
2024-12-04,부산,마늘,1kg,8698
2024-12-04,부산,브로콜리,1개,3280
2024-12-04,부산,사과,10개,25075
2024-12-04,부산,배,10개,48300
2024-12-05,부산,배추,1포기,3808
2024-12-05,부산,시금치,100g,9160
2024-12-05,부산,상추,100g,9210
2024-12-05,부산,얼갈이배추,1kg,3230
2024-12-05,부산,오이,10개,16825
2024-12-05,부산,호박,1개,1748
2024-12-05,부산,토마토,1kg,10188
2024-12-05,부산,무,1개,3940
2024-12-05,부산,당근,1kg,6985
2024-12-05,부산,열무,1kg,3995
2024-12-05,부산,양파,1kg,2263
2024-12-05,부산,대파,1kg,4163
2024-12-05,부산,피망,100g,11933
2024-12-05,부산,파프리카,1개,2147
2024-12-05,부산,마늘,1kg,8698
2024-12-05,부산,브로콜리,1개,2543
2024-12-05,부산,사과,10개,25075
2024-12-05,부산,배,10개,48300
2024-12-09,부산,배추,1포기,4053
2024-12-09,부산,시금치,100g,9160
2024-12-09,부산,상추,100g,9110
2024-12-09,부산,얼갈이배추,1kg,3230
2024-12-09,부산,오이,10개,16825
2024-12-09,부산,호박,1개,1748
2024-12-09,부산,토마토,1kg,10188
2024-12-09,부산,무,1개,4198
2024-12-09,부산,당근,1kg,6985
2024-12-09,부산,열무,1kg,3995
2024-12-09,부산,양파,1kg,2353
2024-12-09,부산,대파,1kg,4575
2024-12-09,부산,피망,100g,11933
2024-12-09,부산,파프리카,1개,2225
2024-12-09,부산,마늘,1kg,9423
2024-12-09,부산,브로콜리,1개,2543
2024-12-09,부산,사과,10개,25075
2024-12-09,부산,배,10개,48300
2024-12-10,부산,배추,1포기,4053
2024-12-10,부산,시금치,100g,9068
2024-12-10,부산,상추,100g,9110
2024-12-10,부산,얼갈이배추,1kg,3230
2024-12-10,부산,오이,10개,16825
2024-12-10,부산,호박,1개,1773
2024-12-10,부산,토마토,1kg,10103
2024-12-10,부산,무,1개,4198
2024-12-10,부산,당근,1kg,6985
2024-12-10,부산,열무,1kg,3995
2024-12-10,부산,양파,1kg,2353
2024-12-10,부산,대파,1kg,4575
2024-12-10,부산,피망,100g,11933
2024-12-10,부산,파프리카,1개,2225
2024-12-10,부산,마늘,1kg,9423
2024-12-10,부산,브로콜리,1개,2677
2024-12-10,부산,사과,10개,25075
2024-12-10,부산,배,10개,48300
2024-12-11,부산,배추,1포기,4138
2024-12-11,부산,시금치,100g,9068
2024-12-11,부산,상추,100g,9110
2024-12-11,부산,얼갈이배추,1kg,3230
2024-12-11,부산,오이,10개,16650
2024-12-11,부산,호박,1개,1823
2024-12-11,부산,토마토,1kg,10228
2024-12-11,부산,무,1개,4198
2024-12-11,부산,당근,1kg,6703
2024-12-11,부산,열무,1kg,3995
2024-12-11,부산,양파,1kg,2353
2024-12-11,부산,대파,1kg,4630
2024-12-11,부산,피망,100g,11933
2024-12-11,부산,파프리카,1개,2033
2024-12-11,부산,마늘,1kg,9423
2024-12-11,부산,브로콜리,1개,2677
2024-12-11,부산,사과,10개,25075
2024-12-11,부산,배,10개,48300
2024-12-12,부산,배추,1포기,4138
2024-12-12,부산,시금치,100g,9950
2024-12-12,부산,상추,100g,9110
2024-12-12,부산,얼갈이배추,1kg,2888
2024-12-12,부산,오이,10개,16400
2024-12-12,부산,호박,1개,1845
2024-12-12,부산,토마토,1kg,9453
2024-12-12,부산,무,1개,4073
2024-12-12,부산,당근,1kg,6088
2024-12-12,부산,열무,1kg,3300
2024-12-12,부산,양파,1kg,2060
2024-12-12,부산,대파,1kg,4560
2024-12-12,부산,피망,100g,11933
2024-12-12,부산,파프리카,1개,2033
2024-12-12,부산,마늘,1kg,9063
2024-12-12,부산,브로콜리,1개,1967
2024-12-12,부산,사과,10개,23075
2024-12-12,부산,배,10개,48300
2024-12-13,부산,배추,1포기,4138
2024-12-13,부산,시금치,100g,9900
2024-12-13,부산,상추,100g,9010
2024-12-13,부산,얼갈이배추,1kg,2888
2024-12-13,부산,오이,10개,16400
2024-12-13,부산,호박,1개,1695
2024-12-13,부산,토마토,1kg,9453
2024-12-13,부산,무,1개,4073
2024-12-13,부산,당근,1kg,6088
2024-12-13,부산,열무,1kg,3300
2024-12-13,부산,양파,1kg,2060
2024-12-13,부산,대파,1kg,4428
2024-12-13,부산,피망,100g,11933
2024-12-13,부산,파프리카,1개,2033
2024-12-13,부산,마늘,1kg,9063
2024-12-13,부산,브로콜리,1개,1783
2024-12-13,부산,사과,10개,22650
2024-12-13,부산,배,10개,48300
2024-12-16,부산,배추,1포기,4220
2024-12-16,부산,시금치,100g,9900
2024-12-16,부산,상추,100g,7757
2024-12-16,부산,얼갈이배추,1kg,2888
2024-12-16,부산,오이,10개,16400
2024-12-16,부산,호박,1개,1845
2024-12-16,부산,토마토,1kg,9453
2024-12-16,부산,무,1개,4267
2024-12-16,부산,당근,1kg,6088
2024-12-16,부산,열무,1kg,3250
2024-12-16,부산,양파,1kg,2060
2024-12-16,부산,대파,1kg,4403
2024-12-16,부산,피망,100g,11933
2024-12-16,부산,파프리카,1개,2033
2024-12-16,부산,마늘,1kg,9063
2024-12-16,부산,브로콜리,1개,1783
2024-12-16,부산,사과,10개,22650
2024-12-16,부산,배,10개,48300
2024-12-17,부산,배추,1포기,4220
2024-12-17,부산,시금치,100g,9900
2024-12-17,부산,상추,100g,9010
2024-12-17,부산,얼갈이배추,1kg,2770
2024-12-17,부산,오이,10개,16400
2024-12-17,부산,호박,1개,1845
2024-12-17,부산,토마토,1kg,9413
2024-12-17,부산,무,1개,4410
2024-12-17,부산,당근,1kg,6033
2024-12-17,부산,열무,1kg,3250
2024-12-17,부산,양파,1kg,2185
2024-12-17,부산,대파,1kg,4403
2024-12-17,부산,피망,100g,11933
2024-12-17,부산,파프리카,1개,2000
2024-12-17,부산,마늘,1kg,9063
2024-12-17,부산,브로콜리,1개,1967
2024-12-17,부산,사과,10개,24075
2024-12-17,부산,배,10개,49500
2024-12-18,부산,배추,1포기,4527
2024-12-18,부산,시금치,100g,9658
2024-12-18,부산,상추,100g,9043
2024-12-18,부산,얼갈이배추,1kg,2770
2024-12-18,부산,오이,10개,16400
2024-12-18,부산,호박,1개,1895
2024-12-18,부산,토마토,1kg,8445
2024-12-18,부산,무,1개,3830
2024-12-18,부산,당근,1kg,6033
2024-12-18,부산,열무,1kg,3250
2024-12-18,부산,양파,1kg,2185
2024-12-18,부산,대파,1kg,4403
2024-12-18,부산,피망,100g,11933
2024-12-18,부산,파프리카,1개,2033
2024-12-18,부산,마늘,1kg,9063
2024-12-18,부산,브로콜리,1개,1967
2024-12-18,부산,사과,10개,24075
2024-12-18,부산,배,10개,49175
2024-12-19,부산,배추,1포기,4428
2024-12-19,부산,시금치,100g,9490
2024-12-19,부산,상추,100g,8577
2024-12-19,부산,얼갈이배추,1kg,2770
2024-12-19,부산,오이,10개,16400
2024-12-19,부산,호박,1개,1698
2024-12-19,부산,토마토,1kg,8445
2024-12-19,부산,무,1개,3073
2024-12-19,부산,당근,1kg,6210
2024-12-19,부산,열무,1kg,3220
2024-12-19,부산,양파,1kg,2080
2024-12-19,부산,대파,1kg,4403
2024-12-19,부산,피망,100g,11933
2024-12-19,부산,파프리카,1개,2145
2024-12-19,부산,마늘,1kg,9420
2024-12-19,부산,브로콜리,1개,2633
2024-12-19,부산,사과,10개,24075
2024-12-19,부산,배,10개,52267
2024-12-20,부산,배추,1포기,4428
2024-12-20,부산,시금치,100g,9490
2024-12-20,부산,상추,100g,8510
2024-12-20,부산,얼갈이배추,1kg,2770
2024-12-20,부산,오이,10개,16475
2024-12-20,부산,호박,1개,1715
2024-12-20,부산,토마토,1kg,8445
2024-12-20,부산,무,1개,3073
2024-12-20,부산,당근,1kg,6210
2024-12-20,부산,열무,1kg,3220
2024-12-20,부산,양파,1kg,2080
2024-12-20,부산,대파,1kg,4403
2024-12-20,부산,피망,100g,11933
2024-12-20,부산,파프리카,1개,2145
2024-12-20,부산,마늘,1kg,9420
2024-12-20,부산,브로콜리,1개,2833
2024-12-20,부산,사과,10개,24075
2024-12-20,부산,배,10개,52267
2024-12-23,부산,배추,1포기,4428
2024-12-23,부산,시금치,100g,9490
2024-12-23,부산,상추,100g,8510
2024-12-23,부산,얼갈이배추,1kg,2805
2024-12-23,부산,오이,10개,16275
2024-12-23,부산,호박,1개,1715
2024-12-23,부산,토마토,1kg,8445
2024-12-23,부산,무,1개,3073
2024-12-23,부산,당근,1kg,6168
2024-12-23,부산,열무,1kg,3170
2024-12-23,부산,양파,1kg,2080
2024-12-23,부산,대파,1kg,4403
2024-12-23,부산,피망,100g,11667
2024-12-23,부산,파프리카,1개,2170
2024-12-23,부산,마늘,1kg,9690
2024-12-23,부산,브로콜리,1개,2857
2024-12-23,부산,사과,10개,24075
2024-12-23,부산,배,10개,48933
2024-12-24,부산,배추,1포기,4428
2024-12-24,부산,시금치,100g,9590
2024-12-24,부산,상추,100g,8267
2024-12-24,부산,얼갈이배추,1kg,3148
2024-12-24,부산,오이,10개,16275
2024-12-24,부산,호박,1개,1715
2024-12-24,부산,토마토,1kg,8445
2024-12-24,부산,무,1개,3073
2024-12-24,부산,당근,1kg,6168
2024-12-24,부산,열무,1kg,3855
2024-12-24,부산,양파,1kg,2080
2024-12-24,부산,대파,1kg,4268
2024-12-24,부산,피망,100g,11667
2024-12-24,부산,파프리카,1개,2170
2024-12-24,부산,마늘,1kg,9690
2024-12-24,부산,브로콜리,1개,2857
2024-12-24,부산,사과,10개,24825
2024-12-24,부산,배,10개,48933
2024-12-26,부산,배추,1포기,4595
2024-12-26,부산,시금치,100g,9238
2024-12-26,부산,상추,100g,8577
2024-12-26,부산,얼갈이배추,1kg,3148
2024-12-26,부산,오이,10개,16275
2024-12-26,부산,호박,1개,1815
2024-12-26,부산,토마토,1kg,7923
2024-12-26,부산,무,1개,3240
2024-12-26,부산,당근,1kg,6168
2024-12-26,부산,열무,1kg,3855
2024-12-26,부산,양파,1kg,2080
2024-12-26,부산,대파,1kg,4385
2024-12-26,부산,피망,100g,11667
2024-12-26,부산,파프리카,1개,1798
2024-12-26,부산,마늘,1kg,9690
2024-12-26,부산,브로콜리,1개,2523
2024-12-26,부산,사과,10개,25325
2024-12-26,부산,배,10개,52267
2024-12-27,부산,배추,1포기,5228
2024-12-27,부산,시금치,100g,9848
2024-12-27,부산,상추,100g,8577
2024-12-27,부산,얼갈이배추,1kg,3148
2024-12-27,부산,오이,10개,16400
2024-12-27,부산,호박,1개,2073
2024-12-27,부산,토마토,1kg,7423
2024-12-27,부산,무,1개,3240
2024-12-27,부산,당근,1kg,6168
2024-12-27,부산,열무,1kg,3855
2024-12-27,부산,양파,1kg,2185
2024-12-27,부산,대파,1kg,4458
2024-12-27,부산,피망,100g,11667
2024-12-27,부산,파프리카,1개,1923
2024-12-27,부산,마늘,1kg,9690
2024-12-27,부산,브로콜리,1개,2515
2024-12-27,부산,사과,10개,24500
2024-12-27,부산,배,10개,52267
2024-12-30,부산,배추,1포기,4953
2024-12-30,부산,시금치,100g,10248
2024-12-30,부산,상추,100g,8267
2024-12-30,부산,얼갈이배추,1kg,3135
2024-12-30,부산,오이,10개,16400
2024-12-30,부산,호박,1개,2098
2024-12-30,부산,토마토,1kg,7380
2024-12-30,부산,무,1개,3190
2024-12-30,부산,당근,1kg,6193
2024-12-30,부산,열무,1kg,3855
2024-12-30,부산,양파,1kg,2203
2024-12-30,부산,대파,1kg,4378
2024-12-30,부산,피망,100g,11800
2024-12-30,부산,파프리카,1개,2298
2024-12-30,부산,마늘,1kg,9690
2024-12-30,부산,브로콜리,1개,2498
2024-12-30,부산,사과,10개,23400
2024-12-30,부산,배,10개,52100
2024-12-31,부산,배추,1포기,5228
2024-12-31,부산,시금치,100g,10323
2024-12-31,부산,상추,100g,8333
2024-12-31,부산,얼갈이배추,1kg,3135
2024-12-31,부산,오이,10개,16650
2024-12-31,부산,호박,1개,2098
2024-12-31,부산,토마토,1kg,7380
2024-12-31,부산,무,1개,3190
2024-12-31,부산,당근,1kg,6193
2024-12-31,부산,열무,1kg,3993
2024-12-31,부산,양파,1kg,2203
2024-12-31,부산,대파,1kg,4353
2024-12-31,부산,피망,100g,11800
2024-12-31,부산,파프리카,1개,2315
2024-12-31,부산,마늘,1kg,9690
2024-12-31,부산,브로콜리,1개,2448
2024-12-31,부산,사과,10개,23400
2024-12-31,부산,배,10개,52100
2025-01-02,부산,배추,1포기,5228
2025-01-02,부산,시금치,100g,10460
2025-01-02,부산,상추,100g,8643
2025-01-02,부산,얼갈이배추,1kg,3193
2025-01-02,부산,오이,10개,15825
2025-01-02,부산,호박,1개,2123
2025-01-02,부산,토마토,1kg,7380
2025-01-02,부산,무,1개,3190
2025-01-02,부산,당근,1kg,6080
2025-01-02,부산,열무,1kg,3993
2025-01-02,부산,양파,1kg,2253
2025-01-02,부산,대파,1kg,4158
2025-01-02,부산,피망,100g,11800
2025-01-02,부산,파프리카,1개,2065
2025-01-02,부산,마늘,1kg,9690
2025-01-02,부산,브로콜리,1개,2448
2025-01-02,부산,사과,10개,21900
2025-01-02,부산,배,10개,52100
2025-01-03,부산,배추,1포기,5228
2025-01-03,부산,시금치,100g,10460
2025-01-03,부산,상추,100g,8400
2025-01-03,부산,얼갈이배추,1kg,3193
2025-01-03,부산,오이,10개,14350
2025-01-03,부산,호박,1개,1775
2025-01-03,부산,토마토,1kg,7088
2025-01-03,부산,무,1개,2957
2025-01-03,부산,당근,1kg,5785
2025-01-03,부산,열무,1kg,3993
2025-01-03,부산,양파,1kg,1995
2025-01-03,부산,대파,1kg,3588
2025-01-03,부산,피망,100g,11800
2025-01-03,부산,파프리카,1개,1943
2025-01-03,부산,마늘,1kg,8800
2025-01-03,부산,브로콜리,1개,2100
2025-01-03,부산,사과,10개,21900
2025-01-03,부산,배,10개,52100
2025-01-06,부산,배추,1포기,5685
2025-01-06,부산,시금치,100g,10535
2025-01-06,부산,상추,100g,8400
2025-01-06,부산,얼갈이배추,1kg,3187
2025-01-06,부산,오이,10개,14175
2025-01-06,부산,호박,1개,1775
2025-01-06,부산,토마토,1kg,6963
2025-01-06,부산,무,1개,2957
2025-01-06,부산,당근,1kg,5285
2025-01-06,부산,열무,1kg,3993
2025-01-06,부산,양파,1kg,2128
2025-01-06,부산,대파,1kg,3420
2025-01-06,부산,피망,100g,11833
2025-01-06,부산,파프리카,1개,1943
2025-01-06,부산,마늘,1kg,9300
2025-01-06,부산,브로콜리,1개,2100
2025-01-06,부산,사과,10개,23225
2025-01-06,부산,배,10개,52100
2025-01-07,부산,배추,1포기,6010
2025-01-07,부산,시금치,100g,9935
2025-01-07,부산,상추,100g,8400
2025-01-07,부산,얼갈이배추,1kg,3187
2025-01-07,부산,오이,10개,14175
2025-01-07,부산,호박,1개,1775
2025-01-07,부산,토마토,1kg,6595
2025-01-07,부산,무,1개,3033
2025-01-07,부산,당근,1kg,5535
2025-01-07,부산,열무,1kg,4470
2025-01-07,부산,양파,1kg,2125
2025-01-07,부산,대파,1kg,3420
2025-01-07,부산,피망,100g,12667
2025-01-07,부산,파프리카,1개,1843
2025-01-07,부산,마늘,1kg,9333
2025-01-07,부산,브로콜리,1개,2100
2025-01-07,부산,사과,10개,22225
2025-01-07,부산,배,10개,52100
2025-01-08,부산,배추,1포기,6093
2025-01-08,부산,시금치,100g,9935
2025-01-08,부산,상추,100g,8433
2025-01-08,부산,얼갈이배추,1kg,3187
2025-01-08,부산,오이,10개,14175
2025-01-08,부산,호박,1개,1775
2025-01-08,부산,토마토,1kg,6595
2025-01-08,부산,무,1개,3033
2025-01-08,부산,당근,1kg,5535
2025-01-08,부산,열무,1kg,4470
2025-01-08,부산,양파,1kg,2125
2025-01-08,부산,대파,1kg,3438
2025-01-08,부산,피망,100g,12667
2025-01-08,부산,파프리카,1개,1893
2025-01-08,부산,마늘,1kg,9333
2025-01-08,부산,브로콜리,1개,2200
2025-01-08,부산,사과,10개,22225
2025-01-08,부산,배,10개,52100
2025-01-09,부산,배추,1포기,5685
2025-01-09,부산,시금치,100g,10625
2025-01-09,부산,상추,100g,9377
2025-01-09,부산,얼갈이배추,1kg,3187
2025-01-09,부산,오이,10개,19175
2025-01-09,부산,호박,1개,2248
2025-01-09,부산,토마토,1kg,6173
2025-01-09,부산,무,1개,2930
2025-01-09,부산,당근,1kg,6573
2025-01-09,부산,열무,1kg,4470
2025-01-09,부산,양파,1kg,2115
2025-01-09,부산,대파,1kg,3895
2025-01-09,부산,피망,100g,12667
2025-01-09,부산,파프리카,1개,1833
2025-01-09,부산,마늘,1kg,9690
2025-01-09,부산,브로콜리,1개,2323
2025-01-09,부산,사과,10개,21925
2025-01-09,부산,배,10개,52100
2025-01-10,부산,배추,1포기,5685
2025-01-10,부산,시금치,100g,10565
2025-01-10,부산,상추,100g,8743
2025-01-10,부산,얼갈이배추,1kg,3270
2025-01-10,부산,오이,10개,19175
2025-01-10,부산,호박,1개,2248
2025-01-10,부산,토마토,1kg,6173
2025-01-10,부산,무,1개,3100
2025-01-10,부산,당근,1kg,6530
2025-01-10,부산,열무,1kg,4520
2025-01-10,부산,양파,1kg,2115
2025-01-10,부산,대파,1kg,3895
2025-01-10,부산,피망,100g,12667
2025-01-10,부산,파프리카,1개,1833
2025-01-10,부산,마늘,1kg,9690
2025-01-10,부산,브로콜리,1개,2298
2025-01-10,부산,사과,10개,22950
2025-01-10,부산,배,10개,46500
2025-01-13,부산,배추,1포기,5768
2025-01-13,부산,시금치,100g,9838
2025-01-13,부산,상추,100g,8743
2025-01-13,부산,얼갈이배추,1kg,3270
2025-01-13,부산,오이,10개,19175
2025-01-13,부산,호박,1개,2365
2025-01-13,부산,토마토,1kg,5080
2025-01-13,부산,무,1개,2933
2025-01-13,부산,당근,1kg,6530
2025-01-13,부산,열무,1kg,4520
2025-01-13,부산,양파,1kg,2115
2025-01-13,부산,대파,1kg,3878
2025-01-13,부산,피망,100g,12667
2025-01-13,부산,파프리카,1개,1933
2025-01-13,부산,마늘,1kg,9690
2025-01-13,부산,브로콜리,1개,2298
2025-01-13,부산,사과,10개,22700
2025-01-13,부산,배,10개,43333
2025-01-14,부산,배추,1포기,5768
2025-01-14,부산,시금치,100g,10423
2025-01-14,부산,상추,100g,9377
2025-01-14,부산,얼갈이배추,1kg,3303
2025-01-14,부산,오이,10개,19250
2025-01-14,부산,호박,1개,2365
2025-01-14,부산,토마토,1kg,5015
2025-01-14,부산,무,1개,3187
2025-01-14,부산,당근,1kg,6530
2025-01-14,부산,열무,1kg,4520
2025-01-14,부산,양파,1kg,2115
2025-01-14,부산,대파,1kg,3853
2025-01-14,부산,피망,100g,12667
2025-01-14,부산,파프리카,1개,1933
2025-01-14,부산,마늘,1kg,9690
2025-01-14,부산,브로콜리,1개,2298
2025-01-14,부산,사과,10개,22700
2025-01-14,부산,배,10개,42867
2025-01-15,부산,배추,1포기,5443
2025-01-15,부산,시금치,100g,11550
2025-01-15,부산,상추,100g,9377
2025-01-15,부산,얼갈이배추,1kg,3287
2025-01-15,부산,오이,10개,19250
2025-01-15,부산,호박,1개,2415
2025-01-15,부산,토마토,1kg,5015
2025-01-15,부산,무,1개,3053
2025-01-15,부산,당근,1kg,7600
2025-01-15,부산,열무,1kg,4520
2025-01-15,부산,양파,1kg,2178
2025-01-15,부산,대파,1kg,3853
2025-01-15,부산,피망,100g,12800
2025-01-15,부산,파프리카,1개,1908
2025-01-15,부산,마늘,1kg,9690
2025-01-15,부산,브로콜리,1개,2298
2025-01-15,부산,사과,10개,23200
2025-01-15,부산,배,10개,45250
2025-01-16,부산,배추,1포기,5443
2025-01-16,부산,시금치,100g,11450
2025-01-16,부산,상추,100g,9310
2025-01-16,부산,얼갈이배추,1kg,3585
2025-01-16,부산,오이,10개,17575
2025-01-16,부산,호박,1개,2665
2025-01-16,부산,토마토,1kg,5015
2025-01-16,부산,무,1개,3053
2025-01-16,부산,당근,1kg,6330
2025-01-16,부산,열무,1kg,3930
2025-01-16,부산,양파,1kg,2265
2025-01-16,부산,대파,1kg,3600
2025-01-16,부산,피망,100g,11967
2025-01-16,부산,파프리카,1개,2075
2025-01-16,부산,마늘,1kg,8228
2025-01-16,부산,브로콜리,1개,2223
2025-01-16,부산,사과,10개,25000
2025-01-16,부산,배,10개,50067
2025-01-17,부산,배추,1포기,4993
2025-01-17,부산,시금치,100g,11350
2025-01-17,부산,상추,100g,9310
2025-01-17,부산,얼갈이배추,1kg,3585
2025-01-17,부산,오이,10개,17575
2025-01-17,부산,호박,1개,2598
2025-01-17,부산,토마토,1kg,5015
2025-01-17,부산,무,1개,2910
2025-01-17,부산,당근,1kg,6330
2025-01-17,부산,열무,1kg,3930
2025-01-17,부산,양파,1kg,2158
2025-01-17,부산,대파,1kg,3590
2025-01-17,부산,피망,100g,11967
2025-01-17,부산,파프리카,1개,2075
2025-01-17,부산,마늘,1kg,8228
2025-01-17,부산,브로콜리,1개,2223
2025-01-17,부산,사과,10개,25000
2025-01-17,부산,배,10개,50067
2025-01-20,부산,배추,1포기,4993
2025-01-20,부산,시금치,100g,11350
2025-01-20,부산,상추,100g,8977
2025-01-20,부산,얼갈이배추,1kg,3585
2025-01-20,부산,오이,10개,17575
2025-01-20,부산,호박,1개,2598
2025-01-20,부산,토마토,1kg,5015
2025-01-20,부산,무,1개,2910
2025-01-20,부산,당근,1kg,6330
2025-01-20,부산,열무,1kg,3930
2025-01-20,부산,양파,1kg,1998
2025-01-20,부산,대파,1kg,3108
2025-01-20,부산,피망,100g,11967
2025-01-20,부산,파프리카,1개,1958
2025-01-20,부산,마늘,1kg,8228
2025-01-20,부산,브로콜리,1개,2223
2025-01-20,부산,사과,10개,26125
2025-01-20,부산,배,10개,56350
2025-01-21,부산,배추,1포기,5235
2025-01-21,부산,시금치,100g,11750
2025-01-21,부산,상추,100g,8977
2025-01-21,부산,얼갈이배추,1kg,3380
2025-01-21,부산,오이,10개,18900
2025-01-21,부산,호박,1개,2648
2025-01-21,부산,토마토,1kg,5015
2025-01-21,부산,무,1개,2997
2025-01-21,부산,당근,1kg,7065
2025-01-21,부산,열무,1kg,3797
2025-01-21,부산,양파,1kg,1998
2025-01-21,부산,대파,1kg,2918
2025-01-21,부산,피망,100g,12133
2025-01-21,부산,파프리카,1개,1850
2025-01-21,부산,마늘,1kg,8943
2025-01-21,부산,브로콜리,1개,2515
2025-01-21,부산,사과,10개,25225
2025-01-21,부산,배,10개,59800
2025-01-22,부산,배추,1포기,5235
2025-01-22,부산,시금치,100g,12300
2025-01-22,부산,상추,100g,9533
2025-01-22,부산,얼갈이배추,1kg,3380
2025-01-22,부산,오이,10개,18900
2025-01-22,부산,호박,1개,2723
2025-01-22,부산,토마토,1kg,5015
2025-01-22,부산,무,1개,2997
2025-01-22,부산,당근,1kg,7065
2025-01-22,부산,열무,1kg,3797
2025-01-22,부산,양파,1kg,1998
2025-01-22,부산,대파,1kg,2918
2025-01-22,부산,피망,100g,12133
2025-01-22,부산,파프리카,1개,1925
2025-01-22,부산,마늘,1kg,8943
2025-01-22,부산,브로콜리,1개,2515
2025-01-22,부산,사과,10개,25225
2025-01-22,부산,배,10개,64800
2025-01-23,부산,배추,1포기,5375
2025-01-23,부산,시금치,100g,11520
2025-01-23,부산,상추,100g,9233
2025-01-23,부산,얼갈이배추,1kg,3228
2025-01-23,부산,오이,10개,18900
2025-01-23,부산,호박,1개,2373
2025-01-23,부산,토마토,1kg,5173
2025-01-23,부산,무,1개,2845
2025-01-23,부산,당근,1kg,6375
2025-01-23,부산,열무,1kg,3610
2025-01-23,부산,양파,1kg,2028
2025-01-23,부산,대파,1kg,3230
2025-01-23,부산,피망,100g,13367
2025-01-23,부산,파프리카,1개,1933
2025-01-23,부산,마늘,1kg,8738
2025-01-23,부산,브로콜리,1개,2548
2025-01-23,부산,사과,10개,25425
2025-01-23,부산,배,10개,47025
2025-01-24,부산,배추,1포기,5375
2025-01-24,부산,시금치,100g,11545
2025-01-24,부산,상추,100g,9233
2025-01-24,부산,얼갈이배추,1kg,3400
2025-01-24,부산,오이,10개,18625
2025-01-24,부산,호박,1개,2245
2025-01-24,부산,토마토,1kg,5540
2025-01-24,부산,무,1개,2845
2025-01-24,부산,당근,1kg,6190
2025-01-24,부산,열무,1kg,3840
2025-01-24,부산,양파,1kg,2160
2025-01-24,부산,대파,1kg,3330
2025-01-24,부산,피망,100g,13367
2025-01-24,부산,파프리카,1개,1978
2025-01-24,부산,마늘,1kg,8738
2025-01-24,부산,브로콜리,1개,2548
2025-01-24,부산,사과,10개,29375
2025-01-24,부산,배,10개,47625
2024-11-04,대구,배추,1포기,4937
2024-11-04,대구,시금치,100g,9567
2024-11-04,대구,상추,100g,17867
2024-11-04,대구,얼갈이배추,1kg,4957
2024-11-04,대구,오이,10개,17133
2024-11-04,대구,호박,1개,2800
2024-11-04,대구,토마토,1kg,9277
2024-11-04,대구,무,1개,4000
2024-11-04,대구,당근,1kg,7603
2024-11-04,대구,열무,1kg,5290
2024-11-04,대구,양파,1kg,1910
2024-11-04,대구,대파,1kg,4153
2024-11-04,대구,피망,100g,26267
2024-11-04,대구,파프리카,1개,2240
2024-11-04,대구,마늘,1kg,10377
2024-11-04,대구,브로콜리,1개,3375
2024-11-04,대구,사과,10개,26800
2024-11-04,대구,배,10개,36600
2024-11-05,대구,배추,1포기,5410
2024-11-05,대구,시금치,100g,9567
2024-11-05,대구,상추,100g,17867
2024-11-05,대구,얼갈이배추,1kg,4957
2024-11-05,대구,오이,10개,18967
2024-11-05,대구,호박,1개,2800
2024-11-05,대구,토마토,1kg,9277
2024-11-05,대구,무,1개,4000
2024-11-05,대구,당근,1kg,7380
2024-11-05,대구,열무,1kg,5290
2024-11-05,대구,양파,1kg,1910
2024-11-05,대구,대파,1kg,4113
2024-11-05,대구,피망,100g,26467
2024-11-05,대구,파프리카,1개,2240
2024-11-05,대구,마늘,1kg,10377
2024-11-05,대구,브로콜리,1개,3375
2024-11-05,대구,사과,10개,26800
2024-11-05,대구,배,10개,37700
2024-11-06,대구,배추,1포기,5120
2024-11-06,대구,시금치,100g,9567
2024-11-06,대구,상추,100g,17867
2024-11-06,대구,얼갈이배추,1kg,4957
2024-11-06,대구,오이,10개,18967
2024-11-06,대구,호박,1개,2800
2024-11-06,대구,토마토,1kg,9277
2024-11-06,대구,무,1개,4000
2024-11-06,대구,당근,1kg,7380
2024-11-06,대구,열무,1kg,5290
2024-11-06,대구,양파,1kg,1910
2024-11-06,대구,대파,1kg,4113
2024-11-06,대구,피망,100g,26467
2024-11-06,대구,파프리카,1개,2240
2024-11-06,대구,마늘,1kg,10377
2024-11-06,대구,브로콜리,1개,3375
2024-11-06,대구,사과,10개,26800
2024-11-06,대구,배,10개,33267
2024-11-07,대구,배추,1포기,6000
2024-11-07,대구,시금치,100g,10730
2024-11-07,대구,상추,100g,18933
2024-11-07,대구,얼갈이배추,1kg,4547
2024-11-07,대구,오이,10개,19467
2024-11-07,대구,호박,1개,2800
2024-11-07,대구,토마토,1kg,9340
2024-11-07,대구,무,1개,2600
2024-11-07,대구,당근,1kg,6957
2024-11-07,대구,열무,1kg,4893
2024-11-07,대구,양파,1kg,1553
2024-11-07,대구,대파,1kg,3053
2024-11-07,대구,피망,100g,28133
2024-11-07,대구,파프리카,1개,1803
2024-11-07,대구,마늘,1kg,8057
2024-11-07,대구,브로콜리,1개,3325
2024-11-07,대구,사과,10개,26633
2024-11-07,대구,배,10개,34100
2024-11-08,대구,배추,1포기,4157
2024-11-08,대구,시금치,100g,10730
2024-11-08,대구,상추,100g,18567
2024-11-08,대구,얼갈이배추,1kg,4513
2024-11-08,대구,오이,10개,19467
2024-11-08,대구,호박,1개,2800
2024-11-08,대구,토마토,1kg,9340
2024-11-08,대구,무,1개,2443
2024-11-08,대구,당근,1kg,6957
2024-11-08,대구,열무,1kg,4893
2024-11-08,대구,양파,1kg,1600
2024-11-08,대구,대파,1kg,3053
2024-11-08,대구,피망,100g,28133
2024-11-08,대구,파프리카,1개,2270
2024-11-08,대구,마늘,1kg,8057
2024-11-08,대구,브로콜리,1개,4490
2024-11-08,대구,사과,10개,26633
2024-11-08,대구,배,10개,34100
2024-11-11,대구,배추,1포기,3933
2024-11-11,대구,시금치,100g,10897
2024-11-11,대구,상추,100g,17267
2024-11-11,대구,얼갈이배추,1kg,4433
2024-11-11,대구,오이,10개,18133
2024-11-11,대구,호박,1개,2493
2024-11-11,대구,토마토,1kg,10007
2024-11-11,대구,무,1개,2857
2024-11-11,대구,당근,1kg,6957
2024-11-11,대구,열무,1kg,4893
2024-11-11,대구,양파,1kg,1600
2024-11-11,대구,대파,1kg,3053
2024-11-11,대구,피망,100g,26133
2024-11-11,대구,파프리카,1개,2213
2024-11-11,대구,마늘,1kg,8057
2024-11-11,대구,브로콜리,1개,3370
2024-11-11,대구,사과,10개,24433
2024-11-11,대구,배,10개,32967
2024-11-12,대구,배추,1포기,3933
2024-11-12,대구,시금치,100g,12700
2024-11-12,대구,상추,100g,17267
2024-11-12,대구,얼갈이배추,1kg,4433
2024-11-12,대구,오이,10개,18133
2024-11-12,대구,호박,1개,2493
2024-11-12,대구,토마토,1kg,10007
2024-11-12,대구,무,1개,2857
2024-11-12,대구,당근,1kg,6957
2024-11-12,대구,열무,1kg,4600
2024-11-12,대구,양파,1kg,1600
2024-11-12,대구,대파,1kg,3053
2024-11-12,대구,피망,100g,26133
2024-11-12,대구,파프리카,1개,2047
2024-11-12,대구,마늘,1kg,9170
2024-11-12,대구,브로콜리,1개,3325
2024-11-12,대구,사과,10개,24433
2024-11-12,대구,배,10개,28800
2024-11-13,대구,배추,1포기,3823
2024-11-13,대구,시금치,100g,12400
2024-11-13,대구,상추,100g,16500
2024-11-13,대구,얼갈이배추,1kg,4433
2024-11-13,대구,오이,10개,18567
2024-11-13,대구,호박,1개,2510
2024-11-13,대구,토마토,1kg,10007
2024-11-13,대구,무,1개,2857
2024-11-13,대구,당근,1kg,6957
2024-11-13,대구,열무,1kg,4600
2024-11-13,대구,양파,1kg,1600
2024-11-13,대구,대파,1kg,3010
2024-11-13,대구,피망,100g,26133
2024-11-13,대구,파프리카,1개,2380
2024-11-13,대구,마늘,1kg,9293
2024-11-13,대구,브로콜리,1개,3660
2024-11-13,대구,사과,10개,24433
2024-11-13,대구,배,10개,29467
2024-11-14,대구,배추,1포기,3203
2024-11-14,대구,시금치,100g,11867
2024-11-14,대구,상추,100g,15400
2024-11-14,대구,얼갈이배추,1kg,4100
2024-11-14,대구,오이,10개,16600
2024-11-14,대구,호박,1개,2077
2024-11-14,대구,토마토,1kg,9673
2024-11-14,대구,무,1개,2857
2024-11-14,대구,당근,1kg,6890
2024-11-14,대구,열무,1kg,4267
2024-11-14,대구,양파,1kg,1423
2024-11-14,대구,대파,1kg,3483
2024-11-14,대구,피망,100g,22800
2024-11-14,대구,파프리카,1개,2213
2024-11-14,대구,마늘,1kg,7600
2024-11-14,대구,브로콜리,1개,3493
2024-11-14,대구,사과,10개,26933
2024-11-14,대구,배,10개,34250
2024-11-15,대구,배추,1포기,3203
2024-11-15,대구,시금치,100g,11867
2024-11-15,대구,상추,100g,15400
2024-11-15,대구,얼갈이배추,1kg,4100
2024-11-15,대구,오이,10개,16600
2024-11-15,대구,호박,1개,2077
2024-11-15,대구,토마토,1kg,9673
2024-11-15,대구,무,1개,2857
2024-11-15,대구,당근,1kg,6890
2024-11-15,대구,열무,1kg,4267
2024-11-15,대구,양파,1kg,1423
2024-11-15,대구,대파,1kg,3483
2024-11-15,대구,피망,100g,22800
2024-11-15,대구,파프리카,1개,2213
2024-11-15,대구,마늘,1kg,7600
2024-11-15,대구,브로콜리,1개,3493
2024-11-15,대구,사과,10개,26933
2024-11-15,대구,배,10개,34250
2024-11-18,대구,배추,1포기,3203
2024-11-18,대구,시금치,100g,11733
2024-11-18,대구,상추,100g,15400
2024-11-18,대구,얼갈이배추,1kg,4100
2024-11-18,대구,오이,10개,16600
2024-11-18,대구,호박,1개,2077
2024-11-18,대구,토마토,1kg,9717
2024-11-18,대구,무,1개,2923
2024-11-18,대구,당근,1kg,6890
2024-11-18,대구,열무,1kg,4267
2024-11-18,대구,양파,1kg,1527
2024-11-18,대구,대파,1kg,3483
2024-11-18,대구,피망,100g,22800
2024-11-18,대구,파프리카,1개,2213
2024-11-18,대구,마늘,1kg,7600
2024-11-18,대구,브로콜리,1개,3493
2024-11-18,대구,사과,10개,26933
2024-11-18,대구,배,10개,34250
2024-11-19,대구,배추,1포기,3313
2024-11-19,대구,시금치,100g,11733
2024-11-19,대구,상추,100g,15133
2024-11-19,대구,얼갈이배추,1kg,4100
2024-11-19,대구,오이,10개,16600
2024-11-19,대구,호박,1개,2077
2024-11-19,대구,토마토,1kg,9717
2024-11-19,대구,무,1개,2923
2024-11-19,대구,당근,1kg,6963
2024-11-19,대구,열무,1kg,4267
2024-11-19,대구,양파,1kg,1527
2024-11-19,대구,대파,1kg,3483
2024-11-19,대구,피망,100g,22800
2024-11-19,대구,파프리카,1개,2213
2024-11-19,대구,마늘,1kg,7600
2024-11-19,대구,브로콜리,1개,3493
2024-11-19,대구,사과,10개,26933
2024-11-19,대구,배,10개,35950
2024-11-20,대구,배추,1포기,3313
2024-11-20,대구,시금치,100g,11733
2024-11-20,대구,상추,100g,15133
2024-11-20,대구,얼갈이배추,1kg,4100
2024-11-20,대구,오이,10개,16600
2024-11-20,대구,호박,1개,2033
2024-11-20,대구,토마토,1kg,9717
2024-11-20,대구,무,1개,2923
2024-11-20,대구,당근,1kg,6857
2024-11-20,대구,열무,1kg,4267
2024-11-20,대구,양파,1kg,1597
2024-11-20,대구,대파,1kg,3483
2024-11-20,대구,피망,100g,22933
2024-11-20,대구,파프리카,1개,1770
2024-11-20,대구,마늘,1kg,7600
2024-11-20,대구,브로콜리,1개,3493
2024-11-20,대구,사과,10개,26933
2024-11-20,대구,배,10개,35950
2024-11-21,대구,배추,1포기,3313
2024-11-21,대구,시금치,100g,11000
2024-11-21,대구,상추,100g,14033
2024-11-21,대구,얼갈이배추,1kg,4100
2024-11-21,대구,오이,10개,17433
2024-11-21,대구,호박,1개,1890
2024-11-21,대구,토마토,1kg,10020
2024-11-21,대구,무,1개,2923
2024-11-21,대구,당근,1kg,6647
2024-11-21,대구,열무,1kg,4267
2024-11-21,대구,양파,1kg,1527
2024-11-21,대구,대파,1kg,3253
2024-11-21,대구,피망,100g,21133
2024-11-21,대구,파프리카,1개,1647
2024-11-21,대구,마늘,1kg,7867
2024-11-21,대구,브로콜리,1개,2495
2024-11-21,대구,사과,10개,26933
2024-11-21,대구,배,10개,38367
2024-11-22,대구,배추,1포기,3313
2024-11-22,대구,시금치,100g,11000
2024-11-22,대구,상추,100g,13633
2024-11-22,대구,얼갈이배추,1kg,4047
2024-11-22,대구,오이,10개,17433
2024-11-22,대구,호박,1개,1890
2024-11-22,대구,토마토,1kg,10020
2024-11-22,대구,무,1개,2923
2024-11-22,대구,당근,1kg,6647
2024-11-22,대구,열무,1kg,4213
2024-11-22,대구,양파,1kg,1527
2024-11-22,대구,대파,1kg,3253
2024-11-22,대구,피망,100g,21133
2024-11-22,대구,파프리카,1개,1647
2024-11-22,대구,마늘,1kg,7867
2024-11-22,대구,브로콜리,1개,3160
2024-11-22,대구,사과,10개,26933
2024-11-22,대구,배,10개,37700
2024-11-25,대구,배추,1포기,3313
2024-11-25,대구,시금치,100g,10500
2024-11-25,대구,상추,100g,14200
2024-11-25,대구,얼갈이배추,1kg,4047
2024-11-25,대구,오이,10개,17433
2024-11-25,대구,호박,1개,1890
2024-11-25,대구,토마토,1kg,10020
2024-11-25,대구,무,1개,2957
2024-11-25,대구,당근,1kg,6647
2024-11-25,대구,열무,1kg,4213
2024-11-25,대구,양파,1kg,1527
2024-11-25,대구,대파,1kg,3250
2024-11-25,대구,피망,100g,21133
2024-11-25,대구,파프리카,1개,1647
2024-11-25,대구,마늘,1kg,7867
2024-11-25,대구,브로콜리,1개,3160
2024-11-25,대구,사과,10개,26933
2024-11-25,대구,배,10개,37700
2024-11-26,대구,배추,1포기,3313
2024-11-26,대구,시금치,100g,10200
2024-11-26,대구,상추,100g,14300
2024-11-26,대구,얼갈이배추,1kg,4047
2024-11-26,대구,오이,10개,17433
2024-11-26,대구,호박,1개,1890
2024-11-26,대구,토마토,1kg,10020
2024-11-26,대구,무,1개,2957
2024-11-26,대구,당근,1kg,7017
2024-11-26,대구,열무,1kg,4213
2024-11-26,대구,양파,1kg,1597
2024-11-26,대구,대파,1kg,3250
2024-11-26,대구,피망,100g,20800
2024-11-26,대구,파프리카,1개,1880
2024-11-26,대구,마늘,1kg,7867
2024-11-26,대구,브로콜리,1개,3160
2024-11-26,대구,사과,10개,29433
2024-11-26,대구,배,10개,37700
2024-11-27,대구,배추,1포기,3423
2024-11-27,대구,시금치,100g,10333
2024-11-27,대구,상추,100g,14300
2024-11-27,대구,얼갈이배추,1kg,4047
2024-11-27,대구,오이,10개,17433
2024-11-27,대구,호박,1개,1890
2024-11-27,대구,토마토,1kg,10133
2024-11-27,대구,무,1개,3023
2024-11-27,대구,당근,1kg,7017
2024-11-27,대구,열무,1kg,4157
2024-11-27,대구,양파,1kg,1597
2024-11-27,대구,대파,1kg,3377
2024-11-27,대구,피망,100g,20800
2024-11-27,대구,파프리카,1개,1893
2024-11-27,대구,마늘,1kg,7867
2024-11-27,대구,브로콜리,1개,3160
2024-11-27,대구,사과,10개,27267
2024-11-27,대구,배,10개,37700
2024-11-28,대구,배추,1포기,3537
2024-11-28,대구,시금치,100g,10800
2024-11-28,대구,상추,100g,13833
2024-11-28,대구,얼갈이배추,1kg,4047
2024-11-28,대구,오이,10개,17433
2024-11-28,대구,호박,1개,1767
2024-11-28,대구,토마토,1kg,10133
2024-11-28,대구,무,1개,3023
2024-11-28,대구,당근,1kg,7017
2024-11-28,대구,열무,1kg,4157
2024-11-28,대구,양파,1kg,1527
2024-11-28,대구,대파,1kg,3607
2024-11-28,대구,피망,100g,18200
2024-11-28,대구,파프리카,1개,1860
2024-11-28,대구,마늘,1kg,8200
2024-11-28,대구,브로콜리,1개,2827
2024-11-28,대구,사과,10개,28600
2024-11-28,대구,배,10개,38367
2024-11-29,대구,배추,1포기,3537
2024-11-29,대구,시금치,100g,10800
2024-11-29,대구,상추,100g,13833
2024-11-29,대구,얼갈이배추,1kg,4047
2024-11-29,대구,오이,10개,18267
2024-11-29,대구,호박,1개,1767
2024-11-29,대구,토마토,1kg,10133
2024-11-29,대구,무,1개,3057
2024-11-29,대구,당근,1kg,7017
2024-11-29,대구,열무,1kg,4157
2024-11-29,대구,양파,1kg,1527
2024-11-29,대구,대파,1kg,3607
2024-11-29,대구,피망,100g,18200
2024-11-29,대구,파프리카,1개,1860
2024-11-29,대구,마늘,1kg,8200
2024-11-29,대구,브로콜리,1개,2827
2024-11-29,대구,사과,10개,28600
2024-11-29,대구,배,10개,38367
2024-12-02,대구,배추,1포기,4287
2024-12-02,대구,시금치,100g,10333
2024-12-02,대구,상추,100g,11433
2024-12-02,대구,얼갈이배추,1kg,3990
2024-12-02,대구,오이,10개,18267
2024-12-02,대구,호박,1개,1767
2024-12-02,대구,토마토,1kg,9967
2024-12-02,대구,무,1개,3640
2024-12-02,대구,당근,1kg,7127
2024-12-02,대구,열무,1kg,4130
2024-12-02,대구,양파,1kg,1647
2024-12-02,대구,대파,1kg,3840
2024-12-02,대구,피망,100g,18200
2024-12-02,대구,파프리카,1개,1860
2024-12-02,대구,마늘,1kg,8867
2024-12-02,대구,브로콜리,1개,2827
2024-12-02,대구,사과,10개,29600
2024-12-02,대구,배,10개,38933
2024-12-03,대구,배추,1포기,4397
2024-12-03,대구,시금치,100g,10333
2024-12-03,대구,상추,100g,12233
2024-12-03,대구,얼갈이배추,1kg,3990
2024-12-03,대구,오이,10개,18267
2024-12-03,대구,호박,1개,1767
2024-12-03,대구,토마토,1kg,9967
2024-12-03,대구,무,1개,3640
2024-12-03,대구,당근,1kg,7240
2024-12-03,대구,열무,1kg,4130
2024-12-03,대구,양파,1kg,1737
2024-12-03,대구,대파,1kg,3840
2024-12-03,대구,피망,100g,18200
2024-12-03,대구,파프리카,1개,1927
2024-12-03,대구,마늘,1kg,8867
2024-12-03,대구,브로콜리,1개,2827
2024-12-03,대구,사과,10개,29600
2024-12-03,대구,배,10개,38933
2024-12-04,대구,배추,1포기,4397
2024-12-04,대구,시금치,100g,10333
2024-12-04,대구,상추,100g,11500
2024-12-04,대구,얼갈이배추,1kg,3990
2024-12-04,대구,오이,10개,18267
2024-12-04,대구,호박,1개,1767
2024-12-04,대구,토마토,1kg,9967
2024-12-04,대구,무,1개,3640
2024-12-04,대구,당근,1kg,7240
2024-12-04,대구,열무,1kg,4047
2024-12-04,대구,양파,1kg,1737
2024-12-04,대구,대파,1kg,3840
2024-12-04,대구,피망,100g,17967
2024-12-04,대구,파프리카,1개,1913
2024-12-04,대구,마늘,1kg,8867
2024-12-04,대구,브로콜리,1개,2827
2024-12-04,대구,사과,10개,29600
2024-12-04,대구,배,10개,38933
2024-12-05,대구,배추,1포기,5047
2024-12-05,대구,시금치,100g,9710
2024-12-05,대구,상추,100g,11167
2024-12-05,대구,얼갈이배추,1kg,3760
2024-12-05,대구,오이,10개,18267
2024-12-05,대구,호박,1개,1800
2024-12-05,대구,토마토,1kg,10693
2024-12-05,대구,무,1개,4260
2024-12-05,대구,당근,1kg,7573
2024-12-05,대구,열무,1kg,4047
2024-12-05,대구,양파,1kg,2040
2024-12-05,대구,대파,1kg,4320
2024-12-05,대구,피망,100g,17133
2024-12-05,대구,파프리카,1개,1913
2024-12-05,대구,마늘,1kg,9533
2024-12-05,대구,브로콜리,1개,2827
2024-12-05,대구,사과,10개,29600
2024-12-05,대구,배,10개,40267
2024-12-09,대구,배추,1포기,5047
2024-12-09,대구,시금치,100g,9360
2024-12-09,대구,상추,100g,10900
2024-12-09,대구,얼갈이배추,1kg,3703
2024-12-09,대구,오이,10개,17833
2024-12-09,대구,호박,1개,1800
2024-12-09,대구,토마토,1kg,10527
2024-12-09,대구,무,1개,4327
2024-12-09,대구,당근,1kg,7573
2024-12-09,대구,열무,1kg,4047
2024-12-09,대구,양파,1kg,2040
2024-12-09,대구,대파,1kg,4320
2024-12-09,대구,피망,100g,16933
2024-12-09,대구,파프리카,1개,1913
2024-12-09,대구,마늘,1kg,9533
2024-12-09,대구,브로콜리,1개,2827
2024-12-09,대구,사과,10개,29600
2024-12-09,대구,배,10개,40267
2024-12-10,대구,배추,1포기,5213
2024-12-10,대구,시금치,100g,8373
2024-12-10,대구,상추,100g,10833
2024-12-10,대구,얼갈이배추,1kg,3703
2024-12-10,대구,오이,10개,17833
2024-12-10,대구,호박,1개,1833
2024-12-10,대구,토마토,1kg,10530
2024-12-10,대구,무,1개,4327
2024-12-10,대구,당근,1kg,7573
2024-12-10,대구,열무,1kg,3817
2024-12-10,대구,양파,1kg,2043
2024-12-10,대구,대파,1kg,4320
2024-12-10,대구,피망,100g,16933
2024-12-10,대구,파프리카,1개,1913
2024-12-10,대구,마늘,1kg,9530
2024-12-10,대구,브로콜리,1개,2993
2024-12-10,대구,사과,10개,29600
2024-12-10,대구,배,10개,40267
2024-12-11,대구,배추,1포기,5213
2024-12-11,대구,시금치,100g,8373
2024-12-11,대구,상추,100g,10833
2024-12-11,대구,얼갈이배추,1kg,3703
2024-12-11,대구,오이,10개,17833
2024-12-11,대구,호박,1개,1833
2024-12-11,대구,토마토,1kg,10417
2024-12-11,대구,무,1개,4327
2024-12-11,대구,당근,1kg,7573
2024-12-11,대구,열무,1kg,3817
2024-12-11,대구,양파,1kg,2043
2024-12-11,대구,대파,1kg,4320
2024-12-11,대구,피망,100g,16933
2024-12-11,대구,파프리카,1개,1913
2024-12-11,대구,마늘,1kg,9530
2024-12-11,대구,브로콜리,1개,2993
2024-12-11,대구,사과,10개,29600
2024-12-11,대구,배,10개,40267
2024-12-12,대구,배추,1포기,4770
2024-12-12,대구,시금치,100g,9257
2024-12-12,대구,상추,100g,10833
2024-12-12,대구,얼갈이배추,1kg,3247
2024-12-12,대구,오이,10개,17000
2024-12-12,대구,호박,1개,1863
2024-12-12,대구,토마토,1kg,9383
2024-12-12,대구,무,1개,4027
2024-12-12,대구,당근,1kg,6743
2024-12-12,대구,열무,1kg,3360
2024-12-12,대구,양파,1kg,1817
2024-12-12,대구,대파,1kg,4400
2024-12-12,대구,피망,100g,16933
2024-12-12,대구,파프리카,1개,1980
2024-12-12,대구,마늘,1kg,9530
2024-12-12,대구,브로콜리,1개,2860
2024-12-12,대구,사과,10개,30267
2024-12-12,대구,배,10개,40267
2024-12-13,대구,배추,1포기,4770
2024-12-13,대구,시금치,100g,9257
2024-12-13,대구,상추,100g,9790
2024-12-13,대구,얼갈이배추,1kg,3247
2024-12-13,대구,오이,10개,17000
2024-12-13,대구,호박,1개,1863
2024-12-13,대구,토마토,1kg,9383
2024-12-13,대구,무,1개,3960
2024-12-13,대구,당근,1kg,6743
2024-12-13,대구,열무,1kg,3360
2024-12-13,대구,양파,1kg,1817
2024-12-13,대구,대파,1kg,4440
2024-12-13,대구,피망,100g,17033
2024-12-13,대구,파프리카,1개,1725
2024-12-13,대구,마늘,1kg,9530
2024-12-13,대구,브로콜리,1개,2143
2024-12-13,대구,사과,10개,30267
2024-12-13,대구,배,10개,40267
2024-12-16,대구,배추,1포기,5160
2024-12-16,대구,시금치,100g,9257
2024-12-16,대구,상추,100g,9313
2024-12-16,대구,얼갈이배추,1kg,3247
2024-12-16,대구,오이,10개,17000
2024-12-16,대구,호박,1개,1863
2024-12-16,대구,토마토,1kg,9383
2024-12-16,대구,무,1개,4195
2024-12-16,대구,당근,1kg,6743
2024-12-16,대구,열무,1kg,3360
2024-12-16,대구,양파,1kg,1817
2024-12-16,대구,대파,1kg,4400
2024-12-16,대구,피망,100g,17033
2024-12-16,대구,파프리카,1개,1980
2024-12-16,대구,마늘,1kg,9530
2024-12-16,대구,브로콜리,1개,2327
2024-12-16,대구,사과,10개,30267
2024-12-16,대구,배,10개,40267
2024-12-17,대구,배추,1포기,5160
2024-12-17,대구,시금치,100g,9257
2024-12-17,대구,상추,100g,10567
2024-12-17,대구,얼갈이배추,1kg,3247
2024-12-17,대구,오이,10개,17000
2024-12-17,대구,호박,1개,1863
2024-12-17,대구,토마토,1kg,9383
2024-12-17,대구,무,1개,3960
2024-12-17,대구,당근,1kg,6743
2024-12-17,대구,열무,1kg,3360
2024-12-17,대구,양파,1kg,1817
2024-12-17,대구,대파,1kg,4317
2024-12-17,대구,피망,100g,17033
2024-12-17,대구,파프리카,1개,1980
2024-12-17,대구,마늘,1kg,9530
2024-12-17,대구,브로콜리,1개,2327
2024-12-17,대구,사과,10개,30267
2024-12-17,대구,배,10개,40450
2024-12-18,대구,배추,1포기,5160
2024-12-18,대구,시금치,100g,9257
2024-12-18,대구,상추,100g,10567
2024-12-18,대구,얼갈이배추,1kg,3247
2024-12-18,대구,오이,10개,16600
2024-12-18,대구,호박,1개,1863
2024-12-18,대구,토마토,1kg,9273
2024-12-18,대구,무,1개,4195
2024-12-18,대구,당근,1kg,6743
2024-12-18,대구,열무,1kg,3360
2024-12-18,대구,양파,1kg,1817
2024-12-18,대구,대파,1kg,4317
2024-12-18,대구,피망,100g,17033
2024-12-18,대구,파프리카,1개,1980
2024-12-18,대구,마늘,1kg,9530
2024-12-18,대구,브로콜리,1개,2327
2024-12-18,대구,사과,10개,30267
2024-12-18,대구,배,10개,40450
2024-12-19,대구,배추,1포기,4660
2024-12-19,대구,시금치,100g,9490
2024-12-19,대구,상추,100g,8967
2024-12-19,대구,얼갈이배추,1kg,3267
2024-12-19,대구,오이,10개,16600
2024-12-19,대구,호박,1개,1833
2024-12-19,대구,토마토,1kg,9273
2024-12-19,대구,무,1개,4245
2024-12-19,대구,당근,1kg,6870
2024-12-19,대구,열무,1kg,3075
2024-12-19,대구,양파,1kg,1817
2024-12-19,대구,대파,1kg,4317
2024-12-19,대구,피망,100g,17033
2024-12-19,대구,파프리카,1개,2143
2024-12-19,대구,마늘,1kg,9530
2024-12-19,대구,브로콜리,1개,2660
2024-12-19,대구,사과,10개,27933
2024-12-19,대구,배,10개,42450
2024-12-20,대구,배추,1포기,4660
2024-12-20,대구,시금치,100g,9623
2024-12-20,대구,상추,100g,8967
2024-12-20,대구,얼갈이배추,1kg,3267
2024-12-20,대구,오이,10개,16600
2024-12-20,대구,호박,1개,1877
2024-12-20,대구,토마토,1kg,9273
2024-12-20,대구,무,1개,4245
2024-12-20,대구,당근,1kg,6870
2024-12-20,대구,열무,1kg,3075
2024-12-20,대구,양파,1kg,1817
2024-12-20,대구,대파,1kg,4317
2024-12-20,대구,피망,100g,17033
2024-12-20,대구,파프리카,1개,2143
2024-12-20,대구,마늘,1kg,9530
2024-12-20,대구,브로콜리,1개,3160
2024-12-20,대구,사과,10개,27933
2024-12-20,대구,배,10개,42450
2024-12-23,대구,배추,1포기,4770
2024-12-23,대구,시금치,100g,9723
2024-12-23,대구,상추,100g,8967
2024-12-23,대구,얼갈이배추,1kg,3267
2024-12-23,대구,오이,10개,16600
2024-12-23,대구,호박,1개,1937
2024-12-23,대구,토마토,1kg,9273
2024-12-23,대구,무,1개,4370
2024-12-23,대구,당근,1kg,6870
2024-12-23,대구,열무,1kg,3200
2024-12-23,대구,양파,1kg,1817
2024-12-23,대구,대파,1kg,4357
2024-12-23,대구,피망,100g,17033
2024-12-23,대구,파프리카,1개,2143
2024-12-23,대구,마늘,1kg,9530
2024-12-23,대구,브로콜리,1개,3160
2024-12-23,대구,사과,10개,27933
2024-12-23,대구,배,10개,42450
2024-12-24,대구,배추,1포기,4770
2024-12-24,대구,시금치,100g,9723
2024-12-24,대구,상추,100g,9133
2024-12-24,대구,얼갈이배추,1kg,3703
2024-12-24,대구,오이,10개,16600
2024-12-24,대구,호박,1개,1937
2024-12-24,대구,토마토,1kg,8440
2024-12-24,대구,무,1개,4750
2024-12-24,대구,당근,1kg,6870
2024-12-24,대구,열무,1kg,3855
2024-12-24,대구,양파,1kg,1817
2024-12-24,대구,대파,1kg,4220
2024-12-24,대구,피망,100g,17267
2024-12-24,대구,파프리카,1개,2457
2024-12-24,대구,마늘,1kg,9530
2024-12-24,대구,브로콜리,1개,3160
2024-12-24,대구,사과,10개,27933
2024-12-24,대구,배,10개,42450
2024-12-26,대구,배추,1포기,5080
2024-12-26,대구,시금치,100g,10420
2024-12-26,대구,상추,100g,9733
2024-12-26,대구,얼갈이배추,1kg,3850
2024-12-26,대구,오이,10개,16833
2024-12-26,대구,호박,1개,2137
2024-12-26,대구,토마토,1kg,7743
2024-12-26,대구,무,1개,4750
2024-12-26,대구,당근,1kg,7037
2024-12-26,대구,열무,1kg,3730
2024-12-26,대구,양파,1kg,1817
2024-12-26,대구,대파,1kg,4337
2024-12-26,대구,피망,100g,17033
2024-12-26,대구,파프리카,1개,2327
2024-12-26,대구,마늘,1kg,9530
2024-12-26,대구,브로콜리,1개,2495
2024-12-26,대구,사과,10개,29433
2024-12-26,대구,배,10개,42450
2024-12-27,대구,배추,1포기,5080
2024-12-27,대구,시금치,100g,10420
2024-12-27,대구,상추,100g,9733
2024-12-27,대구,얼갈이배추,1kg,3850
2024-12-27,대구,오이,10개,16833
2024-12-27,대구,호박,1개,2103
2024-12-27,대구,토마토,1kg,7743
2024-12-27,대구,무,1개,4750
2024-12-27,대구,당근,1kg,7037
2024-12-27,대구,열무,1kg,3730
2024-12-27,대구,양파,1kg,1817
2024-12-27,대구,대파,1kg,4337
2024-12-27,대구,피망,100g,17033
2024-12-27,대구,파프리카,1개,2327
2024-12-27,대구,마늘,1kg,9530
2024-12-27,대구,브로콜리,1개,2495
2024-12-27,대구,사과,10개,29433
2024-12-27,대구,배,10개,42450
2024-12-30,대구,배추,1포기,4603
2024-12-30,대구,시금치,100g,10420
2024-12-30,대구,상추,100g,9633
2024-12-30,대구,얼갈이배추,1kg,3850
2024-12-30,대구,오이,10개,16833
2024-12-30,대구,호박,1개,2083
2024-12-30,대구,토마토,1kg,7633
2024-12-30,대구,무,1개,4750
2024-12-30,대구,당근,1kg,7037
2024-12-30,대구,열무,1kg,3810
2024-12-30,대구,양파,1kg,1817
2024-12-30,대구,대파,1kg,4140
2024-12-30,대구,피망,100g,17700
2024-12-30,대구,파프리카,1개,2827
2024-12-30,대구,마늘,1kg,9530
2024-12-30,대구,브로콜리,1개,2495
2024-12-30,대구,사과,10개,29433
2024-12-30,대구,배,10개,42450
2024-12-31,대구,배추,1포기,4970
2024-12-31,대구,시금치,100g,10420
2024-12-31,대구,상추,100g,9323
2024-12-31,대구,얼갈이배추,1kg,3907
2024-12-31,대구,오이,10개,16833
2024-12-31,대구,호박,1개,2083
2024-12-31,대구,토마토,1kg,7633
2024-12-31,대구,무,1개,4800
2024-12-31,대구,당근,1kg,7037
2024-12-31,대구,열무,1kg,3855
2024-12-31,대구,양파,1kg,1817
2024-12-31,대구,대파,1kg,4140
2024-12-31,대구,피망,100g,17700
2024-12-31,대구,파프리카,1개,2827
2024-12-31,대구,마늘,1kg,9530
2024-12-31,대구,브로콜리,1개,2743
2024-12-31,대구,사과,10개,30933
2024-12-31,대구,배,10개,42450
2025-01-02,대구,배추,1포기,5103
2025-01-02,대구,시금치,100g,10213
2025-01-02,대구,상추,100g,9633
2025-01-02,대구,얼갈이배추,1kg,3760
2025-01-02,대구,오이,10개,15733
2025-01-02,대구,호박,1개,2117
2025-01-02,대구,토마토,1kg,7300
2025-01-02,대구,무,1개,4800
2025-01-02,대구,당근,1kg,6957
2025-01-02,대구,열무,1kg,3855
2025-01-02,대구,양파,1kg,1817
2025-01-02,대구,대파,1kg,3820
2025-01-02,대구,피망,100g,17700
2025-01-02,대구,파프리카,1개,2327
2025-01-02,대구,마늘,1kg,8863
2025-01-02,대구,브로콜리,1개,2743
2025-01-02,대구,사과,10개,28933
2025-01-02,대구,배,10개,42450
2025-01-03,대구,배추,1포기,5270
2025-01-03,대구,시금치,100g,10547
2025-01-03,대구,상추,100g,9323
2025-01-03,대구,얼갈이배추,1kg,3983
2025-01-03,대구,오이,10개,15733
2025-01-03,대구,호박,1개,1943
2025-01-03,대구,토마토,1kg,6900
2025-01-03,대구,무,1개,4800
2025-01-03,대구,당근,1kg,6957
2025-01-03,대구,열무,1kg,3980
2025-01-03,대구,양파,1kg,1837
2025-01-03,대구,대파,1kg,3820
2025-01-03,대구,피망,100g,17600
2025-01-03,대구,파프리카,1개,2213
2025-01-03,대구,마늘,1kg,8197
2025-01-03,대구,브로콜리,1개,2660
2025-01-03,대구,사과,10개,28933
2025-01-03,대구,배,10개,42450
2025-01-06,대구,배추,1포기,5380
2025-01-06,대구,시금치,100g,10547
2025-01-06,대구,상추,100g,9423
2025-01-06,대구,얼갈이배추,1kg,3983
2025-01-06,대구,오이,10개,16167
2025-01-06,대구,호박,1개,1943
2025-01-06,대구,토마토,1kg,6390
2025-01-06,대구,무,1개,3995
2025-01-06,대구,당근,1kg,6957
2025-01-06,대구,열무,1kg,3980
2025-01-06,대구,양파,1kg,1790
2025-01-06,대구,대파,1kg,3820
2025-01-06,대구,피망,100g,17600
2025-01-06,대구,파프리카,1개,2213
2025-01-06,대구,마늘,1kg,8863
2025-01-06,대구,브로콜리,1개,2660
2025-01-06,대구,사과,10개,27433
2025-01-06,대구,배,10개,42450
2025-01-07,대구,배추,1포기,5380
2025-01-07,대구,시금치,100g,10547
2025-01-07,대구,상추,100g,9423
2025-01-07,대구,얼갈이배추,1kg,3983
2025-01-07,대구,오이,10개,16167
2025-01-07,대구,호박,1개,1943
2025-01-07,대구,토마토,1kg,6390
2025-01-07,대구,무,1개,3995
2025-01-07,대구,당근,1kg,6957
2025-01-07,대구,열무,1kg,3980
2025-01-07,대구,양파,1kg,1790
2025-01-07,대구,대파,1kg,3820
2025-01-07,대구,피망,100g,18433
2025-01-07,대구,파프리카,1개,2213
2025-01-07,대구,마늘,1kg,8863
2025-01-07,대구,브로콜리,1개,2760
2025-01-07,대구,사과,10개,27433
2025-01-07,대구,배,10개,42450
2025-01-08,대구,배추,1포기,5380
2025-01-08,대구,시금치,100g,10447
2025-01-08,대구,상추,100g,9757
2025-01-08,대구,얼갈이배추,1kg,3983
2025-01-08,대구,오이,10개,16100
2025-01-08,대구,호박,1개,2003
2025-01-08,대구,토마토,1kg,6390
2025-01-08,대구,무,1개,3995
2025-01-08,대구,당근,1kg,6957
2025-01-08,대구,열무,1kg,3980
2025-01-08,대구,양파,1kg,1790
2025-01-08,대구,대파,1kg,3820
2025-01-08,대구,피망,100g,18300
2025-01-08,대구,파프리카,1개,2213
2025-01-08,대구,마늘,1kg,8863
2025-01-08,대구,브로콜리,1개,2760
2025-01-08,대구,사과,10개,27967
2025-01-08,대구,배,10개,42450
2025-01-09,대구,배추,1포기,4780
2025-01-09,대구,시금치,100g,11167
2025-01-09,대구,상추,100g,10267
2025-01-09,대구,얼갈이배추,1kg,4317
2025-01-09,대구,오이,10개,18333
2025-01-09,대구,호박,1개,2137
2025-01-09,대구,토마토,1kg,5827
2025-01-09,대구,무,1개,3840
2025-01-09,대구,당근,1kg,7877
2025-01-09,대구,열무,1kg,4145
2025-01-09,대구,양파,1kg,1860
2025-01-09,대구,대파,1kg,3737
2025-01-09,대구,피망,100g,19967
2025-01-09,대구,파프리카,1개,2103
2025-01-09,대구,마늘,1kg,9530
2025-01-09,대구,브로콜리,1개,2760
2025-01-09,대구,사과,10개,26333
2025-01-09,대구,배,10개,41600
2025-01-10,대구,배추,1포기,4780
2025-01-10,대구,시금치,100g,10087
2025-01-10,대구,상추,100g,9633
2025-01-10,대구,얼갈이배추,1kg,4317
2025-01-10,대구,오이,10개,18333
2025-01-10,대구,호박,1개,2137
2025-01-10,대구,토마토,1kg,5827
2025-01-10,대구,무,1개,3595
2025-01-10,대구,당근,1kg,7877
2025-01-10,대구,열무,1kg,4145
2025-01-10,대구,양파,1kg,1860
2025-01-10,대구,대파,1kg,3737
2025-01-10,대구,피망,100g,19967
2025-01-10,대구,파프리카,1개,2103
2025-01-10,대구,마늘,1kg,9530
2025-01-10,대구,브로콜리,1개,2760
2025-01-10,대구,사과,10개,26333
2025-01-10,대구,배,10개,41600
2025-01-13,대구,배추,1포기,4780
2025-01-13,대구,시금치,100g,10087
2025-01-13,대구,상추,100g,9633
2025-01-13,대구,얼갈이배추,1kg,4317
2025-01-13,대구,오이,10개,18333
2025-01-13,대구,호박,1개,2137
2025-01-13,대구,토마토,1kg,5827
2025-01-13,대구,무,1개,3595
2025-01-13,대구,당근,1kg,7877
2025-01-13,대구,열무,1kg,4145
2025-01-13,대구,양파,1kg,1860
2025-01-13,대구,대파,1kg,3737
2025-01-13,대구,피망,100g,19967
2025-01-13,대구,파프리카,1개,2103
2025-01-13,대구,마늘,1kg,9530
2025-01-13,대구,브로콜리,1개,2760
2025-01-13,대구,사과,10개,28167
2025-01-13,대구,배,10개,41600
2025-01-14,대구,배추,1포기,4837
2025-01-14,대구,시금치,100g,11167
2025-01-14,대구,상추,100g,9833
2025-01-14,대구,얼갈이배추,1kg,4317
2025-01-14,대구,오이,10개,18333
2025-01-14,대구,호박,1개,2137
2025-01-14,대구,토마토,1kg,5627
2025-01-14,대구,무,1개,3740
2025-01-14,대구,당근,1kg,7877
2025-01-14,대구,열무,1kg,4060
2025-01-14,대구,양파,1kg,1883
2025-01-14,대구,대파,1kg,3737
2025-01-14,대구,피망,100g,20200
2025-01-14,대구,파프리카,1개,2103
2025-01-14,대구,마늘,1kg,9530
2025-01-14,대구,브로콜리,1개,2760
2025-01-14,대구,사과,10개,29300
2025-01-14,대구,배,10개,42700
2025-01-15,대구,배추,1포기,4727
2025-01-15,대구,시금치,100g,10733
2025-01-15,대구,상추,100g,9833
2025-01-15,대구,얼갈이배추,1kg,4317
2025-01-15,대구,오이,10개,18167
2025-01-15,대구,호박,1개,2137
2025-01-15,대구,토마토,1kg,5627
2025-01-15,대구,무,1개,3640
2025-01-15,대구,당근,1kg,7877
2025-01-15,대구,열무,1kg,4060
2025-01-15,대구,양파,1kg,1883
2025-01-15,대구,대파,1kg,3737
2025-01-15,대구,피망,100g,20200
2025-01-15,대구,파프리카,1개,2103
2025-01-15,대구,마늘,1kg,9530
2025-01-15,대구,브로콜리,1개,2760
2025-01-15,대구,사과,10개,31033
2025-01-15,대구,배,10개,42700
2025-01-16,대구,배추,1포기,4727
2025-01-16,대구,시금치,100g,10657
2025-01-16,대구,상추,100g,10267
2025-01-16,대구,얼갈이배추,1kg,4317
2025-01-16,대구,오이,10개,18167
2025-01-16,대구,호박,1개,2660
2025-01-16,대구,토마토,1kg,5467
2025-01-16,대구,무,1개,3740
2025-01-16,대구,당근,1kg,7047
2025-01-16,대구,열무,1kg,4060
2025-01-16,대구,양파,1kg,2063
2025-01-16,대구,대파,1kg,3343
2025-01-16,대구,피망,100g,19600
2025-01-16,대구,파프리카,1개,2360
2025-01-16,대구,마늘,1kg,7533
2025-01-16,대구,브로콜리,1개,2827
2025-01-16,대구,사과,10개,36300
2025-01-16,대구,배,10개,44367
2025-01-17,대구,배추,1포기,4727
2025-01-17,대구,시금치,100g,10657
2025-01-17,대구,상추,100g,10267
2025-01-17,대구,얼갈이배추,1kg,3983
2025-01-17,대구,오이,10개,18167
2025-01-17,대구,호박,1개,2593
2025-01-17,대구,토마토,1kg,5510
2025-01-17,대구,무,1개,3740
2025-01-17,대구,당근,1kg,7047
2025-01-17,대구,열무,1kg,4060
2025-01-17,대구,양파,1kg,2063
2025-01-17,대구,대파,1kg,3343
2025-01-17,대구,피망,100g,19700
2025-01-17,대구,파프리카,1개,2147
2025-01-17,대구,마늘,1kg,7533
2025-01-17,대구,브로콜리,1개,2827
2025-01-17,대구,사과,10개,34233
2025-01-17,대구,배,10개,44367
2025-01-20,대구,배추,1포기,4727
2025-01-20,대구,시금치,100g,10657
2025-01-20,대구,상추,100g,9933
2025-01-20,대구,얼갈이배추,1kg,3983
2025-01-20,대구,오이,10개,18167
2025-01-20,대구,호박,1개,2593
2025-01-20,대구,토마토,1kg,5510
2025-01-20,대구,무,1개,3740
2025-01-20,대구,당근,1kg,7047
2025-01-20,대구,열무,1kg,4060
2025-01-20,대구,양파,1kg,2063
2025-01-20,대구,대파,1kg,3343
2025-01-20,대구,피망,100g,19700
2025-01-20,대구,파프리카,1개,2113
2025-01-20,대구,마늘,1kg,7533
2025-01-20,대구,브로콜리,1개,2827
2025-01-20,대구,사과,10개,34233
2025-01-20,대구,배,10개,44367
2025-01-21,대구,배추,1포기,4727
2025-01-21,대구,시금치,100g,10823
2025-01-21,대구,상추,100g,9767
2025-01-21,대구,얼갈이배추,1kg,3983
2025-01-21,대구,오이,10개,18167
2025-01-21,대구,호박,1개,2593
2025-01-21,대구,토마토,1kg,5510
2025-01-21,대구,무,1개,3740
2025-01-21,대구,당근,1kg,7067
2025-01-21,대구,열무,1kg,4060
2025-01-21,대구,양파,1kg,2063
2025-01-21,대구,대파,1kg,3343
2025-01-21,대구,피망,100g,19700
2025-01-21,대구,파프리카,1개,2113
2025-01-21,대구,마늘,1kg,7533
2025-01-21,대구,브로콜리,1개,2827
2025-01-21,대구,사과,10개,32067
2025-01-21,대구,배,10개,44367
2025-01-22,대구,배추,1포기,4727
2025-01-22,대구,시금치,100g,11590
2025-01-22,대구,상추,100g,10033
2025-01-22,대구,얼갈이배추,1kg,3983
2025-01-22,대구,오이,10개,16800
2025-01-22,대구,호박,1개,2643
2025-01-22,대구,토마토,1kg,5467
2025-01-22,대구,무,1개,3740
2025-01-22,대구,당근,1kg,7180
2025-01-22,대구,열무,1kg,4145
2025-01-22,대구,양파,1kg,2063
2025-01-22,대구,대파,1kg,3343
2025-01-22,대구,피망,100g,20133
2025-01-22,대구,파프리카,1개,2113
2025-01-22,대구,마늘,1kg,7533
2025-01-22,대구,브로콜리,1개,2993
2025-01-22,대구,사과,10개,30967
2025-01-22,대구,배,10개,44367
2025-01-23,대구,배추,1포기,4860
2025-01-23,대구,시금치,100g,10907
2025-01-23,대구,상추,100g,9733
2025-01-23,대구,얼갈이배추,1kg,3747
2025-01-23,대구,오이,10개,20233
2025-01-23,대구,호박,1개,2277
2025-01-23,대구,토마토,1kg,6347
2025-01-23,대구,무,1개,3695
2025-01-23,대구,당근,1kg,6433
2025-01-23,대구,열무,1kg,3955
2025-01-23,대구,양파,1kg,2133
2025-01-23,대구,대파,1kg,3420
2025-01-23,대구,피망,100g,21300
2025-01-23,대구,파프리카,1개,2113
2025-01-23,대구,마늘,1kg,8533
2025-01-23,대구,브로콜리,1개,2993
2025-01-23,대구,사과,10개,31633
2025-01-23,대구,배,10개,46867
2025-01-24,대구,배추,1포기,4860
2025-01-24,대구,시금치,100g,10907
2025-01-24,대구,상추,100g,9733
2025-01-24,대구,얼갈이배추,1kg,3857
2025-01-24,대구,오이,10개,20233
2025-01-24,대구,호박,1개,2277
2025-01-24,대구,토마토,1kg,6347
2025-01-24,대구,무,1개,3695
2025-01-24,대구,당근,1kg,6433
2025-01-24,대구,열무,1kg,3955
2025-01-24,대구,양파,1kg,2133
2025-01-24,대구,대파,1kg,3420
2025-01-24,대구,피망,100g,21300
2025-01-24,대구,파프리카,1개,2113
2025-01-24,대구,마늘,1kg,8533
2025-01-24,대구,브로콜리,1개,2993
2025-01-24,대구,사과,10개,31633
2025-01-24,대구,배,10개,45767
2024-11-04,광주,배추,1포기,4327
2024-11-04,광주,시금치,100g,8333
2024-11-04,광주,상추,100g,18033
2024-11-04,광주,얼갈이배추,1kg,4750
2024-11-04,광주,오이,10개,17400
2024-11-04,광주,호박,1개,2760
2024-11-04,광주,토마토,1kg,9767
2024-11-04,광주,무,1개,2935
2024-11-04,광주,당근,1kg,7547
2024-11-04,광주,열무,1kg,4883
2024-11-04,광주,양파,1kg,2300
2024-11-04,광주,대파,1kg,4110
2024-11-04,광주,피망,100g,25133
2024-11-04,광주,파프리카,1개,2183
2024-11-04,광주,마늘,1kg,10513
2024-11-04,광주,브로콜리,1개,3545
2024-11-04,광주,사과,10개,28433
2024-11-04,광주,배,10개,32267
2024-11-05,광주,배추,1포기,4495
2024-11-05,광주,시금치,100g,8333
2024-11-05,광주,상추,100g,17700
2024-11-05,광주,얼갈이배추,1kg,4727
2024-11-05,광주,오이,10개,17400
2024-11-05,광주,호박,1개,2760
2024-11-05,광주,토마토,1kg,9600
2024-11-05,광주,무,1개,3000
2024-11-05,광주,당근,1kg,7547
2024-11-05,광주,열무,1kg,4850
2024-11-05,광주,양파,1kg,2300
2024-11-05,광주,대파,1kg,4077
2024-11-05,광주,피망,100g,25600
2024-11-05,광주,파프리카,1개,2207
2024-11-05,광주,마늘,1kg,10513
2024-11-05,광주,브로콜리,1개,3545
2024-11-05,광주,사과,10개,27100
2024-11-05,광주,배,10개,32267
2024-11-06,광주,배추,1포기,3990
2024-11-06,광주,시금치,100g,8333
2024-11-06,광주,상추,100g,16867
2024-11-06,광주,얼갈이배추,1kg,4727
2024-11-06,광주,오이,10개,17400
2024-11-06,광주,호박,1개,2760
2024-11-06,광주,토마토,1kg,9517
2024-11-06,광주,무,1개,2790
2024-11-06,광주,당근,1kg,7547
2024-11-06,광주,열무,1kg,4850
2024-11-06,광주,양파,1kg,2300
2024-11-06,광주,대파,1kg,4057
2024-11-06,광주,피망,100g,25600
2024-11-06,광주,파프리카,1개,2207
2024-11-06,광주,마늘,1kg,10627
2024-11-06,광주,브로콜리,1개,3295
2024-11-06,광주,사과,10개,27100
2024-11-06,광주,배,10개,32267
2024-11-07,광주,배추,1포기,3823
2024-11-07,광주,시금치,100g,11700
2024-11-07,광주,상추,100g,17400
2024-11-07,광주,얼갈이배추,1kg,4527
2024-11-07,광주,오이,10개,19900
2024-11-07,광주,호박,1개,2760
2024-11-07,광주,토마토,1kg,9580
2024-11-07,광주,무,1개,2967
2024-11-07,광주,당근,1kg,7263
2024-11-07,광주,열무,1kg,4650
2024-11-07,광주,양파,1kg,1933
2024-11-07,광주,대파,1kg,2893
2024-11-07,광주,피망,100g,27267
2024-11-07,광주,파프리카,1개,1770
2024-11-07,광주,마늘,1kg,9197
2024-11-07,광주,브로콜리,1개,3245
2024-11-07,광주,사과,10개,25433
2024-11-07,광주,배,10개,30167
2024-11-08,광주,배추,1포기,3823
2024-11-08,광주,시금치,100g,10287
2024-11-08,광주,상추,100g,17067
2024-11-08,광주,얼갈이배추,1kg,4517
2024-11-08,광주,오이,10개,19900
2024-11-08,광주,호박,1개,2760
2024-11-08,광주,토마토,1kg,9537
2024-11-08,광주,무,1개,2757
2024-11-08,광주,당근,1kg,7210
2024-11-08,광주,열무,1kg,4650
2024-11-08,광주,양파,1kg,1887
2024-11-08,광주,대파,1kg,2870
2024-11-08,광주,피망,100g,27267
2024-11-08,광주,파프리카,1개,2237
2024-11-08,광주,마늘,1kg,9197
2024-11-08,광주,브로콜리,1개,3245
2024-11-08,광주,사과,10개,25433
2024-11-08,광주,배,10개,30167
2024-11-11,광주,배추,1포기,3823
2024-11-11,광주,시금치,100g,11700
2024-11-11,광주,상추,100g,16900
2024-11-11,광주,얼갈이배추,1kg,4493
2024-11-11,광주,오이,10개,19900
2024-11-11,광주,호박,1개,2760
2024-11-11,광주,토마토,1kg,9537
2024-11-11,광주,무,1개,2757
2024-11-11,광주,당근,1kg,7153
2024-11-11,광주,열무,1kg,4593
2024-11-11,광주,양파,1kg,1877
2024-11-11,광주,대파,1kg,2893
2024-11-11,광주,피망,100g,27267
2024-11-11,광주,파프리카,1개,2237
2024-11-11,광주,마늘,1kg,9197
2024-11-11,광주,브로콜리,1개,3245
2024-11-11,광주,사과,10개,25433
2024-11-11,광주,배,10개,30933
2024-11-12,광주,배추,1포기,3823
2024-11-12,광주,시금치,100g,11700
2024-11-12,광주,상추,100g,16733
2024-11-12,광주,얼갈이배추,1kg,4483
2024-11-12,광주,오이,10개,19900
2024-11-12,광주,호박,1개,2760
2024-11-12,광주,토마토,1kg,9580
2024-11-12,광주,무,1개,2757
2024-11-12,광주,당근,1kg,7097
2024-11-12,광주,열무,1kg,4573
2024-11-12,광주,양파,1kg,1877
2024-11-12,광주,대파,1kg,2893
2024-11-12,광주,피망,100g,27367
2024-11-12,광주,파프리카,1개,2580
2024-11-12,광주,마늘,1kg,9420
2024-11-12,광주,브로콜리,1개,3743
2024-11-12,광주,사과,10개,25167
2024-11-12,광주,배,10개,26767
2024-11-13,광주,배추,1포기,3823
2024-11-13,광주,시금치,100g,11700
2024-11-13,광주,상추,100g,16733
2024-11-13,광주,얼갈이배추,1kg,4483
2024-11-13,광주,오이,10개,19900
2024-11-13,광주,호박,1개,2760
2024-11-13,광주,토마토,1kg,9580
2024-11-13,광주,무,1개,2757
2024-11-13,광주,당근,1kg,7097
2024-11-13,광주,열무,1kg,4573
2024-11-13,광주,양파,1kg,1877
2024-11-13,광주,대파,1kg,2893
2024-11-13,광주,피망,100g,27367
2024-11-13,광주,파프리카,1개,2580
2024-11-13,광주,마늘,1kg,9420
2024-11-13,광주,브로콜리,1개,3743
2024-11-13,광주,사과,10개,25167
2024-11-13,광주,배,10개,26767
2024-11-14,광주,배추,1포기,3090
2024-11-14,광주,시금치,100g,11033
2024-11-14,광주,상추,100g,15467
2024-11-14,광주,얼갈이배추,1kg,4150
2024-11-14,광주,오이,10개,17400
2024-11-14,광주,호박,1개,2283
2024-11-14,광주,토마토,1kg,9203
2024-11-14,광주,무,1개,2597
2024-11-14,광주,당근,1kg,7030
2024-11-14,광주,열무,1kg,3210
2024-11-14,광주,양파,1kg,1700
2024-11-14,광주,대파,1kg,3413
2024-11-14,광주,피망,100g,23800
2024-11-14,광주,파프리카,1개,2403
2024-11-14,광주,마늘,1kg,7727
2024-11-14,광주,브로콜리,1개,3577
2024-11-14,광주,사과,10개,27833
2024-11-14,광주,배,10개,36767
2024-11-15,광주,배추,1포기,3147
2024-11-15,광주,시금치,100g,11000
2024-11-15,광주,상추,100g,15300
2024-11-15,광주,얼갈이배추,1kg,4127
2024-11-15,광주,오이,10개,17400
2024-11-15,광주,호박,1개,2243
2024-11-15,광주,토마토,1kg,9203
2024-11-15,광주,무,1개,2597
2024-11-15,광주,당근,1kg,6977
2024-11-15,광주,열무,1kg,3210
2024-11-15,광주,양파,1kg,1677
2024-11-15,광주,대파,1kg,3427
2024-11-15,광주,피망,100g,23700
2024-11-15,광주,파프리카,1개,2380
2024-11-15,광주,마늘,1kg,7727
2024-11-15,광주,브로콜리,1개,3610
2024-11-15,광주,사과,10개,27833
2024-11-15,광주,배,10개,36933
2024-11-18,광주,배추,1포기,2980
2024-11-18,광주,시금치,100g,10933
2024-11-18,광주,상추,100g,15133
2024-11-18,광주,얼갈이배추,1kg,4127
2024-11-18,광주,오이,10개,17400
2024-11-18,광주,호박,1개,2200
2024-11-18,광주,토마토,1kg,9120
2024-11-18,광주,무,1개,2597
2024-11-18,광주,당근,1kg,6977
2024-11-18,광주,열무,1kg,3160
2024-11-18,광주,양파,1kg,1780
2024-11-18,광주,대파,1kg,3403
2024-11-18,광주,피망,100g,23700
2024-11-18,광주,파프리카,1개,2370
2024-11-18,광주,마늘,1kg,7727
2024-11-18,광주,브로콜리,1개,3120
2024-11-18,광주,사과,10개,27433
2024-11-18,광주,배,10개,37267
2024-11-19,광주,배추,1포기,2870
2024-11-19,광주,시금치,100g,10933
2024-11-19,광주,상추,100g,15033
2024-11-19,광주,얼갈이배추,1kg,4107
2024-11-19,광주,오이,10개,17400
2024-11-19,광주,호박,1개,2160
2024-11-19,광주,토마토,1kg,9080
2024-11-19,광주,무,1개,2597
2024-11-19,광주,당근,1kg,7000
2024-11-19,광주,열무,1kg,3110
2024-11-19,광주,양파,1kg,1803
2024-11-19,광주,대파,1kg,3413
2024-11-19,광주,피망,100g,23467
2024-11-19,광주,파프리카,1개,2347
2024-11-19,광주,마늘,1kg,7727
2024-11-19,광주,브로콜리,1개,2995
2024-11-19,광주,사과,10개,29100
2024-11-19,광주,배,10개,37267
2024-11-20,광주,배추,1포기,2870
2024-11-20,광주,시금치,100g,10867
2024-11-20,광주,상추,100g,14967
2024-11-20,광주,얼갈이배추,1kg,4107
2024-11-20,광주,오이,10개,17400
2024-11-20,광주,호박,1개,2160
2024-11-20,광주,토마토,1kg,9120
2024-11-20,광주,무,1개,2653
2024-11-20,광주,당근,1kg,6943
2024-11-20,광주,열무,1kg,3075
2024-11-20,광주,양파,1kg,1873
2024-11-20,광주,대파,1kg,3427
2024-11-20,광주,피망,100g,23467
2024-11-20,광주,파프리카,1개,2347
2024-11-20,광주,마늘,1kg,7727
2024-11-20,광주,브로콜리,1개,2995
2024-11-20,광주,사과,10개,29100
2024-11-20,광주,배,10개,37267
2024-11-21,광주,배추,1포기,2870
2024-11-21,광주,시금치,100g,10700
2024-11-21,광주,상추,100g,13867
2024-11-21,광주,얼갈이배추,1kg,4080
2024-11-21,광주,오이,10개,19900
2024-11-21,광주,호박,1개,1973
2024-11-21,광주,토마토,1kg,9467
2024-11-21,광주,무,1개,2757
2024-11-21,광주,당근,1kg,6843
2024-11-21,광주,열무,1kg,3075
2024-11-21,광주,양파,1kg,1793
2024-11-21,광주,대파,1kg,3217
2024-11-21,광주,피망,100g,21800
2024-11-21,광주,파프리카,1개,2013
2024-11-21,광주,마늘,1kg,7993
2024-11-21,광주,브로콜리,1개,2410
2024-11-21,광주,사과,10개,27767
2024-11-21,광주,배,10개,36833
2024-11-22,광주,배추,1포기,2870
2024-11-22,광주,시금치,100g,10567
2024-11-22,광주,상추,100g,13767
2024-11-22,광주,얼갈이배추,1kg,4047
2024-11-22,광주,오이,10개,19900
2024-11-22,광주,호박,1개,1973
2024-11-22,광주,토마토,1kg,9467
2024-11-22,광주,무,1개,2757
2024-11-22,광주,당근,1kg,6790
2024-11-22,광주,열무,1kg,4047
2024-11-22,광주,양파,1kg,1793
2024-11-22,광주,대파,1kg,3227
2024-11-22,광주,피망,100g,21700
2024-11-22,광주,파프리카,1개,2013
2024-11-22,광주,마늘,1kg,7993
2024-11-22,광주,브로콜리,1개,2325
2024-11-22,광주,사과,10개,27767
2024-11-22,광주,배,10개,36167
2024-11-25,광주,배추,1포기,2923
2024-11-25,광주,시금치,100g,10567
2024-11-25,광주,상추,100g,14033
2024-11-25,광주,얼갈이배추,1kg,4023
2024-11-25,광주,오이,10개,19900
2024-11-25,광주,호박,1개,1973
2024-11-25,광주,토마토,1kg,9633
2024-11-25,광주,무,1개,2653
2024-11-25,광주,당근,1kg,6907
2024-11-25,광주,열무,1kg,2960
2024-11-25,광주,양파,1kg,1863
2024-11-25,광주,대파,1kg,3240
2024-11-25,광주,피망,100g,21700
2024-11-25,광주,파프리카,1개,2080
2024-11-25,광주,마늘,1kg,7993
2024-11-25,광주,브로콜리,1개,2325
2024-11-25,광주,사과,10개,27767
2024-11-25,광주,배,10개,36167
2024-11-26,광주,배추,1포기,3090
2024-11-26,광주,시금치,100g,10533
2024-11-26,광주,상추,100g,13967
2024-11-26,광주,얼갈이배추,1kg,4000
2024-11-26,광주,오이,10개,19900
2024-11-26,광주,호박,1개,1933
2024-11-26,광주,토마토,1kg,9800
2024-11-26,광주,무,1개,2653
2024-11-26,광주,당근,1kg,6907
2024-11-26,광주,열무,1kg,2925
2024-11-26,광주,양파,1kg,1863
2024-11-26,광주,대파,1kg,3240
2024-11-26,광주,피망,100g,21600
2024-11-26,광주,파프리카,1개,2080
2024-11-26,광주,마늘,1kg,7880
2024-11-26,광주,브로콜리,1개,2410
2024-11-26,광주,사과,10개,27767
2024-11-26,광주,배,10개,36433
2024-11-27,광주,배추,1포기,3147
2024-11-27,광주,시금치,100g,9887
2024-11-27,광주,상추,100g,13933
2024-11-27,광주,얼갈이배추,1kg,4000
2024-11-27,광주,오이,10개,19900
2024-11-27,광주,호박,1개,1933
2024-11-27,광주,토마토,1kg,9800
2024-11-27,광주,무,1개,2763
2024-11-27,광주,당근,1kg,7017
2024-11-27,광주,열무,1kg,2925
2024-11-27,광주,양파,1kg,1863
2024-11-27,광주,대파,1kg,3283
2024-11-27,광주,피망,100g,21600
2024-11-27,광주,파프리카,1개,2080
2024-11-27,광주,마늘,1kg,7880
2024-11-27,광주,브로콜리,1개,2325
2024-11-27,광주,사과,10개,28100
2024-11-27,광주,배,10개,36600
2024-11-28,광주,배추,1포기,2983
2024-11-28,광주,시금치,100g,8587
2024-11-28,광주,상추,100g,13467
2024-11-28,광주,얼갈이배추,1kg,3970
2024-11-28,광주,오이,10개,19900
2024-11-28,광주,호박,1개,1850
2024-11-28,광주,토마토,1kg,9800
2024-11-28,광주,무,1개,2873
2024-11-28,광주,당근,1kg,7017
2024-11-28,광주,열무,1kg,2925
2024-11-28,광주,양파,1kg,1793
2024-11-28,광주,대파,1kg,3560
2024-11-28,광주,피망,100g,18967
2024-11-28,광주,파프리카,1개,2027
2024-11-28,광주,마늘,1kg,8213
2024-11-28,광주,브로콜리,1개,2410
2024-11-28,광주,사과,10개,32267
2024-11-28,광주,배,10개,37267
2024-11-29,광주,배추,1포기,2983
2024-11-29,광주,시금치,100g,9233
2024-11-29,광주,상추,100g,13433
2024-11-29,광주,얼갈이배추,1kg,3937
2024-11-29,광주,오이,10개,19900
2024-11-29,광주,호박,1개,1810
2024-11-29,광주,토마토,1kg,9800
2024-11-29,광주,무,1개,2987
2024-11-29,광주,당근,1kg,7127
2024-11-29,광주,열무,1kg,2875
2024-11-29,광주,양파,1kg,1793
2024-11-29,광주,대파,1kg,3560
2024-11-29,광주,피망,100g,18967
2024-11-29,광주,파프리카,1개,2027
2024-11-29,광주,마늘,1kg,8213
2024-11-29,광주,브로콜리,1개,2410
2024-11-29,광주,사과,10개,31600
2024-11-29,광주,배,10개,37267
2024-12-02,광주,배추,1포기,3427
2024-12-02,광주,시금치,100g,9167
2024-12-02,광주,상추,100g,11000
2024-12-02,광주,얼갈이배추,1kg,3903
2024-12-02,광주,오이,10개,19900
2024-12-02,광주,호박,1개,1850
2024-12-02,광주,토마토,1kg,9800
2024-12-02,광주,무,1개,3197
2024-12-02,광주,당근,1kg,7127
2024-12-02,광주,열무,1kg,2875
2024-12-02,광주,양파,1kg,1913
2024-12-02,광주,대파,1kg,3847
2024-12-02,광주,피망,100g,18967
2024-12-02,광주,파프리카,1개,2003
2024-12-02,광주,마늘,1kg,8993
2024-12-02,광주,브로콜리,1개,2325
2024-12-02,광주,사과,10개,31767
2024-12-02,광주,배,10개,37267
2024-12-03,광주,배추,1포기,3313
2024-12-03,광주,시금치,100g,9167
2024-12-03,광주,상추,100g,11800
2024-12-03,광주,얼갈이배추,1kg,3903
2024-12-03,광주,오이,10개,19900
2024-12-03,광주,호박,1개,1893
2024-12-03,광주,토마토,1kg,9800
2024-12-03,광주,무,1개,3197
2024-12-03,광주,당근,1kg,7240
2024-12-03,광주,열무,1kg,2875
2024-12-03,광주,양파,1kg,2003
2024-12-03,광주,대파,1kg,3900
2024-12-03,광주,피망,100g,18867
2024-12-03,광주,파프리카,1개,2093
2024-12-03,광주,마늘,1kg,8993
2024-12-03,광주,브로콜리,1개,2325
2024-12-03,광주,사과,10개,28933
2024-12-03,광주,배,10개,37267
2024-12-04,광주,배추,1포기,3203
2024-12-04,광주,시금치,100g,9167
2024-12-04,광주,상추,100g,11700
2024-12-04,광주,얼갈이배추,1kg,3903
2024-12-04,광주,오이,10개,19900
2024-12-04,광주,호박,1개,1893
2024-12-04,광주,토마토,1kg,9800
2024-12-04,광주,무,1개,3197
2024-12-04,광주,당근,1kg,7350
2024-12-04,광주,열무,1kg,2875
2024-12-04,광주,양파,1kg,2003
2024-12-04,광주,대파,1kg,3847
2024-12-04,광주,피망,100g,18867
2024-12-04,광주,파프리카,1개,2093
2024-12-04,광주,마늘,1kg,8993
2024-12-04,광주,브로콜리,1개,2325
2024-12-04,광주,사과,10개,28933
2024-12-04,광주,배,10개,37267
2024-12-05,광주,배추,1포기,4380
2024-12-05,광주,시금치,100g,8743
2024-12-05,광주,상추,100g,11300
2024-12-05,광주,얼갈이배추,1kg,3680
2024-12-05,광주,오이,10개,18250
2024-12-05,광주,호박,1개,1927
2024-12-05,광주,토마토,1kg,10527
2024-12-05,광주,무,1개,3880
2024-12-05,광주,당근,1kg,7683
2024-12-05,광주,열무,1kg,2875
2024-12-05,광주,양파,1kg,2307
2024-12-05,광주,대파,1kg,4230
2024-12-05,광주,피망,100g,18033
2024-12-05,광주,파프리카,1개,2093
2024-12-05,광주,마늘,1kg,9660
2024-12-05,광주,브로콜리,1개,2713
2024-12-05,광주,사과,10개,28933
2024-12-05,광주,배,10개,38600
2024-12-09,광주,배추,1포기,4437
2024-12-09,광주,시금치,100g,8743
2024-12-09,광주,상추,100g,11300
2024-12-09,광주,얼갈이배추,1kg,3703
2024-12-09,광주,오이,10개,14900
2024-12-09,광주,호박,1개,1883
2024-12-09,광주,토마토,1kg,10530
2024-12-09,광주,무,1개,3713
2024-12-09,광주,당근,1kg,7683
2024-12-09,광주,열무,1kg,2875
2024-12-09,광주,양파,1kg,2310
2024-12-09,광주,대파,1kg,4230
2024-12-09,광주,피망,100g,18033
2024-12-09,광주,파프리카,1개,2093
2024-12-09,광주,마늘,1kg,9660
2024-12-09,광주,브로콜리,1개,2770
2024-12-09,광주,사과,10개,28433
2024-12-09,광주,배,10개,38600
2024-12-10,광주,배추,1포기,4547
2024-12-10,광주,시금치,100g,8727
2024-12-10,광주,상추,100g,11367
2024-12-10,광주,얼갈이배추,1kg,3703
2024-12-10,광주,오이,10개,14900
2024-12-10,광주,호박,1개,1877
2024-12-10,광주,토마토,1kg,10530
2024-12-10,광주,무,1개,3660
2024-12-10,광주,당근,1kg,7683
2024-12-10,광주,열무,1kg,2875
2024-12-10,광주,양파,1kg,2320
2024-12-10,광주,대파,1kg,4297
2024-12-10,광주,피망,100g,17933
2024-12-10,광주,파프리카,1개,2060
2024-12-10,광주,마늘,1kg,9660
2024-12-10,광주,브로콜리,1개,2880
2024-12-10,광주,사과,10개,28433
2024-12-10,광주,배,10개,38600
2024-12-11,광주,배추,1포기,4547
2024-12-11,광주,시금치,100g,8727
2024-12-11,광주,상추,100g,11367
2024-12-11,광주,얼갈이배추,1kg,3703
2024-12-11,광주,오이,10개,14900
2024-12-11,광주,호박,1개,1833
2024-12-11,광주,토마토,1kg,10530
2024-12-11,광주,무,1개,3660
2024-12-11,광주,당근,1kg,7573
2024-12-11,광주,열무,1kg,2875
2024-12-11,광주,양파,1kg,2320
2024-12-11,광주,대파,1kg,4297
2024-12-11,광주,피망,100g,17933
2024-12-11,광주,파프리카,1개,2060
2024-12-11,광주,마늘,1kg,9657
2024-12-11,광주,브로콜리,1개,2880
2024-12-11,광주,사과,10개,28667
2024-12-11,광주,배,10개,38600
2024-12-12,광주,배추,1포기,4660
2024-12-12,광주,시금치,100g,9033
2024-12-12,광주,상추,100g,11300
2024-12-12,광주,얼갈이배추,1kg,3300
2024-12-12,광주,오이,10개,15800
2024-12-12,광주,호박,1개,1907
2024-12-12,광주,토마토,1kg,9413
2024-12-12,광주,무,1개,3493
2024-12-12,광주,당근,1kg,6857
2024-12-12,광주,열무,1kg,3247
2024-12-12,광주,양파,1kg,2093
2024-12-12,광주,대파,1kg,3970
2024-12-12,광주,피망,100g,17933
2024-12-12,광주,파프리카,1개,2127
2024-12-12,광주,마늘,1kg,9657
2024-12-12,광주,브로콜리,1개,2213
2024-12-12,광주,사과,10개,29500
2024-12-12,광주,배,10개,38600
2024-12-13,광주,배추,1포기,4660
2024-12-13,광주,시금치,100g,9133
2024-12-13,광주,상추,100g,10423
2024-12-13,광주,얼갈이배추,1kg,3280
2024-12-13,광주,오이,10개,15800
2024-12-13,광주,호박,1개,1863
2024-12-13,광주,토마토,1kg,9330
2024-12-13,광주,무,1개,3437
2024-12-13,광주,당근,1kg,6743
2024-12-13,광주,열무,1kg,3227
2024-12-13,광주,양파,1kg,2093
2024-12-13,광주,대파,1kg,4380
2024-12-13,광주,피망,100g,17800
2024-12-13,광주,파프리카,1개,2127
2024-12-13,광주,마늘,1kg,9657
2024-12-13,광주,브로콜리,1개,2087
2024-12-13,광주,사과,10개,29500
2024-12-13,광주,배,10개,38600
2024-12-16,광주,배추,1포기,4825
2024-12-16,광주,시금치,100g,9233
2024-12-16,광주,상추,100g,10047
2024-12-16,광주,얼갈이배추,1kg,3280
2024-12-16,광주,오이,10개,15800
2024-12-16,광주,호박,1개,1907
2024-12-16,광주,토마토,1kg,9247
2024-12-16,광주,무,1개,3495
2024-12-16,광주,당근,1kg,6743
2024-12-16,광주,열무,1kg,3227
2024-12-16,광주,양파,1kg,2093
2024-12-16,광주,대파,1kg,4357
2024-12-16,광주,피망,100g,17800
2024-12-16,광주,파프리카,1개,2127
2024-12-16,광주,마늘,1kg,9657
2024-12-16,광주,브로콜리,1개,2325
2024-12-16,광주,사과,10개,29267
2024-12-16,광주,배,10개,37950
2024-12-17,광주,배추,1포기,4825
2024-12-17,광주,시금치,100g,9133
2024-12-17,광주,상추,100g,11300
2024-12-17,광주,얼갈이배추,1kg,3300
2024-12-17,광주,오이,10개,15800
2024-12-17,광주,호박,1개,1863
2024-12-17,광주,토마토,1kg,9163
2024-12-17,광주,무,1개,3495
2024-12-17,광주,당근,1kg,6633
2024-12-17,광주,열무,1kg,3227
2024-12-17,광주,양파,1kg,2093
2024-12-17,광주,대파,1kg,4313
2024-12-17,광주,피망,100g,17800
2024-12-17,광주,파프리카,1개,2127
2024-12-17,광주,마늘,1kg,9657
2024-12-17,광주,브로콜리,1개,2270
2024-12-17,광주,사과,10개,29333
2024-12-17,광주,배,10개,37950
2024-12-18,광주,배추,1포기,4825
2024-12-18,광주,시금치,100g,9133
2024-12-18,광주,상추,100g,11467
2024-12-18,광주,얼갈이배추,1kg,3300
2024-12-18,광주,오이,10개,15800
2024-12-18,광주,호박,1개,1907
2024-12-18,광주,토마토,1kg,9080
2024-12-18,광주,무,1개,3495
2024-12-18,광주,당근,1kg,6633
2024-12-18,광주,열무,1kg,3227
2024-12-18,광주,양파,1kg,2093
2024-12-18,광주,대파,1kg,4290
2024-12-18,광주,피망,100g,17800
2024-12-18,광주,파프리카,1개,2127
2024-12-18,광주,마늘,1kg,9657
2024-12-18,광주,브로콜리,1개,2327
2024-12-18,광주,사과,10개,30267
2024-12-18,광주,배,10개,39200
2024-12-19,광주,배추,1포기,4660
2024-12-19,광주,시금치,100g,10467
2024-12-19,광주,상추,100g,9867
2024-12-19,광주,얼갈이배추,1kg,3247
2024-12-19,광주,오이,10개,13300
2024-12-19,광주,호박,1개,1917
2024-12-19,광주,토마토,1kg,9080
2024-12-19,광주,무,1개,3495
2024-12-19,광주,당근,1kg,6870
2024-12-19,광주,열무,1kg,2845
2024-12-19,광주,양파,1kg,2093
2024-12-19,광주,대파,1kg,4177
2024-12-19,광주,피망,100g,17933
2024-12-19,광주,파프리카,1개,2323
2024-12-19,광주,마늘,1kg,9657
2024-12-19,광주,브로콜리,1개,2993
2024-12-19,광주,사과,10개,27933
2024-12-19,광주,배,10개,41200
2024-12-20,광주,배추,1포기,4547
2024-12-20,광주,시금치,100g,10567
2024-12-20,광주,상추,100g,9767
2024-12-20,광주,얼갈이배추,1kg,3213
2024-12-20,광주,오이,10개,13167
2024-12-20,광주,호박,1개,1960
2024-12-20,광주,토마토,1kg,9080
2024-12-20,광주,무,1개,3495
2024-12-20,광주,당근,1kg,6870
2024-12-20,광주,열무,1kg,2925
2024-12-20,광주,양파,1kg,2093
2024-12-20,광주,대파,1kg,4177
2024-12-20,광주,피망,100g,17933
2024-12-20,광주,파프리카,1개,2323
2024-12-20,광주,마늘,1kg,9657
2024-12-20,광주,브로콜리,1개,3160
2024-12-20,광주,사과,10개,27933
2024-12-20,광주,배,10개,40950
2024-12-23,광주,배추,1포기,4660
2024-12-23,광주,시금치,100g,10367
2024-12-23,광주,상추,100g,9557
2024-12-23,광주,얼갈이배추,1kg,3213
2024-12-23,광주,오이,10개,13167
2024-12-23,광주,호박,1개,2000
2024-12-23,광주,토마토,1kg,8247
2024-12-23,광주,무,1개,3000
2024-12-23,광주,당근,1kg,6980
2024-12-23,광주,열무,1kg,3010
2024-12-23,광주,양파,1kg,2093
2024-12-23,광주,대파,1kg,4090
2024-12-23,광주,피망,100g,17933
2024-12-23,광주,파프리카,1개,2323
2024-12-23,광주,마늘,1kg,9657
2024-12-23,광주,브로콜리,1개,3160
2024-12-23,광주,사과,10개,27933
2024-12-23,광주,배,10개,41800
2024-12-24,광주,배추,1포기,4660
2024-12-24,광주,시금치,100g,9467
2024-12-24,광주,상추,100g,9557
2024-12-24,광주,얼갈이배추,1kg,3683
2024-12-24,광주,오이,10개,12167
2024-12-24,광주,호박,1개,2043
2024-12-24,광주,토마토,1kg,8163
2024-12-24,광주,무,1개,2830
2024-12-24,광주,당근,1kg,6980
2024-12-24,광주,열무,1kg,2000
2024-12-24,광주,양파,1kg,2083
2024-12-24,광주,대파,1kg,3933
2024-12-24,광주,피망,100g,17933
2024-12-24,광주,파프리카,1개,2323
2024-12-24,광주,마늘,1kg,9657
2024-12-24,광주,브로콜리,1개,3103
2024-12-24,광주,사과,10개,27933
2024-12-24,광주,배,10개,41550
2024-12-26,광주,배추,1포기,4860
2024-12-26,광주,시금치,100g,8913
2024-12-26,광주,상추,100g,9767
2024-12-26,광주,얼갈이배추,1kg,3827
2024-12-26,광주,오이,10개,12167
2024-12-26,광주,호박,1개,2260
2024-12-26,광주,토마토,1kg,7383
2024-12-26,광주,무,1개,3000
2024-12-26,광주,당근,1kg,7147
2024-12-26,광주,열무,1kg,2000
2024-12-26,광주,양파,1kg,2083
2024-12-26,광주,대파,1kg,4203
2024-12-26,광주,피망,100g,17933
2024-12-26,광주,파프리카,1개,2160
2024-12-26,광주,마늘,1kg,9657
2024-12-26,광주,브로콜리,1개,2495
2024-12-26,광주,사과,10개,30100
2024-12-26,광주,배,10개,41800
2024-12-27,광주,배추,1포기,4913
2024-12-27,광주,시금치,100g,9013
2024-12-27,광주,상추,100g,9767
2024-12-27,광주,얼갈이배추,1kg,3827
2024-12-27,광주,오이,10개,12167
2024-12-27,광주,호박,1개,2250
2024-12-27,광주,토마토,1kg,7423
2024-12-27,광주,무,1개,2830
2024-12-27,광주,당근,1kg,7147
2024-12-27,광주,열무,1kg,2160
2024-12-27,광주,양파,1kg,2083
2024-12-27,광주,대파,1kg,4203
2024-12-27,광주,피망,100g,17933
2024-12-27,광주,파프리카,1개,2160
2024-12-27,광주,마늘,1kg,9657
2024-12-27,광주,브로콜리,1개,2410
2024-12-27,광주,사과,10개,30100
2024-12-27,광주,배,10개,40950
2024-12-30,광주,배추,1포기,4547
2024-12-30,광주,시금치,100g,9080
2024-12-30,광주,상추,100g,9390
2024-12-30,광주,얼갈이배추,1kg,3883
2024-12-30,광주,오이,10개,13300
2024-12-30,광주,호박,1개,2277
2024-12-30,광주,토마토,1kg,7383
2024-12-30,광주,무,1개,3000
2024-12-30,광주,당근,1kg,7093
2024-12-30,광주,열무,1kg,2160
2024-12-30,광주,양파,1kg,2083
2024-12-30,광주,대파,1kg,4040
2024-12-30,광주,피망,100g,18033
2024-12-30,광주,파프리카,1개,2660
2024-12-30,광주,마늘,1kg,9657
2024-12-30,광주,브로콜리,1개,2325
2024-12-30,광주,사과,10개,29933
2024-12-30,광주,배,10개,40300
2024-12-31,광주,배추,1포기,4860
2024-12-31,광주,시금치,100g,9180
2024-12-31,광주,상추,100g,9623
2024-12-31,광주,얼갈이배추,1kg,3883
2024-12-31,광주,오이,10개,13633
2024-12-31,광주,호박,1개,2293
2024-12-31,광주,토마토,1kg,7340
2024-12-31,광주,무,1개,2830
2024-12-31,광주,당근,1kg,7093
2024-12-31,광주,열무,1kg,2160
2024-12-31,광주,양파,1kg,2083
2024-12-31,광주,대파,1kg,4060
2024-12-31,광주,피망,100g,18033
2024-12-31,광주,파프리카,1개,2680
2024-12-31,광주,마늘,1kg,9657
2024-12-31,광주,브로콜리,1개,2410
2024-12-31,광주,사과,10개,29767
2024-12-31,광주,배,10개,40550
2025-01-02,광주,배추,1포기,4993
2025-01-02,광주,시금치,100g,9247
2025-01-02,광주,상추,100g,9867
2025-01-02,광주,얼갈이배추,1kg,3737
2025-01-02,광주,오이,10개,13633
2025-01-02,광주,호박,1개,2283
2025-01-02,광주,토마토,1kg,7007
2025-01-02,광주,무,1개,2810
2025-01-02,광주,당근,1kg,7013
2025-01-02,광주,열무,1kg,2160
2025-01-02,광주,양파,1kg,2083
2025-01-02,광주,대파,1kg,3843
2025-01-02,광주,피망,100g,18033
2025-01-02,광주,파프리카,1개,2180
2025-01-02,광주,마늘,1kg,8990
2025-01-02,광주,브로콜리,1개,2760
2025-01-02,광주,사과,10개,27933
2025-01-02,광주,배,10개,40550
2025-01-03,광주,배추,1포기,4827
2025-01-03,광주,시금치,100g,9247
2025-01-03,광주,상추,100g,9623
2025-01-03,광주,얼갈이배추,1kg,3737
2025-01-03,광주,오이,10개,13633
2025-01-03,광주,호박,1개,2110
2025-01-03,광주,토마토,1kg,6990
2025-01-03,광주,무,1개,2895
2025-01-03,광주,당근,1kg,7013
2025-01-03,광주,열무,1kg,2160
2025-01-03,광주,양파,1kg,2070
2025-01-03,광주,대파,1kg,3857
2025-01-03,광주,피망,100g,18033
2025-01-03,광주,파프리카,1개,2180
2025-01-03,광주,마늘,1kg,8323
2025-01-03,광주,브로콜리,1개,2760
2025-01-03,광주,사과,10개,27267
2025-01-03,광주,배,10개,41200
2025-01-06,광주,배추,1포기,4880
2025-01-06,광주,시금치,100g,9247
2025-01-06,광주,상추,100g,9723
2025-01-06,광주,얼갈이배추,1kg,3737
2025-01-06,광주,오이,10개,13633
2025-01-06,광주,호박,1개,2150
2025-01-06,광주,토마토,1kg,6480
2025-01-06,광주,무,1개,3060
2025-01-06,광주,당근,1kg,7013
2025-01-06,광주,열무,1kg,2160
2025-01-06,광주,양파,1kg,1910
2025-01-06,광주,대파,1kg,3857
2025-01-06,광주,피망,100g,18033
2025-01-06,광주,파프리카,1개,2180
2025-01-06,광주,마늘,1kg,8990
2025-01-06,광주,브로콜리,1개,2760
2025-01-06,광주,사과,10개,32267
2025-01-06,광주,배,10개,42450
2025-01-07,광주,배추,1포기,4937
2025-01-07,광주,시금치,100g,9280
2025-01-07,광주,상추,100g,9723
2025-01-07,광주,얼갈이배추,1kg,3760
2025-01-07,광주,오이,10개,13633
2025-01-07,광주,호박,1개,2150
2025-01-07,광주,토마토,1kg,6473
2025-01-07,광주,무,1개,3145
2025-01-07,광주,당근,1kg,6900
2025-01-07,광주,열무,1kg,2160
2025-01-07,광주,양파,1kg,1933
2025-01-07,광주,대파,1kg,3900
2025-01-07,광주,피망,100g,18767
2025-01-07,광주,파프리카,1개,2160
2025-01-07,광주,마늘,1kg,8990
2025-01-07,광주,브로콜리,1개,2760
2025-01-07,광주,사과,10개,32267
2025-01-07,광주,배,10개,42450
2025-01-08,광주,배추,1포기,4993
2025-01-08,광주,시금치,100g,9413
2025-01-08,광주,상추,100g,9723
2025-01-08,광주,얼갈이배추,1kg,3770
2025-01-08,광주,오이,10개,13633
2025-01-08,광주,호박,1개,2110
2025-01-08,광주,토마토,1kg,6457
2025-01-08,광주,무,1개,3225
2025-01-08,광주,당근,1kg,6790
2025-01-08,광주,열무,1kg,2230
2025-01-08,광주,양파,1kg,1933
2025-01-08,광주,대파,1kg,3923
2025-01-08,광주,피망,100g,18767
2025-01-08,광주,파프리카,1개,2160
2025-01-08,광주,마늘,1kg,8990
2025-01-08,광주,브로콜리,1개,2703
2025-01-08,광주,사과,10개,32500
2025-01-08,광주,배,10개,43050
2025-01-09,광주,배추,1포기,4503
2025-01-09,광주,시금치,100g,9967
2025-01-09,광주,상추,100g,10133
2025-01-09,광주,얼갈이배추,1kg,4103
2025-01-09,광주,오이,10개,12033
2025-01-09,광주,호박,1개,2243
2025-01-09,광주,토마토,1kg,5893
2025-01-09,광주,무,1개,3155
2025-01-09,광주,당근,1kg,7777
2025-01-09,광주,열무,1kg,2230
2025-01-09,광주,양파,1kg,2003
2025-01-09,광주,대파,1kg,3837
2025-01-09,광주,피망,100g,20433
2025-01-09,광주,파프리카,1개,2327
2025-01-09,광주,마늘,1kg,9657
2025-01-09,광주,브로콜리,1개,2703
2025-01-09,광주,사과,10개,32500
2025-01-09,광주,배,10개,43800
2025-01-10,광주,배추,1포기,4613
2025-01-10,광주,시금치,100g,9967
2025-01-10,광주,상추,100g,9467
2025-01-10,광주,얼갈이배추,1kg,4127
2025-01-10,광주,오이,10개,12200
2025-01-10,광주,호박,1개,2283
2025-01-10,광주,토마토,1kg,5977
2025-01-10,광주,무,1개,2910
2025-01-10,광주,당근,1kg,7777
2025-01-10,광주,열무,1kg,2230
2025-01-10,광주,양파,1kg,2003
2025-01-10,광주,대파,1kg,3837
2025-01-10,광주,피망,100g,20433
2025-01-10,광주,파프리카,1개,2050
2025-01-10,광주,마늘,1kg,9657
2025-01-10,광주,브로콜리,1개,2703
2025-01-10,광주,사과,10개,32500
2025-01-10,광주,배,10개,43800
2025-01-13,광주,배추,1포기,4613
2025-01-13,광주,시금치,100g,10700
2025-01-13,광주,상추,100g,10100
2025-01-13,광주,얼갈이배추,1kg,4147
2025-01-13,광주,오이,10개,12200
2025-01-13,광주,호박,1개,2310
2025-01-13,광주,토마토,1kg,5977
2025-01-13,광주,무,1개,3205
2025-01-13,광주,당근,1kg,7887
2025-01-13,광주,열무,1kg,2230
2025-01-13,광주,양파,1kg,2003
2025-01-13,광주,대파,1kg,3817
2025-01-13,광주,피망,100g,20433
2025-01-13,광주,파프리카,1개,2050
2025-01-13,광주,마늘,1kg,9657
2025-01-13,광주,브로콜리,1개,2703
2025-01-13,광주,사과,10개,28300
2025-01-13,광주,배,10개,43550
2025-01-14,광주,배추,1포기,4613
2025-01-14,광주,시금치,100g,10367
2025-01-14,광주,상추,100g,10133
2025-01-14,광주,얼갈이배추,1kg,4147
2025-01-14,광주,오이,10개,12533
2025-01-14,광주,호박,1개,2327
2025-01-14,광주,토마토,1kg,5933
2025-01-14,광주,무,1개,3155
2025-01-14,광주,당근,1kg,7887
2025-01-14,광주,열무,1kg,2330
2025-01-14,광주,양파,1kg,2003
2025-01-14,광주,대파,1kg,3837
2025-01-14,광주,피망,100g,20433
2025-01-14,광주,파프리카,1개,2050
2025-01-14,광주,마늘,1kg,9657
2025-01-14,광주,브로콜리,1개,2703
2025-01-14,광주,사과,10개,28567
2025-01-14,광주,배,10개,44050
2025-01-15,광주,배추,1포기,4560
2025-01-15,광주,시금치,100g,10467
2025-01-15,광주,상추,100g,10267
2025-01-15,광주,얼갈이배추,1kg,4170
2025-01-15,광주,오이,10개,12533
2025-01-15,광주,호박,1개,2327
2025-01-15,광주,토마토,1kg,5893
2025-01-15,광주,무,1개,3070
2025-01-15,광주,당근,1kg,7887
2025-01-15,광주,열무,1kg,2430
2025-01-15,광주,양파,1kg,2003
2025-01-15,광주,대파,1kg,3860
2025-01-15,광주,피망,100g,20533
2025-01-15,광주,파프리카,1개,2050
2025-01-15,광주,마늘,1kg,9657
2025-01-15,광주,브로콜리,1개,2703
2025-01-15,광주,사과,10개,28567
2025-01-15,광주,배,10개,44050
2025-01-16,광주,배추,1포기,4503
2025-01-16,광주,시금치,100g,10557
2025-01-16,광주,상추,100g,10700
2025-01-16,광주,얼갈이배추,1kg,4227
2025-01-16,광주,오이,10개,13267
2025-01-16,광주,호박,1개,2827
2025-01-16,광주,토마토,1kg,5650
2025-01-16,광주,무,1개,2990
2025-01-16,광주,당근,1kg,6900
2025-01-16,광주,열무,1kg,2500
2025-01-16,광주,양파,1kg,2217
2025-01-16,광주,대파,1kg,3387
2025-01-16,광주,피망,100g,19700
2025-01-16,광주,파프리카,1개,2307
2025-01-16,광주,마늘,1kg,7660
2025-01-16,광주,브로콜리,1개,2770
2025-01-16,광주,사과,10개,30533
2025-01-16,광주,배,10개,44950
2025-01-17,광주,배추,1포기,4503
2025-01-17,광주,시금치,100g,10557
2025-01-17,광주,상추,100g,10700
2025-01-17,광주,얼갈이배추,1kg,3903
2025-01-17,광주,오이,10개,13400
2025-01-17,광주,호박,1개,2693
2025-01-17,광주,토마토,1kg,5607
2025-01-17,광주,무,1개,2905
2025-01-17,광주,당근,1kg,6790
2025-01-17,광주,열무,1kg,2630
2025-01-17,광주,양파,1kg,2217
2025-01-17,광주,대파,1kg,3363
2025-01-17,광주,피망,100g,19800
2025-01-17,광주,파프리카,1개,2107
2025-01-17,광주,마늘,1kg,7660
2025-01-17,광주,브로콜리,1개,2770
2025-01-17,광주,사과,10개,30533
2025-01-17,광주,배,10개,44950
2025-01-20,광주,배추,1포기,4503
2025-01-20,광주,시금치,100g,10723
2025-01-20,광주,상추,100g,10400
2025-01-20,광주,얼갈이배추,1kg,3893
2025-01-20,광주,오이,10개,13400
2025-01-20,광주,호박,1개,2693
2025-01-20,광주,토마토,1kg,5590
2025-01-20,광주,무,1개,2820
2025-01-20,광주,당근,1kg,6790
2025-01-20,광주,열무,1kg,2700
2025-01-20,광주,양파,1kg,2227
2025-01-20,광주,대파,1kg,3343
2025-01-20,광주,피망,100g,19800
2025-01-20,광주,파프리카,1개,1950
2025-01-20,광주,마늘,1kg,7660
2025-01-20,광주,브로콜리,1개,2720
2025-01-20,광주,사과,10개,30533
2025-01-20,광주,배,10개,44950
2025-01-21,광주,배추,1포기,4393
2025-01-21,광주,시금치,100g,10823
2025-01-21,광주,상추,100g,10333
2025-01-21,광주,얼갈이배추,1kg,3893
2025-01-21,광주,오이,10개,16600
2025-01-21,광주,호박,1개,2733
2025-01-21,광주,토마토,1kg,5523
2025-01-21,광주,무,1개,2790
2025-01-21,광주,당근,1kg,6957
2025-01-21,광주,열무,1kg,2760
2025-01-21,광주,양파,1kg,2250
2025-01-21,광주,대파,1kg,3343
2025-01-21,광주,피망,100g,19800
2025-01-21,광주,파프리카,1개,1950
2025-01-21,광주,마늘,1kg,7660
2025-01-21,광주,브로콜리,1개,2743
2025-01-21,광주,사과,10개,29700
2025-01-21,광주,배,10개,43700
2025-01-22,광주,배추,1포기,4393
2025-01-22,광주,시금치,100g,10923
2025-01-22,광주,상추,100g,10333
2025-01-22,광주,얼갈이배추,1kg,3903
2025-01-22,광주,오이,10개,16600
2025-01-22,광주,호박,1개,2733
2025-01-22,광주,토마토,1kg,5483
2025-01-22,광주,무,1개,2740
2025-01-22,광주,당근,1kg,6957
2025-01-22,광주,열무,1kg,2760
2025-01-22,광주,양파,1kg,2273
2025-01-22,광주,대파,1kg,3310
2025-01-22,광주,피망,100g,19800
2025-01-22,광주,파프리카,1개,1970
2025-01-22,광주,마늘,1kg,7660
2025-01-22,광주,브로콜리,1개,2743
2025-01-22,광주,사과,10개,29700
2025-01-22,광주,배,10개,43700
2025-01-23,광주,배추,1포기,4913
2025-01-23,광주,시금치,100g,10633
2025-01-23,광주,상추,100g,9783
2025-01-23,광주,얼갈이배추,1kg,3540
2025-01-23,광주,오이,10개,15250
2025-01-23,광주,호박,1개,2327
2025-01-23,광주,토마토,1kg,6363
2025-01-23,광주,무,1개,2695
2025-01-23,광주,당근,1kg,6233
2025-01-23,광주,열무,1kg,3720
2025-01-23,광주,양파,1kg,2363
2025-01-23,광주,대파,1kg,3523
2025-01-23,광주,피망,100g,21100
2025-01-23,광주,파프리카,1개,2093
2025-01-23,광주,마늘,1kg,8660
2025-01-23,광주,브로콜리,1개,2827
2025-01-23,광주,사과,10개,29700
2025-01-23,광주,배,10개,54950
2025-01-24,광주,배추,1포기,4580
2025-01-24,광주,시금치,100g,9840
2025-01-24,광주,상추,100g,9717
2025-01-24,광주,얼갈이배추,1kg,3540
2025-01-24,광주,오이,10개,15250
2025-01-24,광주,호박,1개,2327
2025-01-24,광주,토마토,1kg,6403
2025-01-24,광주,무,1개,2695
2025-01-24,광주,당근,1kg,6343
2025-01-24,광주,열무,1kg,3720
2025-01-24,광주,양파,1kg,2363
2025-01-24,광주,대파,1kg,3523
2025-01-24,광주,피망,100g,21100
2025-01-24,광주,파프리카,1개,2093
2025-01-24,광주,마늘,1kg,8660
2025-01-24,광주,브로콜리,1개,2927
2025-01-24,광주,사과,10개,30100
2025-01-24,광주,배,10개,54950
2024-11-04,대전,배추,1포기,4020
2024-11-04,대전,시금치,100g,9073
2024-11-04,대전,상추,100g,16300
2024-11-04,대전,얼갈이배추,1kg,4660
2024-11-04,대전,오이,10개,23300
2024-11-04,대전,호박,1개,2677
2024-11-04,대전,토마토,1kg,9987
2024-11-04,대전,무,1개,3200
2024-11-04,대전,당근,1kg,7113
2024-11-04,대전,열무,1kg,4717
2024-11-04,대전,양파,1kg,2063
2024-11-04,대전,대파,1kg,4210
2024-11-04,대전,피망,100g,32400
2024-11-04,대전,파프리카,1개,2017
2024-11-04,대전,마늘,1kg,10460
2024-11-04,대전,브로콜리,1개,3420
2024-11-04,대전,사과,10개,21900
2024-11-04,대전,배,10개,33100
2024-11-05,대전,배추,1포기,4120
2024-11-05,대전,시금치,100g,9073
2024-11-05,대전,상추,100g,16200
2024-11-05,대전,얼갈이배추,1kg,4660
2024-11-05,대전,오이,10개,23300
2024-11-05,대전,호박,1개,2677
2024-11-05,대전,토마토,1kg,9987
2024-11-05,대전,무,1개,3200
2024-11-05,대전,당근,1kg,7113
2024-11-05,대전,열무,1kg,4717
2024-11-05,대전,양파,1kg,2063
2024-11-05,대전,대파,1kg,4157
2024-11-05,대전,피망,100g,32400
2024-11-05,대전,파프리카,1개,2017
2024-11-05,대전,마늘,1kg,10460
2024-11-05,대전,브로콜리,1개,3125
2024-11-05,대전,사과,10개,21900
2024-11-05,대전,배,10개,33933
2024-11-06,대전,배추,1포기,3995
2024-11-06,대전,시금치,100g,8873
2024-11-06,대전,상추,100g,15967
2024-11-06,대전,얼갈이배추,1kg,4607
2024-11-06,대전,오이,10개,23300
2024-11-06,대전,호박,1개,2677
2024-11-06,대전,토마토,1kg,10210
2024-11-06,대전,무,1개,3000
2024-11-06,대전,당근,1kg,7113
2024-11-06,대전,열무,1kg,4717
2024-11-06,대전,양파,1kg,2063
2024-11-06,대전,대파,1kg,4100
2024-11-06,대전,피망,100g,32400
2024-11-06,대전,파프리카,1개,2017
2024-11-06,대전,마늘,1kg,10460
2024-11-06,대전,브로콜리,1개,3125
2024-11-06,대전,사과,10개,21900
2024-11-06,대전,배,10개,34767
2024-11-07,대전,배추,1포기,4000
2024-11-07,대전,시금치,100g,11433
2024-11-07,대전,상추,100g,18000
2024-11-07,대전,얼갈이배추,1kg,4380
2024-11-07,대전,오이,10개,23300
2024-11-07,대전,호박,1개,2677
2024-11-07,대전,토마토,1kg,10273
2024-11-07,대전,무,1개,2713
2024-11-07,대전,당근,1kg,6653
2024-11-07,대전,열무,1kg,4433
2024-11-07,대전,양파,1kg,1760
2024-11-07,대전,대파,1kg,2860
2024-11-07,대전,피망,100g,34900
2024-11-07,대전,파프리카,1개,1580
2024-11-07,대전,마늘,1kg,9253
2024-11-07,대전,브로콜리,1개,3075
2024-11-07,대전,사과,10개,21650
2024-11-07,대전,배,10개,35600
2024-11-08,대전,배추,1포기,3597
2024-11-08,대전,시금치,100g,10933
2024-11-08,대전,상추,100g,18000
2024-11-08,대전,얼갈이배추,1kg,4380
2024-11-08,대전,오이,10개,23300
2024-11-08,대전,호박,1개,2677
2024-11-08,대전,토마토,1kg,10273
2024-11-08,대전,무,1개,2580
2024-11-08,대전,당근,1kg,6653
2024-11-08,대전,열무,1kg,4433
2024-11-08,대전,양파,1kg,1760
2024-11-08,대전,대파,1kg,2860
2024-11-08,대전,피망,100g,34900
2024-11-08,대전,파프리카,1개,2047
2024-11-08,대전,마늘,1kg,9253
2024-11-08,대전,브로콜리,1개,3075
2024-11-08,대전,사과,10개,21650
2024-11-08,대전,배,10개,35600
2024-11-11,대전,배추,1포기,3763
2024-11-11,대전,시금치,100g,10933
2024-11-11,대전,상추,100g,17133
2024-11-11,대전,얼갈이배추,1kg,4380
2024-11-11,대전,오이,10개,23300
2024-11-11,대전,호박,1개,2633
2024-11-11,대전,토마토,1kg,10147
2024-11-11,대전,무,1개,2413
2024-11-11,대전,당근,1kg,6577
2024-11-11,대전,열무,1kg,4460
2024-11-11,대전,양파,1kg,1800
2024-11-11,대전,대파,1kg,3083
2024-11-11,대전,피망,100g,34900
2024-11-11,대전,파프리카,1개,2380
2024-11-11,대전,마늘,1kg,9287
2024-11-11,대전,브로콜리,1개,3245
2024-11-11,대전,사과,10개,21650
2024-11-11,대전,배,10개,36000
2024-11-12,대전,배추,1포기,3597
2024-11-12,대전,시금치,100g,10933
2024-11-12,대전,상추,100g,16933
2024-11-12,대전,얼갈이배추,1kg,4380
2024-11-12,대전,오이,10개,23300
2024-11-12,대전,호박,1개,2510
2024-11-12,대전,토마토,1kg,10147
2024-11-12,대전,무,1개,2357
2024-11-12,대전,당근,1kg,6577
2024-11-12,대전,열무,1kg,4573
2024-11-12,대전,양파,1kg,1753
2024-11-12,대전,대파,1kg,3083
2024-11-12,대전,피망,100g,34900
2024-11-12,대전,파프리카,1개,2243
2024-11-12,대전,마늘,1kg,9253
2024-11-12,대전,브로콜리,1개,3590
2024-11-12,대전,사과,10개,28300
2024-11-12,대전,배,10개,32267
2024-11-13,대전,배추,1포기,3573
2024-11-13,대전,시금치,100g,10933
2024-11-13,대전,상추,100g,16933
2024-11-13,대전,얼갈이배추,1kg,4323
2024-11-13,대전,오이,10개,23300
2024-11-13,대전,호박,1개,2510
2024-11-13,대전,토마토,1kg,10563
2024-11-13,대전,무,1개,2690
2024-11-13,대전,당근,1kg,6577
2024-11-13,대전,열무,1kg,4407
2024-11-13,대전,양파,1kg,1753
2024-11-13,대전,대파,1kg,3167
2024-11-13,대전,피망,100g,34900
2024-11-13,대전,파프리카,1개,2327
2024-11-13,대전,마늘,1kg,9253
2024-11-13,대전,브로콜리,1개,3590
2024-11-13,대전,사과,10개,29967
2024-11-13,대전,배,10개,32267
2024-11-14,대전,배추,1포기,2977
2024-11-14,대전,시금치,100g,10133
2024-11-14,대전,상추,100g,14300
2024-11-14,대전,얼갈이배추,1kg,3940
2024-11-14,대전,오이,10개,19900
2024-11-14,대전,호박,1개,2077
2024-11-14,대전,토마토,1kg,9813
2024-11-14,대전,무,1개,2553
2024-11-14,대전,당근,1kg,6480
2024-11-14,대전,열무,1kg,4157
2024-11-14,대전,양파,1kg,1577
2024-11-14,대전,대파,1kg,3753
2024-11-14,대전,피망,100g,29900
2024-11-14,대전,파프리카,1개,2160
2024-11-14,대전,마늘,1kg,7560
2024-11-14,대전,브로콜리,1개,3493
2024-11-14,대전,사과,10개,32767
2024-11-14,대전,배,10개,38933
2024-11-15,대전,배추,1포기,2977
2024-11-15,대전,시금치,100g,10133
2024-11-15,대전,상추,100g,14300
2024-11-15,대전,얼갈이배추,1kg,3940
2024-11-15,대전,오이,10개,19900
2024-11-15,대전,호박,1개,2077
2024-11-15,대전,토마토,1kg,9813
2024-11-15,대전,무,1개,2553
2024-11-15,대전,당근,1kg,6480
2024-11-15,대전,열무,1kg,4157
2024-11-15,대전,양파,1kg,1577
2024-11-15,대전,대파,1kg,3753
2024-11-15,대전,피망,100g,29900
2024-11-15,대전,파프리카,1개,2160
2024-11-15,대전,마늘,1kg,7560
2024-11-15,대전,브로콜리,1개,3493
2024-11-15,대전,사과,10개,32767
2024-11-15,대전,배,10개,38933
2024-11-18,대전,배추,1포기,3060
2024-11-18,대전,시금치,100g,10133
2024-11-18,대전,상추,100g,14500
2024-11-18,대전,얼갈이배추,1kg,3887
2024-11-18,대전,오이,10개,19900
2024-11-18,대전,호박,1개,2077
2024-11-18,대전,토마토,1kg,9947
2024-11-18,대전,무,1개,2567
2024-11-18,대전,당근,1kg,6497
2024-11-18,대전,열무,1kg,3907
2024-11-18,대전,양파,1kg,1673
2024-11-18,대전,대파,1kg,3837
2024-11-18,대전,피망,100g,29900
2024-11-18,대전,파프리카,1개,2103
2024-11-18,대전,마늘,1kg,7560
2024-11-18,대전,브로콜리,1개,3410
2024-11-18,대전,사과,10개,32767
2024-11-18,대전,배,10개,38933
2024-11-19,대전,배추,1포기,3120
2024-11-19,대전,시금치,100g,10133
2024-11-19,대전,상추,100g,14500
2024-11-19,대전,얼갈이배추,1kg,3857
2024-11-19,대전,오이,10개,19900
2024-11-19,대전,호박,1개,2077
2024-11-19,대전,토마토,1kg,9947
2024-11-19,대전,무,1개,2420
2024-11-19,대전,당근,1kg,6553
2024-11-19,대전,열무,1kg,3823
2024-11-19,대전,양파,1kg,1673
2024-11-19,대전,대파,1kg,3640
2024-11-19,대전,피망,100g,29900
2024-11-19,대전,파프리카,1개,2103
2024-11-19,대전,마늘,1kg,7560
2024-11-19,대전,브로콜리,1개,3327
2024-11-19,대전,사과,10개,32767
2024-11-19,대전,배,10개,40600
2024-11-20,대전,배추,1포기,3043
2024-11-20,대전,시금치,100g,10133
2024-11-20,대전,상추,100g,14500
2024-11-20,대전,얼갈이배추,1kg,3887
2024-11-20,대전,오이,10개,19900
2024-11-20,대전,호박,1개,2033
2024-11-20,대전,토마토,1kg,9947
2024-11-20,대전,무,1개,2567
2024-11-20,대전,당근,1kg,6490
2024-11-20,대전,열무,1kg,3823
2024-11-20,대전,양파,1kg,1673
2024-11-20,대전,대파,1kg,3723
2024-11-20,대전,피망,100g,29900
2024-11-20,대전,파프리카,1개,2103
2024-11-20,대전,마늘,1kg,7560
2024-11-20,대전,브로콜리,1개,3327
2024-11-20,대전,사과,10개,32767
2024-11-20,대전,배,10개,38933
2024-11-21,대전,배추,1포기,3043
2024-11-21,대전,시금치,100g,10367
2024-11-21,대전,상추,100g,13400
2024-11-21,대전,얼갈이배추,1kg,3963
2024-11-21,대전,오이,10개,19900
2024-11-21,대전,호박,1개,1890
2024-11-21,대전,토마토,1kg,10250
2024-11-21,대전,무,1개,2670
2024-11-21,대전,당근,1kg,6390
2024-11-21,대전,열무,1kg,3823
2024-11-21,대전,양파,1kg,1673
2024-11-21,대전,대파,1kg,3443
2024-11-21,대전,피망,100g,27400
2024-11-21,대전,파프리카,1개,1770
2024-11-21,대전,마늘,1kg,7827
2024-11-21,대전,브로콜리,1개,2993
2024-11-21,대전,사과,10개,32767
2024-11-21,대전,배,10개,38933
2024-11-22,대전,배추,1포기,3053
2024-11-22,대전,시금치,100g,10167
2024-11-22,대전,상추,100g,13600
2024-11-22,대전,얼갈이배추,1kg,3963
2024-11-22,대전,오이,10개,19900
2024-11-22,대전,호박,1개,1933
2024-11-22,대전,토마토,1kg,10250
2024-11-22,대전,무,1개,2643
2024-11-22,대전,당근,1kg,6450
2024-11-22,대전,열무,1kg,3823
2024-11-22,대전,양파,1kg,1673
2024-11-22,대전,대파,1kg,3473
2024-11-22,대전,피망,100g,27400
2024-11-22,대전,파프리카,1개,1660
2024-11-22,대전,마늘,1kg,7827
2024-11-22,대전,브로콜리,1개,2993
2024-11-22,대전,사과,10개,31933
2024-11-22,대전,배,10개,37000
2024-11-25,대전,배추,1포기,3027
2024-11-25,대전,시금치,100g,10267
2024-11-25,대전,상추,100g,13533
2024-11-25,대전,얼갈이배추,1kg,3963
2024-11-25,대전,오이,10개,19900
2024-11-25,대전,호박,1개,1933
2024-11-25,대전,토마토,1kg,10250
2024-11-25,대전,무,1개,2687
2024-11-25,대전,당근,1kg,6633
2024-11-25,대전,열무,1kg,4985
2024-11-25,대전,양파,1kg,1743
2024-11-25,대전,대파,1kg,3527
2024-11-25,대전,피망,100g,27400
2024-11-25,대전,파프리카,1개,1727
2024-11-25,대전,마늘,1kg,7827
2024-11-25,대전,브로콜리,1개,3077
2024-11-25,대전,사과,10개,31000
2024-11-25,대전,배,10개,37000
2024-11-26,대전,배추,1포기,3027
2024-11-26,대전,시금치,100g,10367
2024-11-26,대전,상추,100g,13533
2024-11-26,대전,얼갈이배추,1kg,3963
2024-11-26,대전,오이,10개,19900
2024-11-26,대전,호박,1개,1933
2024-11-26,대전,토마토,1kg,10250
2024-11-26,대전,무,1개,2780
2024-11-26,대전,당근,1kg,6717
2024-11-26,대전,열무,1kg,4985
2024-11-26,대전,양파,1kg,1743
2024-11-26,대전,대파,1kg,3583
2024-11-26,대전,피망,100g,27400
2024-11-26,대전,파프리카,1개,2060
2024-11-26,대전,마늘,1kg,7827
2024-11-26,대전,브로콜리,1개,3077
2024-11-26,대전,사과,10개,31000
2024-11-26,대전,배,10개,37000
2024-11-27,대전,배추,1포기,3053
2024-11-27,대전,시금치,100g,10067
2024-11-27,대전,상추,100g,13533
2024-11-27,대전,얼갈이배추,1kg,4003
2024-11-27,대전,오이,10개,19900
2024-11-27,대전,호박,1개,1890
2024-11-27,대전,토마토,1kg,10417
2024-11-27,대전,무,1개,2700
2024-11-27,대전,당근,1kg,6717
2024-11-27,대전,열무,1kg,4985
2024-11-27,대전,양파,1kg,1743
2024-11-27,대전,대파,1kg,3500
2024-11-27,대전,피망,100g,27400
2024-11-27,대전,파프리카,1개,2060
2024-11-27,대전,마늘,1kg,7827
2024-11-27,대전,브로콜리,1개,3077
2024-11-27,대전,사과,10개,31000
2024-11-27,대전,배,10개,36833
2024-11-28,대전,배추,1포기,3033
2024-11-28,대전,시금치,100g,10233
2024-11-28,대전,상추,100g,13067
2024-11-28,대전,얼갈이배추,1kg,4003
2024-11-28,대전,오이,10개,19900
2024-11-28,대전,호박,1개,1767
2024-11-28,대전,토마토,1kg,10417
2024-11-28,대전,무,1개,2830
2024-11-28,대전,당근,1kg,6717
2024-11-28,대전,열무,1kg,4985
2024-11-28,대전,양파,1kg,1673
2024-11-28,대전,대파,1kg,3883
2024-11-28,대전,피망,100g,23650
2024-11-28,대전,파프리카,1개,2027
2024-11-28,대전,마늘,1kg,8160
2024-11-28,대전,브로콜리,1개,2370
2024-11-28,대전,사과,10개,34500
2024-11-28,대전,배,10개,37500
2024-11-29,대전,배추,1포기,3150
2024-11-29,대전,시금치,100g,10133
2024-11-29,대전,상추,100g,13067
2024-11-29,대전,얼갈이배추,1kg,4003
2024-11-29,대전,오이,10개,19900
2024-11-29,대전,호박,1개,1767
2024-11-29,대전,토마토,1kg,10250
2024-11-29,대전,무,1개,2773
2024-11-29,대전,당근,1kg,6717
2024-11-29,대전,열무,1kg,4985
2024-11-29,대전,양파,1kg,1673
2024-11-29,대전,대파,1kg,3980
2024-11-29,대전,피망,100g,23650
2024-11-29,대전,파프리카,1개,1943
2024-11-29,대전,마늘,1kg,8160
2024-11-29,대전,브로콜리,1개,2370
2024-11-29,대전,사과,10개,32333
2024-11-29,대전,배,10개,37500
2024-12-02,대전,배추,1포기,3260
2024-12-02,대전,시금치,100g,10667
2024-12-02,대전,상추,100g,10667
2024-12-02,대전,얼갈이배추,1kg,3963
2024-12-02,대전,오이,10개,19900
2024-12-02,대전,호박,1개,1767
2024-12-02,대전,토마토,1kg,10083
2024-12-02,대전,무,1개,2983
2024-12-02,대전,당근,1kg,6717
2024-12-02,대전,열무,1kg,3990
2024-12-02,대전,양파,1kg,1793
2024-12-02,대전,대파,1kg,4170
2024-12-02,대전,피망,100g,23650
2024-12-02,대전,파프리카,1개,1943
2024-12-02,대전,마늘,1kg,8827
2024-12-02,대전,브로콜리,1개,2743
2024-12-02,대전,사과,10개,32333
2024-12-02,대전,배,10개,37500
2024-12-03,대전,배추,1포기,3260
2024-12-03,대전,시금치,100g,10667
2024-12-03,대전,상추,100g,11467
2024-12-03,대전,얼갈이배추,1kg,3963
2024-12-03,대전,오이,10개,19900
2024-12-03,대전,호박,1개,1767
2024-12-03,대전,토마토,1kg,10083
2024-12-03,대전,무,1개,2983
2024-12-03,대전,당근,1kg,6717
2024-12-03,대전,열무,1kg,3990
2024-12-03,대전,양파,1kg,1883
2024-12-03,대전,대파,1kg,4170
2024-12-03,대전,피망,100g,23650
2024-12-03,대전,파프리카,1개,2010
2024-12-03,대전,마늘,1kg,8827
2024-12-03,대전,브로콜리,1개,2743
2024-12-03,대전,사과,10개,31667
2024-12-03,대전,배,10개,37500
2024-12-04,대전,배추,1포기,3177
2024-12-04,대전,시금치,100g,10367
2024-12-04,대전,상추,100g,11467
2024-12-04,대전,얼갈이배추,1kg,3880
2024-12-04,대전,오이,10개,19900
2024-12-04,대전,호박,1개,1767
2024-12-04,대전,토마토,1kg,10083
2024-12-04,대전,무,1개,2850
2024-12-04,대전,당근,1kg,6717
2024-12-04,대전,열무,1kg,3907
2024-12-04,대전,양파,1kg,1883
2024-12-04,대전,대파,1kg,4117
2024-12-04,대전,피망,100g,23650
2024-12-04,대전,파프리카,1개,1843
2024-12-04,대전,마늘,1kg,8827
2024-12-04,대전,브로콜리,1개,2743
2024-12-04,대전,사과,10개,31667
2024-12-04,대전,배,10개,37500
2024-12-05,대전,배추,1포기,4410
2024-12-05,대전,시금치,100g,7940
2024-12-05,대전,상추,100g,11133
2024-12-05,대전,얼갈이배추,1kg,3677
2024-12-05,대전,오이,10개,19900
2024-12-05,대전,호박,1개,1800
2024-12-05,대전,토마토,1kg,10810
2024-12-05,대전,무,1개,3567
2024-12-05,대전,당근,1kg,7017
2024-12-05,대전,열무,1kg,3687
2024-12-05,대전,양파,1kg,2187
2024-12-05,대전,대파,1kg,4380
2024-12-05,대전,피망,100g,22400
2024-12-05,대전,파프리카,1개,1843
2024-12-05,대전,마늘,1kg,9493
2024-12-05,대전,브로콜리,1개,2743
2024-12-05,대전,사과,10개,31667
2024-12-05,대전,배,10개,38833
2024-12-09,대전,배추,1포기,4590
2024-12-09,대전,시금치,100g,7973
2024-12-09,대전,상추,100g,11133
2024-12-09,대전,얼갈이배추,1kg,3703
2024-12-09,대전,오이,10개,19900
2024-12-09,대전,호박,1개,1800
2024-12-09,대전,토마토,1kg,10813
2024-12-09,대전,무,1개,3620
2024-12-09,대전,당근,1kg,7017
2024-12-09,대전,열무,1kg,3700
2024-12-09,대전,양파,1kg,2187
2024-12-09,대전,대파,1kg,4413
2024-12-09,대전,피망,100g,22400
2024-12-09,대전,파프리카,1개,1843
2024-12-09,대전,마늘,1kg,9493
2024-12-09,대전,브로콜리,1개,2743
2024-12-09,대전,사과,10개,32500
2024-12-09,대전,배,10개,38833
2024-12-10,대전,배추,1포기,4547
2024-12-10,대전,시금치,100g,8307
2024-12-10,대전,상추,100g,11133
2024-12-10,대전,얼갈이배추,1kg,3787
2024-12-10,대전,오이,10개,19900
2024-12-10,대전,호박,1개,1833
2024-12-10,대전,토마토,1kg,10813
2024-12-10,대전,무,1개,3607
2024-12-10,대전,당근,1kg,7017
2024-12-10,대전,열무,1kg,3700
2024-12-10,대전,양파,1kg,2187
2024-12-10,대전,대파,1kg,4513
2024-12-10,대전,피망,100g,22400
2024-12-10,대전,파프리카,1개,1843
2024-12-10,대전,마늘,1kg,9493
2024-12-10,대전,브로콜리,1개,2937
2024-12-10,대전,사과,10개,32500
2024-12-10,대전,배,10개,38833
2024-12-11,대전,배추,1포기,4630
2024-12-11,대전,시금치,100g,8240
2024-12-11,대전,상추,100g,11133
2024-12-11,대전,얼갈이배추,1kg,3787
2024-12-11,대전,오이,10개,19900
2024-12-11,대전,호박,1개,1833
2024-12-11,대전,토마토,1kg,10813
2024-12-11,대전,무,1개,3487
2024-12-11,대전,당근,1kg,7017
2024-12-11,대전,열무,1kg,3700
2024-12-11,대전,양파,1kg,2187
2024-12-11,대전,대파,1kg,4447
2024-12-11,대전,피망,100g,22400
2024-12-11,대전,파프리카,1개,1843
2024-12-11,대전,마늘,1kg,9493
2024-12-11,대전,브로콜리,1개,2937
2024-12-11,대전,사과,10개,32500
2024-12-11,대전,배,10개,38833
2024-12-12,대전,배추,1포기,4603
2024-12-12,대전,시금치,100g,9267
2024-12-12,대전,상추,100g,11133
2024-12-12,대전,얼갈이배추,1kg,3277
2024-12-12,대전,오이,10개,19900
2024-12-12,대전,호박,1개,1863
2024-12-12,대전,토마토,1kg,9780
2024-12-12,대전,무,1개,3387
2024-12-12,대전,당근,1kg,6300
2024-12-12,대전,열무,1kg,4040
2024-12-12,대전,양파,1kg,1963
2024-12-12,대전,대파,1kg,4537
2024-12-12,대전,피망,100g,22400
2024-12-12,대전,파프리카,1개,1993
2024-12-12,대전,마늘,1kg,9490
2024-12-12,대전,브로콜리,1개,2213
2024-12-12,대전,사과,10개,33167
2024-12-12,대전,배,10개,38833
2024-12-13,대전,배추,1포기,4630
2024-12-13,대전,시금치,100g,9800
2024-12-13,대전,상추,100g,10357
2024-12-13,대전,얼갈이배추,1kg,3277
2024-12-13,대전,오이,10개,19900
2024-12-13,대전,호박,1개,1863
2024-12-13,대전,토마토,1kg,9780
2024-12-13,대전,무,1개,3250
2024-12-13,대전,당근,1kg,6300
2024-12-13,대전,열무,1kg,4040
2024-12-13,대전,양파,1kg,1963
2024-12-13,대전,대파,1kg,4537
2024-12-13,대전,피망,100g,22400
2024-12-13,대전,파프리카,1개,1993
2024-12-13,대전,마늘,1kg,9490
2024-12-13,대전,브로콜리,1개,2087
2024-12-13,대전,사과,10개,33167
2024-12-13,대전,배,10개,38833
2024-12-16,대전,배추,1포기,4995
2024-12-16,대전,시금치,100g,9967
2024-12-16,대전,상추,100g,10080
2024-12-16,대전,얼갈이배추,1kg,3277
2024-12-16,대전,오이,10개,19900
2024-12-16,대전,호박,1개,1907
2024-12-16,대전,토마토,1kg,9780
2024-12-16,대전,무,1개,3495
2024-12-16,대전,당근,1kg,6440
2024-12-16,대전,열무,1kg,4040
2024-12-16,대전,양파,1kg,1963
2024-12-16,대전,대파,1kg,4587
2024-12-16,대전,피망,100g,22400
2024-12-16,대전,파프리카,1개,1993
2024-12-16,대전,마늘,1kg,9490
2024-12-16,대전,브로콜리,1개,2087
2024-12-16,대전,사과,10개,33167
2024-12-16,대전,배,10개,37500
2024-12-17,대전,배추,1포기,4995
2024-12-17,대전,시금치,100g,10067
2024-12-17,대전,상추,100g,11333
2024-12-17,대전,얼갈이배추,1kg,3277
2024-12-17,대전,오이,10개,19900
2024-12-17,대전,호박,1개,1907
2024-12-17,대전,토마토,1kg,9780
2024-12-17,대전,무,1개,3495
2024-12-17,대전,당근,1kg,6440
2024-12-17,대전,열무,1kg,4040
2024-12-17,대전,양파,1kg,1963
2024-12-17,대전,대파,1kg,4640
2024-12-17,대전,피망,100g,22400
2024-12-17,대전,파프리카,1개,2077
2024-12-17,대전,마늘,1kg,9490
2024-12-17,대전,브로콜리,1개,2087
2024-12-17,대전,사과,10개,31950
2024-12-17,대전,배,10개,37500
2024-12-18,대전,배추,1포기,4995
2024-12-18,대전,시금치,100g,10167
2024-12-18,대전,상추,100g,11333
2024-12-18,대전,얼갈이배추,1kg,3277
2024-12-18,대전,오이,10개,19900
2024-12-18,대전,호박,1개,1947
2024-12-18,대전,토마토,1kg,9697
2024-12-18,대전,무,1개,2995
2024-12-18,대전,당근,1kg,6370
2024-12-18,대전,열무,1kg,4040
2024-12-18,대전,양파,1kg,1963
2024-12-18,대전,대파,1kg,4587
2024-12-18,대전,피망,100g,22400
2024-12-18,대전,파프리카,1개,2077
2024-12-18,대전,마늘,1kg,9490
2024-12-18,대전,브로콜리,1개,2087
2024-12-18,대전,사과,10개,31950
2024-12-18,대전,배,10개,37500
2024-12-19,대전,배추,1포기,4660
2024-12-19,대전,시금치,100g,10367
2024-12-19,대전,상추,100g,9733
2024-12-19,대전,얼갈이배추,1kg,3277
2024-12-19,대전,오이,10개,19900
2024-12-19,대전,호박,1개,1917
2024-12-19,대전,토마토,1kg,9697
2024-12-19,대전,무,1개,3660
2024-12-19,대전,당근,1kg,6607
2024-12-19,대전,열무,1kg,3985
2024-12-19,대전,양파,1kg,2020
2024-12-19,대전,대파,1kg,4587
2024-12-19,대전,피망,100g,22400
2024-12-19,대전,파프리카,1개,2240
2024-12-19,대전,마늘,1kg,9490
2024-12-19,대전,브로콜리,1개,2937
2024-12-19,대전,사과,10개,27933
2024-12-19,대전,배,10개,40167
2024-12-20,대전,배추,1포기,4660
2024-12-20,대전,시금치,100g,10000
2024-12-20,대전,상추,100g,9733
2024-12-20,대전,얼갈이배추,1kg,3277
2024-12-20,대전,오이,10개,19900
2024-12-20,대전,호박,1개,1917
2024-12-20,대전,토마토,1kg,9697
2024-12-20,대전,무,1개,3660
2024-12-20,대전,당근,1kg,6607
2024-12-20,대전,열무,1kg,3985
2024-12-20,대전,양파,1kg,2020
2024-12-20,대전,대파,1kg,4587
2024-12-20,대전,피망,100g,22400
2024-12-20,대전,파프리카,1개,2240
2024-12-20,대전,마늘,1kg,9490
2024-12-20,대전,브로콜리,1개,3103
2024-12-20,대전,사과,10개,27933
2024-12-20,대전,배,10개,40167
2024-12-23,대전,배추,1포기,4770
2024-12-23,대전,시금치,100g,10000
2024-12-23,대전,상추,100g,9423
2024-12-23,대전,얼갈이배추,1kg,3277
2024-12-23,대전,오이,10개,19900
2024-12-23,대전,호박,1개,1960
2024-12-23,대전,토마토,1kg,9737
2024-12-23,대전,무,1개,3000
2024-12-23,대전,당근,1kg,6607
2024-12-23,대전,열무,1kg,3985
2024-12-23,대전,양파,1kg,2020
2024-12-23,대전,대파,1kg,4537
2024-12-23,대전,피망,100g,22400
2024-12-23,대전,파프리카,1개,2157
2024-12-23,대전,마늘,1kg,9490
2024-12-23,대전,브로콜리,1개,2993
2024-12-23,대전,사과,10개,27933
2024-12-23,대전,배,10개,40167
2024-12-24,대전,배추,1포기,4733
2024-12-24,대전,시금치,100g,10000
2024-12-24,대전,상추,100g,9423
2024-12-24,대전,얼갈이배추,1kg,3733
2024-12-24,대전,오이,10개,19900
2024-12-24,대전,호박,1개,1960
2024-12-24,대전,토마토,1kg,9737
2024-12-24,대전,무,1개,3330
2024-12-24,대전,당근,1kg,6690
2024-12-24,대전,열무,1kg,4725
2024-12-24,대전,양파,1kg,2100
2024-12-24,대전,대파,1kg,4503
2024-12-24,대전,피망,100g,22400
2024-12-24,대전,파프리카,1개,2485
2024-12-24,대전,마늘,1kg,9490
2024-12-24,대전,브로콜리,1개,3160
2024-12-24,대전,사과,10개,27933
2024-12-24,대전,배,10개,39500
2024-12-26,대전,배추,1포기,4887
2024-12-26,대전,시금치,100g,9620
2024-12-26,대전,상추,100g,9733
2024-12-26,대전,얼갈이배추,1kg,3920
2024-12-26,대전,오이,10개,19900
2024-12-26,대전,호박,1개,2160
2024-12-26,대전,토마토,1kg,8207
2024-12-26,대전,무,1개,2500
2024-12-26,대전,당근,1kg,6857
2024-12-26,대전,열무,1kg,5460
2024-12-26,대전,양파,1kg,2100
2024-12-26,대전,대파,1kg,4570
2024-12-26,대전,피망,100g,14900
2024-12-26,대전,파프리카,1개,1830
2024-12-26,대전,마늘,1kg,9490
2024-12-26,대전,브로콜리,1개,2770
2024-12-26,대전,사과,10개,33950
2024-12-26,대전,배,10개,40167
2024-12-27,대전,배추,1포기,4970
2024-12-27,대전,시금치,100g,9620
2024-12-27,대전,상추,100g,9733
2024-12-27,대전,얼갈이배추,1kg,3880
2024-12-27,대전,오이,10개,19900
2024-12-27,대전,호박,1개,2127
2024-12-27,대전,토마토,1kg,8207
2024-12-27,대전,무,1개,2750
2024-12-27,대전,당근,1kg,6857
2024-12-27,대전,열무,1kg,5460
2024-12-27,대전,양파,1kg,2183
2024-12-27,대전,대파,1kg,4537
2024-12-27,대전,피망,100g,14900
2024-12-27,대전,파프리카,1개,1830
2024-12-27,대전,마늘,1kg,9490
2024-12-27,대전,브로콜리,1개,2770
2024-12-27,대전,사과,10개,33950
2024-12-27,대전,배,10개,40167
2024-12-30,대전,배추,1포기,4603
2024-12-30,대전,시금치,100g,9620
2024-12-30,대전,상추,100g,9423
2024-12-30,대전,얼갈이배추,1kg,3880
2024-12-30,대전,오이,10개,19900
2024-12-30,대전,호박,1개,2127
2024-12-30,대전,토마토,1kg,8207
2024-12-30,대전,무,1개,2750
2024-12-30,대전,당근,1kg,6857
2024-12-30,대전,열무,1kg,5460
2024-12-30,대전,양파,1kg,2183
2024-12-30,대전,대파,1kg,4340
2024-12-30,대전,피망,100g,14900
2024-12-30,대전,파프리카,1개,2493
2024-12-30,대전,마늘,1kg,9490
2024-12-30,대전,브로콜리,1개,2770
2024-12-30,대전,사과,10개,33950
2024-12-30,대전,배,10개,40167
2024-12-31,대전,배추,1포기,4783
2024-12-31,대전,시금치,100g,9620
2024-12-31,대전,상추,100g,9423
2024-12-31,대전,얼갈이배추,1kg,3880
2024-12-31,대전,오이,10개,19900
2024-12-31,대전,호박,1개,2127
2024-12-31,대전,토마토,1kg,8207
2024-12-31,대전,무,1개,3330
2024-12-31,대전,당근,1kg,6857
2024-12-31,대전,열무,1kg,5460
2024-12-31,대전,양파,1kg,2073
2024-12-31,대전,대파,1kg,4263
2024-12-31,대전,피망,100g,14900
2024-12-31,대전,파프리카,1개,2827
2024-12-31,대전,마늘,1kg,9490
2024-12-31,대전,브로콜리,1개,2760
2024-12-31,대전,사과,10개,33950
2024-12-31,대전,배,10개,40167
2025-01-02,대전,배추,1포기,4917
2025-01-02,대전,시금치,100g,9733
2025-01-02,대전,상추,100g,9733
2025-01-02,대전,얼갈이배추,1kg,3610
2025-01-02,대전,오이,10개,16600
2025-01-02,대전,호박,1개,2160
2025-01-02,대전,토마토,1kg,7873
2025-01-02,대전,무,1개,3060
2025-01-02,대전,당근,1kg,6610
2025-01-02,대전,열무,1kg,5390
2025-01-02,대전,양파,1kg,2073
2025-01-02,대전,대파,1kg,4003
2025-01-02,대전,피망,100g,14900
2025-01-02,대전,파프리카,1개,2327
2025-01-02,대전,마늘,1kg,8823
2025-01-02,대전,브로콜리,1개,2760
2025-01-02,대전,사과,10개,33950
2025-01-02,대전,배,10개,40167
2025-01-03,대전,배추,1포기,4583
2025-01-03,대전,시금치,100g,9733
2025-01-03,대전,상추,100g,9423
2025-01-03,대전,얼갈이배추,1kg,3610
2025-01-03,대전,오이,10개,16600
2025-01-03,대전,호박,1개,2027
2025-01-03,대전,토마토,1kg,7873
2025-01-03,대전,무,1개,3060
2025-01-03,대전,당근,1kg,6610
2025-01-03,대전,열무,1kg,5390
2025-01-03,대전,양파,1kg,2073
2025-01-03,대전,대파,1kg,4003
2025-01-03,대전,피망,100g,14900
2025-01-03,대전,파프리카,1개,2327
2025-01-03,대전,마늘,1kg,8157
2025-01-03,대전,브로콜리,1개,2760
2025-01-03,대전,사과,10개,33950
2025-01-03,대전,배,10개,40167
2025-01-06,대전,배추,1포기,5327
2025-01-06,대전,시금치,100g,9933
2025-01-06,대전,상추,100g,9423
2025-01-06,대전,얼갈이배추,1kg,3610
2025-01-06,대전,오이,10개,16600
2025-01-06,대전,호박,1개,2027
2025-01-06,대전,토마토,1kg,6947
2025-01-06,대전,무,1개,2895
2025-01-06,대전,당근,1kg,6400
2025-01-06,대전,열무,1kg,5390
2025-01-06,대전,양파,1kg,1913
2025-01-06,대전,대파,1kg,4130
2025-01-06,대전,피망,100g,14900
2025-01-06,대전,파프리카,1개,2160
2025-01-06,대전,마늘,1kg,8823
2025-01-06,대전,브로콜리,1개,2760
2025-01-06,대전,사과,10개,33950
2025-01-06,대전,배,10개,40767
2025-01-07,대전,배추,1포기,5327
2025-01-07,대전,시금치,100g,9833
2025-01-07,대전,상추,100g,9423
2025-01-07,대전,얼갈이배추,1kg,3860
2025-01-07,대전,오이,10개,16600
2025-01-07,대전,호박,1개,2110
2025-01-07,대전,토마토,1kg,6947
2025-01-07,대전,무,1개,2895
2025-01-07,대전,당근,1kg,6400
2025-01-07,대전,열무,1kg,5390
2025-01-07,대전,양파,1kg,1930
2025-01-07,대전,대파,1kg,4130
2025-01-07,대전,피망,100g,17400
2025-01-07,대전,파프리카,1개,2160
2025-01-07,대전,마늘,1kg,8823
2025-01-07,대전,브로콜리,1개,2703
2025-01-07,대전,사과,10개,33950
2025-01-07,대전,배,10개,40767
2025-01-08,대전,배추,1포기,5177
2025-01-08,대전,시금치,100g,9933
2025-01-08,대전,상추,100g,9423
2025-01-08,대전,얼갈이배추,1kg,3860
2025-01-08,대전,오이,10개,16600
2025-01-08,대전,호박,1개,2110
2025-01-08,대전,토마토,1kg,6947
2025-01-08,대전,무,1개,3020
2025-01-08,대전,당근,1kg,6400
2025-01-08,대전,열무,1kg,5390
2025-01-08,대전,양파,1kg,1930
2025-01-08,대전,대파,1kg,4170
2025-01-08,대전,피망,100g,17400
2025-01-08,대전,파프리카,1개,2160
2025-01-08,대전,마늘,1kg,8823
2025-01-08,대전,브로콜리,1개,2760
2025-01-08,대전,사과,10개,34600
2025-01-08,대전,배,10개,40767
2025-01-09,대전,배추,1포기,4837
2025-01-09,대전,시금치,100g,10767
2025-01-09,대전,상추,100g,9933
2025-01-09,대전,얼갈이배추,1kg,4117
2025-01-09,대전,오이,10개,23300
2025-01-09,대전,호박,1개,2243
2025-01-09,대전,토마토,1kg,6383
2025-01-09,대전,무,1개,3115
2025-01-09,대전,당근,1kg,7387
2025-01-09,대전,열무,1kg,5390
2025-01-09,대전,양파,1kg,1907
2025-01-09,대전,대파,1kg,4177
2025-01-09,대전,피망,100g,17400
2025-01-09,대전,파프리카,1개,2327
2025-01-09,대전,마늘,1kg,9490
2025-01-09,대전,브로콜리,1개,2760
2025-01-09,대전,사과,10개,32200
2025-01-09,대전,배,10개,41200
2025-01-10,대전,배추,1포기,4837
2025-01-10,대전,시금치,100g,9887
2025-01-10,대전,상추,100g,9300
2025-01-10,대전,얼갈이배추,1kg,4117
2025-01-10,대전,오이,10개,23300
2025-01-10,대전,호박,1개,2243
2025-01-10,대전,토마토,1kg,6383
2025-01-10,대전,무,1개,2825
2025-01-10,대전,당근,1kg,7387
2025-01-10,대전,열무,1kg,5390
2025-01-10,대전,양파,1kg,1907
2025-01-10,대전,대파,1kg,4177
2025-01-10,대전,피망,100g,17400
2025-01-10,대전,파프리카,1개,2050
2025-01-10,대전,마늘,1kg,9490
2025-01-10,대전,브로콜리,1개,2760
2025-01-10,대전,사과,10개,32200
2025-01-10,대전,배,10개,41200
2025-01-13,대전,배추,1포기,4560
2025-01-13,대전,시금치,100g,10633
2025-01-13,대전,상추,100g,9933
2025-01-13,대전,얼갈이배추,1kg,4117
2025-01-13,대전,오이,10개,23300
2025-01-13,대전,호박,1개,2243
2025-01-13,대전,토마토,1kg,6467
2025-01-13,대전,무,1개,2655
2025-01-13,대전,당근,1kg,7387
2025-01-13,대전,열무,1kg,5390
2025-01-13,대전,양파,1kg,1920
2025-01-13,대전,대파,1kg,3927
2025-01-13,대전,피망,100g,17400
2025-01-13,대전,파프리카,1개,2050
2025-01-13,대전,마늘,1kg,9490
2025-01-13,대전,브로콜리,1개,2760
2025-01-13,대전,사과,10개,34367
2025-01-13,대전,배,10개,46800
2025-01-14,대전,배추,1포기,4540
2025-01-14,대전,시금치,100g,10633
2025-01-14,대전,상추,100g,9933
2025-01-14,대전,얼갈이배추,1kg,4357
2025-01-14,대전,오이,10개,23300
2025-01-14,대전,호박,1개,2283
2025-01-14,대전,토마토,1kg,6383
2025-01-14,대전,무,1개,2740
2025-01-14,대전,당근,1kg,7387
2025-01-14,대전,열무,1kg,5390
2025-01-14,대전,양파,1kg,1920
2025-01-14,대전,대파,1kg,4010
2025-01-14,대전,피망,100g,17400
2025-01-14,대전,파프리카,1개,2050
2025-01-14,대전,마늘,1kg,9490
2025-01-14,대전,브로콜리,1개,2760
2025-01-14,대전,사과,10개,34367
2025-01-14,대전,배,10개,46800
2025-01-15,대전,배추,1포기,4587
2025-01-15,대전,시금치,100g,10633
2025-01-15,대전,상추,100g,9933
2025-01-15,대전,얼갈이배추,1kg,4357
2025-01-15,대전,오이,10개,23300
2025-01-15,대전,호박,1개,2327
2025-01-15,대전,토마토,1kg,6383
2025-01-15,대전,무,1개,2740
2025-01-15,대전,당근,1kg,7387
2025-01-15,대전,열무,1kg,5390
2025-01-15,대전,양파,1kg,1920
2025-01-15,대전,대파,1kg,4203
2025-01-15,대전,피망,100g,17400
2025-01-15,대전,파프리카,1개,2050
2025-01-15,대전,마늘,1kg,9490
2025-01-15,대전,브로콜리,1개,2760
2025-01-15,대전,사과,10개,34367
2025-01-15,대전,배,10개,46800
2025-01-16,대전,배추,1포기,4587
2025-01-16,대전,시금치,100g,10257
2025-01-16,대전,상추,100g,10367
2025-01-16,대전,얼갈이배추,1kg,4357
2025-01-16,대전,오이,10개,23300
2025-01-16,대전,호박,1개,2783
2025-01-16,대전,토마토,1kg,6223
2025-01-16,대전,무,1개,2740
2025-01-16,대전,당근,1kg,6430
2025-01-16,대전,열무,1kg,5540
2025-01-16,대전,양파,1kg,2187
2025-01-16,대전,대파,1kg,3643
2025-01-16,대전,피망,100g,14900
2025-01-16,대전,파프리카,1개,2307
2025-01-16,대전,마늘,1kg,7493
2025-01-16,대전,브로콜리,1개,2687
2025-01-16,대전,사과,10개,35933
2025-01-16,대전,배,10개,46800
2025-01-17,대전,배추,1포기,4530
2025-01-17,대전,시금치,100g,10357
2025-01-17,대전,상추,100g,10367
2025-01-17,대전,얼갈이배추,1kg,3937
2025-01-17,대전,오이,10개,23300
2025-01-17,대전,호박,1개,2733
2025-01-17,대전,토마토,1kg,6223
2025-01-17,대전,무,1개,2740
2025-01-17,대전,당근,1kg,6430
2025-01-17,대전,열무,1kg,5540
2025-01-17,대전,양파,1kg,2187
2025-01-17,대전,대파,1kg,3627
2025-01-17,대전,피망,100g,14900
2025-01-17,대전,파프리카,1개,2107
2025-01-17,대전,마늘,1kg,7493
2025-01-17,대전,브로콜리,1개,2687
2025-01-17,대전,사과,10개,33867
2025-01-17,대전,배,10개,46800
2025-01-20,대전,배추,1포기,4447
2025-01-20,대전,시금치,100g,11023
2025-01-20,대전,상추,100g,9833
2025-01-20,대전,얼갈이배추,1kg,3937
2025-01-20,대전,오이,10개,23300
2025-01-20,대전,호박,1개,2733
2025-01-20,대전,토마토,1kg,6223
2025-01-20,대전,무,1개,2840
2025-01-20,대전,당근,1kg,6430
2025-01-20,대전,열무,1kg,4355
2025-01-20,대전,양파,1kg,2297
2025-01-20,대전,대파,1kg,3627
2025-01-20,대전,피망,100g,14900
2025-01-20,대전,파프리카,1개,1950
2025-01-20,대전,마늘,1kg,7493
2025-01-20,대전,브로콜리,1개,2687
2025-01-20,대전,사과,10개,33200
2025-01-20,대전,배,10개,44500
2025-01-21,대전,배추,1포기,4447
2025-01-21,대전,시금치,100g,10857
2025-01-21,대전,상추,100g,9833
2025-01-21,대전,얼갈이배추,1kg,3937
2025-01-21,대전,오이,10개,23300
2025-01-21,대전,호박,1개,2733
2025-01-21,대전,토마토,1kg,6223
2025-01-21,대전,무,1개,2740
2025-01-21,대전,당근,1kg,6627
2025-01-21,대전,열무,1kg,4355
2025-01-21,대전,양파,1kg,2297
2025-01-21,대전,대파,1kg,3513
2025-01-21,대전,피망,100g,14900
2025-01-21,대전,파프리카,1개,1950
2025-01-21,대전,마늘,1kg,7493
2025-01-21,대전,브로콜리,1개,2687
2025-01-21,대전,사과,10개,33200
2025-01-21,대전,배,10개,44500
2025-01-22,대전,배추,1포기,4393
2025-01-22,대전,시금치,100g,10857
2025-01-22,대전,상추,100g,9833
2025-01-22,대전,얼갈이배추,1kg,3937
2025-01-22,대전,오이,10개,23300
2025-01-22,대전,호박,1개,2733
2025-01-22,대전,토마토,1kg,6223
2025-01-22,대전,무,1개,2740
2025-01-22,대전,당근,1kg,6627
2025-01-22,대전,열무,1kg,4355
2025-01-22,대전,양파,1kg,2297
2025-01-22,대전,대파,1kg,3547
2025-01-22,대전,피망,100g,14900
2025-01-22,대전,파프리카,1개,1950
2025-01-22,대전,마늘,1kg,7493
2025-01-22,대전,브로콜리,1개,2687
2025-01-22,대전,사과,10개,33200
2025-01-22,대전,배,10개,44500
2025-01-23,대전,배추,1포기,4913
2025-01-23,대전,시금치,100g,10600
2025-01-23,대전,상추,100g,9533
2025-01-23,대전,얼갈이배추,1kg,3703
2025-01-23,대전,오이,10개,23300
2025-01-23,대전,호박,1개,2533
2025-01-23,대전,토마토,1kg,7103
2025-01-23,대전,무,1개,2900
2025-01-23,대전,당근,1kg,5863
2025-01-23,대전,열무,1kg,3935
2025-01-23,대전,양파,1kg,2367
2025-01-23,대전,대파,1kg,3620
2025-01-23,대전,피망,100g,18400
2025-01-23,대전,파프리카,1개,2073
2025-01-23,대전,마늘,1kg,8493
2025-01-23,대전,브로콜리,1개,2843
2025-01-23,대전,사과,10개,33200
2025-01-23,대전,배,10개,50333
2025-01-24,대전,배추,1포기,4527
2025-01-24,대전,시금치,100g,10700
2025-01-24,대전,상추,100g,9533
2025-01-24,대전,얼갈이배추,1kg,3703
2025-01-24,대전,오이,10개,23300
2025-01-24,대전,호박,1개,2533
2025-01-24,대전,토마토,1kg,7103
2025-01-24,대전,무,1개,2900
2025-01-24,대전,당근,1kg,5863
2025-01-24,대전,열무,1kg,3935
2025-01-24,대전,양파,1kg,2367
2025-01-24,대전,대파,1kg,3620
2025-01-24,대전,피망,100g,18400
2025-01-24,대전,파프리카,1개,2073
2025-01-24,대전,마늘,1kg,8493
2025-01-24,대전,브로콜리,1개,2843
2025-01-24,대전,사과,10개,33200
2025-01-24,대전,배,10개,50333
2025-01-31,부산,배추,1포기,5435
2025-01-31,부산,시금치,100g,12325
2025-01-31,부산,상추,100g,9233
2025-01-31,부산,얼갈이배추,1kg,3698
2025-01-31,부산,오이,10개,18625
2025-01-31,부산,호박,1개,2370
2025-01-31,부산,토마토,1kg,5540
2025-01-31,부산,무,1개,2845
2025-01-31,부산,당근,1kg,6573
2025-01-31,부산,열무,1kg,4237
2025-01-31,부산,양파,1kg,2308
2025-01-31,부산,대파,1kg,3475
2025-01-31,부산,피망,100g,14367
2025-01-31,부산,파프리카,1개,2020
2025-01-31,부산,마늘,1kg,8738
2025-01-31,부산,브로콜리,1개,2623
2025-01-31,부산,사과,10개,29375
2025-01-31,부산,배,10개,50233
2025-02-03,부산,배추,1포기,5760
2025-02-03,부산,시금치,100g,13150
2025-02-03,부산,상추,100g,8930
2025-02-03,부산,얼갈이배추,1kg,3907
2025-02-03,부산,오이,10개,19625
2025-02-03,부산,호박,1개,2695
2025-02-03,부산,토마토,1kg,5423
2025-02-03,부산,무,1개,3120
2025-02-03,부산,당근,1kg,6435
2025-02-03,부산,열무,1kg,4245
2025-02-03,부산,양파,1kg,2515
2025-02-03,부산,대파,1kg,3745
2025-02-03,부산,피망,100g,14367
2025-02-03,부산,파프리카,1개,2020
2025-02-03,부산,마늘,1kg,9193
2025-02-03,부산,브로콜리,1개,2533
2025-02-03,부산,사과,10개,27800
2025-02-03,부산,배,10개,51650
2025-02-04,부산,배추,1포기,5743
2025-02-04,부산,시금치,100g,12675
2025-02-04,부산,상추,100g,9030
2025-02-04,부산,얼갈이배추,1kg,4710
2025-02-04,부산,오이,10개,20600
2025-02-04,부산,호박,1개,2698
2025-02-04,부산,토마토,1kg,6065
2025-02-04,부산,무,1개,2845
2025-02-04,부산,당근,1kg,6738
2025-02-04,부산,열무,1kg,5203
2025-02-04,부산,양파,1kg,2623
2025-02-04,부산,대파,1kg,3993
2025-02-04,부산,피망,100g,14367
2025-02-04,부산,파프리카,1개,2083
2025-02-04,부산,마늘,1kg,9193
2025-02-04,부산,브로콜리,1개,2648
2025-02-04,부산,사과,10개,32800
2025-02-04,부산,배,10개,51650
2025-02-05,부산,배추,1포기,5728
2025-02-05,부산,시금치,100g,12675
2025-02-05,부산,상추,100g,9030
2025-02-05,부산,얼갈이배추,1kg,4710
2025-02-05,부산,오이,10개,20250
2025-02-05,부산,호박,1개,2698
2025-02-05,부산,토마토,1kg,6065
2025-02-05,부산,무,1개,2845
2025-02-05,부산,당근,1kg,6738
2025-02-05,부산,열무,1kg,5237
2025-02-05,부산,양파,1kg,2623
2025-02-05,부산,대파,1kg,3993
2025-02-05,부산,피망,100g,14367
2025-02-05,부산,파프리카,1개,2083
2025-02-05,부산,마늘,1kg,10170
2025-02-05,부산,브로콜리,1개,2648
2025-02-05,부산,사과,10개,32800
2025-02-05,부산,배,10개,51650
2025-02-06,부산,배추,1포기,5728
2025-02-06,부산,시금치,100g,13125
2025-02-06,부산,상추,100g,9030
2025-02-06,부산,얼갈이배추,1kg,4628
2025-02-06,부산,오이,10개,19400
2025-02-06,부산,호박,1개,2573
2025-02-06,부산,토마토,1kg,6065
2025-02-06,부산,무,1개,2845
2025-02-06,부산,당근,1kg,6220
2025-02-06,부산,열무,1kg,5127
2025-02-06,부산,양파,1kg,2728
2025-02-06,부산,대파,1kg,4155
2025-02-06,부산,피망,100g,14367
2025-02-06,부산,파프리카,1개,2145
2025-02-06,부산,마늘,1kg,9940
2025-02-06,부산,브로콜리,1개,2248
2025-02-06,부산,사과,10개,32300
2025-02-06,부산,배,10개,51650
2025-02-07,부산,배추,1포기,5823
2025-02-07,부산,시금치,100g,13275
2025-02-07,부산,상추,100g,9030
2025-02-07,부산,얼갈이배추,1kg,4390
2025-02-07,부산,오이,10개,19150
2025-02-07,부산,호박,1개,2573
2025-02-07,부산,토마토,1kg,5998
2025-02-07,부산,무,1개,2845
2025-02-07,부산,당근,1kg,6220
2025-02-07,부산,열무,1kg,5127
2025-02-07,부산,양파,1kg,2728
2025-02-07,부산,대파,1kg,4155
2025-02-07,부산,피망,100g,14367
2025-02-07,부산,파프리카,1개,2145
2025-02-07,부산,마늘,1kg,9940
2025-02-07,부산,브로콜리,1개,2248
2025-02-07,부산,사과,10개,31875
2025-02-07,부산,배,10개,51900
2025-02-10,부산,배추,1포기,5823
2025-02-10,부산,시금치,100g,13275
2025-02-10,부산,상추,100g,9030
2025-02-10,부산,얼갈이배추,1kg,4390
2025-02-10,부산,오이,10개,19150
2025-02-10,부산,호박,1개,2573
2025-02-10,부산,토마토,1kg,5998
2025-02-10,부산,무,1개,2845
2025-02-10,부산,당근,1kg,6220
2025-02-10,부산,열무,1kg,5127
2025-02-10,부산,양파,1kg,2728
2025-02-10,부산,대파,1kg,4165
2025-02-10,부산,피망,100g,14367
2025-02-10,부산,파프리카,1개,2083
2025-02-10,부산,마늘,1kg,9940
2025-02-10,부산,브로콜리,1개,2248
2025-02-10,부산,사과,10개,28275
2025-02-10,부산,배,10개,51050
2025-02-11,부산,배추,1포기,5823
2025-02-11,부산,시금치,100g,12800
2025-02-11,부산,상추,100g,9030
2025-02-11,부산,얼갈이배추,1kg,4390
2025-02-11,부산,오이,10개,19250
2025-02-11,부산,호박,1개,2530
2025-02-11,부산,토마토,1kg,5948
2025-02-11,부산,무,1개,2803
2025-02-11,부산,당근,1kg,6113
2025-02-11,부산,열무,1kg,5093
2025-02-11,부산,양파,1kg,2735
2025-02-11,부산,대파,1kg,4148
2025-02-11,부산,피망,100g,14367
2025-02-11,부산,파프리카,1개,2065
2025-02-11,부산,마늘,1kg,9940
2025-02-11,부산,브로콜리,1개,2205
2025-02-11,부산,사과,10개,28275
2025-02-11,부산,배,10개,51050
2025-02-12,부산,배추,1포기,5780
2025-02-12,부산,시금치,100g,12300
2025-02-12,부산,상추,100g,9230
2025-02-12,부산,얼갈이배추,1kg,4558
2025-02-12,부산,오이,10개,19250
2025-02-12,부산,호박,1개,2423
2025-02-12,부산,토마토,1kg,5480
2025-02-12,부산,무,1개,2803
2025-02-12,부산,당근,1kg,6113
2025-02-12,부산,열무,1kg,5093
2025-02-12,부산,양파,1kg,2813
2025-02-12,부산,대파,1kg,4105
2025-02-12,부산,피망,100g,14867
2025-02-12,부산,파프리카,1개,2065
2025-02-12,부산,마늘,1kg,9940
2025-02-12,부산,브로콜리,1개,2330
2025-02-12,부산,사과,10개,24725
2025-02-12,부산,배,10개,55200
2025-02-13,부산,배추,1포기,5840
2025-02-13,부산,시금치,100g,12650
2025-02-13,부산,상추,100g,9230
2025-02-13,부산,얼갈이배추,1kg,4203
2025-02-13,부산,오이,10개,18425
2025-02-13,부산,호박,1개,2555
2025-02-13,부산,토마토,1kg,5490
2025-02-13,부산,무,1개,2828
2025-02-13,부산,당근,1kg,6200
2025-02-13,부산,열무,1kg,5093
2025-02-13,부산,양파,1kg,2553
2025-02-13,부산,대파,1kg,3948
2025-02-13,부산,피망,100g,14933
2025-02-13,부산,파프리카,1개,2165
2025-02-13,부산,마늘,1kg,10920
2025-02-13,부산,브로콜리,1개,2140
2025-02-13,부산,사과,10개,24800
2025-02-13,부산,배,10개,55200
2025-02-14,부산,배추,1포기,5840
2025-02-14,부산,시금치,100g,13525
2025-02-14,부산,상추,100g,9230
2025-02-14,부산,얼갈이배추,1kg,4203
2025-02-14,부산,오이,10개,18425
2025-02-14,부산,호박,1개,2555
2025-02-14,부산,토마토,1kg,5490
2025-02-14,부산,무,1개,2940
2025-02-14,부산,당근,1kg,5898
2025-02-14,부산,열무,1kg,4620
2025-02-14,부산,양파,1kg,2560
2025-02-14,부산,대파,1kg,3948
2025-02-14,부산,피망,100g,15067
2025-02-14,부산,파프리카,1개,2173
2025-02-14,부산,마늘,1kg,10920
2025-02-14,부산,브로콜리,1개,2140
2025-02-14,부산,사과,10개,24650
2025-02-14,부산,배,10개,55050
2025-02-17,부산,배추,1포기,5780
2025-02-17,부산,시금치,100g,13475
2025-02-17,부산,상추,100g,9230
2025-02-17,부산,얼갈이배추,1kg,4203
2025-02-17,부산,오이,10개,18425
2025-02-17,부산,호박,1개,2580
2025-02-17,부산,토마토,1kg,5490
2025-02-17,부산,무,1개,3163
2025-02-17,부산,당근,1kg,5783
2025-02-17,부산,열무,1kg,4620
2025-02-17,부산,양파,1kg,2488
2025-02-17,부산,대파,1kg,3948
2025-02-17,부산,피망,100g,15133
2025-02-17,부산,파프리카,1개,2173
2025-02-17,부산,마늘,1kg,10920
2025-02-17,부산,브로콜리,1개,2098
2025-02-17,부산,사과,10개,24650
2025-02-17,부산,배,10개,55050
2025-02-18,부산,배추,1포기,5780
2025-02-18,부산,시금치,100g,13975
2025-02-18,부산,상추,100g,9397
2025-02-18,부산,얼갈이배추,1kg,4203
2025-02-18,부산,오이,10개,18675
2025-02-18,부산,호박,1개,2580
2025-02-18,부산,토마토,1kg,6183
2025-02-18,부산,무,1개,3163
2025-02-18,부산,당근,1kg,5783
2025-02-18,부산,열무,1kg,4620
2025-02-18,부산,양파,1kg,2560
2025-02-18,부산,대파,1kg,3948
2025-02-18,부산,피망,100g,15967
2025-02-18,부산,파프리카,1개,2173
2025-02-18,부산,마늘,1kg,10920
2025-02-18,부산,브로콜리,1개,2098
2025-02-18,부산,사과,10개,25875
2025-02-18,부산,배,10개,55050
2025-02-19,부산,배추,1포기,5780
2025-02-19,부산,시금치,100g,13975
2025-02-19,부산,상추,100g,9263
2025-02-19,부산,얼갈이배추,1kg,4203
2025-02-19,부산,오이,10개,18675
2025-02-19,부산,호박,1개,2590
2025-02-19,부산,토마토,1kg,5630
2025-02-19,부산,무,1개,3163
2025-02-19,부산,당근,1kg,5783
2025-02-19,부산,열무,1kg,4620
2025-02-19,부산,양파,1kg,2565
2025-02-19,부산,대파,1kg,3948
2025-02-19,부산,피망,100g,16700
2025-02-19,부산,파프리카,1개,2173
2025-02-19,부산,마늘,1kg,10920
2025-02-19,부산,브로콜리,1개,2055
2025-02-19,부산,사과,10개,25875
2025-02-19,부산,배,10개,55050
2025-02-20,부산,배추,1포기,5960
2025-02-20,부산,시금치,100g,12850
2025-02-20,부산,상추,100g,9630
2025-02-20,부산,얼갈이배추,1kg,3860
2025-02-20,부산,오이,10개,21525
2025-02-20,부산,호박,1개,2718
2025-02-20,부산,토마토,1kg,6583
2025-02-20,부산,무,1개,3163
2025-02-20,부산,당근,1kg,5813
2025-02-20,부산,열무,1kg,4243
2025-02-20,부산,양파,1kg,2898
2025-02-20,부산,대파,1kg,4128
2025-02-20,부산,피망,100g,16700
2025-02-20,부산,파프리카,1개,2033
2025-02-20,부산,마늘,1kg,10420
2025-02-20,부산,브로콜리,1개,2183
2025-02-20,부산,사과,10개,25875
2025-02-20,부산,배,10개,55050
2025-02-21,부산,배추,1포기,5960
2025-02-21,부산,시금치,100g,12000
2025-02-21,부산,상추,100g,9597
2025-02-21,부산,얼갈이배추,1kg,3488
2025-02-21,부산,오이,10개,21525
2025-02-21,부산,호박,1개,2693
2025-02-21,부산,토마토,1kg,6600
2025-02-21,부산,무,1개,3300
2025-02-21,부산,당근,1kg,5813
2025-02-21,부산,열무,1kg,3750
2025-02-21,부산,양파,1kg,2920
2025-02-21,부산,대파,1kg,4430
2025-02-21,부산,피망,100g,16700
2025-02-21,부산,파프리카,1개,2033
2025-02-21,부산,마늘,1kg,10420
2025-02-21,부산,브로콜리,1개,2158
2025-02-21,부산,사과,10개,25875
2025-02-21,부산,배,10개,55050
2025-02-24,부산,배추,1포기,5960
2025-02-24,부산,시금치,100g,11950
2025-02-24,부산,상추,100g,9597
2025-02-24,부산,얼갈이배추,1kg,3488
2025-02-24,부산,오이,10개,21525
2025-02-24,부산,호박,1개,2693
2025-02-24,부산,토마토,1kg,6850
2025-02-24,부산,무,1개,3300
2025-02-24,부산,당근,1kg,5778
2025-02-24,부산,열무,1kg,3737
2025-02-24,부산,양파,1kg,2920
2025-02-24,부산,대파,1kg,4398
2025-02-24,부산,피망,100g,16700
2025-02-24,부산,파프리카,1개,2033
2025-02-24,부산,마늘,1kg,10420
2025-02-24,부산,브로콜리,1개,2158
2025-02-24,부산,사과,10개,25875
2025-02-24,부산,배,10개,55050
2025-02-25,부산,배추,1포기,5960
2025-02-25,부산,시금치,100g,11925
2025-02-25,부산,상추,100g,9530
2025-02-25,부산,얼갈이배추,1kg,3488
2025-02-25,부산,오이,10개,21525
2025-02-25,부산,호박,1개,2668
2025-02-25,부산,토마토,1kg,6850
2025-02-25,부산,무,1개,3300
2025-02-25,부산,당근,1kg,5745
2025-02-25,부산,열무,1kg,3737
2025-02-25,부산,양파,1kg,2920
2025-02-25,부산,대파,1kg,4373
2025-02-25,부산,피망,100g,16700
2025-02-25,부산,파프리카,1개,2033
2025-02-25,부산,마늘,1kg,10420
2025-02-25,부산,브로콜리,1개,2158
2025-02-25,부산,사과,10개,25875
2025-02-25,부산,배,10개,54650
2025-02-26,부산,배추,1포기,5960
2025-02-26,부산,시금치,100g,10900
2025-02-26,부산,상추,100g,9530
2025-02-26,부산,얼갈이배추,1kg,3445
2025-02-26,부산,오이,10개,19775
2025-02-26,부산,호박,1개,2668
2025-02-26,부산,토마토,1kg,6600
2025-02-26,부산,무,1개,3300
2025-02-26,부산,당근,1kg,5745
2025-02-26,부산,열무,1kg,3737
2025-02-26,부산,양파,1kg,2920
2025-02-26,부산,대파,1kg,4300
2025-02-26,부산,피망,100g,16700
2025-02-26,부산,파프리카,1개,2033
2025-02-26,부산,마늘,1kg,10920
2025-02-26,부산,브로콜리,1개,2133
2025-02-26,부산,사과,10개,25875
2025-02-26,부산,배,10개,54650
2025-02-27,부산,배추,1포기,5795
2025-02-27,부산,시금치,100g,10295
2025-02-27,부산,상추,100g,9227
2025-02-27,부산,얼갈이배추,1kg,3403
2025-02-27,부산,오이,10개,19325
2025-02-27,부산,호박,1개,2418
2025-02-27,부산,토마토,1kg,6610
2025-02-27,부산,무,1개,3123
2025-02-27,부산,당근,1kg,5650
2025-02-27,부산,열무,1kg,3737
2025-02-27,부산,양파,1kg,2730
2025-02-27,부산,대파,1kg,4065
2025-02-27,부산,피망,100g,15267
2025-02-27,부산,파프리카,1개,1965
2025-02-27,부산,마늘,1kg,10165
2025-02-27,부산,브로콜리,1개,2158
2025-02-27,부산,사과,10개,24875
2025-02-27,부산,배,10개,51650
2025-02-28,부산,배추,1포기,5545
2025-02-28,부산,시금치,100g,9920
2025-02-28,부산,상추,100g,9227
2025-02-28,부산,얼갈이배추,1kg,3230
2025-02-28,부산,오이,10개,19325
2025-02-28,부산,호박,1개,2415
2025-02-28,부산,토마토,1kg,6083
2025-02-28,부산,무,1개,3205
2025-02-28,부산,당근,1kg,5203
2025-02-28,부산,열무,1kg,3507
2025-02-28,부산,양파,1kg,2540
2025-02-28,부산,대파,1kg,3773
2025-02-28,부산,피망,100g,15267
2025-02-28,부산,파프리카,1개,2008
2025-02-28,부산,마늘,1kg,8428
2025-02-28,부산,브로콜리,1개,2283
2025-02-28,부산,사과,10개,24725
2025-02-28,부산,배,10개,46400
2025-03-04,부산,배추,1포기,5545
2025-03-04,부산,시금치,100g,9870
2025-03-04,부산,상추,100g,9193
2025-03-04,부산,얼갈이배추,1kg,3030
2025-03-04,부산,오이,10개,19325
2025-03-04,부산,호박,1개,2473
2025-03-04,부산,토마토,1kg,6083
2025-03-04,부산,무,1개,3205
2025-03-04,부산,당근,1kg,5178
2025-03-04,부산,열무,1kg,3507
2025-03-04,부산,양파,1kg,2540
2025-03-04,부산,대파,1kg,3755
2025-03-04,부산,피망,100g,15267
2025-03-04,부산,파프리카,1개,2008
2025-03-04,부산,마늘,1kg,8428
2025-03-04,부산,브로콜리,1개,2140
2025-03-04,부산,사과,10개,24650
2025-03-04,부산,배,10개,46400
2025-03-05,부산,배추,1포기,5710
2025-03-05,부산,시금치,100g,10695
2025-03-05,부산,상추,100g,9497
2025-03-05,부산,얼갈이배추,1kg,3085
2025-03-05,부산,오이,10개,20175
2025-03-05,부산,호박,1개,2423
2025-03-05,부산,토마토,1kg,6225
2025-03-05,부산,무,1개,3470
2025-03-05,부산,당근,1kg,5358
2025-03-05,부산,열무,1kg,3507
2025-03-05,부산,양파,1kg,2775
2025-03-05,부산,대파,1kg,3658
2025-03-05,부산,피망,100g,15533
2025-03-05,부산,파프리카,1개,2108
2025-03-05,부산,마늘,1kg,9183
2025-03-05,부산,브로콜리,1개,2240
2025-03-05,부산,사과,10개,25475
2025-03-05,부산,배,10개,48400
2025-03-06,부산,배추,1포기,6140
2025-03-06,부산,시금치,100g,10350
2025-03-06,부산,상추,100g,8687
2025-03-06,부산,얼갈이배추,1kg,3303
2025-03-06,부산,오이,10개,19175
2025-03-06,부산,호박,1개,2300
2025-03-06,부산,토마토,1kg,6635
2025-03-06,부산,무,1개,3255
2025-03-06,부산,당근,1kg,5523
2025-03-06,부산,열무,1kg,3837
2025-03-06,부산,양파,1kg,2530
2025-03-06,부산,대파,1kg,3940
2025-03-06,부산,피망,100g,15533
2025-03-06,부산,파프리카,1개,2355
2025-03-06,부산,마늘,1kg,8438
2025-03-06,부산,브로콜리,1개,2240
2025-03-06,부산,사과,10개,25475
2025-03-06,부산,배,10개,49733
2025-03-07,부산,배추,1포기,6140
2025-03-07,부산,시금치,100g,10975
2025-03-07,부산,상추,100g,8687
2025-03-07,부산,얼갈이배추,1kg,3695
2025-03-07,부산,오이,10개,18250
2025-03-07,부산,호박,1개,2300
2025-03-07,부산,토마토,1kg,6635
2025-03-07,부산,무,1개,3255
2025-03-07,부산,당근,1kg,5230
2025-03-07,부산,열무,1kg,4057
2025-03-07,부산,양파,1kg,2635
2025-03-07,부산,대파,1kg,3818
2025-03-07,부산,피망,100g,15533
2025-03-07,부산,파프리카,1개,2355
2025-03-07,부산,마늘,1kg,8438
2025-03-07,부산,브로콜리,1개,2240
2025-03-07,부산,사과,10개,25475
2025-03-07,부산,배,10개,49733
2025-03-10,부산,배추,1포기,6140
2025-03-10,부산,시금치,100g,11625
2025-03-10,부산,상추,100g,8653
2025-03-10,부산,얼갈이배추,1kg,3695
2025-03-10,부산,오이,10개,18250
2025-03-10,부산,호박,1개,2508
2025-03-10,부산,토마토,1kg,6603
2025-03-10,부산,무,1개,3255
2025-03-10,부산,당근,1kg,5230
2025-03-10,부산,열무,1kg,4057
2025-03-10,부산,양파,1kg,2643
2025-03-10,부산,대파,1kg,3818
2025-03-10,부산,피망,100g,15600
2025-03-10,부산,파프리카,1개,2355
2025-03-10,부산,마늘,1kg,9488
2025-03-10,부산,브로콜리,1개,2240
2025-03-10,부산,사과,10개,25475
2025-03-10,부산,배,10개,49733
2025-03-11,부산,배추,1포기,6108
2025-03-11,부산,시금치,100g,11625
2025-03-11,부산,상추,100g,8653
2025-03-11,부산,얼갈이배추,1kg,3695
2025-03-11,부산,오이,10개,18250
2025-03-11,부산,호박,1개,2508
2025-03-11,부산,토마토,1kg,6568
2025-03-11,부산,무,1개,3255
2025-03-11,부산,당근,1kg,5230
2025-03-11,부산,열무,1kg,4057
2025-03-11,부산,양파,1kg,2643
2025-03-11,부산,대파,1kg,3818
2025-03-11,부산,피망,100g,15600
2025-03-11,부산,파프리카,1개,2193
2025-03-11,부산,마늘,1kg,10475
2025-03-11,부산,브로콜리,1개,2240
2025-03-11,부산,사과,10개,25475
2025-03-11,부산,배,10개,49733
2025-03-12,부산,배추,1포기,6108
2025-03-12,부산,시금치,100g,10975
2025-03-12,부산,상추,100g,8653
2025-03-12,부산,얼갈이배추,1kg,3695
2025-03-12,부산,오이,10개,18750
2025-03-12,부산,호박,1개,2508
2025-03-12,부산,토마토,1kg,6560
2025-03-12,부산,무,1개,3470
2025-03-12,부산,당근,1kg,5230
2025-03-12,부산,열무,1kg,4057
2025-03-12,부산,양파,1kg,2643
2025-03-12,부산,대파,1kg,4275
2025-03-12,부산,피망,100g,15600
2025-03-12,부산,파프리카,1개,2185
2025-03-12,부산,마늘,1kg,10475
2025-03-12,부산,브로콜리,1개,2240
2025-03-12,부산,사과,10개,25475
2025-03-12,부산,배,10개,41750
2025-03-13,부산,배추,1포기,6033
2025-03-13,부산,시금치,100g,11100
2025-03-13,부산,상추,100g,9397
2025-03-13,부산,얼갈이배추,1kg,4025
2025-03-13,부산,오이,10개,16275
2025-03-13,부산,호박,1개,2175
2025-03-13,부산,토마토,1kg,6568
2025-03-13,부산,무,1개,3470
2025-03-13,부산,당근,1kg,6308
2025-03-13,부산,열무,1kg,4497
2025-03-13,부산,양파,1kg,3025
2025-03-13,부산,대파,1kg,3798
2025-03-13,부산,피망,100g,15633
2025-03-13,부산,파프리카,1개,2150
2025-03-13,부산,마늘,1kg,10450
2025-03-13,부산,브로콜리,1개,2018
2025-03-13,부산,사과,10개,24225
2025-03-13,부산,배,10개,42750
2025-03-14,부산,배추,1포기,6163
2025-03-14,부산,시금치,100g,9108
2025-03-14,부산,상추,100g,9397
2025-03-14,부산,얼갈이배추,1kg,3838
2025-03-14,부산,오이,10개,16850
2025-03-14,부산,호박,1개,2183
2025-03-14,부산,토마토,1kg,6585
2025-03-14,부산,무,1개,3470
2025-03-14,부산,당근,1kg,6365
2025-03-14,부산,열무,1kg,4310
2025-03-14,부산,양파,1kg,3038
2025-03-14,부산,대파,1kg,3798
2025-03-14,부산,피망,100g,15633
2025-03-14,부산,파프리카,1개,2150
2025-03-14,부산,마늘,1kg,10450
2025-03-14,부산,브로콜리,1개,2025
2025-03-14,부산,사과,10개,24175
2025-03-14,부산,배,10개,42750
2025-03-17,부산,배추,1포기,6138
2025-03-17,부산,시금치,100g,9058
2025-03-17,부산,상추,100g,9363
2025-03-17,부산,얼갈이배추,1kg,3838
2025-03-17,부산,오이,10개,16675
2025-03-17,부산,호박,1개,2183
2025-03-17,부산,토마토,1kg,6585
2025-03-17,부산,무,1개,3470
2025-03-17,부산,당근,1kg,6365
2025-03-17,부산,열무,1kg,4310
2025-03-17,부산,양파,1kg,3038
2025-03-17,부산,대파,1kg,3798
2025-03-17,부산,피망,100g,15767
2025-03-17,부산,파프리카,1개,2133
2025-03-17,부산,마늘,1kg,10450
2025-03-17,부산,브로콜리,1개,2025
2025-03-17,부산,사과,10개,24275
2025-03-17,부산,배,10개,42750
2025-03-18,부산,배추,1포기,6258
2025-03-18,부산,시금치,100g,9033
2025-03-18,부산,상추,100g,9363
2025-03-18,부산,얼갈이배추,1kg,3758
2025-03-18,부산,오이,10개,19075
2025-03-18,부산,호박,1개,2433
2025-03-18,부산,토마토,1kg,6585
2025-03-18,부산,무,1개,3470
2025-03-18,부산,당근,1kg,6293
2025-03-18,부산,열무,1kg,4307
2025-03-18,부산,양파,1kg,3120
2025-03-18,부산,대파,1kg,4023
2025-03-18,부산,피망,100g,15967
2025-03-18,부산,파프리카,1개,2233
2025-03-18,부산,마늘,1kg,10725
2025-03-18,부산,브로콜리,1개,2208
2025-03-18,부산,사과,10개,24075
2025-03-18,부산,배,10개,42750
2025-03-19,부산,배추,1포기,6258
2025-03-19,부산,시금치,100g,9483
2025-03-19,부산,상추,100g,9297
2025-03-19,부산,얼갈이배추,1kg,3758
2025-03-19,부산,오이,10개,17875
2025-03-19,부산,호박,1개,2433
2025-03-19,부산,토마토,1kg,6585
2025-03-19,부산,무,1개,3470
2025-03-19,부산,당근,1kg,6293
2025-03-19,부산,열무,1kg,4323
2025-03-19,부산,양파,1kg,3120
2025-03-19,부산,대파,1kg,4023
2025-03-19,부산,피망,100g,15967
2025-03-19,부산,파프리카,1개,2233
2025-03-19,부산,마늘,1kg,10725
2025-03-19,부산,브로콜리,1개,2350
2025-03-19,부산,사과,10개,24075
2025-03-19,부산,배,10개,42750
2025-03-20,부산,배추,1포기,6258
2025-03-20,부산,시금치,100g,9343
2025-03-20,부산,상추,100g,9600
2025-03-20,부산,얼갈이배추,1kg,3733
2025-03-20,부산,오이,10개,17375
2025-03-20,부산,호박,1개,2183
2025-03-20,부산,토마토,1kg,5755
2025-03-20,부산,무,1개,3220
2025-03-20,부산,당근,1kg,6293
2025-03-20,부산,열무,1kg,4260
2025-03-20,부산,양파,1kg,3193
2025-03-20,부산,대파,1kg,4023
2025-03-20,부산,피망,100g,15967
2025-03-20,부산,파프리카,1개,2060
2025-03-20,부산,마늘,1kg,10975
2025-03-20,부산,브로콜리,1개,2400
2025-03-20,부산,사과,10개,24075
2025-03-20,부산,배,10개,42750
2025-03-21,부산,배추,1포기,6258
2025-03-21,부산,시금치,100g,9678
2025-03-21,부산,상추,100g,9567
2025-03-21,부산,얼갈이배추,1kg,3608
2025-03-21,부산,오이,10개,17375
2025-03-21,부산,호박,1개,2175
2025-03-21,부산,토마토,1kg,5755
2025-03-21,부산,무,1개,3220
2025-03-21,부산,당근,1kg,6600
2025-03-21,부산,열무,1kg,4243
2025-03-21,부산,양파,1kg,3185
2025-03-21,부산,대파,1kg,3843
2025-03-21,부산,피망,100g,15867
2025-03-21,부산,파프리카,1개,2060
2025-03-21,부산,마늘,1kg,10975
2025-03-21,부산,브로콜리,1개,2400
2025-03-21,부산,사과,10개,24075
2025-03-21,부산,배,10개,42750
2025-03-24,부산,배추,1포기,6258
2025-03-24,부산,시금치,100g,9678
2025-03-24,부산,상추,100g,9533
2025-03-24,부산,얼갈이배추,1kg,3590
2025-03-24,부산,오이,10개,17125
2025-03-24,부산,호박,1개,2158
2025-03-24,부산,토마토,1kg,5755
2025-03-24,부산,무,1개,3220
2025-03-24,부산,당근,1kg,6600
2025-03-24,부산,열무,1kg,4243
2025-03-24,부산,양파,1kg,3185
2025-03-24,부산,대파,1kg,3843
2025-03-24,부산,피망,100g,15867
2025-03-24,부산,파프리카,1개,1960
2025-03-24,부산,마늘,1kg,10975
2025-03-24,부산,브로콜리,1개,2418
2025-03-24,부산,사과,10개,24075
2025-03-24,부산,배,10개,42750
2025-03-25,부산,배추,1포기,6258
2025-03-25,부산,시금치,100g,9628
2025-03-25,부산,상추,100g,9533
2025-03-25,부산,얼갈이배추,1kg,3590
2025-03-25,부산,오이,10개,16850
2025-03-25,부산,호박,1개,2133
2025-03-25,부산,토마토,1kg,5755
2025-03-25,부산,무,1개,3220
2025-03-25,부산,당근,1kg,6198
2025-03-25,부산,열무,1kg,4243
2025-03-25,부산,양파,1kg,3185
2025-03-25,부산,대파,1kg,3835
2025-03-25,부산,피망,100g,13700
2025-03-25,부산,파프리카,1개,1948
2025-03-25,부산,마늘,1kg,11005
2025-03-25,부산,브로콜리,1개,2418
2025-03-25,부산,사과,10개,22575
2025-03-25,부산,배,10개,42250
2025-03-26,부산,배추,1포기,6108
2025-03-26,부산,시금치,100g,9208
2025-03-26,부산,상추,100g,9533
2025-03-26,부산,얼갈이배추,1kg,3503
2025-03-26,부산,오이,10개,15950
2025-03-26,부산,호박,1개,2125
2025-03-26,부산,토마토,1kg,5755
2025-03-26,부산,무,1개,3220
2025-03-26,부산,당근,1kg,6223
2025-03-26,부산,열무,1kg,4243
2025-03-26,부산,양파,1kg,3198
2025-03-26,부산,대파,1kg,3648
2025-03-26,부산,피망,100g,13700
2025-03-26,부산,파프리카,1개,1948
2025-03-26,부산,마늘,1kg,11038
2025-03-26,부산,브로콜리,1개,2293
2025-03-26,부산,사과,10개,23400
2025-03-26,부산,배,10개,42750
2025-03-27,부산,배추,1포기,6108
2025-03-27,부산,시금치,100g,8070
2025-03-27,부산,상추,100g,8747
2025-03-27,부산,얼갈이배추,1kg,3675
2025-03-27,부산,오이,10개,14350
2025-03-27,부산,호박,1개,1750
2025-03-27,부산,토마토,1kg,5998
2025-03-27,부산,무,1개,2970
2025-03-27,부산,당근,1kg,6180
2025-03-27,부산,열무,1kg,4473
2025-03-27,부산,양파,1kg,3290
2025-03-27,부산,대파,1kg,4028
2025-03-27,부산,피망,100g,13700
2025-03-27,부산,파프리카,1개,1738
2025-03-27,부산,마늘,1kg,10363
2025-03-27,부산,브로콜리,1개,2193
2025-03-27,부산,사과,10개,23825
2025-03-27,부산,배,10개,41725
2025-03-28,부산,배추,1포기,5848
2025-03-28,부산,시금치,100g,8070
2025-03-28,부산,상추,100g,8753
2025-03-28,부산,얼갈이배추,1kg,3938
2025-03-28,부산,오이,10개,15100
2025-03-28,부산,호박,1개,1900
2025-03-28,부산,토마토,1kg,5998
2025-03-28,부산,무,1개,2970
2025-03-28,부산,당근,1kg,6180
2025-03-28,부산,열무,1kg,4690
2025-03-28,부산,양파,1kg,3293
2025-03-28,부산,대파,1kg,4018
2025-03-28,부산,피망,100g,13700
2025-03-28,부산,파프리카,1개,1738
2025-03-28,부산,마늘,1kg,10363
2025-03-28,부산,브로콜리,1개,2318
2025-03-28,부산,사과,10개,23825
2025-03-28,부산,배,10개,42725
2025-03-31,부산,배추,1포기,5848
2025-03-31,부산,시금치,100g,8070
2025-03-31,부산,상추,100g,8653
2025-03-31,부산,얼갈이배추,1kg,3938
2025-03-31,부산,오이,10개,14925
2025-03-31,부산,호박,1개,1875
2025-03-31,부산,토마토,1kg,5983
2025-03-31,부산,무,1개,3005
2025-03-31,부산,당근,1kg,6180
2025-03-31,부산,열무,1kg,4690
2025-03-31,부산,양파,1kg,3293
2025-03-31,부산,대파,1kg,3255
2025-03-31,부산,피망,100g,13700
2025-03-31,부산,파프리카,1개,1838
2025-03-31,부산,마늘,1kg,11113
2025-03-31,부산,브로콜리,1개,2318
2025-03-31,부산,사과,10개,23825
2025-03-31,부산,배,10개,42725
2025-04-01,부산,배추,1포기,5848
2025-04-01,부산,시금치,100g,8448
2025-04-01,부산,상추,100g,8653
2025-04-01,부산,얼갈이배추,1kg,3938
2025-04-01,부산,오이,10개,14950
2025-04-01,부산,호박,1개,1925
2025-04-01,부산,토마토,1kg,5590
2025-04-01,부산,무,1개,3190
2025-04-01,부산,당근,1kg,6180
2025-04-01,부산,열무,1kg,4205
2025-04-01,부산,양파,1kg,3315
2025-04-01,부산,대파,1kg,3108
2025-04-01,부산,피망,100g,13700
2025-04-01,부산,파프리카,1개,1963
2025-04-01,부산,마늘,1kg,11850
2025-04-01,부산,브로콜리,1개,2168
2025-04-01,부산,사과,10개,25250
2025-04-01,부산,배,10개,42725
2025-04-02,부산,배추,1포기,5848
2025-04-02,부산,시금치,100g,8448
2025-04-02,부산,상추,100g,8653
2025-04-02,부산,얼갈이배추,1kg,3938
2025-04-02,부산,오이,10개,14950
2025-04-02,부산,호박,1개,1925
2025-04-02,부산,토마토,1kg,5590
2025-04-02,부산,무,1개,3240
2025-04-02,부산,당근,1kg,6180
2025-04-02,부산,열무,1kg,4205
2025-04-02,부산,양파,1kg,3488
2025-04-02,부산,대파,1kg,3418
2025-04-02,부산,피망,100g,13350
2025-04-02,부산,파프리카,1개,1955
2025-04-02,부산,마늘,1kg,11850
2025-04-02,부산,브로콜리,1개,2418
2025-04-02,부산,사과,10개,28125
2025-04-02,부산,배,10개,42725
2025-04-03,부산,배추,1포기,6058
2025-04-03,부산,시금치,100g,6713
2025-04-03,부산,상추,100g,8620
2025-04-03,부산,얼갈이배추,1kg,3280
2025-04-03,부산,오이,10개,13298
2025-04-03,부산,호박,1개,2160
2025-04-03,부산,토마토,1kg,5060
2025-04-03,부산,무,1개,3320
2025-04-03,부산,당근,1kg,6200
2025-04-03,부산,열무,1kg,3575
2025-04-03,부산,양파,1kg,3488
2025-04-03,부산,대파,1kg,3053
2025-04-03,부산,피망,100g,13200
2025-04-03,부산,파프리카,1개,1730
2025-04-03,부산,마늘,1kg,11450
2025-04-03,부산,브로콜리,1개,2368
2025-04-03,부산,사과,10개,25250
2025-04-03,부산,배,10개,42725
2025-04-04,부산,배추,1포기,6098
2025-04-04,부산,시금치,100g,6663
2025-04-04,부산,상추,100g,8620
2025-04-04,부산,얼갈이배추,1kg,2973
2025-04-04,부산,오이,10개,13290
2025-04-04,부산,호박,1개,2160
2025-04-04,부산,토마토,1kg,5053
2025-04-04,부산,무,1개,3405
2025-04-04,부산,당근,1kg,6200
2025-04-04,부산,열무,1kg,3420
2025-04-04,부산,양파,1kg,3498
2025-04-04,부산,대파,1kg,2905
2025-04-04,부산,피망,100g,13200
2025-04-04,부산,파프리카,1개,1730
2025-04-04,부산,마늘,1kg,11450
2025-04-04,부산,브로콜리,1개,2368
2025-04-04,부산,사과,10개,25250
2025-04-04,부산,배,10개,42725
2025-04-07,부산,배추,1포기,6098
2025-04-07,부산,시금치,100g,6613
2025-04-07,부산,상추,100g,8620
2025-04-07,부산,얼갈이배추,1kg,2990
2025-04-07,부산,오이,10개,13290
2025-04-07,부산,호박,1개,2160
2025-04-07,부산,토마토,1kg,5028
2025-04-07,부산,무,1개,3405
2025-04-07,부산,당근,1kg,6190
2025-04-07,부산,열무,1kg,3448
2025-04-07,부산,양파,1kg,3498
2025-04-07,부산,대파,1kg,2888
2025-04-07,부산,피망,100g,13200
2025-04-07,부산,파프리카,1개,1845
2025-04-07,부산,마늘,1kg,11480
2025-04-07,부산,브로콜리,1개,2368
2025-04-07,부산,사과,10개,25250
2025-04-07,부산,배,10개,42725
2025-04-08,부산,배추,1포기,6115
2025-04-08,부산,시금치,100g,6613
2025-04-08,부산,상추,100g,8620
2025-04-08,부산,얼갈이배추,1kg,2990
2025-04-08,부산,오이,10개,12863
2025-04-08,부산,호박,1개,2143
2025-04-08,부산,토마토,1kg,5003
2025-04-08,부산,무,1개,3405
2025-04-08,부산,당근,1kg,6175
2025-04-08,부산,열무,1kg,3448
2025-04-08,부산,양파,1kg,3480
2025-04-08,부산,대파,1kg,3060
2025-04-08,부산,피망,100g,13200
2025-04-08,부산,파프리카,1개,2010
2025-04-08,부산,마늘,1kg,11480
2025-04-08,부산,브로콜리,1개,2368
2025-04-08,부산,사과,10개,25250
2025-04-08,부산,배,10개,42725
2025-04-09,부산,배추,1포기,6148
2025-04-09,부산,시금치,100g,6613
2025-04-09,부산,상추,100g,8620
2025-04-09,부산,얼갈이배추,1kg,2990
2025-04-09,부산,오이,10개,12620
2025-04-09,부산,호박,1개,2118
2025-04-09,부산,토마토,1kg,4985
2025-04-09,부산,무,1개,3405
2025-04-09,부산,당근,1kg,6165
2025-04-09,부산,열무,1kg,3448
2025-04-09,부산,양파,1kg,3480
2025-04-09,부산,대파,1kg,3175
2025-04-09,부산,피망,100g,13000
2025-04-09,부산,파프리카,1개,2003
2025-04-09,부산,마늘,1kg,11480
2025-04-09,부산,브로콜리,1개,2358
2025-04-09,부산,사과,10개,25250
2025-04-09,부산,배,10개,43733
2025-04-10,부산,배추,1포기,6148
2025-04-10,부산,시금치,100g,7323
2025-04-10,부산,상추,100g,9400
2025-04-10,부산,얼갈이배추,1kg,2688
2025-04-10,부산,오이,10개,12535
2025-04-10,부산,호박,1개,1640
2025-04-10,부산,토마토,1kg,4985
2025-04-10,부산,무,1개,3340
2025-04-10,부산,당근,1kg,6190
2025-04-10,부산,열무,1kg,3173
2025-04-10,부산,양파,1kg,3185
2025-04-10,부산,대파,1kg,2938
2025-04-10,부산,피망,100g,13000
2025-04-10,부산,파프리카,1개,2003
2025-04-10,부산,마늘,1kg,10653
2025-04-10,부산,브로콜리,1개,2370
2025-04-10,부산,사과,10개,24825
2025-04-10,부산,배,10개,47400
2025-04-11,부산,배추,1포기,6148
2025-04-11,부산,시금치,100g,7298
2025-04-11,부산,상추,100g,9400
2025-04-11,부산,얼갈이배추,1kg,2663
2025-04-11,부산,오이,10개,14190
2025-04-11,부산,호박,1개,1623
2025-04-11,부산,토마토,1kg,4985
2025-04-11,부산,무,1개,3340
2025-04-11,부산,당근,1kg,6190
2025-04-11,부산,열무,1kg,2915
2025-04-11,부산,양파,1kg,3185
2025-04-11,부산,대파,1kg,2938
2025-04-11,부산,피망,100g,13000
2025-04-11,부산,파프리카,1개,2003
2025-04-11,부산,마늘,1kg,10653
2025-04-11,부산,브로콜리,1개,2370
2025-04-11,부산,사과,10개,24825
2025-04-11,부산,배,10개,47400
2025-04-14,부산,배추,1포기,6148
2025-04-14,부산,시금치,100g,7298
2025-04-14,부산,상추,100g,9400
2025-04-14,부산,얼갈이배추,1kg,2743
2025-04-14,부산,오이,10개,13440
2025-04-14,부산,호박,1개,1608
2025-04-14,부산,토마토,1kg,4968
2025-04-14,부산,무,1개,3355
2025-04-14,부산,당근,1kg,6158
2025-04-14,부산,열무,1kg,2895
2025-04-14,부산,양파,1kg,3185
2025-04-14,부산,대파,1kg,2923
2025-04-14,부산,피망,100g,13000
2025-04-14,부산,파프리카,1개,2003
2025-04-14,부산,마늘,1kg,10653
2025-04-14,부산,브로콜리,1개,2388
2025-04-14,부산,사과,10개,25250
2025-04-14,부산,배,10개,47400
2025-04-15,부산,배추,1포기,6148
2025-04-15,부산,시금치,100g,7298
2025-04-15,부산,상추,100g,9500
2025-04-15,부산,얼갈이배추,1kg,2743
2025-04-15,부산,오이,10개,13440
2025-04-15,부산,호박,1개,1608
2025-04-15,부산,토마토,1kg,4968
2025-04-15,부산,무,1개,3355
2025-04-15,부산,당근,1kg,6158
2025-04-15,부산,열무,1kg,2895
2025-04-15,부산,양파,1kg,3540
2025-04-15,부산,대파,1kg,2923
2025-04-15,부산,피망,100g,13000
2025-04-15,부산,파프리카,1개,2003
2025-04-15,부산,마늘,1kg,11130
2025-04-15,부산,브로콜리,1개,2405
2025-04-15,부산,사과,10개,25500
2025-04-15,부산,배,10개,47400
2025-04-16,부산,배추,1포기,6148
2025-04-16,부산,시금치,100g,7298
2025-04-16,부산,상추,100g,9500
2025-04-16,부산,얼갈이배추,1kg,3190
2025-04-16,부산,오이,10개,13690
2025-04-16,부산,호박,1개,1640
2025-04-16,부산,토마토,1kg,4953
2025-04-16,부산,무,1개,3270
2025-04-16,부산,당근,1kg,6150
2025-04-16,부산,열무,1kg,3233
2025-04-16,부산,양파,1kg,3330
2025-04-16,부산,대파,1kg,2895
2025-04-16,부산,피망,100g,12900
2025-04-16,부산,파프리카,1개,2120
2025-04-16,부산,마늘,1kg,11130
2025-04-16,부산,브로콜리,1개,2395
2025-04-16,부산,사과,10개,25500
2025-04-16,부산,배,10개,47400
2025-04-17,부산,배추,1포기,5255
2025-04-17,부산,시금치,100g,8790
2025-04-17,부산,상추,100g,9500
2025-04-17,부산,얼갈이배추,1kg,2893
2025-04-17,부산,오이,10개,11973
2025-04-17,부산,호박,1개,1615
2025-04-17,부산,토마토,1kg,4690
2025-04-17,부산,무,1개,2955
2025-04-17,부산,당근,1kg,5510
2025-04-17,부산,열무,1kg,2778
2025-04-17,부산,양파,1kg,3045
2025-04-17,부산,대파,1kg,2583
2025-04-17,부산,피망,100g,12900
2025-04-17,부산,파프리카,1개,1815
2025-04-17,부산,마늘,1kg,11130
2025-04-17,부산,브로콜리,1개,2395
2025-04-17,부산,사과,10개,25075
2025-04-17,부산,배,10개,47400
2025-04-18,부산,배추,1포기,5255
2025-04-18,부산,시금치,100g,8790
2025-04-18,부산,상추,100g,9500
2025-04-18,부산,얼갈이배추,1kg,2763
2025-04-18,부산,오이,10개,12465
2025-04-18,부산,호박,1개,1615
2025-04-18,부산,토마토,1kg,4690
2025-04-18,부산,무,1개,2955
2025-04-18,부산,당근,1kg,5288
2025-04-18,부산,열무,1kg,2740
2025-04-18,부산,양파,1kg,3045
2025-04-18,부산,대파,1kg,2210
2025-04-18,부산,피망,100g,12900
2025-04-18,부산,파프리카,1개,1815
2025-04-18,부산,마늘,1kg,11130
2025-04-18,부산,브로콜리,1개,2395
2025-04-18,부산,사과,10개,25075
2025-04-18,부산,배,10개,47400
2025-04-21,부산,배추,1포기,5255
2025-04-21,부산,시금치,100g,8790
2025-04-21,부산,상추,100g,9500
2025-04-21,부산,얼갈이배추,1kg,2580
2025-04-21,부산,오이,10개,12265
2025-04-21,부산,호박,1개,1443
2025-04-21,부산,토마토,1kg,4405
2025-04-21,부산,무,1개,2955
2025-04-21,부산,당근,1kg,5288
2025-04-21,부산,열무,1kg,2715
2025-04-21,부산,양파,1kg,2900
2025-04-21,부산,대파,1kg,2210
2025-04-21,부산,피망,100g,12900
2025-04-21,부산,파프리카,1개,1945
2025-04-21,부산,마늘,1kg,11230
2025-04-21,부산,브로콜리,1개,2395
2025-04-21,부산,사과,10개,26075
2025-04-21,부산,배,10개,47400
2025-04-22,부산,배추,1포기,5213
2025-04-22,부산,시금치,100g,8790
2025-04-22,부산,상추,100g,9500
2025-04-22,부산,얼갈이배추,1kg,2580
2025-04-22,부산,오이,10개,12733
2025-04-22,부산,호박,1개,1443
2025-04-22,부산,토마토,1kg,4555
2025-04-22,부산,무,1개,2905
2025-04-22,부산,당근,1kg,5288
2025-04-22,부산,열무,1kg,2810
2025-04-22,부산,양파,1kg,2900
2025-04-22,부산,대파,1kg,2695
2025-04-22,부산,피망,100g,11900
2025-04-22,부산,파프리카,1개,1945
2025-04-22,부산,마늘,1kg,11230
2025-04-22,부산,브로콜리,1개,2395
2025-04-22,부산,사과,10개,26500
2025-04-22,부산,배,10개,47400
2025-04-23,부산,배추,1포기,5213
2025-04-23,부산,시금치,100g,8790
2025-04-23,부산,상추,100g,9500
2025-04-23,부산,얼갈이배추,1kg,2580
2025-04-23,부산,오이,10개,12733
2025-04-23,부산,호박,1개,1443
2025-04-23,부산,토마토,1kg,4555
2025-04-23,부산,무,1개,2905
2025-04-23,부산,당근,1kg,4455
2025-04-23,부산,열무,1kg,2810
2025-04-23,부산,양파,1kg,2900
2025-04-23,부산,대파,1kg,2695
2025-04-23,부산,피망,100g,11900
2025-04-23,부산,파프리카,1개,1945
2025-04-23,부산,마늘,1kg,11230
2025-04-23,부산,브로콜리,1개,2395
2025-04-23,부산,사과,10개,26500
2025-04-23,부산,배,10개,47400
2025-04-24,부산,배추,1포기,4773
2025-04-24,부산,시금치,100g,8265
2025-04-24,부산,상추,100g,9500
2025-04-24,부산,얼갈이배추,1kg,2415
2025-04-24,부산,오이,10개,12650
2025-04-24,부산,호박,1개,1123
2025-04-24,부산,토마토,1kg,4955
2025-04-24,부산,무,1개,2905
2025-04-24,부산,당근,1kg,4430
2025-04-24,부산,열무,1kg,2530
2025-04-24,부산,양파,1kg,3145
2025-04-24,부산,대파,1kg,2195
2025-04-24,부산,피망,100g,11850
2025-04-24,부산,파프리카,1개,1438
2025-04-24,부산,마늘,1kg,11130
2025-04-24,부산,브로콜리,1개,2415
2025-04-24,부산,사과,10개,25000
2025-04-24,부산,배,10개,46567
2025-04-25,부산,배추,1포기,4773
2025-04-25,부산,시금치,100g,8265
2025-04-25,부산,상추,100g,9500
2025-04-25,부산,얼갈이배추,1kg,2325
2025-04-25,부산,오이,10개,12650
2025-04-25,부산,호박,1개,1123
2025-04-25,부산,토마토,1kg,4955
2025-04-25,부산,무,1개,2905
2025-04-25,부산,당근,1kg,4378
2025-04-25,부산,열무,1kg,2370
2025-04-25,부산,양파,1kg,3145
2025-04-25,부산,대파,1kg,2195
2025-04-25,부산,피망,100g,11850
2025-04-25,부산,파프리카,1개,1563
2025-04-25,부산,마늘,1kg,11505
2025-04-25,부산,브로콜리,1개,2415
2025-04-25,부산,사과,10개,24500
2025-04-25,부산,배,10개,46567
2025-04-28,부산,배추,1포기,4740
2025-04-28,부산,시금치,100g,8265
2025-04-28,부산,상추,100g,9500
2025-04-28,부산,얼갈이배추,1kg,2225
2025-04-28,부산,오이,10개,11465
2025-04-28,부산,호박,1개,1105
2025-04-28,부산,토마토,1kg,4890
2025-04-28,부산,무,1개,2820
2025-04-28,부산,당근,1kg,4378
2025-04-28,부산,열무,1kg,2345
2025-04-28,부산,양파,1kg,2953
2025-04-28,부산,대파,1kg,2310
2025-04-28,부산,피망,100g,11600
2025-04-28,부산,파프리카,1개,1558
2025-04-28,부산,마늘,1kg,11505
2025-04-28,부산,브로콜리,1개,2430
2025-04-28,부산,사과,10개,24500
2025-04-28,부산,배,10개,46567
2025-04-29,부산,배추,1포기,4740
2025-04-29,부산,시금치,100g,8265
2025-04-29,부산,상추,100g,9500
2025-04-29,부산,얼갈이배추,1kg,2225
2025-04-29,부산,오이,10개,11465
2025-04-29,부산,호박,1개,1220
2025-04-29,부산,토마토,1kg,4880
2025-04-29,부산,무,1개,2820
2025-04-29,부산,당근,1kg,4378
2025-04-29,부산,열무,1kg,2338
2025-04-29,부산,양파,1kg,2785
2025-04-29,부산,대파,1kg,2300
2025-04-29,부산,피망,100g,11500
2025-04-29,부산,파프리카,1개,1550
2025-04-29,부산,마늘,1kg,11505
2025-04-29,부산,브로콜리,1개,2430
2025-04-29,부산,사과,10개,24500
2025-04-29,부산,배,10개,44900
2025-04-30,부산,배추,1포기,4733
2025-04-30,부산,시금치,100g,8265
2025-04-30,부산,상추,100g,7170
2025-04-30,부산,얼갈이배추,1kg,2188
2025-04-30,부산,오이,10개,11765
2025-04-30,부산,호박,1개,1210
2025-04-30,부산,토마토,1kg,4515
2025-04-30,부산,무,1개,2820
2025-04-30,부산,당근,1kg,4378
2025-04-30,부산,열무,1kg,2338
2025-04-30,부산,양파,1kg,2868
2025-04-30,부산,대파,1kg,2135
2025-04-30,부산,피망,100g,11500
2025-04-30,부산,파프리카,1개,1675
2025-04-30,부산,마늘,1kg,11505
2025-04-30,부산,브로콜리,1개,2455
2025-04-30,부산,사과,10개,24500
2025-04-30,부산,배,10개,49000
2025-01-31,대구,배추,1포기,4940
2025-01-31,대구,시금치,100g,14333
2025-01-31,대구,상추,100g,9733
2025-01-31,대구,얼갈이배추,1kg,4587
2025-01-31,대구,오이,10개,20233
2025-01-31,대구,호박,1개,2477
2025-01-31,대구,토마토,1kg,6347
2025-01-31,대구,무,1개,3895
2025-01-31,대구,당근,1kg,6937
2025-01-31,대구,열무,1kg,4550
2025-01-31,대구,양파,1kg,2597
2025-01-31,대구,대파,1kg,3773
2025-01-31,대구,피망,100g,20967
2025-01-31,대구,파프리카,1개,2357
2025-01-31,대구,마늘,1kg,9837
2025-01-31,대구,브로콜리,1개,3027
2025-01-31,대구,사과,10개,33633
2025-01-31,대구,배,10개,47567
2025-02-03,대구,배추,1포기,4940
2025-02-03,대구,시금치,100g,14333
2025-02-03,대구,상추,100g,9733
2025-02-03,대구,얼갈이배추,1kg,4587
2025-02-03,대구,오이,10개,20233
2025-02-03,대구,호박,1개,2477
2025-02-03,대구,토마토,1kg,6347
2025-02-03,대구,무,1개,3895
2025-02-03,대구,당근,1kg,6937
2025-02-03,대구,열무,1kg,4550
2025-02-03,대구,양파,1kg,2597
2025-02-03,대구,대파,1kg,3793
2025-02-03,대구,피망,100g,20967
2025-02-03,대구,파프리카,1개,2357
2025-02-03,대구,마늘,1kg,11140
2025-02-03,대구,브로콜리,1개,3027
2025-02-03,대구,사과,10개,33633
2025-02-03,대구,배,10개,48900
2025-02-04,대구,배추,1포기,4860
2025-02-04,대구,시금치,100g,14100
2025-02-04,대구,상추,100g,9733
2025-02-04,대구,얼갈이배추,1kg,4643
2025-02-04,대구,오이,10개,19800
2025-02-04,대구,호박,1개,2477
2025-02-04,대구,토마토,1kg,6280
2025-02-04,대구,무,1개,3595
2025-02-04,대구,당근,1kg,6937
2025-02-04,대구,열무,1kg,4550
2025-02-04,대구,양파,1kg,2597
2025-02-04,대구,대파,1kg,3793
2025-02-04,대구,피망,100g,20967
2025-02-04,대구,파프리카,1개,2357
2025-02-04,대구,마늘,1kg,11140
2025-02-04,대구,브로콜리,1개,2860
2025-02-04,대구,사과,10개,33067
2025-02-04,대구,배,10개,48900
2025-02-05,대구,배추,1포기,4913
2025-02-05,대구,시금치,100g,14100
2025-02-05,대구,상추,100g,9933
2025-02-05,대구,얼갈이배추,1kg,4670
2025-02-05,대구,오이,10개,19667
2025-02-05,대구,호박,1개,2427
2025-02-05,대구,토마토,1kg,6280
2025-02-05,대구,무,1개,3595
2025-02-05,대구,당근,1kg,6937
2025-02-05,대구,열무,1kg,4590
2025-02-05,대구,양파,1kg,2597
2025-02-05,대구,대파,1kg,3793
2025-02-05,대구,피망,100g,20967
2025-02-05,대구,파프리카,1개,2357
2025-02-05,대구,마늘,1kg,11140
2025-02-05,대구,브로콜리,1개,2860
2025-02-05,대구,사과,10개,33067
2025-02-05,대구,배,10개,48900
2025-02-06,대구,배추,1포기,4913
2025-02-06,대구,시금치,100g,12567
2025-02-06,대구,상추,100g,9300
2025-02-06,대구,얼갈이배추,1kg,4510
2025-02-06,대구,오이,10개,19267
2025-02-06,대구,호박,1개,2427
2025-02-06,대구,토마토,1kg,6280
2025-02-06,대구,무,1개,4800
2025-02-06,대구,당근,1kg,6300
2025-02-06,대구,열무,1kg,4270
2025-02-06,대구,양파,1kg,2737
2025-02-06,대구,대파,1kg,4140
2025-02-06,대구,피망,100g,21200
2025-02-06,대구,파프리카,1개,2423
2025-02-06,대구,마늘,1kg,10833
2025-02-06,대구,브로콜리,1개,2560
2025-02-06,대구,사과,10개,33300
2025-02-06,대구,배,10개,57450
2025-02-07,대구,배추,1포기,5357
2025-02-07,대구,시금치,100g,12567
2025-02-07,대구,상추,100g,9100
2025-02-07,대구,얼갈이배추,1kg,4510
2025-02-07,대구,오이,10개,19267
2025-02-07,대구,호박,1개,2427
2025-02-07,대구,토마토,1kg,6280
2025-02-07,대구,무,1개,4800
2025-02-07,대구,당근,1kg,6300
2025-02-07,대구,열무,1kg,4270
2025-02-07,대구,양파,1kg,2747
2025-02-07,대구,대파,1kg,3930
2025-02-07,대구,피망,100g,21200
2025-02-07,대구,파프리카,1개,2423
2025-02-07,대구,마늘,1kg,10833
2025-02-07,대구,브로콜리,1개,2560
2025-02-07,대구,사과,10개,33300
2025-02-07,대구,배,10개,57450
2025-02-10,대구,배추,1포기,5357
2025-02-10,대구,시금치,100g,12733
2025-02-10,대구,상추,100g,8933
2025-02-10,대구,얼갈이배추,1kg,4453
2025-02-10,대구,오이,10개,19600
2025-02-10,대구,호박,1개,2427
2025-02-10,대구,토마토,1kg,6280
2025-02-10,대구,무,1개,5000
2025-02-10,대구,당근,1kg,6300
2025-02-10,대구,열무,1kg,4270
2025-02-10,대구,양파,1kg,2747
2025-02-10,대구,대파,1kg,3970
2025-02-10,대구,피망,100g,21200
2025-02-10,대구,파프리카,1개,2423
2025-02-10,대구,마늘,1kg,10917
2025-02-10,대구,브로콜리,1개,2560
2025-02-10,대구,사과,10개,33300
2025-02-10,대구,배,10개,57450
2025-02-11,대구,배추,1포기,5357
2025-02-11,대구,시금치,100g,13500
2025-02-11,대구,상추,100g,8933
2025-02-11,대구,얼갈이배추,1kg,4453
2025-02-11,대구,오이,10개,19200
2025-02-11,대구,호박,1개,2427
2025-02-11,대구,토마토,1kg,6280
2025-02-11,대구,무,1개,5000
2025-02-11,대구,당근,1kg,6300
2025-02-11,대구,열무,1kg,4230
2025-02-11,대구,양파,1kg,2747
2025-02-11,대구,대파,1kg,4163
2025-02-11,대구,피망,100g,21200
2025-02-11,대구,파프리카,1개,2423
2025-02-11,대구,마늘,1kg,10917
2025-02-11,대구,브로콜리,1개,2560
2025-02-11,대구,사과,10개,33300
2025-02-11,대구,배,10개,56200
2025-02-12,대구,배추,1포기,5357
2025-02-12,대구,시금치,100g,13500
2025-02-12,대구,상추,100g,8933
2025-02-12,대구,얼갈이배추,1kg,4453
2025-02-12,대구,오이,10개,19200
2025-02-12,대구,호박,1개,2427
2025-02-12,대구,토마토,1kg,6280
2025-02-12,대구,무,1개,5000
2025-02-12,대구,당근,1kg,6300
2025-02-12,대구,열무,1kg,4230
2025-02-12,대구,양파,1kg,2747
2025-02-12,대구,대파,1kg,4163
2025-02-12,대구,피망,100g,21200
2025-02-12,대구,파프리카,1개,2467
2025-02-12,대구,마늘,1kg,11000
2025-02-12,대구,브로콜리,1개,2560
2025-02-12,대구,사과,10개,33300
2025-02-12,대구,배,10개,56200
2025-02-13,대구,배추,1포기,5187
2025-02-13,대구,시금치,100g,13300
2025-02-13,대구,상추,100g,9067
2025-02-13,대구,얼갈이배추,1kg,4453
2025-02-13,대구,오이,10개,19200
2025-02-13,대구,호박,1개,2560
2025-02-13,대구,토마토,1kg,6280
2025-02-13,대구,무,1개,5000
2025-02-13,대구,당근,1kg,6117
2025-02-13,대구,열무,1kg,4230
2025-02-13,대구,양파,1kg,2607
2025-02-13,대구,대파,1kg,4297
2025-02-13,대구,피망,100g,21200
2025-02-13,대구,파프리카,1개,2600
2025-02-13,대구,마늘,1kg,12307
2025-02-13,대구,브로콜리,1개,2660
2025-02-13,대구,사과,10개,31633
2025-02-13,대구,배,10개,56200
2025-02-14,대구,배추,1포기,5187
2025-02-14,대구,시금치,100g,13300
2025-02-14,대구,상추,100g,9300
2025-02-14,대구,얼갈이배추,1kg,4453
2025-02-14,대구,오이,10개,19200
2025-02-14,대구,호박,1개,2560
2025-02-14,대구,토마토,1kg,6280
2025-02-14,대구,무,1개,5000
2025-02-14,대구,당근,1kg,5950
2025-02-14,대구,열무,1kg,4230
2025-02-14,대구,양파,1kg,2613
2025-02-14,대구,대파,1kg,4297
2025-02-14,대구,피망,100g,21300
2025-02-14,대구,파프리카,1개,2640
2025-02-14,대구,마늘,1kg,12307
2025-02-14,대구,브로콜리,1개,2660
2025-02-14,대구,사과,10개,31633
2025-02-14,대구,배,10개,56200
2025-02-17,대구,배추,1포기,5297
2025-02-17,대구,시금치,100g,13067
2025-02-17,대구,상추,100g,8890
2025-02-17,대구,얼갈이배추,1kg,4453
2025-02-17,대구,오이,10개,19000
2025-02-17,대구,호박,1개,2560
2025-02-17,대구,토마토,1kg,6233
2025-02-17,대구,무,1개,5000
2025-02-17,대구,당근,1kg,5950
2025-02-17,대구,열무,1kg,4230
2025-02-17,대구,양파,1kg,2613
2025-02-17,대구,대파,1kg,4297
2025-02-17,대구,피망,100g,21433
2025-02-17,대구,파프리카,1개,2640
2025-02-17,대구,마늘,1kg,12307
2025-02-17,대구,브로콜리,1개,2603
2025-02-17,대구,사과,10개,31633
2025-02-17,대구,배,10개,56200
2025-02-18,대구,배추,1포기,5467
2025-02-18,대구,시금치,100g,12900
2025-02-18,대구,상추,100g,9200
2025-02-18,대구,얼갈이배추,1kg,4453
2025-02-18,대구,오이,10개,19000
2025-02-18,대구,호박,1개,2560
2025-02-18,대구,토마토,1kg,6233
2025-02-18,대구,무,1개,5000
2025-02-18,대구,당근,1kg,5950
2025-02-18,대구,열무,1kg,4230
2025-02-18,대구,양파,1kg,2613
2025-02-18,대구,대파,1kg,4297
2025-02-18,대구,피망,100g,22267
2025-02-18,대구,파프리카,1개,2683
2025-02-18,대구,마늘,1kg,12307
2025-02-18,대구,브로콜리,1개,2603
2025-02-18,대구,사과,10개,31633
2025-02-18,대구,배,10개,56200
2025-02-19,대구,배추,1포기,5467
2025-02-19,대구,시금치,100g,12800
2025-02-19,대구,상추,100g,9200
2025-02-19,대구,얼갈이배추,1kg,4453
2025-02-19,대구,오이,10개,19000
2025-02-19,대구,호박,1개,2560
2025-02-19,대구,토마토,1kg,6233
2025-02-19,대구,무,1개,5000
2025-02-19,대구,당근,1kg,5950
2025-02-19,대구,열무,1kg,4230
2025-02-19,대구,양파,1kg,2613
2025-02-19,대구,대파,1kg,4297
2025-02-19,대구,피망,100g,22267
2025-02-19,대구,파프리카,1개,2683
2025-02-19,대구,마늘,1kg,12307
2025-02-19,대구,브로콜리,1개,2603
2025-02-19,대구,사과,10개,31633
2025-02-19,대구,배,10개,56200
2025-02-20,대구,배추,1포기,5373
2025-02-20,대구,시금치,100g,11000
2025-02-20,대구,상추,100g,8577
2025-02-20,대구,얼갈이배추,1kg,3767
2025-02-20,대구,오이,10개,19000
2025-02-20,대구,호박,1개,2593
2025-02-20,대구,토마토,1kg,7103
2025-02-20,대구,무,1개,5000
2025-02-20,대구,당근,1kg,6117
2025-02-20,대구,열무,1kg,3715
2025-02-20,대구,양파,1kg,2777
2025-02-20,대구,대파,1kg,4503
2025-02-20,대구,피망,100g,22133
2025-02-20,대구,파프리카,1개,2550
2025-02-20,대구,마늘,1kg,11640
2025-02-20,대구,브로콜리,1개,2603
2025-02-20,대구,사과,10개,32467
2025-02-20,대구,배,10개,56200
2025-02-21,대구,배추,1포기,5263
2025-02-21,대구,시금치,100g,10567
2025-02-21,대구,상추,100g,9667
2025-02-21,대구,얼갈이배추,1kg,3767
2025-02-21,대구,오이,10개,19000
2025-02-21,대구,호박,1개,2593
2025-02-21,대구,토마토,1kg,7103
2025-02-21,대구,무,1개,5000
2025-02-21,대구,당근,1kg,6053
2025-02-21,대구,열무,1kg,3727
2025-02-21,대구,양파,1kg,2777
2025-02-21,대구,대파,1kg,4503
2025-02-21,대구,피망,100g,22600
2025-02-21,대구,파프리카,1개,2550
2025-02-21,대구,마늘,1kg,11640
2025-02-21,대구,브로콜리,1개,2770
2025-02-21,대구,사과,10개,32467
2025-02-21,대구,배,10개,56200
2025-02-24,대구,배추,1포기,5373
2025-02-24,대구,시금치,100g,10500
2025-02-24,대구,상추,100g,9667
2025-02-24,대구,얼갈이배추,1kg,3767
2025-02-24,대구,오이,10개,19000
2025-02-24,대구,호박,1개,2593
2025-02-24,대구,토마토,1kg,7103
2025-02-24,대구,무,1개,5000
2025-02-24,대구,당근,1kg,6053
2025-02-24,대구,열무,1kg,3727
2025-02-24,대구,양파,1kg,2777
2025-02-24,대구,대파,1kg,4503
2025-02-24,대구,피망,100g,22600
2025-02-24,대구,파프리카,1개,2550
2025-02-24,대구,마늘,1kg,11640
2025-02-24,대구,브로콜리,1개,2770
2025-02-24,대구,사과,10개,32467
2025-02-24,대구,배,10개,56200
2025-02-25,대구,배추,1포기,5373
2025-02-25,대구,시금치,100g,10500
2025-02-25,대구,상추,100g,9667
2025-02-25,대구,얼갈이배추,1kg,3767
2025-02-25,대구,오이,10개,19000
2025-02-25,대구,호박,1개,2593
2025-02-25,대구,토마토,1kg,7103
2025-02-25,대구,무,1개,5000
2025-02-25,대구,당근,1kg,6053
2025-02-25,대구,열무,1kg,3727
2025-02-25,대구,양파,1kg,2777
2025-02-25,대구,대파,1kg,4503
2025-02-25,대구,피망,100g,22433
2025-02-25,대구,파프리카,1개,2550
2025-02-25,대구,마늘,1kg,11640
2025-02-25,대구,브로콜리,1개,2770
2025-02-25,대구,사과,10개,32467
2025-02-25,대구,배,10개,56200
2025-02-26,대구,배추,1포기,5263
2025-02-26,대구,시금치,100g,10300
2025-02-26,대구,상추,100g,9667
2025-02-26,대구,얼갈이배추,1kg,3767
2025-02-26,대구,오이,10개,19000
2025-02-26,대구,호박,1개,2527
2025-02-26,대구,토마토,1kg,7217
2025-02-26,대구,무,1개,5000
2025-02-26,대구,당근,1kg,6053
2025-02-26,대구,열무,1kg,3727
2025-02-26,대구,양파,1kg,2777
2025-02-26,대구,대파,1kg,4463
2025-02-26,대구,피망,100g,22600
2025-02-26,대구,파프리카,1개,2550
2025-02-26,대구,마늘,1kg,11640
2025-02-26,대구,브로콜리,1개,2713
2025-02-26,대구,사과,10개,32467
2025-02-26,대구,배,10개,50000
2025-02-27,대구,배추,1포기,5397
2025-02-27,대구,시금치,100g,9860
2025-02-27,대구,상추,100g,9233
2025-02-27,대구,얼갈이배추,1kg,3767
2025-02-27,대구,오이,10개,19067
2025-02-27,대구,호박,1개,2493
2025-02-27,대구,토마토,1kg,7383
2025-02-27,대구,무,1개,5000
2025-02-27,대구,당근,1kg,5703
2025-02-27,대구,열무,1kg,3657
2025-02-27,대구,양파,1kg,2837
2025-02-27,대구,대파,1kg,3890
2025-02-27,대구,피망,100g,22600
2025-02-27,대구,파프리카,1개,2483
2025-02-27,대구,마늘,1kg,11000
2025-02-27,대구,브로콜리,1개,2647
2025-02-27,대구,사과,10개,29800
2025-02-27,대구,배,10개,50000
2025-02-28,대구,배추,1포기,5397
2025-02-28,대구,시금치,100g,9960
2025-02-28,대구,상추,100g,9233
2025-02-28,대구,얼갈이배추,1kg,3377
2025-02-28,대구,오이,10개,19067
2025-02-28,대구,호박,1개,2490
2025-02-28,대구,토마토,1kg,6680
2025-02-28,대구,무,1개,5000
2025-02-28,대구,당근,1kg,5107
2025-02-28,대구,열무,1kg,3473
2025-02-28,대구,양파,1kg,2583
2025-02-28,대구,대파,1kg,3500
2025-02-28,대구,피망,100g,22600
2025-02-28,대구,파프리카,1개,2540
2025-02-28,대구,마늘,1kg,8683
2025-02-28,대구,브로콜리,1개,2813
2025-02-28,대구,사과,10개,31033
2025-02-28,대구,배,10개,42950
2025-03-04,대구,배추,1포기,5397
2025-03-04,대구,시금치,100g,10027
2025-03-04,대구,상추,100g,8290
2025-03-04,대구,얼갈이배추,1kg,3490
2025-03-04,대구,오이,10개,18900
2025-03-04,대구,호박,1개,2490
2025-03-04,대구,토마토,1kg,6680
2025-03-04,대구,무,1개,5000
2025-03-04,대구,당근,1kg,5107
2025-03-04,대구,열무,1kg,3527
2025-03-04,대구,양파,1kg,2583
2025-03-04,대구,대파,1kg,3540
2025-03-04,대구,피망,100g,22600
2025-03-04,대구,파프리카,1개,2540
2025-03-04,대구,마늘,1kg,8683
2025-03-04,대구,브로콜리,1개,2643
2025-03-04,대구,사과,10개,31033
2025-03-04,대구,배,10개,46400
2025-03-05,대구,배추,1포기,5397
2025-03-05,대구,시금치,100g,10027
2025-03-05,대구,상추,100g,9167
2025-03-05,대구,얼갈이배추,1kg,3490
2025-03-05,대구,오이,10개,18900
2025-03-05,대구,호박,1개,2490
2025-03-05,대구,토마토,1kg,6680
2025-03-05,대구,무,1개,5000
2025-03-05,대구,당근,1kg,5107
2025-03-05,대구,열무,1kg,3527
2025-03-05,대구,양파,1kg,2583
2025-03-05,대구,대파,1kg,3583
2025-03-05,대구,피망,100g,22467
2025-03-05,대구,파프리카,1개,2757
2025-03-05,대구,마늘,1kg,8683
2025-03-05,대구,브로콜리,1개,2643
2025-03-05,대구,사과,10개,31033
2025-03-05,대구,배,10개,46400
2025-03-06,대구,배추,1포기,5970
2025-03-06,대구,시금치,100g,11340
2025-03-06,대구,상추,100g,8823
2025-03-06,대구,얼갈이배추,1kg,3843
2025-03-06,대구,오이,10개,18500
2025-03-06,대구,호박,1개,2327
2025-03-06,대구,토마토,1kg,7313
2025-03-06,대구,무,1개,4600
2025-03-06,대구,당근,1kg,5580
2025-03-06,대구,열무,1kg,4010
2025-03-06,대구,양파,1kg,2257
2025-03-06,대구,대파,1kg,4420
2025-03-06,대구,피망,100g,22700
2025-03-06,대구,파프리카,1개,2757
2025-03-06,대구,마늘,1kg,11307
2025-03-06,대구,브로콜리,1개,2643
2025-03-06,대구,사과,10개,31700
2025-03-06,대구,배,10개,47733
2025-03-07,대구,배추,1포기,5970
2025-03-07,대구,시금치,100g,10440
2025-03-07,대구,상추,100g,8823
2025-03-07,대구,얼갈이배추,1kg,3843
2025-03-07,대구,오이,10개,18233
2025-03-07,대구,호박,1개,2327
2025-03-07,대구,토마토,1kg,7313
2025-03-07,대구,무,1개,4600
2025-03-07,대구,당근,1kg,5580
2025-03-07,대구,열무,1kg,4010
2025-03-07,대구,양파,1kg,2257
2025-03-07,대구,대파,1kg,4420
2025-03-07,대구,피망,100g,22700
2025-03-07,대구,파프리카,1개,2757
2025-03-07,대구,마늘,1kg,11307
2025-03-07,대구,브로콜리,1개,2643
2025-03-07,대구,사과,10개,31700
2025-03-07,대구,배,10개,47733
2025-03-10,대구,배추,1포기,6080
2025-03-10,대구,시금치,100g,9940
2025-03-10,대구,상추,100g,8723
2025-03-10,대구,얼갈이배추,1kg,3677
2025-03-10,대구,오이,10개,18067
2025-03-10,대구,호박,1개,2327
2025-03-10,대구,토마토,1kg,7313
2025-03-10,대구,무,1개,4600
2025-03-10,대구,당근,1kg,5580
2025-03-10,대구,열무,1kg,3953
2025-03-10,대구,양파,1kg,2257
2025-03-10,대구,대파,1kg,4420
2025-03-10,대구,피망,100g,22700
2025-03-10,대구,파프리카,1개,2757
2025-03-10,대구,마늘,1kg,11307
2025-03-10,대구,브로콜리,1개,2643
2025-03-10,대구,사과,10개,31700
2025-03-10,대구,배,10개,47733
2025-03-11,대구,배추,1포기,6080
2025-03-11,대구,시금치,100g,9940
2025-03-11,대구,상추,100g,8723
2025-03-11,대구,얼갈이배추,1kg,3843
2025-03-11,대구,오이,10개,18467
2025-03-11,대구,호박,1개,2327
2025-03-11,대구,토마토,1kg,7313
2025-03-11,대구,무,1개,4600
2025-03-11,대구,당근,1kg,5580
2025-03-11,대구,열무,1kg,3953
2025-03-11,대구,양파,1kg,2780
2025-03-11,대구,대파,1kg,4377
2025-03-11,대구,피망,100g,22600
2025-03-11,대구,파프리카,1개,2540
2025-03-11,대구,마늘,1kg,11307
2025-03-11,대구,브로콜리,1개,2643
2025-03-11,대구,사과,10개,31700
2025-03-11,대구,배,10개,49400
2025-03-12,대구,배추,1포기,6080
2025-03-12,대구,시금치,100g,9707
2025-03-12,대구,상추,100g,8923
2025-03-12,대구,얼갈이배추,1kg,3843
2025-03-12,대구,오이,10개,18467
2025-03-12,대구,호박,1개,2327
2025-03-12,대구,토마토,1kg,7357
2025-03-12,대구,무,1개,4600
2025-03-12,대구,당근,1kg,5580
2025-03-12,대구,열무,1kg,4010
2025-03-12,대구,양파,1kg,2827
2025-03-12,대구,대파,1kg,4377
2025-03-12,대구,피망,100g,22600
2025-03-12,대구,파프리카,1개,2540
2025-03-12,대구,마늘,1kg,11307
2025-03-12,대구,브로콜리,1개,2567
2025-03-12,대구,사과,10개,31700
2025-03-12,대구,배,10개,49400
2025-03-13,대구,배추,1포기,6013
2025-03-13,대구,시금치,100g,9707
2025-03-13,대구,상추,100g,9267
2025-03-13,대구,얼갈이배추,1kg,4307
2025-03-13,대구,오이,10개,18800
2025-03-13,대구,호박,1개,2327
2025-03-13,대구,토마토,1kg,7357
2025-03-13,대구,무,1개,4600
2025-03-13,대구,당근,1kg,6930
2025-03-13,대구,열무,1kg,4473
2025-03-13,대구,양파,1kg,3447
2025-03-13,대구,대파,1kg,4377
2025-03-13,대구,피망,100g,22600
2025-03-13,대구,파프리카,1개,2160
2025-03-13,대구,마늘,1kg,11307
2025-03-13,대구,브로콜리,1개,2570
2025-03-13,대구,사과,10개,31033
2025-03-13,대구,배,10개,49450
2025-03-14,대구,배추,1포기,6013
2025-03-14,대구,시금치,100g,9840
2025-03-14,대구,상추,100g,9267
2025-03-14,대구,얼갈이배추,1kg,4307
2025-03-14,대구,오이,10개,19067
2025-03-14,대구,호박,1개,2327
2025-03-14,대구,토마토,1kg,7550
2025-03-14,대구,무,1개,4600
2025-03-14,대구,당근,1kg,6930
2025-03-14,대구,열무,1kg,4473
2025-03-14,대구,양파,1kg,3447
2025-03-14,대구,대파,1kg,4377
2025-03-14,대구,피망,100g,22600
2025-03-14,대구,파프리카,1개,2160
2025-03-14,대구,마늘,1kg,11307
2025-03-14,대구,브로콜리,1개,2570
2025-03-14,대구,사과,10개,31033
2025-03-14,대구,배,10개,49450
2025-03-17,대구,배추,1포기,6013
2025-03-17,대구,시금치,100g,9413
2025-03-17,대구,상추,100g,9267
2025-03-17,대구,얼갈이배추,1kg,4307
2025-03-17,대구,오이,10개,19067
2025-03-17,대구,호박,1개,2327
2025-03-17,대구,토마토,1kg,7550
2025-03-17,대구,무,1개,4600
2025-03-17,대구,당근,1kg,6930
2025-03-17,대구,열무,1kg,4473
2025-03-17,대구,양파,1kg,3223
2025-03-17,대구,대파,1kg,4377
2025-03-17,대구,피망,100g,22600
2025-03-17,대구,파프리카,1개,2160
2025-03-17,대구,마늘,1kg,11307
2025-03-17,대구,브로콜리,1개,2570
2025-03-17,대구,사과,10개,31033
2025-03-17,대구,배,10개,49450
2025-03-18,대구,배추,1포기,6013
2025-03-18,대구,시금치,100g,9347
2025-03-18,대구,상추,100g,9267
2025-03-18,대구,얼갈이배추,1kg,4307
2025-03-18,대구,오이,10개,19067
2025-03-18,대구,호박,1개,2327
2025-03-18,대구,토마토,1kg,7550
2025-03-18,대구,무,1개,4600
2025-03-18,대구,당근,1kg,6930
2025-03-18,대구,열무,1kg,4473
2025-03-18,대구,양파,1kg,3223
2025-03-18,대구,대파,1kg,4377
2025-03-18,대구,피망,100g,22600
2025-03-18,대구,파프리카,1개,2160
2025-03-18,대구,마늘,1kg,11307
2025-03-18,대구,브로콜리,1개,2570
2025-03-18,대구,사과,10개,31033
2025-03-18,대구,배,10개,49450
2025-03-19,대구,배추,1포기,5903
2025-03-19,대구,시금치,100g,9080
2025-03-19,대구,상추,100g,9233
2025-03-19,대구,얼갈이배추,1kg,4307
2025-03-19,대구,오이,10개,19167
2025-03-19,대구,호박,1개,2327
2025-03-19,대구,토마토,1kg,7707
2025-03-19,대구,무,1개,4600
2025-03-19,대구,당근,1kg,6930
2025-03-19,대구,열무,1kg,4417
2025-03-19,대구,양파,1kg,3223
2025-03-19,대구,대파,1kg,4377
2025-03-19,대구,피망,100g,23033
2025-03-19,대구,파프리카,1개,2160
2025-03-19,대구,마늘,1kg,11433
2025-03-19,대구,브로콜리,1개,2593
2025-03-19,대구,사과,10개,31033
2025-03-19,대구,배,10개,49450
2025-03-20,대구,배추,1포기,6103
2025-03-20,대구,시금치,100g,8147
2025-03-20,대구,상추,100g,9233
2025-03-20,대구,얼갈이배추,1kg,4307
2025-03-20,대구,오이,10개,18833
2025-03-20,대구,호박,1개,2093
2025-03-20,대구,토마토,1kg,6833
2025-03-20,대구,무,1개,4600
2025-03-20,대구,당근,1kg,6930
2025-03-20,대구,열무,1kg,4417
2025-03-20,대구,양파,1kg,3320
2025-03-20,대구,대파,1kg,4503
2025-03-20,대구,피망,100g,24600
2025-03-20,대구,파프리카,1개,2440
2025-03-20,대구,마늘,1kg,11767
2025-03-20,대구,브로콜리,1개,2660
2025-03-20,대구,사과,10개,33433
2025-03-20,대구,배,10개,45250
2025-03-21,대구,배추,1포기,6103
2025-03-21,대구,시금치,100g,8247
2025-03-21,대구,상추,100g,9233
2025-03-21,대구,얼갈이배추,1kg,4620
2025-03-21,대구,오이,10개,19067
2025-03-21,대구,호박,1개,2093
2025-03-21,대구,토마토,1kg,6833
2025-03-21,대구,무,1개,4600
2025-03-21,대구,당근,1kg,6930
2025-03-21,대구,열무,1kg,4583
2025-03-21,대구,양파,1kg,3320
2025-03-21,대구,대파,1kg,4503
2025-03-21,대구,피망,100g,24250
2025-03-21,대구,파프리카,1개,2440
2025-03-21,대구,마늘,1kg,11767
2025-03-21,대구,브로콜리,1개,2660
2025-03-21,대구,사과,10개,33433
2025-03-21,대구,배,10개,45250
2025-03-24,대구,배추,1포기,6103
2025-03-24,대구,시금치,100g,8313
2025-03-24,대구,상추,100g,9233
2025-03-24,대구,얼갈이배추,1kg,4620
2025-03-24,대구,오이,10개,17400
2025-03-24,대구,호박,1개,2093
2025-03-24,대구,토마토,1kg,6833
2025-03-24,대구,무,1개,4200
2025-03-24,대구,당근,1kg,6930
2025-03-24,대구,열무,1kg,4583
2025-03-24,대구,양파,1kg,3320
2025-03-24,대구,대파,1kg,4463
2025-03-24,대구,피망,100g,23100
2025-03-24,대구,파프리카,1개,2440
2025-03-24,대구,마늘,1kg,11767
2025-03-24,대구,브로콜리,1개,2660
2025-03-24,대구,사과,10개,33433
2025-03-24,대구,배,10개,45250
2025-03-25,대구,배추,1포기,6103
2025-03-25,대구,시금치,100g,8313
2025-03-25,대구,상추,100g,9233
2025-03-25,대구,얼갈이배추,1kg,4620
2025-03-25,대구,오이,10개,17400
2025-03-25,대구,호박,1개,1993
2025-03-25,대구,토마토,1kg,6833
2025-03-25,대구,무,1개,4200
2025-03-25,대구,당근,1kg,6397
2025-03-25,대구,열무,1kg,4583
2025-03-25,대구,양파,1kg,3320
2025-03-25,대구,대파,1kg,4463
2025-03-25,대구,피망,100g,23100
2025-03-25,대구,파프리카,1개,2440
2025-03-25,대구,마늘,1kg,11767
2025-03-25,대구,브로콜리,1개,2660
2025-03-25,대구,사과,10개,31433
2025-03-25,대구,배,10개,45250
2025-03-26,대구,배추,1포기,6103
2025-03-26,대구,시금치,100g,8313
2025-03-26,대구,상추,100g,9233
2025-03-26,대구,얼갈이배추,1kg,4620
2025-03-26,대구,오이,10개,17400
2025-03-26,대구,호박,1개,1993
2025-03-26,대구,토마토,1kg,6833
2025-03-26,대구,무,1개,4200
2025-03-26,대구,당근,1kg,6397
2025-03-26,대구,열무,1kg,4640
2025-03-26,대구,양파,1kg,3320
2025-03-26,대구,대파,1kg,4463
2025-03-26,대구,피망,100g,23100
2025-03-26,대구,파프리카,1개,2440
2025-03-26,대구,마늘,1kg,11767
2025-03-26,대구,브로콜리,1개,2660
2025-03-26,대구,사과,10개,31433
2025-03-26,대구,배,10개,45250
2025-03-27,대구,배추,1포기,6103
2025-03-27,대구,시금치,100g,7357
2025-03-27,대구,상추,100g,8723
2025-03-27,대구,얼갈이배추,1kg,4870
2025-03-27,대구,오이,10개,16900
2025-03-27,대구,호박,1개,1960
2025-03-27,대구,토마토,1kg,6457
2025-03-27,대구,무,1개,4200
2025-03-27,대구,당근,1kg,6273
2025-03-27,대구,열무,1kg,4640
2025-03-27,대구,양파,1kg,3420
2025-03-27,대구,대파,1kg,3510
2025-03-27,대구,피망,100g,20100
2025-03-27,대구,파프리카,1개,2493
2025-03-27,대구,마늘,1kg,10767
2025-03-27,대구,브로콜리,1개,2660
2025-03-27,대구,사과,10개,31933
2025-03-27,대구,배,10개,45250
2025-03-28,대구,배추,1포기,6103
2025-03-28,대구,시금치,100g,7190
2025-03-28,대구,상추,100g,8730
2025-03-28,대구,얼갈이배추,1kg,4870
2025-03-28,대구,오이,10개,16900
2025-03-28,대구,호박,1개,1960
2025-03-28,대구,토마토,1kg,6457
2025-03-28,대구,무,1개,4200
2025-03-28,대구,당근,1kg,6273
2025-03-28,대구,열무,1kg,4870
2025-03-28,대구,양파,1kg,3420
2025-03-28,대구,대파,1kg,3510
2025-03-28,대구,피망,100g,20100
2025-03-28,대구,파프리카,1개,2273
2025-03-28,대구,마늘,1kg,10767
2025-03-28,대구,브로콜리,1개,2660
2025-03-28,대구,사과,10개,31933
2025-03-28,대구,배,10개,45250
2025-03-31,대구,배추,1포기,6103
2025-03-31,대구,시금치,100g,7023
2025-03-31,대구,상추,100g,8763
2025-03-31,대구,얼갈이배추,1kg,4590
2025-03-31,대구,오이,10개,16690
2025-03-31,대구,호박,1개,1960
2025-03-31,대구,토마토,1kg,6457
2025-03-31,대구,무,1개,4200
2025-03-31,대구,당근,1kg,6273
2025-03-31,대구,열무,1kg,4757
2025-03-31,대구,양파,1kg,3420
2025-03-31,대구,대파,1kg,2837
2025-03-31,대구,피망,100g,20100
2025-03-31,대구,파프리카,1개,2493
2025-03-31,대구,마늘,1kg,11767
2025-03-31,대구,브로콜리,1개,2827
2025-03-31,대구,사과,10개,31933
2025-03-31,대구,배,10개,45250
2025-04-01,대구,배추,1포기,6103
2025-04-01,대구,시금치,100g,7023
2025-04-01,대구,상추,100g,8763
2025-04-01,대구,얼갈이배추,1kg,4590
2025-04-01,대구,오이,10개,16690
2025-04-01,대구,호박,1개,2043
2025-04-01,대구,토마토,1kg,6347
2025-04-01,대구,무,1개,4200
2025-04-01,대구,당근,1kg,6273
2025-04-01,대구,열무,1kg,4757
2025-04-01,대구,양파,1kg,3420
2025-04-01,대구,대파,1kg,2837
2025-04-01,대구,피망,100g,19450
2025-04-01,대구,파프리카,1개,2493
2025-04-01,대구,마늘,1kg,11767
2025-04-01,대구,브로콜리,1개,2827
2025-04-01,대구,사과,10개,31933
2025-04-01,대구,배,10개,45250
2025-04-02,대구,배추,1포기,6103
2025-04-02,대구,시금치,100g,7023
2025-04-02,대구,상추,100g,8763
2025-04-02,대구,얼갈이배추,1kg,4537
2025-04-02,대구,오이,10개,16523
2025-04-02,대구,호박,1개,2070
2025-04-02,대구,토마토,1kg,6347
2025-04-02,대구,무,1개,4200
2025-04-02,대구,당근,1kg,6273
2025-04-02,대구,열무,1kg,4757
2025-04-02,대구,양파,1kg,3420
2025-04-02,대구,대파,1kg,2837
2025-04-02,대구,피망,100g,19450
2025-04-02,대구,파프리카,1개,2493
2025-04-02,대구,마늘,1kg,11767
2025-04-02,대구,브로콜리,1개,2990
2025-04-02,대구,사과,10개,31933
2025-04-02,대구,배,10개,45250
2025-04-03,대구,배추,1포기,6437
2025-04-03,대구,시금치,100g,4850
2025-04-03,대구,상추,100g,8763
2025-04-03,대구,얼갈이배추,1kg,3710
2025-04-03,대구,오이,10개,16123
2025-04-03,대구,호박,1개,2427
2025-04-03,대구,토마토,1kg,6330
2025-04-03,대구,무,1개,4200
2025-04-03,대구,당근,1kg,6217
2025-04-03,대구,열무,1kg,3930
2025-04-03,대구,양파,1kg,3433
2025-04-03,대구,대파,1kg,2920
2025-04-03,대구,피망,100g,19200
2025-04-03,대구,파프리카,1개,2160
2025-04-03,대구,마늘,1kg,12233
2025-04-03,대구,브로콜리,1개,2890
2025-04-03,대구,사과,10개,32767
2025-04-03,대구,배,10개,45250
2025-04-04,대구,배추,1포기,6437
2025-04-04,대구,시금치,100g,6513
2025-04-04,대구,상추,100g,8763
2025-04-04,대구,얼갈이배추,1kg,3710
2025-04-04,대구,오이,10개,16123
2025-04-04,대구,호박,1개,2370
2025-04-04,대구,토마토,1kg,6263
2025-04-04,대구,무,1개,4200
2025-04-04,대구,당근,1kg,6217
2025-04-04,대구,열무,1kg,3930
2025-04-04,대구,양파,1kg,3433
2025-04-04,대구,대파,1kg,2573
2025-04-04,대구,피망,100g,18750
2025-04-04,대구,파프리카,1개,2160
2025-04-04,대구,마늘,1kg,12273
2025-04-04,대구,브로콜리,1개,2890
2025-04-04,대구,사과,10개,32767
2025-04-04,대구,배,10개,45250
2025-04-07,대구,배추,1포기,6437
2025-04-07,대구,시금치,100g,6513
2025-04-07,대구,상추,100g,8763
2025-04-07,대구,얼갈이배추,1kg,3710
2025-04-07,대구,오이,10개,16290
2025-04-07,대구,호박,1개,2370
2025-04-07,대구,토마토,1kg,6197
2025-04-07,대구,무,1개,4200
2025-04-07,대구,당근,1kg,6217
2025-04-07,대구,열무,1kg,3877
2025-04-07,대구,양파,1kg,3433
2025-04-07,대구,대파,1kg,3653
2025-04-07,대구,피망,100g,19250
2025-04-07,대구,파프리카,1개,2660
2025-04-07,대구,마늘,1kg,12357
2025-04-07,대구,브로콜리,1개,2427
2025-04-07,대구,사과,10개,32767
2025-04-07,대구,배,10개,45250
2025-04-08,대구,배추,1포기,6437
2025-04-08,대구,시금치,100g,6513
2025-04-08,대구,상추,100g,8763
2025-04-08,대구,얼갈이배추,1kg,3710
2025-04-08,대구,오이,10개,16290
2025-04-08,대구,호박,1개,2370
2025-04-08,대구,토마토,1kg,6040
2025-04-08,대구,무,1개,4200
2025-04-08,대구,당근,1kg,6217
2025-04-08,대구,열무,1kg,3877
2025-04-08,대구,양파,1kg,3433
2025-04-08,대구,대파,1kg,3693
2025-04-08,대구,피망,100g,19250
2025-04-08,대구,파프리카,1개,2660
2025-04-08,대구,마늘,1kg,12357
2025-04-08,대구,브로콜리,1개,2427
2025-04-08,대구,사과,10개,32767
2025-04-08,대구,배,10개,45250
2025-04-09,대구,배추,1포기,6547
2025-04-09,대구,시금치,100g,6513
2025-04-09,대구,상추,100g,8763
2025-04-09,대구,얼갈이배추,1kg,3710
2025-04-09,대구,오이,10개,16290
2025-04-09,대구,호박,1개,2370
2025-04-09,대구,토마토,1kg,6040
2025-04-09,대구,무,1개,4200
2025-04-09,대구,당근,1kg,6217
2025-04-09,대구,열무,1kg,3877
2025-04-09,대구,양파,1kg,3433
2025-04-09,대구,대파,1kg,3693
2025-04-09,대구,피망,100g,19450
2025-04-09,대구,파프리카,1개,2660
2025-04-09,대구,마늘,1kg,12357
2025-04-09,대구,브로콜리,1개,2427
2025-04-09,대구,사과,10개,32767
2025-04-09,대구,배,10개,45250
2025-04-10,대구,배추,1포기,6547
2025-04-10,대구,시금치,100g,6180
2025-04-10,대구,상추,100g,9333
2025-04-10,대구,얼갈이배추,1kg,3110
2025-04-10,대구,오이,10개,15457
2025-04-10,대구,호박,1개,2000
2025-04-10,대구,토마토,1kg,5750
2025-04-10,대구,무,1개,4200
2025-04-10,대구,당근,1kg,6173
2025-04-10,대구,열무,1kg,3277
2025-04-10,대구,양파,1kg,2760
2025-04-10,대구,대파,1kg,3413
2025-04-10,대구,피망,100g,19450
2025-04-10,대구,파프리카,1개,2660
2025-04-10,대구,마늘,1kg,11253
2025-04-10,대구,브로콜리,1개,2427
2025-04-10,대구,사과,10개,31933
2025-04-10,대구,배,10개,47250
2025-04-11,대구,배추,1포기,6547
2025-04-11,대구,시금치,100g,6017
2025-04-11,대구,상추,100g,9333
2025-04-11,대구,얼갈이배추,1kg,3090
2025-04-11,대구,오이,10개,15457
2025-04-11,대구,호박,1개,2000
2025-04-11,대구,토마토,1kg,5750
2025-04-11,대구,무,1개,4200
2025-04-11,대구,당근,1kg,6173
2025-04-11,대구,열무,1kg,3257
2025-04-11,대구,양파,1kg,2760
2025-04-11,대구,대파,1kg,3413
2025-04-11,대구,피망,100g,19450
2025-04-11,대구,파프리카,1개,2660
2025-04-11,대구,마늘,1kg,11253
2025-04-11,대구,브로콜리,1개,2427
2025-04-11,대구,사과,10개,31933
2025-04-11,대구,배,10개,52133
2025-04-14,대구,배추,1포기,6660
2025-04-14,대구,시금치,100g,6017
2025-04-14,대구,상추,100g,9333
2025-04-14,대구,얼갈이배추,1kg,3090
2025-04-14,대구,오이,10개,15180
2025-04-14,대구,호박,1개,1890
2025-04-14,대구,토마토,1kg,5707
2025-04-14,대구,무,1개,4200
2025-04-14,대구,당근,1kg,6173
2025-04-14,대구,열무,1kg,3257
2025-04-14,대구,양파,1kg,2760
2025-04-14,대구,대파,1kg,3413
2025-04-14,대구,피망,100g,19250
2025-04-14,대구,파프리카,1개,2660
2025-04-14,대구,마늘,1kg,11253
2025-04-14,대구,브로콜리,1개,2427
2025-04-14,대구,사과,10개,31933
2025-04-14,대구,배,10개,52133
2025-04-15,대구,배추,1포기,6547
2025-04-15,대구,시금치,100g,6017
2025-04-15,대구,상추,100g,9333
2025-04-15,대구,얼갈이배추,1kg,3090
2025-04-15,대구,오이,10개,15180
2025-04-15,대구,호박,1개,1890
2025-04-15,대구,토마토,1kg,5707
2025-04-15,대구,무,1개,4200
2025-04-15,대구,당근,1kg,6173
2025-04-15,대구,열무,1kg,3310
2025-04-15,대구,양파,1kg,2760
2025-04-15,대구,대파,1kg,3413
2025-04-15,대구,피망,100g,19250
2025-04-15,대구,파프리카,1개,2660
2025-04-15,대구,마늘,1kg,11890
2025-04-15,대구,브로콜리,1개,2427
2025-04-15,대구,사과,10개,31933
2025-04-15,대구,배,10개,52133
2025-04-16,대구,배추,1포기,6547
2025-04-16,대구,시금치,100g,6017
2025-04-16,대구,상추,100g,9333
2025-04-16,대구,얼갈이배추,1kg,3090
2025-04-16,대구,오이,10개,14930
2025-04-16,대구,호박,1개,1890
2025-04-16,대구,토마토,1kg,5707
2025-04-16,대구,무,1개,4200
2025-04-16,대구,당근,1kg,6173
2025-04-16,대구,열무,1kg,3310
2025-04-16,대구,양파,1kg,2760
2025-04-16,대구,대파,1kg,3413
2025-04-16,대구,피망,100g,19450
2025-04-16,대구,파프리카,1개,2660
2025-04-16,대구,마늘,1kg,11967
2025-04-16,대구,브로콜리,1개,2427
2025-04-16,대구,사과,10개,31933
2025-04-16,대구,배,10개,52133
2025-04-17,대구,배추,1포기,5867
2025-04-17,대구,시금치,100g,8357
2025-04-17,대구,상추,100g,10900
2025-04-17,대구,얼갈이배추,1kg,3183
2025-04-17,대구,오이,10개,14930
2025-04-17,대구,호박,1개,1740
2025-04-17,대구,토마토,1kg,5500
2025-04-17,대구,무,1개,4200
2025-04-17,대구,당근,1kg,5297
2025-04-17,대구,열무,1kg,3350
2025-04-17,대구,양파,1kg,3487
2025-04-17,대구,대파,1kg,3073
2025-04-17,대구,피망,100g,19450
2025-04-17,대구,파프리카,1개,2493
2025-04-17,대구,마늘,1kg,12100
2025-04-17,대구,브로콜리,1개,2510
2025-04-17,대구,사과,10개,29833
2025-04-17,대구,배,10개,52133
2025-04-18,대구,배추,1포기,5867
2025-04-18,대구,시금치,100g,8773
2025-04-18,대구,상추,100g,10900
2025-04-18,대구,얼갈이배추,1kg,3183
2025-04-18,대구,오이,10개,14930
2025-04-18,대구,호박,1개,1740
2025-04-18,대구,토마토,1kg,5500
2025-04-18,대구,무,1개,4000
2025-04-18,대구,당근,1kg,5297
2025-04-18,대구,열무,1kg,3350
2025-04-18,대구,양파,1kg,3487
2025-04-18,대구,대파,1kg,2990
2025-04-18,대구,피망,100g,19100
2025-04-18,대구,파프리카,1개,2493
2025-04-18,대구,마늘,1kg,12100
2025-04-18,대구,브로콜리,1개,2510
2025-04-18,대구,사과,10개,31167
2025-04-18,대구,배,10개,52133
2025-04-21,대구,배추,1포기,5867
2025-04-21,대구,시금치,100g,8773
2025-04-21,대구,상추,100g,10900
2025-04-21,대구,얼갈이배추,1kg,3183
2025-04-21,대구,오이,10개,14930
2025-04-21,대구,호박,1개,1577
2025-04-21,대구,토마토,1kg,5500
2025-04-21,대구,무,1개,4000
2025-04-21,대구,당근,1kg,5297
2025-04-21,대구,열무,1kg,3350
2025-04-21,대구,양파,1kg,3487
2025-04-21,대구,대파,1kg,2990
2025-04-21,대구,피망,100g,19100
2025-04-21,대구,파프리카,1개,2283
2025-04-21,대구,마늘,1kg,12100
2025-04-21,대구,브로콜리,1개,2510
2025-04-21,대구,사과,10개,31800
2025-04-21,대구,배,10개,53267
2025-04-22,대구,배추,1포기,5867
2025-04-22,대구,시금치,100g,8773
2025-04-22,대구,상추,100g,10900
2025-04-22,대구,얼갈이배추,1kg,3183
2025-04-22,대구,오이,10개,14930
2025-04-22,대구,호박,1개,1560
2025-04-22,대구,토마토,1kg,5500
2025-04-22,대구,무,1개,4000
2025-04-22,대구,당근,1kg,5297
2025-04-22,대구,열무,1kg,3350
2025-04-22,대구,양파,1kg,3487
2025-04-22,대구,대파,1kg,2990
2025-04-22,대구,피망,100g,18950
2025-04-22,대구,파프리카,1개,2173
2025-04-22,대구,마늘,1kg,12100
2025-04-22,대구,브로콜리,1개,2510
2025-04-22,대구,사과,10개,31933
2025-04-22,대구,배,10개,53267
2025-04-23,대구,배추,1포기,5867
2025-04-23,대구,시금치,100g,10233
2025-04-23,대구,상추,100g,10900
2025-04-23,대구,얼갈이배추,1kg,3183
2025-04-23,대구,오이,10개,14720
2025-04-23,대구,호박,1개,1593
2025-04-23,대구,토마토,1kg,5500
2025-04-23,대구,무,1개,4000
2025-04-23,대구,당근,1kg,5297
2025-04-23,대구,열무,1kg,3350
2025-04-23,대구,양파,1kg,3457
2025-04-23,대구,대파,1kg,2990
2025-04-23,대구,피망,100g,18950
2025-04-23,대구,파프리카,1개,2173
2025-04-23,대구,마늘,1kg,12100
2025-04-23,대구,브로콜리,1개,2427
2025-04-23,대구,사과,10개,31933
2025-04-23,대구,배,10개,53267
2025-04-24,대구,배추,1포기,5547
2025-04-24,대구,시금치,100g,9753
2025-04-24,대구,상추,100g,11100
2025-04-24,대구,얼갈이배추,1kg,2860
2025-04-24,대구,오이,10개,14287
2025-04-24,대구,호박,1개,1260
2025-04-24,대구,토마토,1kg,6033
2025-04-24,대구,무,1개,4000
2025-04-24,대구,당근,1kg,5663
2025-04-24,대구,열무,1kg,3027
2025-04-24,대구,양파,1kg,3457
2025-04-24,대구,대파,1kg,2430
2025-04-24,대구,피망,100g,18750
2025-04-24,대구,파프리카,1개,2010
2025-04-24,대구,마늘,1kg,11300
2025-04-24,대구,브로콜리,1개,2467
2025-04-24,대구,사과,10개,29267
2025-04-24,대구,배,10개,49950
2025-04-25,대구,배추,1포기,5547
2025-04-25,대구,시금치,100g,7977
2025-04-25,대구,상추,100g,11000
2025-04-25,대구,얼갈이배추,1kg,2860
2025-04-25,대구,오이,10개,14150
2025-04-25,대구,호박,1개,1227
2025-04-25,대구,토마토,1kg,6013
2025-04-25,대구,무,1개,4000
2025-04-25,대구,당근,1kg,5663
2025-04-25,대구,열무,1kg,3027
2025-04-25,대구,양파,1kg,3457
2025-04-25,대구,대파,1kg,2430
2025-04-25,대구,피망,100g,18250
2025-04-25,대구,파프리카,1개,1910
2025-04-25,대구,마늘,1kg,11300
2025-04-25,대구,브로콜리,1개,2467
2025-04-25,대구,사과,10개,29267
2025-04-25,대구,배,10개,60000
2025-04-28,대구,배추,1포기,5547
2025-04-28,대구,시금치,100g,7977
2025-04-28,대구,상추,100g,11000
2025-04-28,대구,얼갈이배추,1kg,2860
2025-04-28,대구,오이,10개,14150
2025-04-28,대구,호박,1개,1227
2025-04-28,대구,토마토,1kg,6013
2025-04-28,대구,무,1개,4000
2025-04-28,대구,당근,1kg,5663
2025-04-28,대구,열무,1kg,3027
2025-04-28,대구,양파,1kg,3457
2025-04-28,대구,대파,1kg,2430
2025-04-28,대구,피망,100g,18250
2025-04-28,대구,파프리카,1개,1910
2025-04-28,대구,마늘,1kg,11300
2025-04-28,대구,브로콜리,1개,2467
2025-04-28,대구,사과,10개,29267
2025-04-28,대구,배,10개,60000
2025-04-29,대구,배추,1포기,5547
2025-04-29,대구,시금치,100g,9853
2025-04-29,대구,상추,100g,11000
2025-04-29,대구,얼갈이배추,1kg,2860
2025-04-29,대구,오이,10개,14150
2025-04-29,대구,호박,1개,1390
2025-04-29,대구,토마토,1kg,6013
2025-04-29,대구,무,1개,4000
2025-04-29,대구,당근,1kg,4880
2025-04-29,대구,열무,1kg,3027
2025-04-29,대구,양파,1kg,3457
2025-04-29,대구,대파,1kg,2930
2025-04-29,대구,피망,100g,18250
2025-04-29,대구,파프리카,1개,2010
2025-04-29,대구,마늘,1kg,11300
2025-04-29,대구,브로콜리,1개,2467
2025-04-29,대구,사과,10개,29267
2025-04-29,대구,배,10개,60000
2025-04-30,대구,배추,1포기,5437
2025-04-30,대구,시금치,100g,9187
2025-04-30,대구,상추,100g,8670
2025-04-30,대구,얼갈이배추,1kg,2860
2025-04-30,대구,오이,10개,14343
2025-04-30,대구,호박,1개,1390
2025-04-30,대구,토마토,1kg,5947
2025-04-30,대구,무,1개,4000
2025-04-30,대구,당근,1kg,4547
2025-04-30,대구,열무,1kg,3027
2025-04-30,대구,양파,1kg,3457
2025-04-30,대구,대파,1kg,2930
2025-04-30,대구,피망,100g,18250
2025-04-30,대구,파프리카,1개,2010
2025-04-30,대구,마늘,1kg,11467
2025-04-30,대구,브로콜리,1개,2467
2025-04-30,대구,사과,10개,29267
2025-04-30,대구,배,10개,63300
2025-01-31,광주,배추,1포기,4660
2025-01-31,광주,시금치,100g,11533
2025-01-31,광주,상추,100g,9933
2025-01-31,광주,얼갈이배추,1kg,4175
2025-01-31,광주,오이,10개,16550
2025-01-31,광주,호박,1개,2527
2025-01-31,광주,토마토,1kg,6403
2025-01-31,광주,무,1개,3000
2025-01-31,광주,당근,1kg,6743
2025-01-31,광주,열무,1kg,4390
2025-01-31,광주,양파,1kg,2827
2025-01-31,광주,대파,1kg,3747
2025-01-31,광주,피망,100g,20767
2025-01-31,광주,파프리카,1개,2337
2025-01-31,광주,마늘,1kg,9963
2025-01-31,광주,브로콜리,1개,2860
2025-01-31,광주,사과,10개,32100
2025-01-31,광주,배,10개,57450
2025-02-03,광주,배추,1포기,4770
2025-02-03,광주,시금치,100g,12167
2025-02-03,광주,상추,100g,9933
2025-02-03,광주,얼갈이배추,1kg,4175
2025-02-03,광주,오이,10개,16550
2025-02-03,광주,호박,1개,2527
2025-02-03,광주,토마토,1kg,6363
2025-02-03,광주,무,1개,2895
2025-02-03,광주,당근,1kg,6743
2025-02-03,광주,열무,1kg,4390
2025-02-03,광주,양파,1kg,2817
2025-02-03,광주,대파,1kg,3763
2025-02-03,광주,피망,100g,20767
2025-02-03,광주,파프리카,1개,2337
2025-02-03,광주,마늘,1kg,11267
2025-02-03,광주,브로콜리,1개,2860
2025-02-03,광주,사과,10개,31700
2025-02-03,광주,배,10개,57450
2025-02-04,광주,배추,1포기,4800
2025-02-04,광주,시금치,100g,12067
2025-02-04,광주,상추,100g,9867
2025-02-04,광주,얼갈이배추,1kg,4210
2025-02-04,광주,오이,10개,16550
2025-02-04,광주,호박,1개,2527
2025-02-04,광주,토마토,1kg,6320
2025-02-04,광주,무,1개,2860
2025-02-04,광주,당근,1kg,6853
2025-02-04,광주,열무,1kg,2760
2025-02-04,광주,양파,1kg,2827
2025-02-04,광주,대파,1kg,3743
2025-02-04,광주,피망,100g,20767
2025-02-04,광주,파프리카,1개,2370
2025-02-04,광주,마늘,1kg,11267
2025-02-04,광주,브로콜리,1개,2860
2025-02-04,광주,사과,10개,31700
2025-02-04,광주,배,10개,57450
2025-02-05,광주,배추,1포기,4690
2025-02-05,광주,시금치,100g,12167
2025-02-05,광주,상추,100g,9867
2025-02-05,광주,얼갈이배추,1kg,4240
2025-02-05,광주,오이,10개,16550
2025-02-05,광주,호박,1개,2567
2025-02-05,광주,토마토,1kg,6280
2025-02-05,광주,무,1개,2860
2025-02-05,광주,당근,1kg,6853
2025-02-05,광주,열무,1kg,2860
2025-02-05,광주,양파,1kg,2827
2025-02-05,광주,대파,1kg,3763
2025-02-05,광주,피망,100g,20767
2025-02-05,광주,파프리카,1개,2370
2025-02-05,광주,마늘,1kg,11267
2025-02-05,광주,브로콜리,1개,2880
2025-02-05,광주,사과,10개,29733
2025-02-05,광주,배,10개,57450
2025-02-06,광주,배추,1포기,5023
2025-02-06,광주,시금치,100g,11700
2025-02-06,광주,상추,100g,9433
2025-02-06,광주,얼갈이배추,1kg,4020
2025-02-06,광주,오이,10개,15750
2025-02-06,광주,호박,1개,2550
2025-02-06,광주,토마토,1kg,6280
2025-02-06,광주,무,1개,2945
2025-02-06,광주,당근,1kg,6147
2025-02-06,광주,열무,1kg,2860
2025-02-06,광주,양파,1kg,2967
2025-02-06,광주,대파,1kg,4093
2025-02-06,광주,피망,100g,20767
2025-02-06,광주,파프리카,1개,2437
2025-02-06,광주,마늘,1kg,10960
2025-02-06,광주,브로콜리,1개,2560
2025-02-06,광주,사과,10개,31767
2025-02-06,광주,배,10개,57450
2025-02-07,광주,배추,1포기,5050
2025-02-07,광주,시금치,100g,11567
2025-02-07,광주,상추,100g,9433
2025-02-07,광주,얼갈이배추,1kg,4035
2025-02-07,광주,오이,10개,15750
2025-02-07,광주,호박,1개,2527
2025-02-07,광주,토마토,1kg,6197
2025-02-07,광주,무,1개,3025
2025-02-07,광주,당근,1kg,6203
2025-02-07,광주,열무,1kg,2930
2025-02-07,광주,양파,1kg,2957
2025-02-07,광주,대파,1kg,3920
2025-02-07,광주,피망,100g,20967
2025-02-07,광주,파프리카,1개,2403
2025-02-07,광주,마늘,1kg,10960
2025-02-07,광주,브로콜리,1개,2560
2025-02-07,광주,사과,10개,31500
2025-02-07,광주,배,10개,57450
2025-02-10,광주,배추,1포기,4997
2025-02-10,광주,시금치,100g,12267
2025-02-10,광주,상추,100g,9333
2025-02-10,광주,얼갈이배추,1kg,4000
2025-02-10,광주,오이,10개,14900
2025-02-10,광주,호박,1개,2527
2025-02-10,광주,토마토,1kg,6197
2025-02-10,광주,무,1개,2860
2025-02-10,광주,당근,1kg,6147
2025-02-10,광주,열무,1kg,3000
2025-02-10,광주,양파,1kg,2947
2025-02-10,광주,대파,1kg,4073
2025-02-10,광주,피망,100g,20967
2025-02-10,광주,파프리카,1개,2417
2025-02-10,광주,마늘,1kg,10960
2025-02-10,광주,브로콜리,1개,2560
2025-02-10,광주,사과,10개,31333
2025-02-10,광주,배,10개,57450
2025-02-11,광주,배추,1포기,4997
2025-02-11,광주,시금치,100g,12133
2025-02-11,광주,상추,100g,9333
2025-02-11,광주,얼갈이배추,1kg,4035
2025-02-11,광주,오이,10개,14900
2025-02-11,광주,호박,1개,2483
2025-02-11,광주,토마토,1kg,6153
2025-02-11,광주,무,1개,2860
2025-02-11,광주,당근,1kg,6147
2025-02-11,광주,열무,1kg,2930
2025-02-11,광주,양파,1kg,2947
2025-02-11,광주,대파,1kg,4073
2025-02-11,광주,피망,100g,21300
2025-02-11,광주,파프리카,1개,2417
2025-02-11,광주,마늘,1kg,10960
2025-02-11,광주,브로콜리,1개,2503
2025-02-11,광주,사과,10개,31333
2025-02-11,광주,배,10개,57450
2025-02-12,광주,배추,1포기,4967
2025-02-12,광주,시금치,100g,12133
2025-02-12,광주,상추,100g,9333
2025-02-12,광주,얼갈이배추,1kg,4035
2025-02-12,광주,오이,10개,14900
2025-02-12,광주,호박,1개,2483
2025-02-12,광주,토마토,1kg,6113
2025-02-12,광주,무,1개,2860
2025-02-12,광주,당근,1kg,6147
2025-02-12,광주,열무,1kg,2930
2025-02-12,광주,양파,1kg,2947
2025-02-12,광주,대파,1kg,4083
2025-02-12,광주,피망,100g,21300
2025-02-12,광주,파프리카,1개,2417
2025-02-12,광주,마늘,1kg,10960
2025-02-12,광주,브로콜리,1개,2560
2025-02-12,광주,사과,10개,31167
2025-02-12,광주,배,10개,57450
2025-02-13,광주,배추,1포기,4743
2025-02-13,광주,시금치,100g,13067
2025-02-13,광주,상추,100g,9767
2025-02-13,광주,얼갈이배추,1kg,4035
2025-02-13,광주,오이,10개,16600
2025-02-13,광주,호박,1개,2660
2025-02-13,광주,토마토,1kg,6113
2025-02-13,광주,무,1개,3660
2025-02-13,광주,당근,1kg,6073
2025-02-13,광주,열무,1kg,2930
2025-02-13,광주,양파,1kg,2807
2025-02-13,광주,대파,1kg,4207
2025-02-13,광주,피망,100g,21433
2025-02-13,광주,파프리카,1개,2550
2025-02-13,광주,마늘,1kg,12267
2025-02-13,광주,브로콜리,1개,2880
2025-02-13,광주,사과,10개,29500
2025-02-13,광주,배,10개,54950
2025-02-14,광주,배추,1포기,4743
2025-02-14,광주,시금치,100g,13067
2025-02-14,광주,상추,100g,9700
2025-02-14,광주,얼갈이배추,1kg,4035
2025-02-14,광주,오이,10개,16600
2025-02-14,광주,호박,1개,2617
2025-02-14,광주,토마토,1kg,6113
2025-02-14,광주,무,1개,4000
2025-02-14,광주,당근,1kg,6073
2025-02-14,광주,열무,1kg,2930
2025-02-14,광주,양파,1kg,2807
2025-02-14,광주,대파,1kg,4207
2025-02-14,광주,피망,100g,21433
2025-02-14,광주,파프리카,1개,2550
2025-02-14,광주,마늘,1kg,12267
2025-02-14,광주,브로콜리,1개,2827
2025-02-14,광주,사과,10개,29333
2025-02-14,광주,배,10개,54950
2025-02-17,광주,배추,1포기,4853
2025-02-17,광주,시금치,100g,13067
2025-02-17,광주,상추,100g,9290
2025-02-17,광주,얼갈이배추,1kg,4035
2025-02-17,광주,오이,10개,16600
2025-02-17,광주,호박,1개,2577
2025-02-17,광주,토마토,1kg,6197
2025-02-17,광주,무,1개,4000
2025-02-17,광주,당근,1kg,6073
2025-02-17,광주,열무,1kg,3000
2025-02-17,광주,양파,1kg,2783
2025-02-17,광주,대파,1kg,4217
2025-02-17,광주,피망,100g,21533
2025-02-17,광주,파프리카,1개,2570
2025-02-17,광주,마늘,1kg,12267
2025-02-17,광주,브로콜리,1개,2827
2025-02-17,광주,사과,10개,29333
2025-02-17,광주,배,10개,54950
2025-02-18,광주,배추,1포기,5023
2025-02-18,광주,시금치,100g,13067
2025-02-18,광주,상추,100g,9600
2025-02-18,광주,얼갈이배추,1kg,4035
2025-02-18,광주,오이,10개,16600
2025-02-18,광주,호박,1개,2577
2025-02-18,광주,토마토,1kg,6237
2025-02-18,광주,무,1개,3830
2025-02-18,광주,당근,1kg,5960
2025-02-18,광주,열무,1kg,2930
2025-02-18,광주,양파,1kg,2783
2025-02-18,광주,대파,1kg,4217
2025-02-18,광주,피망,100g,22367
2025-02-18,광주,파프리카,1개,2570
2025-02-18,광주,마늘,1kg,12267
2025-02-18,광주,브로콜리,1개,2770
2025-02-18,광주,사과,10개,29333
2025-02-18,광주,배,10개,54950
2025-02-19,광주,배추,1포기,5133
2025-02-19,광주,시금치,100g,13167
2025-02-19,광주,상추,100g,9700
2025-02-19,광주,얼갈이배추,1kg,3985
2025-02-19,광주,오이,10개,16600
2025-02-19,광주,호박,1개,2617
2025-02-19,광주,토마토,1kg,6280
2025-02-19,광주,무,1개,3660
2025-02-19,광주,당근,1kg,5960
2025-02-19,광주,열무,1kg,2830
2025-02-19,광주,양파,1kg,2807
2025-02-19,광주,대파,1kg,4217
2025-02-19,광주,피망,100g,22367
2025-02-19,광주,파프리카,1개,2570
2025-02-19,광주,마늘,1kg,12267
2025-02-19,광주,브로콜리,1개,2827
2025-02-19,광주,사과,10개,29333
2025-02-19,광주,배,10개,54950
2025-02-20,광주,배추,1포기,5153
2025-02-20,광주,시금치,100g,11000
2025-02-20,광주,상추,100g,9077
2025-02-20,광주,얼갈이배추,1kg,3747
2025-02-20,광주,오이,10개,16600
2025-02-20,광주,호박,1개,2610
2025-02-20,광주,토마토,1kg,7150
2025-02-20,광주,무,1개,3305
2025-02-20,광주,당근,1kg,5717
2025-02-20,광주,열무,1kg,3705
2025-02-20,광주,양파,1kg,2970
2025-02-20,광주,대파,1kg,4360
2025-02-20,광주,피망,100g,22367
2025-02-20,광주,파프리카,1개,2460
2025-02-20,광주,마늘,1kg,11600
2025-02-20,광주,브로콜리,1개,2827
2025-02-20,광주,사과,10개,28167
2025-02-20,광주,배,10개,54950
2025-02-21,광주,배추,1포기,5153
2025-02-21,광주,시금치,100g,10400
2025-02-21,광주,상추,100g,10167
2025-02-21,광주,얼갈이배추,1kg,3747
2025-02-21,광주,오이,10개,16600
2025-02-21,광주,호박,1개,2610
2025-02-21,광주,토마토,1kg,7233
2025-02-21,광주,무,1개,3020
2025-02-21,광주,당근,1kg,5553
2025-02-21,광주,열무,1kg,3705
2025-02-21,광주,양파,1kg,2970
2025-02-21,광주,대파,1kg,4327
2025-02-21,광주,피망,100g,22700
2025-02-21,광주,파프리카,1개,2470
2025-02-21,광주,마늘,1kg,11600
2025-02-21,광주,브로콜리,1개,2880
2025-02-21,광주,사과,10개,28167
2025-02-21,광주,배,10개,53700
2025-02-24,광주,배추,1포기,5153
2025-02-24,광주,시금치,100g,10267
2025-02-24,광주,상추,100g,10167
2025-02-24,광주,얼갈이배추,1kg,3780
2025-02-24,광주,오이,10개,16600
2025-02-24,광주,호박,1개,2610
2025-02-24,광주,토마토,1kg,7233
2025-02-24,광주,무,1개,2855
2025-02-24,광주,당근,1kg,5553
2025-02-24,광주,열무,1kg,3720
2025-02-24,광주,양파,1kg,3023
2025-02-24,광주,대파,1kg,4303
2025-02-24,광주,피망,100g,22700
2025-02-24,광주,파프리카,1개,2470
2025-02-24,광주,마늘,1kg,12267
2025-02-24,광주,브로콜리,1개,2880
2025-02-24,광주,사과,10개,28167
2025-02-24,광주,배,10개,53700
2025-02-25,광주,배추,1포기,5153
2025-02-25,광주,시금치,100g,10167
2025-02-25,광주,상추,100g,10100
2025-02-25,광주,얼갈이배추,1kg,3780
2025-02-25,광주,오이,10개,16600
2025-02-25,광주,호박,1개,2610
2025-02-25,광주,토마토,1kg,7233
2025-02-25,광주,무,1개,2855
2025-02-25,광주,당근,1kg,5443
2025-02-25,광주,열무,1kg,3720
2025-02-25,광주,양파,1kg,3080
2025-02-25,광주,대파,1kg,4303
2025-02-25,광주,피망,100g,22700
2025-02-25,광주,파프리카,1개,2470
2025-02-25,광주,마늘,1kg,12267
2025-02-25,광주,브로콜리,1개,2827
2025-02-25,광주,사과,10개,27767
2025-02-25,광주,배,10개,53700
2025-02-26,광주,배추,1포기,5153
2025-02-26,광주,시금치,100g,10167
2025-02-26,광주,상추,100g,10100
2025-02-26,광주,얼갈이배추,1kg,3803
2025-02-26,광주,오이,10개,16600
2025-02-26,광주,호박,1개,2610
2025-02-26,광주,토마토,1kg,7233
2025-02-26,광주,무,1개,2855
2025-02-26,광주,당근,1kg,5443
2025-02-26,광주,열무,1kg,3720
2025-02-26,광주,양파,1kg,3113
2025-02-26,광주,대파,1kg,4337
2025-02-26,광주,피망,100g,22700
2025-02-26,광주,파프리카,1개,2437
2025-02-26,광주,마늘,1kg,12267
2025-02-26,광주,브로콜리,1개,2827
2025-02-26,광주,사과,10개,27767
2025-02-26,광주,배,10개,53700
2025-02-27,광주,배추,1포기,5287
2025-02-27,광주,시금치,100g,10133
2025-02-27,광주,상추,100g,9733
2025-02-27,광주,얼갈이배추,1kg,3857
2025-02-27,광주,오이,10개,15950
2025-02-27,광주,호박,1개,2577
2025-02-27,광주,토마토,1kg,7400
2025-02-27,광주,무,1개,3000
2025-02-27,광주,당근,1kg,5550
2025-02-27,광주,열무,1kg,3617
2025-02-27,광주,양파,1kg,3197
2025-02-27,광주,대파,1kg,3880
2025-02-27,광주,피망,100g,22700
2025-02-27,광주,파프리카,1개,2370
2025-02-27,광주,마늘,1kg,10960
2025-02-27,광주,브로콜리,1개,2760
2025-02-27,광주,사과,10개,26933
2025-02-27,광주,배,10개,56200
2025-02-28,광주,배추,1포기,5287
2025-02-28,광주,시금치,100g,10100
2025-02-28,광주,상추,100g,9800
2025-02-28,광주,얼갈이배추,1kg,3447
2025-02-28,광주,오이,10개,11125
2025-02-28,광주,호박,1개,2613
2025-02-28,광주,토마토,1kg,6697
2025-02-28,광주,무,1개,3000
2025-02-28,광주,당근,1kg,4853
2025-02-28,광주,열무,1kg,3493
2025-02-28,광주,양파,1kg,2943
2025-02-28,광주,대파,1kg,3457
2025-02-28,광주,피망,100g,22367
2025-02-28,광주,파프리카,1개,2427
2025-02-28,광주,마늘,1kg,8643
2025-02-28,광주,브로콜리,1개,2813
2025-02-28,광주,사과,10개,27600
2025-02-28,광주,배,10개,49433
2025-03-04,광주,배추,1포기,5287
2025-03-04,광주,시금치,100g,10100
2025-03-04,광주,상추,100g,9123
2025-03-04,광주,얼갈이배추,1kg,3447
2025-03-04,광주,오이,10개,11140
2025-03-04,광주,호박,1개,2573
2025-03-04,광주,토마토,1kg,6653
2025-03-04,광주,무,1개,3000
2025-03-04,광주,당근,1kg,4853
2025-03-04,광주,열무,1kg,3527
2025-03-04,광주,양파,1kg,2943
2025-03-04,광주,대파,1kg,3480
2025-03-04,광주,피망,100g,22367
2025-03-04,광주,파프리카,1개,2427
2025-03-04,광주,마늘,1kg,8643
2025-03-04,광주,브로콜리,1개,2643
2025-03-04,광주,사과,10개,27600
2025-03-04,광주,배,10개,49433
2025-03-05,광주,배추,1포기,5287
2025-03-05,광주,시금치,100g,9967
2025-03-05,광주,상추,100g,9967
2025-03-05,광주,얼갈이배추,1kg,3447
2025-03-05,광주,오이,10개,15950
2025-03-05,광주,호박,1개,2613
2025-03-05,광주,토마토,1kg,6653
2025-03-05,광주,무,1개,3000
2025-03-05,광주,당근,1kg,4853
2025-03-05,광주,열무,1kg,3450
2025-03-05,광주,양파,1kg,2943
2025-03-05,광주,대파,1kg,3480
2025-03-05,광주,피망,100g,22367
2025-03-05,광주,파프리카,1개,2483
2025-03-05,광주,마늘,1kg,8643
2025-03-05,광주,브로콜리,1개,2590
2025-03-05,광주,사과,10개,27600
2025-03-05,광주,배,10개,49433
2025-03-06,광주,배추,1포기,5777
2025-03-06,광주,시금치,100g,9707
2025-03-06,광주,상추,100g,9723
2025-03-06,광주,얼갈이배추,1kg,3737
2025-03-06,광주,오이,10개,15100
2025-03-06,광주,호박,1개,2410
2025-03-06,광주,토마토,1kg,7330
2025-03-06,광주,무,1개,3330
2025-03-06,광주,당근,1kg,5393
2025-03-06,광주,열무,1kg,3987
2025-03-06,광주,양파,1kg,2617
2025-03-06,광주,대파,1kg,4280
2025-03-06,광주,피망,100g,22367
2025-03-06,광주,파프리카,1개,2483
2025-03-06,광주,마늘,1kg,11267
2025-03-06,광주,브로콜리,1개,2643
2025-03-06,광주,사과,10개,28267
2025-03-06,광주,배,10개,43700
2025-03-07,광주,배추,1포기,5777
2025-03-07,광주,시금치,100g,9707
2025-03-07,광주,상추,100g,9890
2025-03-07,광주,얼갈이배추,1kg,3760
2025-03-07,광주,오이,10개,15100
2025-03-07,광주,호박,1개,2410
2025-03-07,광주,토마토,1kg,7370
2025-03-07,광주,무,1개,3500
2025-03-07,광주,당근,1kg,5393
2025-03-07,광주,열무,1kg,4043
2025-03-07,광주,양파,1kg,2617
2025-03-07,광주,대파,1kg,4337
2025-03-07,광주,피망,100g,22367
2025-03-07,광주,파프리카,1개,2483
2025-03-07,광주,마늘,1kg,11267
2025-03-07,광주,브로콜리,1개,2700
2025-03-07,광주,사과,10개,28267
2025-03-07,광주,배,10개,43700
2025-03-10,광주,배추,1포기,5777
2025-03-10,광주,시금치,100g,9707
2025-03-10,광주,상추,100g,9790
2025-03-10,광주,얼갈이배추,1kg,3870
2025-03-10,광주,오이,10개,15100
2025-03-10,광주,호박,1개,2410
2025-03-10,광주,토마토,1kg,7413
2025-03-10,광주,무,1개,3500
2025-03-10,광주,당근,1kg,5393
2025-03-10,광주,열무,1kg,3953
2025-03-10,광주,양파,1kg,2560
2025-03-10,광주,대파,1kg,4337
2025-03-10,광주,피망,100g,22700
2025-03-10,광주,파프리카,1개,2483
2025-03-10,광주,마늘,1kg,11267
2025-03-10,광주,브로콜리,1개,2643
2025-03-10,광주,사과,10개,28267
2025-03-10,광주,배,10개,43050
2025-03-11,광주,배추,1포기,5777
2025-03-11,광주,시금치,100g,9607
2025-03-11,광주,상추,100g,9723
2025-03-11,광주,얼갈이배추,1kg,3927
2025-03-11,광주,오이,10개,13400
2025-03-11,광주,호박,1개,2410
2025-03-11,광주,토마토,1kg,7413
2025-03-11,광주,무,1개,3330
2025-03-11,광주,당근,1kg,5503
2025-03-11,광주,열무,1kg,4010
2025-03-11,광주,양파,1kg,3107
2025-03-11,광주,대파,1kg,4337
2025-03-11,광주,피망,100g,22367
2025-03-11,광주,파프리카,1개,2483
2025-03-11,광주,마늘,1kg,11377
2025-03-11,광주,브로콜리,1개,2643
2025-03-11,광주,사과,10개,28267
2025-03-11,광주,배,10개,43050
2025-03-12,광주,배추,1포기,5777
2025-03-12,광주,시금치,100g,9507
2025-03-12,광주,상추,100g,9557
2025-03-12,광주,얼갈이배추,1kg,3927
2025-03-12,광주,오이,10개,13400
2025-03-12,광주,호박,1개,2410
2025-03-12,광주,토마토,1kg,7413
2025-03-12,광주,무,1개,3330
2025-03-12,광주,당근,1kg,5617
2025-03-12,광주,열무,1kg,4010
2025-03-12,광주,양파,1kg,3107
2025-03-12,광주,대파,1kg,4320
2025-03-12,광주,피망,100g,22367
2025-03-12,광주,파프리카,1개,2483
2025-03-12,광주,마늘,1kg,11377
2025-03-12,광주,브로콜리,1개,2590
2025-03-12,광주,사과,10개,28433
2025-03-12,광주,배,10개,43050
2025-03-13,광주,배추,1포기,5710
2025-03-13,광주,시금치,100g,9307
2025-03-13,광주,상추,100g,9900
2025-03-13,광주,얼갈이배추,1kg,4383
2025-03-13,광주,오이,10개,14400
2025-03-13,광주,호박,1개,2367
2025-03-13,광주,토마토,1kg,7287
2025-03-13,광주,무,1개,3330
2025-03-13,광주,당근,1kg,7000
2025-03-13,광주,열무,1kg,3245
2025-03-13,광주,양파,1kg,3557
2025-03-13,광주,대파,1kg,4283
2025-03-13,광주,피망,100g,22367
2025-03-13,광주,파프리카,1개,2103
2025-03-13,광주,마늘,1kg,11487
2025-03-13,광주,브로콜리,1개,2537
2025-03-13,광주,사과,10개,28767
2025-03-13,광주,배,10개,45050
2025-03-14,광주,배추,1포기,5710
2025-03-14,광주,시금치,100g,9307
2025-03-14,광주,상추,100g,9900
2025-03-14,광주,얼갈이배추,1kg,4383
2025-03-14,광주,오이,10개,14400
2025-03-14,광주,호박,1개,2367
2025-03-14,광주,토마토,1kg,7330
2025-03-14,광주,무,1개,3330
2025-03-14,광주,당근,1kg,7000
2025-03-14,광주,열무,1kg,3245
2025-03-14,광주,양파,1kg,3557
2025-03-14,광주,대파,1kg,4283
2025-03-14,광주,피망,100g,22367
2025-03-14,광주,파프리카,1개,2103
2025-03-14,광주,마늘,1kg,11487
2025-03-14,광주,브로콜리,1개,2537
2025-03-14,광주,사과,10개,28767
2025-03-14,광주,배,10개,45050
2025-03-17,광주,배추,1포기,5710
2025-03-17,광주,시금치,100g,9207
2025-03-17,광주,상추,100g,9800
2025-03-17,광주,얼갈이배추,1kg,4383
2025-03-17,광주,오이,10개,15750
2025-03-17,광주,호박,1개,2367
2025-03-17,광주,토마토,1kg,7330
2025-03-17,광주,무,1개,3330
2025-03-17,광주,당근,1kg,6887
2025-03-17,광주,열무,1kg,3245
2025-03-17,광주,양파,1kg,3557
2025-03-17,광주,대파,1kg,4283
2025-03-17,광주,피망,100g,22367
2025-03-17,광주,파프리카,1개,2103
2025-03-17,광주,마늘,1kg,11487
2025-03-17,광주,브로콜리,1개,2480
2025-03-17,광주,사과,10개,28767
2025-03-17,광주,배,10개,45700
2025-03-18,광주,배추,1포기,5710
2025-03-18,광주,시금치,100g,9107
2025-03-18,광주,상추,100g,9800
2025-03-18,광주,얼갈이배추,1kg,4383
2025-03-18,광주,오이,10개,15750
2025-03-18,광주,호박,1개,2410
2025-03-18,광주,토마토,1kg,7413
2025-03-18,광주,무,1개,3000
2025-03-18,광주,당근,1kg,6887
2025-03-18,광주,열무,1kg,3285
2025-03-18,광주,양파,1kg,3503
2025-03-18,광주,대파,1kg,4283
2025-03-18,광주,피망,100g,22367
2025-03-18,광주,파프리카,1개,2047
2025-03-18,광주,마늘,1kg,11487
2025-03-18,광주,브로콜리,1개,2480
2025-03-18,광주,사과,10개,28767
2025-03-18,광주,배,10개,45700
2025-03-19,광주,배추,1포기,5737
2025-03-19,광주,시금치,100g,9107
2025-03-19,광주,상추,100g,9733
2025-03-19,광주,얼갈이배추,1kg,4383
2025-03-19,광주,오이,10개,15750
2025-03-19,광주,호박,1개,2410
2025-03-19,광주,토마토,1kg,7453
2025-03-19,광주,무,1개,3000
2025-03-19,광주,당근,1kg,6887
2025-03-19,광주,열무,1kg,3285
2025-03-19,광주,양파,1kg,3503
2025-03-19,광주,대파,1kg,4283
2025-03-19,광주,피망,100g,22367
2025-03-19,광주,파프리카,1개,2047
2025-03-19,광주,마늘,1kg,11487
2025-03-19,광주,브로콜리,1개,2537
2025-03-19,광주,사과,10개,29333
2025-03-19,광주,배,10개,45700
2025-03-20,광주,배추,1포기,5937
2025-03-20,광주,시금치,100g,8053
2025-03-20,광주,상추,100g,9733
2025-03-20,광주,얼갈이배추,1kg,4383
2025-03-20,광주,오이,10개,15750
2025-03-20,광주,호박,1개,2177
2025-03-20,광주,토마토,1kg,6403
2025-03-20,광주,무,1개,3000
2025-03-20,광주,당근,1kg,7657
2025-03-20,광주,열무,1kg,3285
2025-03-20,광주,양파,1kg,3600
2025-03-20,광주,대파,1kg,4410
2025-03-20,광주,피망,100g,23600
2025-03-20,광주,파프리카,1개,2327
2025-03-20,광주,마늘,1kg,11820
2025-03-20,광주,브로콜리,1개,2603
2025-03-20,광주,사과,10개,32833
2025-03-20,광주,배,10개,45700
2025-03-21,광주,배추,1포기,5993
2025-03-21,광주,시금치,100g,8053
2025-03-21,광주,상추,100g,9733
2025-03-21,광주,얼갈이배추,1kg,4493
2025-03-21,광주,오이,10개,15750
2025-03-21,광주,호박,1개,2177
2025-03-21,광주,토마토,1kg,6487
2025-03-21,광주,무,1개,3330
2025-03-21,광주,당근,1kg,7657
2025-03-21,광주,열무,1kg,3450
2025-03-21,광주,양파,1kg,3600
2025-03-21,광주,대파,1kg,4410
2025-03-21,광주,피망,100g,23600
2025-03-21,광주,파프리카,1개,2327
2025-03-21,광주,마늘,1kg,11820
2025-03-21,광주,브로콜리,1개,2660
2025-03-21,광주,사과,10개,32833
2025-03-21,광주,배,10개,46950
2025-03-24,광주,배추,1포기,5993
2025-03-24,광주,시금치,100g,8053
2025-03-24,광주,상추,100g,9733
2025-03-24,광주,얼갈이배추,1kg,4493
2025-03-24,광주,오이,10개,14900
2025-03-24,광주,호박,1개,2077
2025-03-24,광주,토마토,1kg,6613
2025-03-24,광주,무,1개,3330
2025-03-24,광주,당근,1kg,6227
2025-03-24,광주,열무,1kg,3450
2025-03-24,광주,양파,1kg,3710
2025-03-24,광주,대파,1kg,4410
2025-03-24,광주,피망,100g,23600
2025-03-24,광주,파프리카,1개,2327
2025-03-24,광주,마늘,1kg,11820
2025-03-24,광주,브로콜리,1개,2660
2025-03-24,광주,사과,10개,31433
2025-03-24,광주,배,10개,46950
2025-03-25,광주,배추,1포기,5993
2025-03-25,광주,시금치,100g,8053
2025-03-25,광주,상추,100g,9733
2025-03-25,광주,얼갈이배추,1kg,4493
2025-03-25,광주,오이,10개,14900
2025-03-25,광주,호박,1개,2077
2025-03-25,광주,토마토,1kg,6613
2025-03-25,광주,무,1개,3330
2025-03-25,광주,당근,1kg,6117
2025-03-25,광주,열무,1kg,3450
2025-03-25,광주,양파,1kg,3600
2025-03-25,광주,대파,1kg,4410
2025-03-25,광주,피망,100g,23250
2025-03-25,광주,파프리카,1개,2273
2025-03-25,광주,마늘,1kg,11820
2025-03-25,광주,브로콜리,1개,2660
2025-03-25,광주,사과,10개,30867
2025-03-25,광주,배,10개,46950
2025-03-26,광주,배추,1포기,6047
2025-03-26,광주,시금치,100g,8053
2025-03-26,광주,상추,100g,9733
2025-03-26,광주,얼갈이배추,1kg,4493
2025-03-26,광주,오이,10개,14900
2025-03-26,광주,호박,1개,2033
2025-03-26,광주,토마토,1kg,6613
2025-03-26,광주,무,1개,3330
2025-03-26,광주,당근,1kg,6117
2025-03-26,광주,열무,1kg,3535
2025-03-26,광주,양파,1kg,3600
2025-03-26,광주,대파,1kg,4410
2025-03-26,광주,피망,100g,23250
2025-03-26,광주,파프리카,1개,2273
2025-03-26,광주,마늘,1kg,11820
2025-03-26,광주,브로콜리,1개,2603
2025-03-26,광주,사과,10개,30300
2025-03-26,광주,배,10개,46950
2025-03-27,광주,배추,1포기,6047
2025-03-27,광주,시금치,100g,6957
2025-03-27,광주,상추,100g,9380
2025-03-27,광주,얼갈이배추,1kg,4723
2025-03-27,광주,오이,10개,12400
2025-03-27,광주,호박,1개,2000
2025-03-27,광주,토마토,1kg,6280
2025-03-27,광주,무,1개,3000
2025-03-27,광주,당근,1kg,6023
2025-03-27,광주,열무,1kg,3535
2025-03-27,광주,양파,1kg,3700
2025-03-27,광주,대파,1kg,3457
2025-03-27,광주,피망,100g,10600
2025-03-27,광주,파프리카,1개,2107
2025-03-27,광주,마늘,1kg,12153
2025-03-27,광주,브로콜리,1개,2603
2025-03-27,광주,사과,10개,28800
2025-03-27,광주,배,10개,44950
2025-03-28,광주,배추,1포기,6047
2025-03-28,광주,시금치,100g,6957
2025-03-28,광주,상추,100g,9283
2025-03-28,광주,얼갈이배추,1kg,4753
2025-03-28,광주,오이,10개,12400
2025-03-28,광주,호박,1개,2000
2025-03-28,광주,토마토,1kg,6280
2025-03-28,광주,무,1개,3000
2025-03-28,광주,당근,1kg,6023
2025-03-28,광주,열무,1kg,3535
2025-03-28,광주,양파,1kg,3700
2025-03-28,광주,대파,1kg,3457
2025-03-28,광주,피망,100g,19950
2025-03-28,광주,파프리카,1개,2107
2025-03-28,광주,마늘,1kg,11820
2025-03-28,광주,브로콜리,1개,2603
2025-03-28,광주,사과,10개,28800
2025-03-28,광주,배,10개,46950
2025-03-31,광주,배추,1포기,5993
2025-03-31,광주,시금치,100g,6957
2025-03-31,광주,상추,100g,9220
2025-03-31,광주,얼갈이배추,1kg,4753
2025-03-31,광주,오이,10개,12400
2025-03-31,광주,호박,1개,1960
2025-03-31,광주,토마토,1kg,6280
2025-03-31,광주,무,1개,3000
2025-03-31,광주,당근,1kg,6023
2025-03-31,광주,열무,1kg,3495
2025-03-31,광주,양파,1kg,3700
2025-03-31,광주,대파,1kg,3243
2025-03-31,광주,피망,100g,19950
2025-03-31,광주,파프리카,1개,2107
2025-03-31,광주,마늘,1kg,11820
2025-03-31,광주,브로콜리,1개,2603
2025-03-31,광주,사과,10개,28800
2025-03-31,광주,배,10개,46950
2025-04-01,광주,배추,1포기,5937
2025-04-01,광주,시금치,100g,6957
2025-04-01,광주,상추,100g,9220
2025-04-01,광주,얼갈이배추,1kg,4753
2025-04-01,광주,오이,10개,12400
2025-04-01,광주,호박,1개,1960
2025-04-01,광주,토마토,1kg,6280
2025-04-01,광주,무,1개,3000
2025-04-01,광주,당근,1kg,6023
2025-04-01,광주,열무,1kg,3495
2025-04-01,광주,양파,1kg,3700
2025-04-01,광주,대파,1kg,2780
2025-04-01,광주,피망,100g,19750
2025-04-01,광주,파프리카,1개,2107
2025-04-01,광주,마늘,1kg,11820
2025-04-01,광주,브로콜리,1개,2603
2025-04-01,광주,사과,10개,28800
2025-04-01,광주,배,10개,46950
2025-04-02,광주,배추,1포기,5910
2025-04-02,광주,시금치,100g,6957
2025-04-02,광주,상추,100g,9220
2025-04-02,광주,얼갈이배추,1kg,4753
2025-04-02,광주,오이,10개,12400
2025-04-02,광주,호박,1개,1960
2025-04-02,광주,토마토,1kg,6237
2025-04-02,광주,무,1개,3000
2025-04-02,광주,당근,1kg,6023
2025-04-02,광주,열무,1kg,3370
2025-04-02,광주,양파,1kg,3753
2025-04-02,광주,대파,1kg,2780
2025-04-02,광주,피망,100g,19950
2025-04-02,광주,파프리카,1개,2107
2025-04-02,광주,마늘,1kg,11820
2025-04-02,광주,브로콜리,1개,2603
2025-04-02,광주,사과,10개,28800
2025-04-02,광주,배,10개,46950
2025-04-03,광주,배추,1포기,6243
2025-04-03,광주,시금치,100g,4877
2025-04-03,광주,상추,100g,9220
2025-04-03,광주,얼갈이배추,1kg,3877
2025-04-03,광주,오이,10개,12400
2025-04-03,광주,호박,1개,2317
2025-04-03,광주,토마토,1kg,6117
2025-04-03,광주,무,1개,3000
2025-04-03,광주,당근,1kg,5913
2025-04-03,광주,열무,1kg,3903
2025-04-03,광주,양파,1kg,3753
2025-04-03,광주,대파,1kg,2707
2025-04-03,광주,피망,100g,10000
2025-04-03,광주,파프리카,1개,1993
2025-04-03,광주,마늘,1kg,12287
2025-04-03,광주,브로콜리,1개,2593
2025-04-03,광주,사과,10개,33533
2025-04-03,광주,배,10개,49950
2025-04-04,광주,배추,1포기,6243
2025-04-04,광주,시금치,100g,4743
2025-04-04,광주,상추,100g,9220
2025-04-04,광주,얼갈이배추,1kg,3877
2025-04-04,광주,오이,10개,9910
2025-04-04,광주,호박,1개,2317
2025-04-04,광주,토마토,1kg,6160
2025-04-04,광주,무,1개,3000
2025-04-04,광주,당근,1kg,5913
2025-04-04,광주,열무,1kg,3903
2025-04-04,광주,양파,1kg,3753
2025-04-04,광주,대파,1kg,2677
2025-04-04,광주,피망,100g,19950
2025-04-04,광주,파프리카,1개,1993
2025-04-04,광주,마늘,1kg,12287
2025-04-04,광주,브로콜리,1개,2593
2025-04-04,광주,사과,10개,34100
2025-04-04,광주,배,10개,49950
2025-04-07,광주,배추,1포기,6243
2025-04-07,광주,시금치,100g,6307
2025-04-07,광주,상추,100g,9220
2025-04-07,광주,얼갈이배추,1kg,3820
2025-04-07,광주,오이,10개,9910
2025-04-07,광주,호박,1개,2273
2025-04-07,광주,토마토,1kg,6263
2025-04-07,광주,무,1개,3000
2025-04-07,광주,당근,1kg,5913
2025-04-07,광주,열무,1kg,3877
2025-04-07,광주,양파,1kg,3753
2025-04-07,광주,대파,1kg,3713
2025-04-07,광주,피망,100g,19950
2025-04-07,광주,파프리카,1개,2160
2025-04-07,광주,마늘,1kg,12287
2025-04-07,광주,브로콜리,1개,2593
2025-04-07,광주,사과,10개,34100
2025-04-07,광주,배,10개,49950
2025-04-08,광주,배추,1포기,6243
2025-04-08,광주,시금치,100g,6307
2025-04-08,광주,상추,100g,9220
2025-04-08,광주,얼갈이배추,1kg,3820
2025-04-08,광주,오이,10개,9910
2025-04-08,광주,호박,1개,2273
2025-04-08,광주,토마토,1kg,6180
2025-04-08,광주,무,1개,3000
2025-04-08,광주,당근,1kg,5913
2025-04-08,광주,열무,1kg,3903
2025-04-08,광주,양파,1kg,3753
2025-04-08,광주,대파,1kg,3683
2025-04-08,광주,피망,100g,19950
2025-04-08,광주,파프리카,1개,2103
2025-04-08,광주,마늘,1kg,12287
2025-04-08,광주,브로콜리,1개,2593
2025-04-08,광주,사과,10개,34100
2025-04-08,광주,배,10개,49950
2025-04-09,광주,배추,1포기,6243
2025-04-09,광주,시금치,100g,6407
2025-04-09,광주,상추,100g,9220
2025-04-09,광주,얼갈이배추,1kg,3820
2025-04-09,광주,오이,10개,9910
2025-04-09,광주,호박,1개,2273
2025-04-09,광주,토마토,1kg,6097
2025-04-09,광주,무,1개,3000
2025-04-09,광주,당근,1kg,5913
2025-04-09,광주,열무,1kg,3903
2025-04-09,광주,양파,1kg,3753
2025-04-09,광주,대파,1kg,3683
2025-04-09,광주,피망,100g,19950
2025-04-09,광주,파프리카,1개,2103
2025-04-09,광주,마늘,1kg,12287
2025-04-09,광주,브로콜리,1개,2593
2025-04-09,광주,사과,10개,34100
2025-04-09,광주,배,10개,49950
2025-04-10,광주,배추,1포기,6243
2025-04-10,광주,시금치,100g,6297
2025-04-10,광주,상추,100g,9567
2025-04-10,광주,얼갈이배추,1kg,3267
2025-04-10,광주,오이,10개,10600
2025-04-10,광주,호박,1개,1903
2025-04-10,광주,토마토,1kg,5720
2025-04-10,광주,무,1개,3000
2025-04-10,광주,당근,1kg,5897
2025-04-10,광주,열무,1kg,3417
2025-04-10,광주,양파,1kg,3340
2025-04-10,광주,대파,1kg,3463
2025-04-10,광주,피망,100g,10000
2025-04-10,광주,파프리카,1개,2160
2025-04-10,광주,마늘,1kg,11183
2025-04-10,광주,브로콜리,1개,2537
2025-04-10,광주,사과,10개,31933
2025-04-10,광주,배,10개,48950
2025-04-11,광주,배추,1포기,6213
2025-04-11,광주,시금치,100g,6397
2025-04-11,광주,상추,100g,9633
2025-04-11,광주,얼갈이배추,1kg,3267
2025-04-11,광주,오이,10개,10600
2025-04-11,광주,호박,1개,1863
2025-04-11,광주,토마토,1kg,5720
2025-04-11,광주,무,1개,3000
2025-04-11,광주,당근,1kg,5897
2025-04-11,광주,열무,1kg,3443
2025-04-11,광주,양파,1kg,3520
2025-04-11,광주,대파,1kg,3463
2025-04-11,광주,피망,100g,10000
2025-04-11,광주,파프리카,1개,2103
2025-04-11,광주,마늘,1kg,11183
2025-04-11,광주,브로콜리,1개,2537
2025-04-11,광주,사과,10개,31933
2025-04-11,광주,배,10개,48950
2025-04-14,광주,배추,1포기,6213
2025-04-14,광주,시금치,100g,6530
2025-04-14,광주,상추,100g,9733
2025-04-14,광주,얼갈이배추,1kg,3267
2025-04-14,광주,오이,10개,10600
2025-04-14,광주,호박,1개,1863
2025-04-14,광주,토마토,1kg,5680
2025-04-14,광주,무,1개,3000
2025-04-14,광주,당근,1kg,5783
2025-04-14,광주,열무,1kg,3333
2025-04-14,광주,양파,1kg,3493
2025-04-14,광주,대파,1kg,3433
2025-04-14,광주,피망,100g,19950
2025-04-14,광주,파프리카,1개,2103
2025-04-14,광주,마늘,1kg,11820
2025-04-14,광주,브로콜리,1개,2537
2025-04-14,광주,사과,10개,31933
2025-04-14,광주,배,10개,48950
2025-04-15,광주,배추,1포기,6213
2025-04-15,광주,시금치,100g,6530
2025-04-15,광주,상추,100g,9800
2025-04-15,광주,얼갈이배추,1kg,3267
2025-04-15,광주,오이,10개,10633
2025-04-15,광주,호박,1개,1820
2025-04-15,광주,토마토,1kg,5637
2025-04-15,광주,무,1개,3330
2025-04-15,광주,당근,1kg,5897
2025-04-15,광주,열무,1kg,3390
2025-04-15,광주,양파,1kg,3493
2025-04-15,광주,대파,1kg,3707
2025-04-15,광주,피망,100g,19950
2025-04-15,광주,파프리카,1개,2103
2025-04-15,광주,마늘,1kg,11820
2025-04-15,광주,브로콜리,1개,2593
2025-04-15,광주,사과,10개,31933
2025-04-15,광주,배,10개,48950
2025-04-16,광주,배추,1포기,6213
2025-04-16,광주,시금치,100g,6397
2025-04-16,광주,상추,100g,9900
2025-04-16,광주,얼갈이배추,1kg,3267
2025-04-16,광주,오이,10개,10633
2025-04-16,광주,호박,1개,1780
2025-04-16,광주,토마토,1kg,5597
2025-04-16,광주,무,1개,3330
2025-04-16,광주,당근,1kg,5897
2025-04-16,광주,열무,1kg,3300
2025-04-16,광주,양파,1kg,3493
2025-04-16,광주,대파,1kg,3707
2025-04-16,광주,피망,100g,19950
2025-04-16,광주,파프리카,1개,2103
2025-04-16,광주,마늘,1kg,11820
2025-04-16,광주,브로콜리,1개,2593
2025-04-16,광주,사과,10개,31367
2025-04-16,광주,배,10개,48950
2025-04-17,광주,배추,1포기,5423
2025-04-17,광주,시금치,100g,9600
2025-04-17,광주,상추,100g,11367
2025-04-17,광주,얼갈이배추,1kg,3200
2025-04-17,광주,오이,10개,10410
2025-04-17,광주,호박,1개,1657
2025-04-17,광주,토마토,1kg,5520
2025-04-17,광주,무,1개,3000
2025-04-17,광주,당근,1kg,4963
2025-04-17,광주,열무,1kg,3220
2025-04-17,광주,양파,1kg,3713
2025-04-17,광주,대파,1kg,3090
2025-04-17,광주,피망,100g,19950
2025-04-17,광주,파프리카,1개,2160
2025-04-17,광주,마늘,1kg,11953
2025-04-17,광주,브로콜리,1개,2537
2025-04-17,광주,사과,10개,30933
2025-04-17,광주,배,10개,47700
2025-04-18,광주,배추,1포기,5423
2025-04-18,광주,시금치,100g,9700
2025-04-18,광주,상추,100g,11467
2025-04-18,광주,얼갈이배추,1kg,3200
2025-04-18,광주,오이,10개,9770
2025-04-18,광주,호박,1개,1657
2025-04-18,광주,토마토,1kg,5520
2025-04-18,광주,무,1개,3000
2025-04-18,광주,당근,1kg,4963
2025-04-18,광주,열무,1kg,3220
2025-04-18,광주,양파,1kg,3713
2025-04-18,광주,대파,1kg,3090
2025-04-18,광주,피망,100g,19950
2025-04-18,광주,파프리카,1개,2160
2025-04-18,광주,마늘,1kg,11953
2025-04-18,광주,브로콜리,1개,2537
2025-04-18,광주,사과,10개,30933
2025-04-18,광주,배,10개,47700
2025-04-21,광주,배추,1포기,5423
2025-04-21,광주,시금치,100g,9700
2025-04-21,광주,상추,100g,11467
2025-04-21,광주,얼갈이배추,1kg,3200
2025-04-21,광주,오이,10개,9770
2025-04-21,광주,호박,1개,1593
2025-04-21,광주,토마토,1kg,5497
2025-04-21,광주,무,1개,3000
2025-04-21,광주,당근,1kg,4963
2025-04-21,광주,열무,1kg,3220
2025-04-21,광주,양파,1kg,3713
2025-04-21,광주,대파,1kg,3090
2025-04-21,광주,피망,100g,19950
2025-04-21,광주,파프리카,1개,2160
2025-04-21,광주,마늘,1kg,11953
2025-04-21,광주,브로콜리,1개,2593
2025-04-21,광주,사과,10개,32800
2025-04-21,광주,배,10개,47700
2025-04-22,광주,배추,1포기,5313
2025-04-22,광주,시금치,100g,9833
2025-04-22,광주,상추,100g,11467
2025-04-22,광주,얼갈이배추,1kg,3200
2025-04-22,광주,오이,10개,10410
2025-04-22,광주,호박,1개,1593
2025-04-22,광주,토마토,1kg,5453
2025-04-22,광주,무,1개,3000
2025-04-22,광주,당근,1kg,4963
2025-04-22,광주,열무,1kg,3220
2025-04-22,광주,양파,1kg,3713
2025-04-22,광주,대파,1kg,3030
2025-04-22,광주,피망,100g,19950
2025-04-22,광주,파프리카,1개,2217
2025-04-22,광주,마늘,1kg,11953
2025-04-22,광주,브로콜리,1개,2593
2025-04-22,광주,사과,10개,32800
2025-04-22,광주,배,10개,47700
2025-04-23,광주,배추,1포기,5313
2025-04-23,광주,시금치,100g,9700
2025-04-23,광주,상추,100g,11367
2025-04-23,광주,얼갈이배추,1kg,3200
2025-04-23,광주,오이,10개,10300
2025-04-23,광주,호박,1개,1593
2025-04-23,광주,토마토,1kg,5413
2025-04-23,광주,무,1개,3000
2025-04-23,광주,당근,1kg,4963
2025-04-23,광주,열무,1kg,3220
2025-04-23,광주,양파,1kg,3713
2025-04-23,광주,대파,1kg,3000
2025-04-23,광주,피망,100g,19750
2025-04-23,광주,파프리카,1개,2217
2025-04-23,광주,마늘,1kg,11953
2025-04-23,광주,브로콜리,1개,2593
2025-04-23,광주,사과,10개,33367
2025-04-23,광주,배,10개,47700
2025-04-24,광주,배추,1포기,4993
2025-04-24,광주,시금치,100g,9400
2025-04-24,광주,상추,100g,11500
2025-04-24,광주,얼갈이배추,1kg,2913
2025-04-24,광주,오이,10개,8627
2025-04-24,광주,호박,1개,1260
2025-04-24,광주,토마토,1kg,5903
2025-04-24,광주,무,1개,3000
2025-04-24,광주,당근,1kg,5330
2025-04-24,광주,열무,1kg,2913
2025-04-24,광주,양파,1kg,3883
2025-04-24,광주,대파,1kg,2410
2025-04-24,광주,피망,100g,9600
2025-04-24,광주,파프리카,1개,1770
2025-04-24,광주,마늘,1kg,11153
2025-04-24,광주,브로콜리,1개,2593
2025-04-24,광주,사과,10개,29367
2025-04-24,광주,배,10개,47700
2025-04-25,광주,배추,1포기,4880
2025-04-25,광주,시금치,100g,9400
2025-04-25,광주,상추,100g,11400
2025-04-25,광주,얼갈이배추,1kg,2860
2025-04-25,광주,오이,10개,8627
2025-04-25,광주,호박,1개,1260
2025-04-25,광주,토마토,1kg,5903
2025-04-25,광주,무,1개,3000
2025-04-25,광주,당근,1kg,4433
2025-04-25,광주,열무,1kg,2860
2025-04-25,광주,양파,1kg,3883
2025-04-25,광주,대파,1kg,2410
2025-04-25,광주,피망,100g,9600
2025-04-25,광주,파프리카,1개,1937
2025-04-25,광주,마늘,1kg,11153
2025-04-25,광주,브로콜리,1개,2593
2025-04-25,광주,사과,10개,29367
2025-04-25,광주,배,10개,47700
2025-04-28,광주,배추,1포기,4993
2025-04-28,광주,시금치,100g,9300
2025-04-28,광주,상추,100g,11400
2025-04-28,광주,얼갈이배추,1kg,2860
2025-04-28,광주,오이,10개,8627
2025-04-28,광주,호박,1개,1423
2025-04-28,광주,토마토,1kg,5903
2025-04-28,광주,무,1개,3000
2025-04-28,광주,당근,1kg,4433
2025-04-28,광주,열무,1kg,2887
2025-04-28,광주,양파,1kg,3660
2025-04-28,광주,대파,1kg,2410
2025-04-28,광주,피망,100g,9600
2025-04-28,광주,파프리카,1개,1937
2025-04-28,광주,마늘,1kg,11153
2025-04-28,광주,브로콜리,1개,2593
2025-04-28,광주,사과,10개,29367
2025-04-28,광주,배,10개,43700
2025-04-29,광주,배추,1포기,4993
2025-04-29,광주,시금치,100g,9300
2025-04-29,광주,상추,100g,11400
2025-04-29,광주,얼갈이배추,1kg,2860
2025-04-29,광주,오이,10개,8403
2025-04-29,광주,호박,1개,1423
2025-04-29,광주,토마토,1kg,5903
2025-04-29,광주,무,1개,3000
2025-04-29,광주,당근,1kg,4433
2025-04-29,광주,열무,1kg,2860
2025-04-29,광주,양파,1kg,3660
2025-04-29,광주,대파,1kg,2410
2025-04-29,광주,피망,100g,9600
2025-04-29,광주,파프리카,1개,1937
2025-04-29,광주,마늘,1kg,11153
2025-04-29,광주,브로콜리,1개,2593
2025-04-29,광주,사과,10개,29367
2025-04-29,광주,배,10개,43700
2025-04-30,광주,배추,1포기,4993
2025-04-30,광주,시금치,100g,9400
2025-04-30,광주,상추,100g,9137
2025-04-30,광주,얼갈이배추,1kg,2860
2025-04-30,광주,오이,10개,8513
2025-04-30,광주,호박,1개,1423
2025-04-30,광주,토마토,1kg,5903
2025-04-30,광주,무,1개,2830
2025-04-30,광주,당근,1kg,4433
2025-04-30,광주,열무,1kg,2913
2025-04-30,광주,양파,1kg,3660
2025-04-30,광주,대파,1kg,2410
2025-04-30,광주,피망,100g,9300
2025-04-30,광주,파프리카,1개,1937
2025-04-30,광주,마늘,1kg,11153
2025-04-30,광주,브로콜리,1개,2593
2025-04-30,광주,사과,10개,29367
2025-04-30,광주,배,10개,43700
2025-01-31,대전,배추,1포기,4660
2025-01-31,대전,시금치,100g,12200
2025-01-31,대전,상추,100g,9533
2025-01-31,대전,얼갈이배추,1kg,4477
2025-01-31,대전,오이,10개,23300
2025-01-31,대전,호박,1개,2567
2025-01-31,대전,토마토,1kg,7103
2025-01-31,대전,무,1개,2900
2025-01-31,대전,당근,1kg,6507
2025-01-31,대전,열무,1kg,4595
2025-01-31,대전,양파,1kg,2830
2025-01-31,대전,대파,1kg,4010
2025-01-31,대전,피망,100g,17400
2025-01-31,대전,파프리카,1개,2317
2025-01-31,대전,마늘,1kg,9797
2025-01-31,대전,브로콜리,1개,2760
2025-01-31,대전,사과,10개,35867
2025-01-31,대전,배,10개,62567
2025-02-03,대전,배추,1포기,4743
2025-02-03,대전,시금치,100g,12367
2025-02-03,대전,상추,100g,9533
2025-02-03,대전,얼갈이배추,1kg,4477
2025-02-03,대전,오이,10개,23300
2025-02-03,대전,호박,1개,2567
2025-02-03,대전,토마토,1kg,7103
2025-02-03,대전,무,1개,2845
2025-02-03,대전,당근,1kg,6410
2025-02-03,대전,열무,1kg,4595
2025-02-03,대전,양파,1kg,2830
2025-02-03,대전,대파,1kg,3977
2025-02-03,대전,피망,100g,17400
2025-02-03,대전,파프리카,1개,2317
2025-02-03,대전,마늘,1kg,10130
2025-02-03,대전,브로콜리,1개,2760
2025-02-03,대전,사과,10개,35867
2025-02-03,대전,배,10개,66750
2025-02-04,대전,배추,1포기,4663
2025-02-04,대전,시금치,100g,12367
2025-02-04,대전,상추,100g,9533
2025-02-04,대전,얼갈이배추,1kg,4477
2025-02-04,대전,오이,10개,23300
2025-02-04,대전,호박,1개,2567
2025-02-04,대전,토마토,1kg,7187
2025-02-04,대전,무,1개,2645
2025-02-04,대전,당근,1kg,6410
2025-02-04,대전,열무,1kg,4595
2025-02-04,대전,양파,1kg,2830
2025-02-04,대전,대파,1kg,3977
2025-02-04,대전,피망,100g,17400
2025-02-04,대전,파프리카,1개,2317
2025-02-04,대전,마늘,1kg,10130
2025-02-04,대전,브로콜리,1개,2760
2025-02-04,대전,사과,10개,35867
2025-02-04,대전,배,10개,66150
2025-02-05,대전,배추,1포기,4663
2025-02-05,대전,시금치,100g,12567
2025-02-05,대전,상추,100g,9533
2025-02-05,대전,얼갈이배추,1kg,4600
2025-02-05,대전,오이,10개,23300
2025-02-05,대전,호박,1개,2527
2025-02-05,대전,토마토,1kg,6947
2025-02-05,대전,무,1개,2645
2025-02-05,대전,당근,1kg,6410
2025-02-05,대전,열무,1kg,4595
2025-02-05,대전,양파,1kg,2830
2025-02-05,대전,대파,1kg,3977
2025-02-05,대전,피망,100g,17400
2025-02-05,대전,파프리카,1개,2317
2025-02-05,대전,마늘,1kg,10130
2025-02-05,대전,브로콜리,1개,2760
2025-02-05,대전,사과,10개,35867
2025-02-05,대전,배,10개,66150
2025-02-06,대전,배추,1포기,5037
2025-02-06,대전,시금치,100g,12500
2025-02-06,대전,상추,100g,9100
2025-02-06,대전,얼갈이배추,1kg,4707
2025-02-06,대전,오이,10개,23300
2025-02-06,대전,호박,1개,2527
2025-02-06,대전,토마토,1kg,6723
2025-02-06,대전,무,1개,2695
2025-02-06,대전,당근,1kg,5647
2025-02-06,대전,열무,1kg,4355
2025-02-06,대전,양파,1kg,3013
2025-02-06,대전,대파,1kg,4310
2025-02-06,대전,피망,100g,17400
2025-02-06,대전,파프리카,1개,2383
2025-02-06,대전,마늘,1kg,10793
2025-02-06,대전,브로콜리,1개,2560
2025-02-06,대전,사과,10개,36100
2025-02-06,대전,배,10개,52500
2025-02-07,대전,배추,1포기,5037
2025-02-07,대전,시금치,100g,13267
2025-02-07,대전,상추,100g,9100
2025-02-07,대전,얼갈이배추,1kg,4777
2025-02-07,대전,오이,10개,23300
2025-02-07,대전,호박,1개,2527
2025-02-07,대전,토마토,1kg,6613
2025-02-07,대전,무,1개,2695
2025-02-07,대전,당근,1kg,5647
2025-02-07,대전,열무,1kg,4415
2025-02-07,대전,양파,1kg,3013
2025-02-07,대전,대파,1kg,4310
2025-02-07,대전,피망,100g,17400
2025-02-07,대전,파프리카,1개,2450
2025-02-07,대전,마늘,1kg,10827
2025-02-07,대전,브로콜리,1개,2560
2025-02-07,대전,사과,10개,36100
2025-02-07,대전,배,10개,52500
2025-02-10,대전,배추,1포기,5037
2025-02-10,대전,시금치,100g,13267
2025-02-10,대전,상추,100g,9100
2025-02-10,대전,얼갈이배추,1kg,4777
2025-02-10,대전,오이,10개,23300
2025-02-10,대전,호박,1개,2527
2025-02-10,대전,토마토,1kg,6613
2025-02-10,대전,무,1개,3000
2025-02-10,대전,당근,1kg,5647
2025-02-10,대전,열무,1kg,4540
2025-02-10,대전,양파,1kg,3013
2025-02-10,대전,대파,1kg,4310
2025-02-10,대전,피망,100g,17400
2025-02-10,대전,파프리카,1개,2550
2025-02-10,대전,마늘,1kg,10827
2025-02-10,대전,브로콜리,1개,2560
2025-02-10,대전,사과,10개,36100
2025-02-10,대전,배,10개,52500
2025-02-11,대전,배추,1포기,5037
2025-02-11,대전,시금치,100g,13267
2025-02-11,대전,상추,100g,9100
2025-02-11,대전,얼갈이배추,1kg,4777
2025-02-11,대전,오이,10개,23300
2025-02-11,대전,호박,1개,2527
2025-02-11,대전,토마토,1kg,6613
2025-02-11,대전,무,1개,3000
2025-02-11,대전,당근,1kg,5647
2025-02-11,대전,열무,1kg,4540
2025-02-11,대전,양파,1kg,3013
2025-02-11,대전,대파,1kg,4310
2025-02-11,대전,피망,100g,17400
2025-02-11,대전,파프리카,1개,2550
2025-02-11,대전,마늘,1kg,10827
2025-02-11,대전,브로콜리,1개,2560
2025-02-11,대전,사과,10개,33600
2025-02-11,대전,배,10개,52500
2025-02-12,대전,배추,1포기,5037
2025-02-12,대전,시금치,100g,13267
2025-02-12,대전,상추,100g,9100
2025-02-12,대전,얼갈이배추,1kg,4777
2025-02-12,대전,오이,10개,23300
2025-02-12,대전,호박,1개,2527
2025-02-12,대전,토마토,1kg,6613
2025-02-12,대전,무,1개,3000
2025-02-12,대전,당근,1kg,5647
2025-02-12,대전,열무,1kg,4540
2025-02-12,대전,양파,1kg,3013
2025-02-12,대전,대파,1kg,4310
2025-02-12,대전,피망,100g,17400
2025-02-12,대전,파프리카,1개,2550
2025-02-12,대전,마늘,1kg,10827
2025-02-12,대전,브로콜리,1개,2560
2025-02-12,대전,사과,10개,33600
2025-02-12,대전,배,10개,52500
2025-02-13,대전,배추,1포기,4867
2025-02-13,대전,시금치,100g,13033
2025-02-13,대전,상추,100g,9533
2025-02-13,대전,얼갈이배추,1kg,4777
2025-02-13,대전,오이,10개,23300
2025-02-13,대전,호박,1개,2660
2025-02-13,대전,토마토,1kg,6613
2025-02-13,대전,무,1개,3000
2025-02-13,대전,당근,1kg,5440
2025-02-13,대전,열무,1kg,4540
2025-02-13,대전,양파,1kg,2873
2025-02-13,대전,대파,1kg,4457
2025-02-13,대전,피망,100g,17400
2025-02-13,대전,파프리카,1개,2683
2025-02-13,대전,마늘,1kg,12133
2025-02-13,대전,브로콜리,1개,2660
2025-02-13,대전,사과,10개,31933
2025-02-13,대전,배,10개,52500
2025-02-14,대전,배추,1포기,4827
2025-02-14,대전,시금치,100g,13033
2025-02-14,대전,상추,100g,9533
2025-02-14,대전,얼갈이배추,1kg,4777
2025-02-14,대전,오이,10개,23300
2025-02-14,대전,호박,1개,2660
2025-02-14,대전,토마토,1kg,6613
2025-02-14,대전,무,1개,3000
2025-02-14,대전,당근,1kg,5513
2025-02-14,대전,열무,1kg,4480
2025-02-14,대전,양파,1kg,2873
2025-02-14,대전,대파,1kg,4457
2025-02-14,대전,피망,100g,17400
2025-02-14,대전,파프리카,1개,2683
2025-02-14,대전,마늘,1kg,12133
2025-02-14,대전,브로콜리,1개,2660
2025-02-14,대전,사과,10개,31933
2025-02-14,대전,배,10개,51200
2025-02-17,대전,배추,1포기,4827
2025-02-17,대전,시금치,100g,13033
2025-02-17,대전,상추,100g,9533
2025-02-17,대전,얼갈이배추,1kg,4553
2025-02-17,대전,오이,10개,23300
2025-02-17,대전,호박,1개,2660
2025-02-17,대전,토마토,1kg,6613
2025-02-17,대전,무,1개,3000
2025-02-17,대전,당근,1kg,5513
2025-02-17,대전,열무,1kg,4310
2025-02-17,대전,양파,1kg,2960
2025-02-17,대전,대파,1kg,4357
2025-02-17,대전,피망,100g,17400
2025-02-17,대전,파프리카,1개,2683
2025-02-17,대전,마늘,1kg,12133
2025-02-17,대전,브로콜리,1개,2660
2025-02-17,대전,사과,10개,31933
2025-02-17,대전,배,10개,51200
2025-02-18,대전,배추,1포기,4997
2025-02-18,대전,시금치,100g,13033
2025-02-18,대전,상추,100g,9867
2025-02-18,대전,얼갈이배추,1kg,4553
2025-02-18,대전,오이,10개,23300
2025-02-18,대전,호박,1개,2660
2025-02-18,대전,토마토,1kg,6613
2025-02-18,대전,무,1개,3000
2025-02-18,대전,당근,1kg,5513
2025-02-18,대전,열무,1kg,4310
2025-02-18,대전,양파,1kg,2960
2025-02-18,대전,대파,1kg,4290
2025-02-18,대전,피망,100g,19900
2025-02-18,대전,파프리카,1개,2683
2025-02-18,대전,마늘,1kg,12133
2025-02-18,대전,브로콜리,1개,2660
2025-02-18,대전,사과,10개,31933
2025-02-18,대전,배,10개,51200
2025-02-19,대전,배추,1포기,4997
2025-02-19,대전,시금치,100g,13033
2025-02-19,대전,상추,100g,9867
2025-02-19,대전,얼갈이배추,1kg,4553
2025-02-19,대전,오이,10개,23300
2025-02-19,대전,호박,1개,2660
2025-02-19,대전,토마토,1kg,6613
2025-02-19,대전,무,1개,3000
2025-02-19,대전,당근,1kg,5513
2025-02-19,대전,열무,1kg,4435
2025-02-19,대전,양파,1kg,2960
2025-02-19,대전,대파,1kg,4290
2025-02-19,대전,피망,100g,19900
2025-02-19,대전,파프리카,1개,2683
2025-02-19,대전,마늘,1kg,12133
2025-02-19,대전,브로콜리,1개,2660
2025-02-19,대전,사과,10개,31933
2025-02-19,대전,배,10개,51200
2025-02-20,대전,배추,1포기,4903
2025-02-20,대전,시금치,100g,12900
2025-02-20,대전,상추,100g,9243
2025-02-20,대전,얼갈이배추,1kg,3753
2025-02-20,대전,오이,10개,23300
2025-02-20,대전,호박,1개,2693
2025-02-20,대전,토마토,1kg,7483
2025-02-20,대전,무,1개,3075
2025-02-20,대전,당근,1kg,5720
2025-02-20,대전,열무,1kg,3930
2025-02-20,대전,양파,1kg,3123
2025-02-20,대전,대파,1kg,4443
2025-02-20,대전,피망,100g,19900
2025-02-20,대전,파프리카,1개,2550
2025-02-20,대전,마늘,1kg,11467
2025-02-20,대전,브로콜리,1개,2660
2025-02-20,대전,사과,10개,30767
2025-02-20,대전,배,10개,51200
2025-02-21,대전,배추,1포기,4903
2025-02-21,대전,시금치,100g,12067
2025-02-21,대전,상추,100g,10333
2025-02-21,대전,얼갈이배추,1kg,3643
2025-02-21,대전,오이,10개,23300
2025-02-21,대전,호박,1개,2693
2025-02-21,대전,토마토,1kg,7483
2025-02-21,대전,무,1개,3205
2025-02-21,대전,당근,1kg,5720
2025-02-21,대전,열무,1kg,3760
2025-02-21,대전,양파,1kg,3123
2025-02-21,대전,대파,1kg,4443
2025-02-21,대전,피망,100g,19900
2025-02-21,대전,파프리카,1개,2550
2025-02-21,대전,마늘,1kg,11467
2025-02-21,대전,브로콜리,1개,2660
2025-02-21,대전,사과,10개,30767
2025-02-21,대전,배,10개,51200
2025-02-24,대전,배추,1포기,4860
2025-02-24,대전,시금치,100g,12067
2025-02-24,대전,상추,100g,10333
2025-02-24,대전,얼갈이배추,1kg,3837
2025-02-24,대전,오이,10개,23300
2025-02-24,대전,호박,1개,2650
2025-02-24,대전,토마토,1kg,7483
2025-02-24,대전,무,1개,2955
2025-02-24,대전,당근,1kg,5720
2025-02-24,대전,열무,1kg,3760
2025-02-24,대전,양파,1kg,3123
2025-02-24,대전,대파,1kg,4477
2025-02-24,대전,피망,100g,19900
2025-02-24,대전,파프리카,1개,2550
2025-02-24,대전,마늘,1kg,11467
2025-02-24,대전,브로콜리,1개,2660
2025-02-24,대전,사과,10개,30767
2025-02-24,대전,배,10개,51200
2025-02-25,대전,배추,1포기,4860
2025-02-25,대전,시금치,100g,11700
2025-02-25,대전,상추,100g,10333
2025-02-25,대전,얼갈이배추,1kg,3837
2025-02-25,대전,오이,10개,23300
2025-02-25,대전,호박,1개,2650
2025-02-25,대전,토마토,1kg,7483
2025-02-25,대전,무,1개,3200
2025-02-25,대전,당근,1kg,5720
2025-02-25,대전,열무,1kg,3760
2025-02-25,대전,양파,1kg,3123
2025-02-25,대전,대파,1kg,4477
2025-02-25,대전,피망,100g,19900
2025-02-25,대전,파프리카,1개,2550
2025-02-25,대전,마늘,1kg,12133
2025-02-25,대전,브로콜리,1개,2660
2025-02-25,대전,사과,10개,30767
2025-02-25,대전,배,10개,51200
2025-02-26,대전,배추,1포기,4917
2025-02-26,대전,시금치,100g,11700
2025-02-26,대전,상추,100g,10333
2025-02-26,대전,얼갈이배추,1kg,3867
2025-02-26,대전,오이,10개,23300
2025-02-26,대전,호박,1개,2610
2025-02-26,대전,토마토,1kg,7483
2025-02-26,대전,무,1개,3000
2025-02-26,대전,당근,1kg,5720
2025-02-26,대전,열무,1kg,3720
2025-02-26,대전,양파,1kg,3123
2025-02-26,대전,대파,1kg,4493
2025-02-26,대전,피망,100g,19900
2025-02-26,대전,파프리카,1개,2467
2025-02-26,대전,마늘,1kg,12133
2025-02-26,대전,브로콜리,1개,2770
2025-02-26,대전,사과,10개,30767
2025-02-26,대전,배,10개,51200
2025-02-27,대전,배추,1포기,5050
2025-02-27,대전,시금치,100g,10773
2025-02-27,대전,상추,100g,9900
2025-02-27,대전,얼갈이배추,1kg,3743
2025-02-27,대전,오이,10개,23300
2025-02-27,대전,호박,1개,2577
2025-02-27,대전,토마토,1kg,7650
2025-02-27,대전,무,1개,3000
2025-02-27,대전,당근,1kg,5880
2025-02-27,대전,열무,1kg,3543
2025-02-27,대전,양파,1kg,3183
2025-02-27,대전,대파,1kg,4030
2025-02-27,대전,피망,100g,19900
2025-02-27,대전,파프리카,1개,2400
2025-02-27,대전,마늘,1kg,10827
2025-02-27,대전,브로콜리,1개,2537
2025-02-27,대전,사과,10개,30100
2025-02-27,대전,배,10개,51200
2025-02-28,대전,배추,1포기,5050
2025-02-28,대전,시금치,100g,10667
2025-02-28,대전,상추,100g,9900
2025-02-28,대전,얼갈이배추,1kg,3443
2025-02-28,대전,오이,10개,23300
2025-02-28,대전,호박,1개,2573
2025-02-28,대전,토마토,1kg,6947
2025-02-28,대전,무,1개,3000
2025-02-28,대전,당근,1kg,4537
2025-02-28,대전,열무,1kg,3477
2025-02-28,대전,양파,1kg,2930
2025-02-28,대전,대파,1kg,3640
2025-02-28,대전,피망,100g,19900
2025-02-28,대전,파프리카,1개,2457
2025-02-28,대전,마늘,1kg,8510
2025-02-28,대전,브로콜리,1개,2703
2025-02-28,대전,사과,10개,30767
2025-02-28,대전,배,10개,43550
2025-03-04,대전,배추,1포기,5313
2025-03-04,대전,시금치,100g,10867
2025-03-04,대전,상추,100g,9123
2025-03-04,대전,얼갈이배추,1kg,3553
2025-03-04,대전,오이,10개,23300
2025-03-04,대전,호박,1개,2573
2025-03-04,대전,토마토,1kg,6947
2025-03-04,대전,무,1개,3000
2025-03-04,대전,당근,1kg,4630
2025-03-04,대전,열무,1kg,3643
2025-03-04,대전,양파,1kg,2973
2025-03-04,대전,대파,1kg,3640
2025-03-04,대전,피망,100g,19900
2025-03-04,대전,파프리카,1개,2457
2025-03-04,대전,마늘,1kg,8510
2025-03-04,대전,브로콜리,1개,2590
2025-03-04,대전,사과,10개,30767
2025-03-04,대전,배,10개,43550
2025-03-05,대전,배추,1포기,5563
2025-03-05,대전,시금치,100g,10867
2025-03-05,대전,상추,100g,9900
2025-03-05,대전,얼갈이배추,1kg,3553
2025-03-05,대전,오이,10개,23300
2025-03-05,대전,호박,1개,2573
2025-03-05,대전,토마토,1kg,6947
2025-03-05,대전,무,1개,3000
2025-03-05,대전,당근,1kg,4630
2025-03-05,대전,열무,1kg,3617
2025-03-05,대전,양파,1kg,2973
2025-03-05,대전,대파,1kg,3640
2025-03-05,대전,피망,100g,19900
2025-03-05,대전,파프리카,1개,2457
2025-03-05,대전,마늘,1kg,8510
2025-03-05,대전,브로콜리,1개,2590
2025-03-05,대전,사과,10개,30767
2025-03-05,대전,배,10개,43550
2025-03-06,대전,배추,1포기,6137
2025-03-06,대전,시금치,100g,10207
2025-03-06,대전,상추,100g,9557
2025-03-06,대전,얼갈이배추,1kg,3920
2025-03-06,대전,오이,10개,23300
2025-03-06,대전,호박,1개,2410
2025-03-06,대전,토마토,1kg,7580
2025-03-06,대전,무,1개,3000
2025-03-06,대전,당근,1kg,5373
2025-03-06,대전,열무,1kg,3987
2025-03-06,대전,양파,1kg,2647
2025-03-06,대전,대파,1kg,4430
2025-03-06,대전,피망,100g,19900
2025-03-06,대전,파프리카,1개,2457
2025-03-06,대전,마늘,1kg,9817
2025-03-06,대전,브로콜리,1개,2590
2025-03-06,대전,사과,10개,29767
2025-03-06,대전,배,10개,45550
2025-03-07,대전,배추,1포기,6137
2025-03-07,대전,시금치,100g,10207
2025-03-07,대전,상추,100g,9557
2025-03-07,대전,얼갈이배추,1kg,3977
2025-03-07,대전,오이,10개,23300
2025-03-07,대전,호박,1개,2410
2025-03-07,대전,토마토,1kg,7580
2025-03-07,대전,무,1개,3000
2025-03-07,대전,당근,1kg,5560
2025-03-07,대전,열무,1kg,4070
2025-03-07,대전,양파,1kg,2770
2025-03-07,대전,대파,1kg,4430
2025-03-07,대전,피망,100g,19900
2025-03-07,대전,파프리카,1개,2457
2025-03-07,대전,마늘,1kg,9850
2025-03-07,대전,브로콜리,1개,2590
2025-03-07,대전,사과,10개,29767
2025-03-07,대전,배,10개,45550
2025-03-10,대전,배추,1포기,5843
2025-03-10,대전,시금치,100g,10007
2025-03-10,대전,상추,100g,9223
2025-03-10,대전,얼갈이배추,1kg,3903
2025-03-10,대전,오이,10개,23300
2025-03-10,대전,호박,1개,2410
2025-03-10,대전,토마토,1kg,7580
2025-03-10,대전,무,1개,3000
2025-03-10,대전,당근,1kg,5560
2025-03-10,대전,열무,1kg,4153
2025-03-10,대전,양파,1kg,2770
2025-03-10,대전,대파,1kg,4373
2025-03-10,대전,피망,100g,19900
2025-03-10,대전,파프리카,1개,2457
2025-03-10,대전,마늘,1kg,9850
2025-03-10,대전,브로콜리,1개,2590
2025-03-10,대전,사과,10개,29767
2025-03-10,대전,배,10개,45550
2025-03-11,대전,배추,1포기,5843
2025-03-11,대전,시금치,100g,10007
2025-03-11,대전,상추,100g,9423
2025-03-11,대전,얼갈이배추,1kg,3903
2025-03-11,대전,오이,10개,23300
2025-03-11,대전,호박,1개,2410
2025-03-11,대전,토마토,1kg,7580
2025-03-11,대전,무,1개,3000
2025-03-11,대전,당근,1kg,5560
2025-03-11,대전,열무,1kg,4153
2025-03-11,대전,양파,1kg,3260
2025-03-11,대전,대파,1kg,4347
2025-03-11,대전,피망,100g,19900
2025-03-11,대전,파프리카,1개,2373
2025-03-11,대전,마늘,1kg,11167
2025-03-11,대전,브로콜리,1개,2533
2025-03-11,대전,사과,10개,29767
2025-03-11,대전,배,10개,45550
2025-03-12,대전,배추,1포기,5843
2025-03-12,대전,시금치,100g,10007
2025-03-12,대전,상추,100g,9423
2025-03-12,대전,얼갈이배추,1kg,3903
2025-03-12,대전,오이,10개,23300
2025-03-12,대전,호박,1개,2410
2025-03-12,대전,토마토,1kg,7580
2025-03-12,대전,무,1개,3000
2025-03-12,대전,당근,1kg,5560
2025-03-12,대전,열무,1kg,4097
2025-03-12,대전,양파,1kg,3260
2025-03-12,대전,대파,1kg,4347
2025-03-12,대전,피망,100g,19900
2025-03-12,대전,파프리카,1개,2373
2025-03-12,대전,마늘,1kg,11167
2025-03-12,대전,브로콜리,1개,2533
2025-03-12,대전,사과,10개,29767
2025-03-12,대전,배,10개,45550
2025-03-13,대전,배추,1포기,5843
2025-03-13,대전,시금치,100g,9513
2025-03-13,대전,상추,100g,9767
2025-03-13,대전,얼갈이배추,1kg,4303
2025-03-13,대전,오이,10개,23300
2025-03-13,대전,호박,1개,2410
2025-03-13,대전,토마토,1kg,7580
2025-03-13,대전,무,1개,3000
2025-03-13,대전,당근,1kg,6887
2025-03-13,대전,열무,1kg,4553
2025-03-13,대전,양파,1kg,3880
2025-03-13,대전,대파,1kg,4383
2025-03-13,대전,피망,100g,19900
2025-03-13,대전,파프리카,1개,2327
2025-03-13,대전,마늘,1kg,11167
2025-03-13,대전,브로콜리,1개,2480
2025-03-13,대전,사과,10개,29100
2025-03-13,대전,배,10개,47550
2025-03-14,대전,배추,1포기,5777
2025-03-14,대전,시금치,100g,9513
2025-03-14,대전,상추,100g,9767
2025-03-14,대전,얼갈이배추,1kg,4193
2025-03-14,대전,오이,10개,23300
2025-03-14,대전,호박,1개,2410
2025-03-14,대전,토마토,1kg,7663
2025-03-14,대전,무,1개,3000
2025-03-14,대전,당근,1kg,6817
2025-03-14,대전,열무,1kg,4303
2025-03-14,대전,양파,1kg,3880
2025-03-14,대전,대파,1kg,4383
2025-03-14,대전,피망,100g,19900
2025-03-14,대전,파프리카,1개,2327
2025-03-14,대전,마늘,1kg,11167
2025-03-14,대전,브로콜리,1개,2427
2025-03-14,대전,사과,10개,29100
2025-03-14,대전,배,10개,47550
2025-03-17,대전,배추,1포기,5777
2025-03-17,대전,시금치,100g,9313
2025-03-17,대전,상추,100g,9767
2025-03-17,대전,얼갈이배추,1kg,4193
2025-03-17,대전,오이,10개,23300
2025-03-17,대전,호박,1개,2410
2025-03-17,대전,토마토,1kg,7663
2025-03-17,대전,무,1개,2500
2025-03-17,대전,당근,1kg,6817
2025-03-17,대전,열무,1kg,4193
2025-03-17,대전,양파,1kg,3657
2025-03-17,대전,대파,1kg,4217
2025-03-17,대전,피망,100g,19900
2025-03-17,대전,파프리카,1개,2327
2025-03-17,대전,마늘,1kg,11167
2025-03-17,대전,브로콜리,1개,2427
2025-03-17,대전,사과,10개,29100
2025-03-17,대전,배,10개,47550
2025-03-18,대전,배추,1포기,5777
2025-03-18,대전,시금치,100g,9313
2025-03-18,대전,상추,100g,9567
2025-03-18,대전,얼갈이배추,1kg,4417
2025-03-18,대전,오이,10개,23300
2025-03-18,대전,호박,1개,2327
2025-03-18,대전,토마토,1kg,7663
2025-03-18,대전,무,1개,2500
2025-03-18,대전,당근,1kg,6817
2025-03-18,대전,열무,1kg,4250
2025-03-18,대전,양파,1kg,3657
2025-03-18,대전,대파,1kg,4217
2025-03-18,대전,피망,100g,19900
2025-03-18,대전,파프리카,1개,1993
2025-03-18,대전,마늘,1kg,11167
2025-03-18,대전,브로콜리,1개,2427
2025-03-18,대전,사과,10개,29100
2025-03-18,대전,배,10개,47550
2025-03-19,대전,배추,1포기,5777
2025-03-19,대전,시금치,100g,9313
2025-03-19,대전,상추,100g,9567
2025-03-19,대전,얼갈이배추,1kg,4417
2025-03-19,대전,오이,10개,23300
2025-03-19,대전,호박,1개,2327
2025-03-19,대전,토마토,1kg,7663
2025-03-19,대전,무,1개,2500
2025-03-19,대전,당근,1kg,6817
2025-03-19,대전,열무,1kg,4250
2025-03-19,대전,양파,1kg,3657
2025-03-19,대전,대파,1kg,4217
2025-03-19,대전,피망,100g,19900
2025-03-19,대전,파프리카,1개,1993
2025-03-19,대전,마늘,1kg,11167
2025-03-19,대전,브로콜리,1개,2427
2025-03-19,대전,사과,10개,29100
2025-03-19,대전,배,10개,47550
2025-03-20,대전,배추,1포기,5977
2025-03-20,대전,시금치,100g,8980
2025-03-20,대전,상추,100g,9567
2025-03-20,대전,얼갈이배추,1kg,4417
2025-03-20,대전,오이,10개,23300
2025-03-20,대전,호박,1개,2093
2025-03-20,대전,토마토,1kg,6687
2025-03-20,대전,무,1개,2500
2025-03-20,대전,당근,1kg,6817
2025-03-20,대전,열무,1kg,4513
2025-03-20,대전,양파,1kg,3767
2025-03-20,대전,대파,1kg,4217
2025-03-20,대전,파프리카,1개,2273
2025-03-20,대전,마늘,1kg,11500
2025-03-20,대전,브로콜리,1개,2493
2025-03-20,대전,사과,10개,32600
2025-03-20,대전,배,10개,47550
2025-03-21,대전,배추,1포기,5977
2025-03-21,대전,시금치,100g,8380
2025-03-21,대전,상추,100g,9567
2025-03-21,대전,얼갈이배추,1kg,4467
2025-03-21,대전,오이,10개,23300
2025-03-21,대전,호박,1개,2093
2025-03-21,대전,토마토,1kg,6687
2025-03-21,대전,무,1개,2500
2025-03-21,대전,당근,1kg,6607
2025-03-21,대전,열무,1kg,4550
2025-03-21,대전,양파,1kg,3767
2025-03-21,대전,대파,1kg,4217
2025-03-21,대전,파프리카,1개,2273
2025-03-21,대전,마늘,1kg,11500
2025-03-21,대전,브로콜리,1개,2493
2025-03-21,대전,사과,10개,32600
2025-03-21,대전,배,10개,47550
2025-03-24,대전,배추,1포기,5977
2025-03-24,대전,시금치,100g,8380
2025-03-24,대전,상추,100g,9567
2025-03-24,대전,얼갈이배추,1kg,4413
2025-03-24,대전,오이,10개,23300
2025-03-24,대전,호박,1개,1993
2025-03-24,대전,토마토,1kg,6687
2025-03-24,대전,무,1개,2400
2025-03-24,대전,당근,1kg,5957
2025-03-24,대전,열무,1kg,4440
2025-03-24,대전,양파,1kg,3767
2025-03-24,대전,대파,1kg,4147
2025-03-24,대전,파프리카,1개,2273
2025-03-24,대전,마늘,1kg,11500
2025-03-24,대전,브로콜리,1개,2493
2025-03-24,대전,사과,10개,32600
2025-03-24,대전,배,10개,47550
2025-03-25,대전,배추,1포기,5977
2025-03-25,대전,시금치,100g,7913
2025-03-25,대전,상추,100g,9567
2025-03-25,대전,얼갈이배추,1kg,4350
2025-03-25,대전,오이,10개,23300
2025-03-25,대전,호박,1개,1993
2025-03-25,대전,토마토,1kg,6687
2025-03-25,대전,무,1개,2400
2025-03-25,대전,당근,1kg,5957
2025-03-25,대전,열무,1kg,4440
2025-03-25,대전,양파,1kg,3767
2025-03-25,대전,대파,1kg,4147
2025-03-25,대전,파프리카,1개,2273
2025-03-25,대전,마늘,1kg,11500
2025-03-25,대전,브로콜리,1개,2493
2025-03-25,대전,사과,10개,31000
2025-03-25,대전,배,10개,46950
2025-03-26,대전,배추,1포기,5977
2025-03-26,대전,시금치,100g,8390
2025-03-26,대전,상추,100g,9567
2025-03-26,대전,얼갈이배추,1kg,4350
2025-03-26,대전,오이,10개,23300
2025-03-26,대전,호박,1개,1993
2025-03-26,대전,토마토,1kg,6687
2025-03-26,대전,무,1개,2400
2025-03-26,대전,당근,1kg,5957
2025-03-26,대전,열무,1kg,4440
2025-03-26,대전,양파,1kg,3767
2025-03-26,대전,대파,1kg,4147
2025-03-26,대전,파프리카,1개,2273
2025-03-26,대전,마늘,1kg,11500
2025-03-26,대전,브로콜리,1개,2493
2025-03-26,대전,사과,10개,31000
2025-03-26,대전,배,10개,46950
2025-03-27,대전,배추,1포기,5977
2025-03-27,대전,시금치,100g,6957
2025-03-27,대전,상추,100g,9213
2025-03-27,대전,얼갈이배추,1kg,4803
2025-03-27,대전,오이,10개,23300
2025-03-27,대전,호박,1개,1960
2025-03-27,대전,토마토,1kg,6353
2025-03-27,대전,무,1개,2400
2025-03-27,대전,당근,1kg,5833
2025-03-27,대전,열무,1kg,4670
2025-03-27,대전,양파,1kg,3867
2025-03-27,대전,대파,1kg,3210
2025-03-27,대전,파프리카,1개,2107
2025-03-27,대전,마늘,1kg,10500
2025-03-27,대전,브로콜리,1개,2493
2025-03-27,대전,사과,10개,32833
2025-03-27,대전,배,10개,51600
2025-03-28,대전,배추,1포기,5977
2025-03-28,대전,시금치,100g,6957
2025-03-28,대전,상추,100g,9220
2025-03-28,대전,얼갈이배추,1kg,4803
2025-03-28,대전,오이,10개,23300
2025-03-28,대전,호박,1개,1960
2025-03-28,대전,토마토,1kg,6353
2025-03-28,대전,무,1개,2400
2025-03-28,대전,당근,1kg,5833
2025-03-28,대전,열무,1kg,4670
2025-03-28,대전,양파,1kg,3867
2025-03-28,대전,대파,1kg,3210
2025-03-28,대전,파프리카,1개,2107
2025-03-28,대전,마늘,1kg,10500
2025-03-28,대전,브로콜리,1개,2493
2025-03-28,대전,사과,10개,32833
2025-03-28,대전,배,10개,51600
2025-03-31,대전,배추,1포기,6187
2025-03-31,대전,시금치,100g,6957
2025-03-31,대전,상추,100g,9237
2025-03-31,대전,얼갈이배추,1kg,4970
2025-03-31,대전,오이,10개,23300
2025-03-31,대전,호박,1개,1960
2025-03-31,대전,토마토,1kg,6353
2025-03-31,대전,무,1개,2400
2025-03-31,대전,당근,1kg,5833
2025-03-31,대전,열무,1kg,4780
2025-03-31,대전,양파,1kg,3867
2025-03-31,대전,대파,1kg,3107
2025-03-31,대전,파프리카,1개,2107
2025-03-31,대전,마늘,1kg,11933
2025-03-31,대전,브로콜리,1개,2493
2025-03-31,대전,사과,10개,34500
2025-03-31,대전,배,10개,51600
2025-04-01,대전,배추,1포기,6187
2025-04-01,대전,시금치,100g,6957
2025-04-01,대전,상추,100g,9220
2025-04-01,대전,얼갈이배추,1kg,4970
2025-04-01,대전,오이,10개,23300
2025-04-01,대전,호박,1개,1960
2025-04-01,대전,토마토,1kg,6353
2025-04-01,대전,무,1개,2400
2025-04-01,대전,당근,1kg,5833
2025-04-01,대전,열무,1kg,4780
2025-04-01,대전,양파,1kg,3867
2025-04-01,대전,대파,1kg,3107
2025-04-01,대전,파프리카,1개,2107
2025-04-01,대전,마늘,1kg,11600
2025-04-01,대전,브로콜리,1개,2493
2025-04-01,대전,사과,10개,34500
2025-04-01,대전,배,10개,54933
2025-04-02,대전,배추,1포기,6187
2025-04-02,대전,시금치,100g,6957
2025-04-02,대전,상추,100g,9220
2025-04-02,대전,얼갈이배추,1kg,4970
2025-04-02,대전,오이,10개,23300
2025-04-02,대전,호박,1개,1960
2025-04-02,대전,토마토,1kg,6353
2025-04-02,대전,무,1개,2400
2025-04-02,대전,당근,1kg,5833
2025-04-02,대전,열무,1kg,4723
2025-04-02,대전,양파,1kg,3867
2025-04-02,대전,대파,1kg,3107
2025-04-02,대전,파프리카,1개,2107
2025-04-02,대전,마늘,1kg,11600
2025-04-02,대전,브로콜리,1개,2493
2025-04-02,대전,사과,10개,34500
2025-04-02,대전,배,10개,54933
2025-04-03,대전,배추,1포기,6520
2025-04-03,대전,시금치,100g,6853
2025-04-03,대전,상추,100g,9220
2025-04-03,대전,얼갈이배추,1kg,4150
2025-04-03,대전,오이,10개,23300
2025-04-03,대전,호박,1개,2317
2025-04-03,대전,토마토,1kg,6337
2025-04-03,대전,무,1개,2400
2025-04-03,대전,당근,1kg,5833
2025-04-03,대전,열무,1kg,3903
2025-04-03,대전,양파,1kg,3867
2025-04-03,대전,대파,1kg,2617
2025-04-03,대전,파프리카,1개,1993
2025-04-03,대전,마늘,1kg,12067
2025-04-03,대전,브로콜리,1개,2427
2025-04-03,대전,사과,10개,35333
2025-04-03,대전,배,10개,54933
2025-04-04,대전,배추,1포기,6520
2025-04-04,대전,시금치,100g,6807
2025-04-04,대전,상추,100g,9220
2025-04-04,대전,얼갈이배추,1kg,4150
2025-04-04,대전,오이,10개,23300
2025-04-04,대전,호박,1개,2317
2025-04-04,대전,토마토,1kg,6337
2025-04-04,대전,무,1개,2400
2025-04-04,대전,당근,1kg,5833
2025-04-04,대전,열무,1kg,3903
2025-04-04,대전,양파,1kg,3867
2025-04-04,대전,대파,1kg,2617
2025-04-04,대전,파프리카,1개,1993
2025-04-04,대전,마늘,1kg,12067
2025-04-04,대전,브로콜리,1개,2427
2025-04-04,대전,사과,10개,35333
2025-04-04,대전,배,10개,54933
2025-04-07,대전,배추,1포기,6380
2025-04-07,대전,시금치,100g,6807
2025-04-07,대전,상추,100g,9220
2025-04-07,대전,얼갈이배추,1kg,4350
2025-04-07,대전,오이,10개,23300
2025-04-07,대전,호박,1개,2317
2025-04-07,대전,토마토,1kg,6337
2025-04-07,대전,무,1개,2600
2025-04-07,대전,당근,1kg,5833
2025-04-07,대전,열무,1kg,3903
2025-04-07,대전,양파,1kg,3805
2025-04-07,대전,대파,1kg,3480
2025-04-07,대전,파프리카,1개,2160
2025-04-07,대전,마늘,1kg,12067
2025-04-07,대전,브로콜리,1개,2427
2025-04-07,대전,사과,10개,35333
2025-04-07,대전,배,10개,54933
2025-04-08,대전,배추,1포기,6380
2025-04-08,대전,시금치,100g,6807
2025-04-08,대전,상추,100g,9620
2025-04-08,대전,얼갈이배추,1kg,4350
2025-04-08,대전,오이,10개,23300
2025-04-08,대전,호박,1개,2317
2025-04-08,대전,토마토,1kg,6337
2025-04-08,대전,무,1개,2600
2025-04-08,대전,당근,1kg,5833
2025-04-08,대전,열무,1kg,3903
2025-04-08,대전,양파,1kg,3805
2025-04-08,대전,대파,1kg,3480
2025-04-08,대전,파프리카,1개,2160
2025-04-08,대전,마늘,1kg,12067
2025-04-08,대전,브로콜리,1개,2427
2025-04-08,대전,사과,10개,34933
2025-04-08,대전,배,10개,57433
2025-04-09,대전,배추,1포기,6380
2025-04-09,대전,시금치,100g,6807
2025-04-09,대전,상추,100g,9620
2025-04-09,대전,얼갈이배추,1kg,4350
2025-04-09,대전,오이,10개,23300
2025-04-09,대전,호박,1개,2317
2025-04-09,대전,토마토,1kg,6337
2025-04-09,대전,무,1개,2600
2025-04-09,대전,당근,1kg,5833
2025-04-09,대전,열무,1kg,3903
2025-04-09,대전,양파,1kg,3720
2025-04-09,대전,대파,1kg,3480
2025-04-09,대전,파프리카,1개,2160
2025-04-09,대전,마늘,1kg,12067
2025-04-09,대전,브로콜리,1개,2427
2025-04-09,대전,사과,10개,34933
2025-04-09,대전,배,10개,57433
2025-04-10,대전,배추,1포기,6380
2025-04-10,대전,시금치,100g,6367
2025-04-10,대전,상추,100g,9967
2025-04-10,대전,얼갈이배추,1kg,3693
2025-04-10,대전,오이,10개,23300
2025-04-10,대전,호박,1개,1947
2025-04-10,대전,토마토,1kg,6003
2025-04-10,대전,무,1개,2600
2025-04-10,대전,당근,1kg,5817
2025-04-10,대전,열무,1kg,3310
2025-04-10,대전,양파,1kg,3760
2025-04-10,대전,대파,1kg,3303
2025-04-10,대전,파프리카,1개,2160
2025-04-10,대전,마늘,1kg,10963
2025-04-10,대전,브로콜리,1개,2537
2025-04-10,대전,사과,10개,32767
2025-04-10,대전,배,10개,58433
2025-04-11,대전,배추,1포기,6380
2025-04-11,대전,시금치,100g,6367
2025-04-11,대전,상추,100g,10067
2025-04-11,대전,얼갈이배추,1kg,3693
2025-04-11,대전,오이,10개,23300
2025-04-11,대전,호박,1개,1903
2025-04-11,대전,토마토,1kg,6003
2025-04-11,대전,무,1개,2700
2025-04-11,대전,당근,1kg,5817
2025-04-11,대전,열무,1kg,3310
2025-04-11,대전,양파,1kg,3760
2025-04-11,대전,대파,1kg,3303
2025-04-11,대전,파프리카,1개,2160
2025-04-11,대전,마늘,1kg,10963
2025-04-11,대전,브로콜리,1개,2537
2025-04-11,대전,사과,10개,32767
2025-04-11,대전,배,10개,58433
2025-04-14,대전,배추,1포기,6380
2025-04-14,대전,시금치,100g,6567
2025-04-14,대전,상추,100g,10267
2025-04-14,대전,얼갈이배추,1kg,3693
2025-04-14,대전,오이,10개,23300
2025-04-14,대전,호박,1개,1780
2025-04-14,대전,토마토,1kg,6003
2025-04-14,대전,무,1개,2700
2025-04-14,대전,당근,1kg,5703
2025-04-14,대전,열무,1kg,3310
2025-04-14,대전,양파,1kg,3313
2025-04-14,대전,대파,1kg,3303
2025-04-14,대전,파프리카,1개,2160
2025-04-14,대전,마늘,1kg,11600
2025-04-14,대전,브로콜리,1개,2537
2025-04-14,대전,사과,10개,32767
2025-04-14,대전,배,10개,58433
2025-04-15,대전,배추,1포기,6380
2025-04-15,대전,시금치,100g,6567
2025-04-15,대전,상추,100g,10267
2025-04-15,대전,얼갈이배추,1kg,3693
2025-04-15,대전,오이,10개,23300
2025-04-15,대전,호박,1개,1780
2025-04-15,대전,토마토,1kg,6003
2025-04-15,대전,무,1개,2800
2025-04-15,대전,당근,1kg,5703
2025-04-15,대전,열무,1kg,3367
2025-04-15,대전,양파,1kg,3313
2025-04-15,대전,대파,1kg,3480
2025-04-15,대전,파프리카,1개,2160
2025-04-15,대전,마늘,1kg,11600
2025-04-15,대전,브로콜리,1개,2593
2025-04-15,대전,사과,10개,32767
2025-04-15,대전,배,10개,58433
2025-04-16,대전,배추,1포기,6380
2025-04-16,대전,시금치,100g,6633
2025-04-16,대전,상추,100g,10267
2025-04-16,대전,얼갈이배추,1kg,3693
2025-04-16,대전,오이,10개,23300
2025-04-16,대전,호박,1개,1780
2025-04-16,대전,토마토,1kg,6003
2025-04-16,대전,무,1개,2800
2025-04-16,대전,당근,1kg,5543
2025-04-16,대전,열무,1kg,3367
2025-04-16,대전,양파,1kg,3440
2025-04-16,대전,대파,1kg,3480
2025-04-16,대전,파프리카,1개,2160
2025-04-16,대전,마늘,1kg,11600
2025-04-16,대전,브로콜리,1개,2593
2025-04-16,대전,사과,10개,32767
2025-04-16,대전,배,10개,58433
2025-04-17,대전,배추,1포기,5700
2025-04-17,대전,시금치,100g,7957
2025-04-17,대전,상추,100g,11833
2025-04-17,대전,얼갈이배추,1kg,3813
2025-04-17,대전,오이,10개,23300
2025-04-17,대전,호박,1개,1657
2025-04-17,대전,토마토,1kg,5820
2025-04-17,대전,무,1개,2800
2025-04-17,대전,당근,1kg,4610
2025-04-17,대전,열무,1kg,3443
2025-04-17,대전,양파,1kg,3660
2025-04-17,대전,대파,1kg,2657
2025-04-17,대전,파프리카,1개,2217
2025-04-17,대전,마늘,1kg,11600
2025-04-17,대전,브로콜리,1개,2593
2025-04-17,대전,사과,10개,32767
2025-04-17,대전,배,10개,58433
2025-04-18,대전,배추,1포기,5700
2025-04-18,대전,시금치,100g,8373
2025-04-18,대전,상추,100g,11833
2025-04-18,대전,얼갈이배추,1kg,3813
2025-04-18,대전,오이,10개,23300
2025-04-18,대전,호박,1개,1657
2025-04-18,대전,토마토,1kg,5820
2025-04-18,대전,무,1개,2800
2025-04-18,대전,당근,1kg,4610
2025-04-18,대전,열무,1kg,3333
2025-04-18,대전,양파,1kg,3660
2025-04-18,대전,대파,1kg,2657
2025-04-18,대전,파프리카,1개,2217
2025-04-18,대전,마늘,1kg,11683
2025-04-18,대전,브로콜리,1개,2593
2025-04-18,대전,사과,10개,32767
2025-04-18,대전,배,10개,58433
2025-04-21,대전,배추,1포기,5480
2025-04-21,대전,시금치,100g,8373
2025-04-21,대전,상추,100g,11533
2025-04-21,대전,얼갈이배추,1kg,3813
2025-04-21,대전,오이,10개,23300
2025-04-21,대전,호박,1개,1593
2025-04-21,대전,토마토,1kg,5820
2025-04-21,대전,무,1개,2500
2025-04-21,대전,당근,1kg,4610
2025-04-21,대전,열무,1kg,3167
2025-04-21,대전,양파,1kg,3660
2025-04-21,대전,대파,1kg,2657
2025-04-21,대전,파프리카,1개,2217
2025-04-21,대전,마늘,1kg,11817
2025-04-21,대전,브로콜리,1개,2593
2025-04-21,대전,사과,10개,34767
2025-04-21,대전,배,10개,58433
2025-04-22,대전,배추,1포기,5480
2025-04-22,대전,시금치,100g,8373
2025-04-22,대전,상추,100g,11533
2025-04-22,대전,얼갈이배추,1kg,3813
2025-04-22,대전,오이,10개,23300
2025-04-22,대전,호박,1개,1593
2025-04-22,대전,토마토,1kg,5653
2025-04-22,대전,무,1개,2500
2025-04-22,대전,당근,1kg,4610
2025-04-22,대전,열무,1kg,3167
2025-04-22,대전,양파,1kg,3660
2025-04-22,대전,대파,1kg,2657
2025-04-22,대전,파프리카,1개,2217
2025-04-22,대전,마늘,1kg,11817
2025-04-22,대전,브로콜리,1개,2593
2025-04-22,대전,사과,10개,34767
2025-04-22,대전,배,10개,58433
2025-04-23,대전,배추,1포기,5480
2025-04-23,대전,시금치,100g,8073
2025-04-23,대전,상추,100g,11533
2025-04-23,대전,얼갈이배추,1kg,3813
2025-04-23,대전,오이,10개,23300
2025-04-23,대전,호박,1개,1593
2025-04-23,대전,토마토,1kg,5653
2025-04-23,대전,무,1개,2500
2025-04-23,대전,당근,1kg,4337
2025-04-23,대전,열무,1kg,3167
2025-04-23,대전,양파,1kg,3660
2025-04-23,대전,대파,1kg,2657
2025-04-23,대전,파프리카,1개,2217
2025-04-23,대전,마늘,1kg,11817
2025-04-23,대전,브로콜리,1개,2593
2025-04-23,대전,사과,10개,34767
2025-04-23,대전,배,10개,58433
2025-04-24,대전,배추,1포기,4827
2025-04-24,대전,시금치,100g,7183
2025-04-24,대전,상추,100g,11733
2025-04-24,대전,얼갈이배추,1kg,3527
2025-04-24,대전,오이,10개,23300
2025-04-24,대전,호박,1개,1260
2025-04-24,대전,토마토,1kg,5957
2025-04-24,대전,무,1개,2700
2025-04-24,대전,당근,1kg,4830
2025-04-24,대전,열무,1kg,2913
2025-04-24,대전,양파,1kg,3493
2025-04-24,대전,대파,1kg,2213
2025-04-24,대전,파프리카,1개,1827
2025-04-24,대전,마늘,1kg,11017
2025-04-24,대전,브로콜리,1개,2593
2025-04-24,대전,사과,10개,31400
2025-04-24,대전,배,10개,60100
2025-04-25,대전,배추,1포기,4827
2025-04-25,대전,시금치,100g,7183
2025-04-25,대전,상추,100g,11733
2025-04-25,대전,얼갈이배추,1kg,3527
2025-04-25,대전,오이,10개,23300
2025-04-25,대전,호박,1개,1260
2025-04-25,대전,토마토,1kg,5290
2025-04-25,대전,무,1개,2600
2025-04-25,대전,당근,1kg,4003
2025-04-25,대전,열무,1kg,2913
2025-04-25,대전,양파,1kg,3493
2025-04-25,대전,대파,1kg,2213
2025-04-25,대전,파프리카,1개,1993
2025-04-25,대전,마늘,1kg,11017
2025-04-25,대전,브로콜리,1개,2593
2025-04-25,대전,사과,10개,31400
2025-04-25,대전,배,10개,60100
2025-04-28,대전,배추,1포기,4827
2025-04-28,대전,시금치,100g,7490
2025-04-28,대전,상추,100g,12033
2025-04-28,대전,얼갈이배추,1kg,3193
2025-04-28,대전,오이,10개,23300
2025-04-28,대전,호박,1개,1423
2025-04-28,대전,토마토,1kg,6187
2025-04-28,대전,무,1개,2700
2025-04-28,대전,당근,1kg,4003
2025-04-28,대전,열무,1kg,2913
2025-04-28,대전,양파,1kg,3493
2025-04-28,대전,대파,1kg,2160
2025-04-28,대전,파프리카,1개,1993
2025-04-28,대전,마늘,1kg,11017
2025-04-28,대전,브로콜리,1개,2593
2025-04-28,대전,사과,10개,30733
2025-04-28,대전,배,10개,66200
2025-04-29,대전,배추,1포기,4827
2025-04-29,대전,시금치,100g,7490
2025-04-29,대전,상추,100g,12033
2025-04-29,대전,얼갈이배추,1kg,3470
2025-04-29,대전,오이,10개,23300
2025-04-29,대전,호박,1개,1423
2025-04-29,대전,토마토,1kg,6187
2025-04-29,대전,무,1개,2700
2025-04-29,대전,당근,1kg,4003
2025-04-29,대전,열무,1kg,3027
2025-04-29,대전,양파,1kg,3493
2025-04-29,대전,대파,1kg,2160
2025-04-29,대전,파프리카,1개,1993
2025-04-29,대전,마늘,1kg,11200
2025-04-29,대전,브로콜리,1개,2593
2025-04-29,대전,사과,10개,30733
2025-04-29,대전,배,10개,66200
2025-04-30,대전,배추,1포기,4827
2025-04-30,대전,시금치,100g,7790
2025-04-30,대전,상추,100g,9670
2025-04-30,대전,얼갈이배추,1kg,3527
2025-04-30,대전,오이,10개,23300
2025-04-30,대전,호박,1개,1423
2025-04-30,대전,토마토,1kg,6187
2025-04-30,대전,무,1개,2700
2025-04-30,대전,당근,1kg,4003
2025-04-30,대전,열무,1kg,2957
2025-04-30,대전,양파,1kg,3493
2025-04-30,대전,대파,1kg,2160
2025-04-30,대전,파프리카,1개,1993
2025-04-30,대전,마늘,1kg,11233
2025-04-30,대전,브로콜리,1개,2593
2025-04-30,대전,사과,10개,30067
2025-04-30,대전,배,10개,66200
2025-05-02,부산,배추,1포기,5483
2025-05-02,부산,시금치,100g,7478
2025-05-02,부산,상추,100g,8753
2025-05-02,부산,얼갈이배추,1kg,2163
2025-05-02,부산,오이,10개,10665
2025-05-02,부산,호박,1개,1143
2025-05-02,부산,토마토,1kg,3965
2025-05-02,부산,무,1개,3090
2025-05-02,부산,당근,1kg,4543
2025-05-02,부산,열무,1kg,2428
2025-05-02,부산,양파,1kg,2755
2025-05-02,부산,대파,1kg,1968
2025-05-02,부산,피망,100g,11450
2025-05-02,부산,파프리카,1개,1675
2025-05-02,부산,마늘,1kg,11013
2025-05-02,부산,브로콜리,1개,2963
2025-05-02,부산,사과,10개,25000
2025-05-02,부산,배,10개,49800
2025-05-07,부산,배추,1포기,5468
2025-05-07,부산,시금치,100g,6958
2025-05-07,부산,상추,100g,8753
2025-05-07,부산,얼갈이배추,1kg,2175
2025-05-07,부산,오이,10개,10625
2025-05-07,부산,호박,1개,1200
2025-05-07,부산,토마토,1kg,4080
2025-05-07,부산,무,1개,3090
2025-05-07,부산,당근,1kg,4510
2025-05-07,부산,열무,1kg,2353
2025-05-07,부산,양파,1kg,2583
2025-05-07,부산,대파,1kg,1858
2025-05-07,부산,피망,100g,14267
2025-05-07,부산,파프리카,1개,1670
2025-05-07,부산,마늘,1kg,11065
2025-05-07,부산,브로콜리,1개,2963
2025-05-07,부산,사과,10개,25000
2025-05-07,부산,배,10개,46500
2025-05-08,부산,배추,1포기,4463
2025-05-08,부산,시금치,100g,7178
2025-05-08,부산,상추,100g,8753
2025-05-08,부산,얼갈이배추,1kg,2123
2025-05-08,부산,오이,10개,10558
2025-05-08,부산,호박,1개,1118
2025-05-08,부산,토마토,1kg,4040
2025-05-08,부산,무,1개,3200
2025-05-08,부산,당근,1kg,4653
2025-05-08,부산,열무,1kg,2253
2025-05-08,부산,양파,1kg,2875
2025-05-08,부산,대파,1kg,2010
2025-05-08,부산,피망,100g,14233
2025-05-08,부산,파프리카,1개,1398
2025-05-08,부산,마늘,1kg,12725
2025-05-08,부산,브로콜리,1개,1770
2025-05-08,부산,사과,10개,24000
2025-05-08,부산,배,10개,49300
2025-05-09,부산,배추,1포기,4463
2025-05-09,부산,시금치,100g,7400
2025-05-09,부산,상추,100g,8753
2025-05-09,부산,얼갈이배추,1kg,2065
2025-05-09,부산,오이,10개,10058
2025-05-09,부산,호박,1개,1118
2025-05-09,부산,토마토,1kg,3790
2025-05-09,부산,무,1개,3260
2025-05-09,부산,당근,1kg,4653
2025-05-09,부산,열무,1kg,2203
2025-05-09,부산,양파,1kg,2888
2025-05-09,부산,대파,1kg,2105
2025-05-09,부산,피망,100g,14233
2025-05-09,부산,파프리카,1개,1398
2025-05-09,부산,마늘,1kg,12725
2025-05-09,부산,브로콜리,1개,1795
2025-05-09,부산,사과,10개,24000
2025-05-09,부산,배,10개,49300
2025-05-12,부산,배추,1포기,4463
2025-05-12,부산,시금치,100g,7130
2025-05-12,부산,상추,100g,8753
2025-05-12,부산,얼갈이배추,1kg,2065
2025-05-12,부산,오이,10개,10058
2025-05-12,부산,호박,1개,1193
2025-05-12,부산,토마토,1kg,3773
2025-05-12,부산,무,1개,3330
2025-05-12,부산,당근,1kg,4323
2025-05-12,부산,열무,1kg,2190
2025-05-12,부산,양파,1kg,2888
2025-05-12,부산,대파,1kg,2105
2025-05-12,부산,피망,100g,14233
2025-05-12,부산,파프리카,1개,1323
2025-05-12,부산,마늘,1kg,12725
2025-05-12,부산,브로콜리,1개,1800
2025-05-12,부산,사과,10개,24000
2025-05-12,부산,배,10개,49300
2025-05-13,부산,배추,1포기,4463
2025-05-13,부산,시금치,100g,6795
2025-05-13,부산,상추,100g,8753
2025-05-13,부산,얼갈이배추,1kg,2055
2025-05-13,부산,오이,10개,10058
2025-05-13,부산,호박,1개,1193
2025-05-13,부산,토마토,1kg,3773
2025-05-13,부산,무,1개,3400
2025-05-13,부산,당근,1kg,4308
2025-05-13,부산,열무,1kg,2190
2025-05-13,부산,양파,1kg,2888
2025-05-13,부산,대파,1kg,2098
2025-05-13,부산,피망,100g,14233
2025-05-13,부산,파프리카,1개,1568
2025-05-13,부산,마늘,1kg,12725
2025-05-13,부산,브로콜리,1개,2550
2025-05-13,부산,사과,10개,24000
2025-05-13,부산,배,10개,49300
2025-05-14,부산,배추,1포기,4543
2025-05-14,부산,시금치,100g,8070
2025-05-14,부산,상추,100g,8753
2025-05-14,부산,얼갈이배추,1kg,2055
2025-05-14,부산,오이,10개,10058
2025-05-14,부산,호박,1개,1188
2025-05-14,부산,토마토,1kg,3773
2025-05-14,부산,무,1개,3400
2025-05-14,부산,당근,1kg,4818
2025-05-14,부산,열무,1kg,2270
2025-05-14,부산,양파,1kg,2840
2025-05-14,부산,대파,1kg,2098
2025-05-14,부산,피망,100g,14200
2025-05-14,부산,파프리카,1개,1558
2025-05-14,부산,마늘,1kg,12800
2025-05-14,부산,브로콜리,1개,2425
2025-05-14,부산,사과,10개,25000
2025-05-14,부산,배,10개,49300
2025-05-15,부산,배추,1포기,4043
2025-05-15,부산,시금치,100g,7228
2025-05-15,부산,상추,100g,8373
2025-05-15,부산,얼갈이배추,1kg,2008
2025-05-15,부산,오이,10개,9308
2025-05-15,부산,호박,1개,1163
2025-05-15,부산,토마토,1kg,3898
2025-05-15,부산,무,1개,3400
2025-05-15,부산,당근,1kg,4023
2025-05-15,부산,열무,1kg,2078
2025-05-15,부산,양파,1kg,2403
2025-05-15,부산,대파,1kg,1840
2025-05-15,부산,피망,100g,14200
2025-05-15,부산,파프리카,1개,1308
2025-05-15,부산,마늘,1kg,10723
2025-05-15,부산,브로콜리,1개,2050
2025-05-15,부산,사과,10개,25000
2025-05-15,부산,배,10개,48667
2025-05-16,부산,배추,1포기,3980
2025-05-16,부산,시금치,100g,7203
2025-05-16,부산,상추,100g,8340
2025-05-16,부산,얼갈이배추,1kg,2020
2025-05-16,부산,오이,10개,9283
2025-05-16,부산,호박,1개,1163
2025-05-16,부산,토마토,1kg,4010
2025-05-16,부산,무,1개,3400
2025-05-16,부산,당근,1kg,4008
2025-05-16,부산,열무,1kg,2100
2025-05-16,부산,양파,1kg,2398
2025-05-16,부산,대파,1kg,1803
2025-05-16,부산,피망,100g,14200
2025-05-16,부산,파프리카,1개,1308
2025-05-16,부산,마늘,1kg,11073
2025-05-16,부산,브로콜리,1개,2070
2025-05-16,부산,사과,10개,25000
2025-05-16,부산,배,10개,48567
2025-05-19,부산,배추,1포기,3968
2025-05-19,부산,시금치,100g,7203
2025-05-19,부산,상추,100g,8340
2025-05-19,부산,얼갈이배추,1kg,2015
2025-05-19,부산,오이,10개,9700
2025-05-19,부산,호박,1개,1103
2025-05-19,부산,토마토,1kg,4513
2025-05-19,부산,무,1개,3400
2025-05-19,부산,당근,1kg,3998
2025-05-19,부산,열무,1kg,2088
2025-05-19,부산,양파,1kg,2398
2025-05-19,부산,대파,1kg,2300
2025-05-19,부산,피망,100g,14200
2025-05-19,부산,파프리카,1개,1375
2025-05-19,부산,마늘,1kg,13100
2025-05-19,부산,브로콜리,1개,2050
2025-05-19,부산,사과,10개,23550
2025-05-19,부산,배,10개,48567
2025-05-20,부산,배추,1포기,3968
2025-05-20,부산,시금치,100g,8353
2025-05-20,부산,상추,100g,8340
2025-05-20,부산,얼갈이배추,1kg,2015
2025-05-20,부산,오이,10개,10100
2025-05-20,부산,호박,1개,1163
2025-05-20,부산,토마토,1kg,4835
2025-05-20,부산,무,1개,2890
2025-05-20,부산,당근,1kg,4233
2025-05-20,부산,열무,1kg,2315
2025-05-20,부산,양파,1kg,2555
2025-05-20,부산,대파,1kg,2300
2025-05-20,부산,피망,100g,14200
2025-05-20,부산,파프리카,1개,1320
2025-05-20,부산,마늘,1kg,13600
2025-05-20,부산,브로콜리,1개,2050
2025-05-20,부산,사과,10개,25000
2025-05-20,부산,배,10개,48567
2025-05-21,부산,배추,1포기,3968
2025-05-21,부산,시금치,100g,7645
2025-05-21,부산,상추,100g,8307
2025-05-21,부산,얼갈이배추,1kg,2008
2025-05-21,부산,오이,10개,10058
2025-05-21,부산,호박,1개,1218
2025-05-21,부산,토마토,1kg,4835
2025-05-21,부산,무,1개,2380
2025-05-21,부산,당근,1kg,4233
2025-05-21,부산,열무,1kg,2315
2025-05-21,부산,양파,1kg,2535
2025-05-21,부산,대파,1kg,2315
2025-05-21,부산,피망,100g,14200
2025-05-21,부산,파프리카,1개,1395
2025-05-21,부산,마늘,1kg,13600
2025-05-21,부산,브로콜리,1개,2010
2025-05-21,부산,사과,10개,25000
2025-05-21,부산,배,10개,48567
2025-05-22,부산,배추,1포기,3468
2025-05-22,부산,시금치,100g,7933
2025-05-22,부산,상추,100g,8690
2025-05-22,부산,얼갈이배추,1kg,2140
2025-05-22,부산,오이,10개,9563
2025-05-22,부산,호박,1개,1083
2025-05-22,부산,토마토,1kg,4620
2025-05-22,부산,무,1개,2490
2025-05-22,부산,당근,1kg,3725
2025-05-22,부산,열무,1kg,2368
2025-05-22,부산,양파,1kg,2275
2025-05-22,부산,대파,1kg,2365
2025-05-22,부산,피망,100g,13333
2025-05-22,부산,파프리카,1개,1408
2025-05-22,부산,마늘,1kg,14150
2025-05-22,부산,브로콜리,1개,2135
2025-05-22,부산,사과,10개,24400
2025-05-22,부산,배,10개,49150
2025-05-23,부산,배추,1포기,3323
2025-05-23,부산,시금치,100g,7370
2025-05-23,부산,상추,100g,8690
2025-05-23,부산,얼갈이배추,1kg,2120
2025-05-23,부산,오이,10개,9093
2025-05-23,부산,호박,1개,1053
2025-05-23,부산,토마토,1kg,4253
2025-05-23,부산,무,1개,2490
2025-05-23,부산,당근,1kg,3448
2025-05-23,부산,열무,1kg,2368
2025-05-23,부산,양파,1kg,2073
2025-05-23,부산,대파,1kg,2268
2025-05-23,부산,피망,100g,13333
2025-05-23,부산,파프리카,1개,1303
2025-05-23,부산,마늘,1kg,14150
2025-05-23,부산,브로콜리,1개,2077
2025-05-23,부산,사과,10개,24000
2025-05-23,부산,배,10개,39400
2025-05-26,부산,배추,1포기,3267
2025-05-26,부산,시금치,100g,7345
2025-05-26,부산,상추,100g,8690
2025-05-26,부산,얼갈이배추,1kg,2120
2025-05-26,부산,오이,10개,9093
2025-05-26,부산,호박,1개,1053
2025-05-26,부산,토마토,1kg,4253
2025-05-26,부산,무,1개,2440
2025-05-26,부산,당근,1kg,3440
2025-05-26,부산,열무,1kg,2368
2025-05-26,부산,양파,1kg,2073
2025-05-26,부산,대파,1kg,2285
2025-05-26,부산,피망,100g,13333
2025-05-26,부산,파프리카,1개,1303
2025-05-26,부산,마늘,1kg,14250
2025-05-26,부산,브로콜리,1개,2077
2025-05-26,부산,사과,10개,24000
2025-05-26,부산,배,10개,39400
2025-05-27,부산,배추,1포기,3210
2025-05-27,부산,시금치,100g,7345
2025-05-27,부산,상추,100g,8690
2025-05-27,부산,얼갈이배추,1kg,2120
2025-05-27,부산,오이,10개,9093
2025-05-27,부산,호박,1개,1078
2025-05-27,부산,토마토,1kg,4253
2025-05-27,부산,무,1개,2440
2025-05-27,부산,당근,1kg,3440
2025-05-27,부산,열무,1kg,2380
2025-05-27,부산,양파,1kg,2073
2025-05-27,부산,대파,1kg,2285
2025-05-27,부산,피망,100g,13333
2025-05-27,부산,파프리카,1개,1303
2025-05-27,부산,마늘,1kg,14250
2025-05-27,부산,브로콜리,1개,2077
2025-05-27,부산,사과,10개,24000
2025-05-27,부산,배,10개,39400
2025-05-28,부산,배추,1포기,3148
2025-05-28,부산,시금치,100g,7345
2025-05-28,부산,상추,100g,8690
2025-05-28,부산,얼갈이배추,1kg,2268
2025-05-28,부산,오이,10개,9313
2025-05-28,부산,호박,1개,1208
2025-05-28,부산,토마토,1kg,4253
2025-05-28,부산,무,1개,2440
2025-05-28,부산,당근,1kg,3430
2025-05-28,부산,열무,1kg,2255
2025-05-28,부산,양파,1kg,2170
2025-05-28,부산,대파,1kg,2268
2025-05-28,부산,피망,100g,13267
2025-05-28,부산,파프리카,1개,1370
2025-05-28,부산,마늘,1kg,14275
2025-05-28,부산,브로콜리,1개,2077
2025-05-28,부산,사과,10개,25425
2025-05-28,부산,배,10개,39167
2025-05-29,부산,배추,1포기,3148
2025-05-29,부산,시금치,100g,7178
2025-05-29,부산,상추,100g,8690
2025-05-29,부산,얼갈이배추,1kg,2175
2025-05-29,부산,오이,10개,9113
2025-05-29,부산,호박,1개,953
2025-05-29,부산,토마토,1kg,3978
2025-05-29,부산,무,1개,2240
2025-05-29,부산,당근,1kg,3308
2025-05-29,부산,열무,1kg,2176
2025-05-29,부산,양파,1kg,1900
2025-05-29,부산,대파,1kg,1848
2025-05-29,부산,피망,100g,13267
2025-05-29,부산,파프리카,1개,1240
2025-05-29,부산,마늘,1kg,14450
2025-05-29,부산,브로콜리,1개,2365
2025-05-29,부산,사과,10개,21525
2025-05-29,부산,배,10개,38933
2025-05-30,부산,배추,1포기,3148
2025-05-30,부산,시금치,100g,6920
2025-05-30,부산,상추,100g,8690
2025-05-30,부산,얼갈이배추,1kg,2180
2025-05-30,부산,오이,10개,9125
2025-05-30,부산,호박,1개,1103
2025-05-30,부산,토마토,1kg,3085
2025-05-30,부산,무,1개,2240
2025-05-30,부산,당근,1kg,3298
2025-05-30,부산,열무,1kg,2068
2025-05-30,부산,양파,1kg,1870
2025-05-30,부산,대파,1kg,1828
2025-05-30,부산,피망,100g,13267
2025-05-30,부산,파프리카,1개,1243
2025-05-30,부산,마늘,1kg,14450
2025-05-30,부산,브로콜리,1개,2373
2025-05-30,부산,사과,10개,21525
2025-05-30,부산,배,10개,38933
2025-06-02,부산,배추,1포기,3148
2025-06-02,부산,시금치,100g,6920
2025-06-02,부산,상추,100g,9000
2025-06-02,부산,얼갈이배추,1kg,2180
2025-06-02,부산,오이,10개,9450
2025-06-02,부산,호박,1개,1103
2025-06-02,부산,토마토,1kg,3085
2025-06-02,부산,무,1개,2240
2025-06-02,부산,당근,1kg,3298
2025-06-02,부산,열무,1kg,2068
2025-06-02,부산,양파,1kg,1870
2025-06-02,부산,대파,1kg,1828
2025-06-02,부산,피망,100g,13267
2025-06-02,부산,파프리카,1개,1243
2025-06-02,부산,마늘,1kg,14450
2025-06-02,부산,브로콜리,1개,2373
2025-06-02,부산,사과,10개,21525
2025-06-02,부산,배,10개,38933
2025-06-04,부산,배추,1포기,3108
2025-06-04,부산,시금치,100g,6920
2025-06-04,부산,상추,100g,9033
2025-06-04,부산,얼갈이배추,1kg,2180
2025-06-04,부산,오이,10개,9450
2025-06-04,부산,호박,1개,1103
2025-06-04,부산,토마토,1kg,3660
2025-06-04,부산,무,1개,2097
2025-06-04,부산,당근,1kg,3298
2025-06-04,부산,열무,1kg,2068
2025-06-04,부산,양파,1kg,1870
2025-06-04,부산,대파,1kg,1940
2025-06-04,부산,피망,100g,13267
2025-06-04,부산,파프리카,1개,1243
2025-06-04,부산,마늘,1kg,14450
2025-06-04,부산,브로콜리,1개,2373
2025-06-04,부산,사과,10개,21525
2025-06-04,부산,배,10개,38933
2025-06-05,부산,배추,1포기,3123
2025-06-05,부산,시금치,100g,6920
2025-06-05,부산,상추,100g,9033
2025-06-05,부산,얼갈이배추,1kg,2008
2025-06-05,부산,오이,10개,9125
2025-06-05,부산,호박,1개,1300
2025-06-05,부산,토마토,1kg,3960
2025-06-05,부산,무,1개,2197
2025-06-05,부산,당근,1kg,3405
2025-06-05,부산,열무,1kg,1942
2025-06-05,부산,양파,1kg,1823
2025-06-05,부산,대파,1kg,1930
2025-06-05,부산,피망,100g,13267
2025-06-05,부산,파프리카,1개,1175
2025-06-05,부산,마늘,1kg,14250
2025-06-05,부산,브로콜리,1개,2333
2025-06-05,부산,사과,10개,24225
2025-06-05,부산,배,10개,38933
2025-06-09,부산,배추,1포기,3383
2025-06-09,부산,시금치,100g,7715
2025-06-09,부산,상추,100g,9033
2025-06-09,부산,얼갈이배추,1kg,2165
2025-06-09,부산,오이,10개,9595
2025-06-09,부산,호박,1개,1230
2025-06-09,부산,토마토,1kg,4203
2025-06-09,부산,무,1개,2163
2025-06-09,부산,당근,1kg,3975
2025-06-09,부산,열무,1kg,2142
2025-06-09,부산,양파,1kg,1923
2025-06-09,부산,대파,1kg,2128
2025-06-09,부산,피망,100g,13300
2025-06-09,부산,파프리카,1개,1255
2025-06-09,부산,마늘,1kg,13200
2025-06-09,부산,브로콜리,1개,2313
2025-06-09,부산,사과,10개,24625
2025-06-09,부산,배,10개,48450
2025-06-10,부산,배추,1포기,3333
2025-06-10,부산,시금치,100g,7715
2025-06-10,부산,상추,100g,9033
2025-06-10,부산,얼갈이배추,1kg,2165
2025-06-10,부산,오이,10개,9595
2025-06-10,부산,호박,1개,1230
2025-06-10,부산,토마토,1kg,4203
2025-06-10,부산,무,1개,2163
2025-06-10,부산,당근,1kg,3975
2025-06-10,부산,열무,1kg,2142
2025-06-10,부산,양파,1kg,1923
2025-06-10,부산,대파,1kg,2128
2025-06-10,부산,피망,100g,13300
2025-06-10,부산,파프리카,1개,1430
2025-06-10,부산,마늘,1kg,13200
2025-06-10,부산,브로콜리,1개,2358
2025-06-10,부산,사과,10개,24625
2025-06-10,부산,배,10개,48450
2025-06-11,부산,배추,1포기,3333
2025-06-11,부산,시금치,100g,7740
2025-06-11,부산,상추,100g,9067
2025-06-11,부산,얼갈이배추,1kg,2283
2025-06-11,부산,오이,10개,9625
2025-06-11,부산,호박,1개,1230
2025-06-11,부산,토마토,1kg,3988
2025-06-11,부산,무,1개,2080
2025-06-11,부산,당근,1kg,4100
2025-06-11,부산,열무,1kg,2203
2025-06-11,부산,양파,1kg,1993
2025-06-11,부산,대파,1kg,2128
2025-06-11,부산,피망,100g,13300
2025-06-11,부산,파프리카,1개,1433
2025-06-11,부산,마늘,1kg,13200
2025-06-11,부산,브로콜리,1개,2033
2025-06-11,부산,사과,10개,24675
2025-06-11,부산,배,10개,48450
2025-06-12,부산,배추,1포기,3108
2025-06-12,부산,시금치,100g,6918
2025-06-12,부산,상추,100g,9067
2025-06-12,부산,얼갈이배추,1kg,2275
2025-06-12,부산,오이,10개,8915
2025-06-12,부산,호박,1개,1080
2025-06-12,부산,토마토,1kg,3973
2025-06-12,부산,무,1개,2058
2025-06-12,부산,당근,1kg,3715
2025-06-12,부산,열무,1kg,2230
2025-06-12,부산,양파,1kg,1878
2025-06-12,부산,대파,1kg,1978
2025-06-12,부산,피망,100g,13300
2025-06-12,부산,파프리카,1개,1345
2025-06-12,부산,마늘,1kg,13200
2025-06-12,부산,브로콜리,1개,1608
2025-06-12,부산,사과,10개,25625
2025-06-12,부산,배,10개,48450
2025-06-13,부산,배추,1포기,3108
2025-06-13,부산,시금치,100g,7278
2025-06-13,부산,상추,100g,9067
2025-06-13,부산,얼갈이배추,1kg,2275
2025-06-13,부산,오이,10개,8915
2025-06-13,부산,호박,1개,1005
2025-06-13,부산,토마토,1kg,4188
2025-06-13,부산,무,1개,1918
2025-06-13,부산,당근,1kg,3465
2025-06-13,부산,열무,1kg,2230
2025-06-13,부산,양파,1kg,1768
2025-06-13,부산,대파,1kg,1978
2025-06-13,부산,피망,100g,13300
2025-06-13,부산,파프리카,1개,1245
2025-06-13,부산,마늘,1kg,13200
2025-06-13,부산,브로콜리,1개,1558
2025-06-13,부산,사과,10개,24625
2025-06-13,부산,배,10개,48450
2025-06-16,부산,배추,1포기,3150
2025-06-16,부산,시금치,100g,7278
2025-06-16,부산,상추,100g,9067
2025-06-16,부산,얼갈이배추,1kg,2275
2025-06-16,부산,오이,10개,8875
2025-06-16,부산,호박,1개,995
2025-06-16,부산,토마토,1kg,4165
2025-06-16,부산,무,1개,1955
2025-06-16,부산,당근,1kg,3440
2025-06-16,부산,열무,1kg,2265
2025-06-16,부산,양파,1kg,1760
2025-06-16,부산,대파,1kg,2175
2025-06-16,부산,피망,100g,13367
2025-06-16,부산,파프리카,1개,1240
2025-06-16,부산,마늘,1kg,13200
2025-06-16,부산,브로콜리,1개,1543
2025-06-16,부산,사과,10개,24625
2025-06-16,부산,배,10개,48450
2025-06-17,부산,배추,1포기,3400
2025-06-17,부산,시금치,100g,7980
2025-06-17,부산,상추,100g,9067
2025-06-17,부산,얼갈이배추,1kg,2388
2025-06-17,부산,오이,10개,8850
2025-06-17,부산,호박,1개,1100
2025-06-17,부산,토마토,1kg,4283
2025-06-17,부산,무,1개,2218
2025-06-17,부산,당근,1kg,4278
2025-06-17,부산,열무,1kg,2305
2025-06-17,부산,양파,1kg,1863
2025-06-17,부산,대파,1kg,2368
2025-06-17,부산,피망,100g,13300
2025-06-17,부산,파프리카,1개,1420
2025-06-17,부산,마늘,1kg,13200
2025-06-17,부산,브로콜리,1개,1893
2025-06-17,부산,사과,10개,26175
2025-06-17,부산,배,10개,48450
2025-06-18,부산,배추,1포기,3400
2025-06-18,부산,시금치,100g,7980
2025-06-18,부산,상추,100g,9067
2025-06-18,부산,얼갈이배추,1kg,2388
2025-06-18,부산,오이,10개,8825
2025-06-18,부산,호박,1개,1100
2025-06-18,부산,토마토,1kg,4275
2025-06-18,부산,무,1개,2218
2025-06-18,부산,당근,1kg,4270
2025-06-18,부산,열무,1kg,2315
2025-06-18,부산,양파,1kg,1863
2025-06-18,부산,대파,1kg,2368
2025-06-18,부산,피망,100g,13300
2025-06-18,부산,파프리카,1개,1420
2025-06-18,부산,마늘,1kg,13200
2025-06-18,부산,브로콜리,1개,1893
2025-06-18,부산,사과,10개,26175
2025-06-18,부산,배,10개,48450
2025-06-19,부산,배추,1포기,3450
2025-06-19,부산,시금치,100g,9035
2025-06-19,부산,상추,100g,8757
2025-06-19,부산,얼갈이배추,1kg,2458
2025-06-19,부산,오이,10개,8550
2025-06-19,부산,호박,1개,1013
2025-06-19,부산,토마토,1kg,4650
2025-06-19,부산,무,1개,2218
2025-06-19,부산,당근,1kg,4585
2025-06-19,부산,열무,1kg,2385
2025-06-19,부산,양파,1kg,2035
2025-06-19,부산,대파,1kg,2548
2025-06-19,부산,피망,100g,13300
2025-06-19,부산,파프리카,1개,1120
2025-06-19,부산,마늘,1kg,13200
2025-06-19,부산,브로콜리,1개,2055
2025-06-19,부산,사과,10개,26175
2025-06-19,부산,배,10개,45300
2025-06-20,부산,배추,1포기,3450
2025-06-20,부산,시금치,100g,9035
2025-06-20,부산,상추,100g,8757
2025-06-20,부산,얼갈이배추,1kg,2405
2025-06-20,부산,오이,10개,8550
2025-06-20,부산,호박,1개,1013
2025-06-20,부산,토마토,1kg,4650
2025-06-20,부산,무,1개,2218
2025-06-20,부산,당근,1kg,4585
2025-06-20,부산,열무,1kg,2363
2025-06-20,부산,양파,1kg,2035
2025-06-20,부산,대파,1kg,2548
2025-06-20,부산,피망,100g,13300
2025-06-20,부산,파프리카,1개,1120
2025-06-20,부산,마늘,1kg,13200
2025-06-20,부산,브로콜리,1개,2243
2025-06-20,부산,사과,10개,26175
2025-06-20,부산,배,10개,45300
2025-06-23,부산,배추,1포기,3458
2025-06-23,부산,시금치,100g,9060
2025-06-23,부산,상추,100g,8757
2025-06-23,부산,얼갈이배추,1kg,2403
2025-06-23,부산,오이,10개,8958
2025-06-23,부산,호박,1개,1088
2025-06-23,부산,토마토,1kg,4113
2025-06-23,부산,무,1개,2280
2025-06-23,부산,당근,1kg,4280
2025-06-23,부산,열무,1kg,2415
2025-06-23,부산,양파,1kg,2035
2025-06-23,부산,대파,1kg,2790
2025-06-23,부산,피망,100g,13267
2025-06-23,부산,파프리카,1개,1180
2025-06-23,부산,마늘,1kg,13200
2025-06-23,부산,브로콜리,1개,2230
2025-06-23,부산,사과,10개,26175
2025-06-23,부산,배,10개,45300
2025-06-24,부산,배추,1포기,3458
2025-06-24,부산,시금치,100g,9060
2025-06-24,부산,상추,100g,8890
2025-06-24,부산,얼갈이배추,1kg,2415
2025-06-24,부산,오이,10개,8958
2025-06-24,부산,호박,1개,1088
2025-06-24,부산,토마토,1kg,4095
2025-06-24,부산,무,1개,2243
2025-06-24,부산,당근,1kg,4250
2025-06-24,부산,열무,1kg,2428
2025-06-24,부산,양파,1kg,2025
2025-06-24,부산,대파,1kg,2798
2025-06-24,부산,피망,100g,13267
2025-06-24,부산,파프리카,1개,1180
2025-06-24,부산,마늘,1kg,13200
2025-06-24,부산,브로콜리,1개,2230
2025-06-24,부산,사과,10개,26175
2025-06-24,부산,배,10개,45300
2025-06-25,부산,배추,1포기,3583
2025-06-25,부산,시금치,100g,9060
2025-06-25,부산,상추,100g,8890
2025-06-25,부산,얼갈이배추,1kg,2415
2025-06-25,부산,오이,10개,9040
2025-06-25,부산,호박,1개,1463
2025-06-25,부산,토마토,1kg,4083
2025-06-25,부산,무,1개,2280
2025-06-25,부산,당근,1kg,4243
2025-06-25,부산,열무,1kg,2428
2025-06-25,부산,양파,1kg,2025
2025-06-25,부산,대파,1kg,2798
2025-06-25,부산,피망,100g,13267
2025-06-25,부산,파프리카,1개,1175
2025-06-25,부산,마늘,1kg,12450
2025-06-25,부산,브로콜리,1개,2230
2025-06-25,부산,사과,10개,26175
2025-06-25,부산,배,10개,45150
2025-06-26,부산,배추,1포기,3743
2025-06-26,부산,시금치,100g,9045
2025-06-26,부산,상추,100g,8653
2025-06-26,부산,얼갈이배추,1kg,2380
2025-06-26,부산,오이,10개,9063
2025-06-26,부산,호박,1개,1470
2025-06-26,부산,토마토,1kg,3543
2025-06-26,부산,무,1개,2180
2025-06-26,부산,당근,1kg,3590
2025-06-26,부산,열무,1kg,2478
2025-06-26,부산,양파,1kg,1775
2025-06-26,부산,대파,1kg,2548
2025-06-26,부산,피망,100g,14967
2025-06-26,부산,파프리카,1개,1270
2025-06-26,부산,마늘,1kg,11900
2025-06-26,부산,브로콜리,1개,1733
2025-06-26,부산,사과,10개,25425
2025-06-26,부산,배,10개,45150
2025-06-27,부산,배추,1포기,3743
2025-06-27,부산,시금치,100g,9045
2025-06-27,부산,상추,100g,8653
2025-06-27,부산,얼갈이배추,1kg,2380
2025-06-27,부산,오이,10개,9638
2025-06-27,부산,호박,1개,1470
2025-06-27,부산,토마토,1kg,3543
2025-06-27,부산,무,1개,2180
2025-06-27,부산,당근,1kg,3590
2025-06-27,부산,열무,1kg,2478
2025-06-27,부산,양파,1kg,1775
2025-06-27,부산,대파,1kg,2548
2025-06-27,부산,피망,100g,14967
2025-06-27,부산,파프리카,1개,1095
2025-06-27,부산,마늘,1kg,12950
2025-06-27,부산,브로콜리,1개,1733
2025-06-27,부산,사과,10개,24625
2025-06-27,부산,배,10개,45150
2025-06-30,부산,배추,1포기,3743
2025-06-30,부산,시금치,100g,9070
2025-06-30,부산,상추,100g,8687
2025-06-30,부산,얼갈이배추,1kg,2263
2025-06-30,부산,오이,10개,9638
2025-06-30,부산,호박,1개,1480
2025-06-30,부산,토마토,1kg,3543
2025-06-30,부산,무,1개,2180
2025-06-30,부산,당근,1kg,3590
2025-06-30,부산,열무,1kg,2538
2025-06-30,부산,양파,1kg,1870
2025-06-30,부산,대파,1kg,2548
2025-06-30,부산,피망,100g,14967
2025-06-30,부산,파프리카,1개,1270
2025-06-30,부산,마늘,1kg,12950
2025-06-30,부산,브로콜리,1개,1783
2025-06-30,부산,사과,10개,24625
2025-06-30,부산,배,10개,45150
2025-07-01,부산,배추,1포기,3743
2025-07-01,부산,시금치,100g,9120
2025-07-01,부산,상추,100g,8687
2025-07-01,부산,얼갈이배추,1kg,2263
2025-07-01,부산,오이,10개,9888
2025-07-01,부산,호박,1개,1480
2025-07-01,부산,토마토,1kg,3443
2025-07-01,부산,무,1개,2180
2025-07-01,부산,당근,1kg,3590
2025-07-01,부산,열무,1kg,2563
2025-07-01,부산,양파,1kg,1870
2025-07-01,부산,대파,1kg,2578
2025-07-01,부산,피망,100g,14933
2025-07-01,부산,파프리카,1개,1345
2025-07-01,부산,마늘,1kg,12950
2025-07-01,부산,브로콜리,1개,1783
2025-07-01,부산,사과,10개,25175
2025-07-01,부산,배,10개,39750
2025-07-02,부산,배추,1포기,3743
2025-07-02,부산,시금치,100g,10023
2025-07-02,부산,상추,100g,8687
2025-07-02,부산,얼갈이배추,1kg,2388
2025-07-02,부산,오이,10개,9920
2025-07-02,부산,호박,1개,1420
2025-07-02,부산,토마토,1kg,3423
2025-07-02,부산,무,1개,2118
2025-07-02,부산,당근,1kg,3470
2025-07-02,부산,열무,1kg,2583
2025-07-02,부산,양파,1kg,1870
2025-07-02,부산,대파,1kg,2570
2025-07-02,부산,피망,100g,14900
2025-07-02,부산,파프리카,1개,1293
2025-07-02,부산,마늘,1kg,12775
2025-07-02,부산,브로콜리,1개,2008
2025-07-02,부산,사과,10개,25175
2025-07-02,부산,배,10개,39600
2025-07-03,부산,배추,1포기,3743
2025-07-03,부산,시금치,100g,10983
2025-07-03,부산,상추,100g,8483
2025-07-03,부산,얼갈이배추,1kg,2500
2025-07-03,부산,오이,10개,10885
2025-07-03,부산,호박,1개,1545
2025-07-03,부산,토마토,1kg,3653
2025-07-03,부산,무,1개,2218
2025-07-03,부산,당근,1kg,3220
2025-07-03,부산,열무,1kg,2520
2025-07-03,부산,양파,1kg,1803
2025-07-03,부산,대파,1kg,2235
2025-07-03,부산,피망,100g,14900
2025-07-03,부산,파프리카,1개,1228
2025-07-03,부산,마늘,1kg,12775
2025-07-03,부산,브로콜리,1개,1733
2025-07-03,부산,사과,10개,25175
2025-07-03,부산,배,10개,39600
2025-07-04,부산,배추,1포기,3743
2025-07-04,부산,시금치,100g,11008
2025-07-04,부산,상추,100g,8483
2025-07-04,부산,얼갈이배추,1kg,2505
2025-07-04,부산,오이,10개,10885
2025-07-04,부산,호박,1개,1230
2025-07-04,부산,토마토,1kg,4213
2025-07-04,부산,무,1개,2218
2025-07-04,부산,당근,1kg,3220
2025-07-04,부산,열무,1kg,2533
2025-07-04,부산,양파,1kg,1803
2025-07-04,부산,대파,1kg,2233
2025-07-04,부산,피망,100g,14933
2025-07-04,부산,파프리카,1개,1223
2025-07-04,부산,마늘,1kg,12775
2025-07-04,부산,브로콜리,1개,1730
2025-07-04,부산,사과,10개,25175
2025-07-04,부산,배,10개,39600
2025-07-07,부산,배추,1포기,3743
2025-07-07,부산,시금치,100g,11058
2025-07-07,부산,상추,100g,9183
2025-07-07,부산,얼갈이배추,1kg,2513
2025-07-07,부산,오이,10개,11080
2025-07-07,부산,호박,1개,1470
2025-07-07,부산,토마토,1kg,4213
2025-07-07,부산,무,1개,2130
2025-07-07,부산,당근,1kg,3220
2025-07-07,부산,열무,1kg,2558
2025-07-07,부산,양파,1kg,1950
2025-07-07,부산,대파,1kg,2233
2025-07-07,부산,피망,100g,14933
2025-07-07,부산,파프리카,1개,1230
2025-07-07,부산,마늘,1kg,12615
2025-07-07,부산,브로콜리,1개,1725
2025-07-07,부산,사과,10개,25675
2025-07-07,부산,배,10개,39750
2025-07-08,부산,배추,1포기,3993
2025-07-08,부산,시금치,100g,12850
2025-07-08,부산,상추,100g,11250
2025-07-08,부산,얼갈이배추,1kg,2648
2025-07-08,부산,오이,10개,11105
2025-07-08,부산,호박,1개,1300
2025-07-08,부산,토마토,1kg,4648
2025-07-08,부산,무,1개,2110
2025-07-08,부산,당근,1kg,3470
2025-07-08,부산,열무,1kg,2798
2025-07-08,부산,양파,1kg,1958
2025-07-08,부산,대파,1kg,2233
2025-07-08,부산,피망,100g,14933
2025-07-08,부산,파프리카,1개,1223
2025-07-08,부산,마늘,1kg,13115
2025-07-08,부산,브로콜리,1개,2220
2025-07-08,부산,사과,10개,25675
2025-07-08,부산,배,10개,39750
2025-07-09,부산,배추,1포기,4025
2025-07-09,부산,시금치,100g,14400
2025-07-09,부산,상추,100g,11325
2025-07-09,부산,얼갈이배추,1kg,2743
2025-07-09,부산,오이,10개,11105
2025-07-09,부산,호박,1개,1358
2025-07-09,부산,토마토,1kg,4663
2025-07-09,부산,무,1개,2160
2025-07-09,부산,당근,1kg,3488
2025-07-09,부산,열무,1kg,2990
2025-07-09,부산,양파,1kg,1958
2025-07-09,부산,대파,1kg,2510
2025-07-09,부산,피망,100g,14933
2025-07-09,부산,파프리카,1개,1218
2025-07-09,부산,마늘,1kg,13115
2025-07-09,부산,브로콜리,1개,2220
2025-07-09,부산,사과,10개,25675
2025-07-09,부산,배,10개,39750
2025-07-10,부산,배추,1포기,4250
2025-07-10,부산,시금치,100g,15000
2025-07-10,부산,상추,100g,11475
2025-07-10,부산,얼갈이배추,1kg,3173
2025-07-10,부산,오이,10개,10945
2025-07-10,부산,호박,1개,1130
2025-07-10,부산,토마토,1kg,5063
2025-07-10,부산,무,1개,2423
2025-07-10,부산,당근,1kg,3108
2025-07-10,부산,열무,1kg,3898
2025-07-10,부산,양파,1kg,1958
2025-07-10,부산,대파,1kg,2173
2025-07-10,부산,피망,100g,14100
2025-07-10,부산,파프리카,1개,1208
2025-07-10,부산,마늘,1kg,12290
2025-07-10,부산,브로콜리,1개,2220
2025-07-10,부산,사과,10개,25175
2025-07-10,부산,배,10개,39750
2025-07-11,부산,배추,1포기,4268
2025-07-11,부산,시금치,100g,16875
2025-07-11,부산,상추,100g,11333
2025-07-11,부산,얼갈이배추,1kg,3215
2025-07-11,부산,오이,10개,10945
2025-07-11,부산,호박,1개,1130
2025-07-11,부산,토마토,1kg,5063
2025-07-11,부산,무,1개,2435
2025-07-11,부산,당근,1kg,3108
2025-07-11,부산,열무,1kg,4183
2025-07-11,부산,양파,1kg,1958
2025-07-11,부산,대파,1kg,2173
2025-07-11,부산,피망,100g,14100
2025-07-11,부산,파프리카,1개,1145
2025-07-11,부산,마늘,1kg,12290
2025-07-11,부산,브로콜리,1개,2150
2025-07-11,부산,사과,10개,25175
2025-07-11,부산,배,10개,39750
2025-07-14,부산,배추,1포기,4343
2025-07-14,부산,시금치,100g,17100
2025-07-14,부산,상추,100g,11367
2025-07-14,부산,얼갈이배추,1kg,3250
2025-07-14,부산,오이,10개,10945
2025-07-14,부산,호박,1개,1130
2025-07-14,부산,토마토,1kg,5073
2025-07-14,부산,무,1개,2530
2025-07-14,부산,당근,1kg,3358
2025-07-14,부산,열무,1kg,4195
2025-07-14,부산,양파,1kg,1958
2025-07-14,부산,대파,1kg,2173
2025-07-14,부산,피망,100g,14100
2025-07-14,부산,파프리카,1개,1143
2025-07-14,부산,마늘,1kg,12290
2025-07-14,부산,브로콜리,1개,2185
2025-07-14,부산,사과,10개,25175
2025-07-14,부산,배,10개,39750
2025-07-15,부산,배추,1포기,4718
2025-07-15,부산,시금치,100g,17225
2025-07-15,부산,상추,100g,11600
2025-07-15,부산,얼갈이배추,1kg,3260
2025-07-15,부산,오이,10개,10905
2025-07-15,부산,호박,1개,1055
2025-07-15,부산,토마토,1kg,5080
2025-07-15,부산,무,1개,2580
2025-07-15,부산,당근,1kg,3358
2025-07-15,부산,열무,1kg,4258
2025-07-15,부산,양파,1kg,1958
2025-07-15,부산,대파,1kg,2188
2025-07-15,부산,피망,100g,14100
2025-07-15,부산,파프리카,1개,1290
2025-07-15,부산,마늘,1kg,12290
2025-07-15,부산,브로콜리,1개,2185
2025-07-15,부산,사과,10개,25175
2025-07-15,부산,배,10개,39750
2025-07-16,부산,배추,1포기,4758
2025-07-16,부산,시금치,100g,17350
2025-07-16,부산,상추,100g,12167
2025-07-16,부산,얼갈이배추,1kg,3260
2025-07-16,부산,오이,10개,10105
2025-07-16,부산,호박,1개,1055
2025-07-16,부산,토마토,1kg,5080
2025-07-16,부산,무,1개,2593
2025-07-16,부산,당근,1kg,3358
2025-07-16,부산,열무,1kg,4265
2025-07-16,부산,양파,1kg,1963
2025-07-16,부산,대파,1kg,2368
2025-07-16,부산,피망,100g,14000
2025-07-16,부산,파프리카,1개,1290
2025-07-16,부산,마늘,1kg,13540
2025-07-16,부산,브로콜리,1개,2317
2025-07-16,부산,사과,10개,25175
2025-07-16,부산,배,10개,39750
2025-07-17,부산,배추,1포기,5175
2025-07-17,부산,시금치,100g,22450
2025-07-17,부산,상추,100g,12533
2025-07-17,부산,얼갈이배추,1kg,3160
2025-07-17,부산,오이,10개,10530
2025-07-17,부산,호박,1개,1120
2025-07-17,부산,토마토,1kg,4943
2025-07-17,부산,무,1개,2843
2025-07-17,부산,당근,1kg,3170
2025-07-17,부산,열무,1kg,3968
2025-07-17,부산,양파,1kg,1660
2025-07-17,부산,대파,1kg,2473
2025-07-17,부산,피망,100g,10683
2025-07-17,부산,파프리카,1개,1060
2025-07-17,부산,마늘,1kg,12845
2025-07-17,부산,브로콜리,1개,2490
2025-07-17,부산,사과,10개,23925
2025-07-17,부산,배,10개,39750
2025-07-18,부산,배추,1포기,5175
2025-07-18,부산,시금치,100g,22525
2025-07-18,부산,상추,100g,12533
2025-07-18,부산,얼갈이배추,1kg,3545
2025-07-18,부산,오이,10개,10530
2025-07-18,부산,호박,1개,1120
2025-07-18,부산,토마토,1kg,4943
2025-07-18,부산,무,1개,2843
2025-07-18,부산,당근,1kg,3170
2025-07-18,부산,열무,1kg,3968
2025-07-18,부산,양파,1kg,1660
2025-07-18,부산,대파,1kg,2483
2025-07-18,부산,피망,100g,10683
2025-07-18,부산,파프리카,1개,1060
2025-07-18,부산,마늘,1kg,12845
2025-07-18,부산,브로콜리,1개,2490
2025-07-18,부산,사과,10개,23925
2025-07-18,부산,배,10개,39750
2025-07-21,부산,배추,1포기,5200
2025-07-21,부산,시금치,100g,22700
2025-07-21,부산,상추,100g,12600
2025-07-21,부산,얼갈이배추,1kg,3403
2025-07-21,부산,오이,10개,10738
2025-07-21,부산,호박,1개,1120
2025-07-21,부산,토마토,1kg,4945
2025-07-21,부산,무,1개,2843
2025-07-21,부산,당근,1kg,2930
2025-07-21,부산,열무,1kg,3843
2025-07-21,부산,양파,1kg,1660
2025-07-21,부산,대파,1kg,2858
2025-07-21,부산,피망,100g,10617
2025-07-21,부산,파프리카,1개,1060
2025-07-21,부산,마늘,1kg,12763
2025-07-21,부산,브로콜리,1개,2190
2025-07-21,부산,사과,10개,23425
2025-07-21,부산,배,10개,39750
2025-07-22,부산,배추,1포기,6093
2025-07-22,부산,시금치,100g,25875
2025-07-22,부산,상추,100g,12600
2025-07-22,부산,얼갈이배추,1kg,3538
2025-07-22,부산,오이,10개,10705
2025-07-22,부산,호박,1개,1120
2025-07-22,부산,토마토,1kg,4945
2025-07-22,부산,무,1개,2893
2025-07-22,부산,당근,1kg,3180
2025-07-22,부산,열무,1kg,3968
2025-07-22,부산,양파,1kg,1660
2025-07-22,부산,대파,1kg,2868
2025-07-22,부산,피망,100g,10617
2025-07-22,부산,파프리카,1개,1055
2025-07-22,부산,마늘,1kg,12763
2025-07-22,부산,브로콜리,1개,2523
2025-07-22,부산,사과,10개,23425
2025-07-22,부산,배,10개,39250
2025-07-23,부산,배추,1포기,5723
2025-07-23,부산,시금치,100g,25875
2025-07-23,부산,상추,100g,12500
2025-07-23,부산,얼갈이배추,1kg,3370
2025-07-23,부산,오이,10개,10130
2025-07-23,부산,호박,1개,1120
2025-07-23,부산,토마토,1kg,4203
2025-07-23,부산,무,1개,2893
2025-07-23,부산,당근,1kg,3180
2025-07-23,부산,열무,1kg,3830
2025-07-23,부산,양파,1kg,1660
2025-07-23,부산,대파,1kg,2880
2025-07-23,부산,피망,100g,10617
2025-07-23,부산,파프리카,1개,1055
2025-07-23,부산,마늘,1kg,12763
2025-07-23,부산,브로콜리,1개,2523
2025-07-23,부산,사과,10개,23425
2025-07-23,부산,배,10개,39250
2025-07-24,부산,배추,1포기,5868
2025-07-24,부산,시금치,100g,25400
2025-07-24,부산,상추,100g,12515
2025-07-24,부산,얼갈이배추,1kg,3203
2025-07-24,부산,오이,10개,10913
2025-07-24,부산,호박,1개,1268
2025-07-24,부산,토마토,1kg,4223
2025-07-24,부산,무,1개,3000
2025-07-24,부산,당근,1kg,2588
2025-07-24,부산,열무,1kg,3500
2025-07-24,부산,양파,1kg,1610
2025-07-24,부산,대파,1kg,3250
2025-07-24,부산,피망,100g,11433
2025-07-24,부산,파프리카,1개,978
2025-07-24,부산,마늘,1kg,10278
2025-07-24,부산,브로콜리,1개,2690
2025-07-24,부산,사과,10개,24300
2025-07-24,부산,배,10개,35733
2025-07-25,부산,배추,1포기,5825
2025-07-25,부산,시금치,100g,25450
2025-07-25,부산,상추,100g,12515
2025-07-25,부산,얼갈이배추,1kg,3203
2025-07-25,부산,오이,10개,10945
2025-07-25,부산,호박,1개,1268
2025-07-25,부산,토마토,1kg,4478
2025-07-25,부산,무,1개,3000
2025-07-25,부산,당근,1kg,2588
2025-07-25,부산,열무,1kg,3500
2025-07-25,부산,양파,1kg,1618
2025-07-25,부산,대파,1kg,3338
2025-07-25,부산,피망,100g,11433
2025-07-25,부산,파프리카,1개,1113
2025-07-25,부산,마늘,1kg,10278
2025-07-25,부산,브로콜리,1개,2700
2025-07-25,부산,사과,10개,24300
2025-07-25,부산,배,10개,35600
2025-07-28,부산,배추,1포기,5700
2025-07-28,부산,시금치,100g,25450
2025-07-28,부산,상추,100g,12640
2025-07-28,부산,얼갈이배추,1kg,3203
2025-07-28,부산,오이,10개,10945
2025-07-28,부산,호박,1개,1268
2025-07-28,부산,토마토,1kg,4515
2025-07-28,부산,무,1개,2543
2025-07-28,부산,당근,1kg,2588
2025-07-28,부산,열무,1kg,3593
2025-07-28,부산,양파,1kg,1618
2025-07-28,부산,대파,1kg,3338
2025-07-28,부산,피망,100g,11433
2025-07-28,부산,파프리카,1개,1113
2025-07-28,부산,마늘,1kg,10278
2025-07-28,부산,브로콜리,1개,2700
2025-07-28,부산,사과,10개,25000
2025-07-28,부산,배,10개,35600
2025-07-29,부산,배추,1포기,5700
2025-07-29,부산,시금치,100g,27550
2025-07-29,부산,상추,100g,12640
2025-07-29,부산,얼갈이배추,1kg,3495
2025-07-29,부산,오이,10개,10520
2025-07-29,부산,호박,1개,1268
2025-07-29,부산,토마토,1kg,4515
2025-07-29,부산,무,1개,2543
2025-07-29,부산,당근,1kg,2588
2025-07-29,부산,열무,1kg,3843
2025-07-29,부산,양파,1kg,1618
2025-07-29,부산,대파,1kg,3363
2025-07-29,부산,피망,100g,11433
2025-07-29,부산,파프리카,1개,1113
2025-07-29,부산,마늘,1kg,10278
2025-07-29,부산,브로콜리,1개,2700
2025-07-29,부산,사과,10개,25000
2025-07-29,부산,배,10개,38400
2025-05-02,대구,배추,1포기,5770
2025-05-02,대구,시금치,100g,6700
2025-05-02,대구,상추,100g,8987
2025-05-02,대구,얼갈이배추,1kg,2860
2025-05-02,대구,오이,10개,13210
2025-05-02,대구,호박,1개,1343
2025-05-02,대구,토마토,1kg,4913
2025-05-02,대구,무,1개,4200
2025-05-02,대구,당근,1kg,5453
2025-05-02,대구,열무,1kg,3027
2025-05-02,대구,양파,1kg,1970
2025-05-02,대구,대파,1kg,2193
2025-05-02,대구,피망,100g,17600
2025-05-02,대구,파프리카,1개,1993
2025-05-02,대구,마늘,1kg,11477
2025-05-02,대구,브로콜리,1개,2863
2025-05-02,대구,사과,10개,28600
2025-05-02,대구,배,10개,51600
2025-05-07,대구,배추,1포기,5770
2025-05-07,대구,시금치,100g,6700
2025-05-07,대구,상추,100g,9387
2025-05-07,대구,얼갈이배추,1kg,2860
2025-05-07,대구,오이,10개,13043
2025-05-07,대구,호박,1개,1443
2025-05-07,대구,토마토,1kg,4800
2025-05-07,대구,무,1개,4200
2025-05-07,대구,당근,1kg,5453
2025-05-07,대구,열무,1kg,3027
2025-05-07,대구,양파,1kg,1927
2025-05-07,대구,대파,1kg,2150
2025-05-07,대구,피망,100g,17600
2025-05-07,대구,파프리카,1개,2190
2025-05-07,대구,마늘,1kg,11477
2025-05-07,대구,브로콜리,1개,2863
2025-05-07,대구,사과,10개,31267
2025-05-07,대구,배,10개,63300
2025-05-08,대구,배추,1포기,3993
2025-05-08,대구,시금치,100g,6603
2025-05-08,대구,상추,100g,9387
2025-05-08,대구,얼갈이배추,1kg,3027
2025-05-08,대구,오이,10개,12643
2025-05-08,대구,호박,1개,1410
2025-05-08,대구,토마토,1kg,4800
2025-05-08,대구,무,1개,4200
2025-05-08,대구,당근,1kg,5190
2025-05-08,대구,열무,1kg,3193
2025-05-08,대구,양파,1kg,2540
2025-05-08,대구,대파,1kg,2310
2025-05-08,대구,피망,100g,16267
2025-05-08,대구,파프리카,1개,1760
2025-05-08,대구,마늘,1kg,13467
2025-05-08,대구,브로콜리,1개,2533
2025-05-08,대구,사과,10개,31767
2025-05-08,대구,배,10개,63300
2025-05-09,대구,배추,1포기,4160
2025-05-09,대구,시금치,100g,7073
2025-05-09,대구,상추,100g,9487
2025-05-09,대구,얼갈이배추,1kg,3047
2025-05-09,대구,오이,10개,12367
2025-05-09,대구,호박,1개,1393
2025-05-09,대구,토마토,1kg,4800
2025-05-09,대구,무,1개,4200
2025-05-09,대구,당근,1kg,5190
2025-05-09,대구,열무,1kg,3100
2025-05-09,대구,양파,1kg,2483
2025-05-09,대구,대파,1kg,2333
2025-05-09,대구,피망,100g,16267
2025-05-09,대구,파프리카,1개,1760
2025-05-09,대구,마늘,1kg,13700
2025-05-09,대구,브로콜리,1개,2450
2025-05-09,대구,사과,10개,31767
2025-05-09,대구,배,10개,63300
2025-05-12,대구,배추,1포기,4103
2025-05-12,대구,시금치,100g,6907
2025-05-12,대구,상추,100g,9720
2025-05-12,대구,얼갈이배추,1kg,3047
2025-05-12,대구,오이,10개,12587
2025-05-12,대구,호박,1개,1393
2025-05-12,대구,토마토,1kg,4800
2025-05-12,대구,무,1개,4200
2025-05-12,대구,당근,1kg,5077
2025-05-12,대구,열무,1kg,3100
2025-05-12,대구,양파,1kg,2483
2025-05-12,대구,대파,1kg,2333
2025-05-12,대구,피망,100g,16367
2025-05-12,대구,파프리카,1개,1677
2025-05-12,대구,마늘,1kg,13700
2025-05-12,대구,브로콜리,1개,2533
2025-05-12,대구,사과,10개,31767
2025-05-12,대구,배,10개,63300
2025-05-13,대구,배추,1포기,4103
2025-05-13,대구,시금치,100g,6907
2025-05-13,대구,상추,100g,9720
2025-05-13,대구,얼갈이배추,1kg,3047
2025-05-13,대구,오이,10개,12587
2025-05-13,대구,호박,1개,1393
2025-05-13,대구,토마토,1kg,4800
2025-05-13,대구,무,1개,4200
2025-05-13,대구,당근,1kg,5077
2025-05-13,대구,열무,1kg,3100
2025-05-13,대구,양파,1kg,2483
2025-05-13,대구,대파,1kg,2333
2025-05-13,대구,피망,100g,16367
2025-05-13,대구,파프리카,1개,1743
2025-05-13,대구,마늘,1kg,13700
2025-05-13,대구,브로콜리,1개,2533
2025-05-13,대구,사과,10개,31100
2025-05-13,대구,배,10개,63300
2025-05-14,대구,배추,1포기,4103
2025-05-14,대구,시금치,100g,6907
2025-05-14,대구,상추,100g,9587
2025-05-14,대구,얼갈이배추,1kg,3047
2025-05-14,대구,오이,10개,12670
2025-05-14,대구,호박,1개,1393
2025-05-14,대구,토마토,1kg,4800
2025-05-14,대구,무,1개,4200
2025-05-14,대구,당근,1kg,5077
2025-05-14,대구,열무,1kg,3100
2025-05-14,대구,양파,1kg,2483
2025-05-14,대구,대파,1kg,2333
2025-05-14,대구,피망,100g,16267
2025-05-14,대구,파프리카,1개,1977
2025-05-14,대구,마늘,1kg,13700
2025-05-14,대구,브로콜리,1개,2533
2025-05-14,대구,사과,10개,31100
2025-05-14,대구,배,10개,63300
2025-05-15,대구,배추,1포기,3937
2025-05-15,대구,시금치,100g,7620
2025-05-15,대구,상추,100g,8340
2025-05-15,대구,얼갈이배추,1kg,2510
2025-05-15,대구,오이,10개,11403
2025-05-15,대구,호박,1개,1393
2025-05-15,대구,토마토,1kg,4800
2025-05-15,대구,무,1개,4200
2025-05-15,대구,당근,1kg,5477
2025-05-15,대구,열무,1kg,2620
2025-05-15,대구,양파,1kg,2397
2025-05-15,대구,대파,1kg,2770
2025-05-15,대구,피망,100g,17600
2025-05-15,대구,파프리카,1개,1410
2025-05-15,대구,마늘,1kg,12063
2025-05-15,대구,브로콜리,1개,2493
2025-05-15,대구,사과,10개,30600
2025-05-15,대구,배,10개,63300
2025-05-16,대구,배추,1포기,3937
2025-05-16,대구,시금치,100g,7620
2025-05-16,대구,상추,100g,8340
2025-05-16,대구,얼갈이배추,1kg,2510
2025-05-16,대구,오이,10개,11460
2025-05-16,대구,호박,1개,1393
2025-05-16,대구,토마토,1kg,4647
2025-05-16,대구,무,1개,4200
2025-05-16,대구,당근,1kg,5477
2025-05-16,대구,열무,1kg,2620
2025-05-16,대구,양파,1kg,2397
2025-05-16,대구,대파,1kg,2770
2025-05-16,대구,피망,100g,17267
2025-05-16,대구,파프리카,1개,1410
2025-05-16,대구,마늘,1kg,12063
2025-05-16,대구,브로콜리,1개,2327
2025-05-16,대구,사과,10개,30600
2025-05-16,대구,배,10개,63300
2025-05-19,대구,배추,1포기,3827
2025-05-19,대구,시금치,100g,7620
2025-05-19,대구,상추,100g,8340
2025-05-19,대구,얼갈이배추,1kg,2510
2025-05-19,대구,오이,10개,11460
2025-05-19,대구,호박,1개,1393
2025-05-19,대구,토마토,1kg,4600
2025-05-19,대구,무,1개,4200
2025-05-19,대구,당근,1kg,5417
2025-05-19,대구,열무,1kg,2563
2025-05-19,대구,양파,1kg,2397
2025-05-19,대구,대파,1kg,2770
2025-05-19,대구,피망,100g,17267
2025-05-19,대구,파프리카,1개,1510
2025-05-19,대구,마늘,1kg,13467
2025-05-19,대구,브로콜리,1개,2270
2025-05-19,대구,사과,10개,30600
2025-05-19,대구,배,10개,63300
2025-05-20,대구,배추,1포기,3827
2025-05-20,대구,시금치,100g,7620
2025-05-20,대구,상추,100g,9207
2025-05-20,대구,얼갈이배추,1kg,2510
2025-05-20,대구,오이,10개,11237
2025-05-20,대구,호박,1개,1393
2025-05-20,대구,토마토,1kg,4600
2025-05-20,대구,무,1개,4200
2025-05-20,대구,당근,1kg,5417
2025-05-20,대구,열무,1kg,2563
2025-05-20,대구,양파,1kg,2397
2025-05-20,대구,대파,1kg,2770
2025-05-20,대구,피망,100g,17367
2025-05-20,대구,파프리카,1개,1510
2025-05-20,대구,마늘,1kg,13467
2025-05-20,대구,브로콜리,1개,2270
2025-05-20,대구,사과,10개,30600
2025-05-20,대구,배,10개,63300
2025-05-21,대구,배추,1포기,3827
2025-05-21,대구,시금치,100g,7620
2025-05-21,대구,상추,100g,8340
2025-05-21,대구,얼갈이배추,1kg,2510
2025-05-21,대구,오이,10개,10767
2025-05-21,대구,호박,1개,1393
2025-05-21,대구,토마토,1kg,4600
2025-05-21,대구,무,1개,4200
2025-05-21,대구,당근,1kg,5417
2025-05-21,대구,열무,1kg,2563
2025-05-21,대구,양파,1kg,2323
2025-05-21,대구,대파,1kg,2770
2025-05-21,대구,피망,100g,17367
2025-05-21,대구,파프리카,1개,1510
2025-05-21,대구,마늘,1kg,13467
2025-05-21,대구,브로콜리,1개,2270
2025-05-21,대구,사과,10개,30600
2025-05-21,대구,배,10개,63300
2025-05-22,대구,배추,1포기,3160
2025-05-22,대구,시금치,100g,6780
2025-05-22,대구,상추,100g,8690
2025-05-22,대구,얼갈이배추,1kg,2693
2025-05-22,대구,오이,10개,10523
2025-05-22,대구,호박,1개,1194
2025-05-22,대구,토마토,1kg,4647
2025-05-22,대구,무,1개,4200
2025-05-22,대구,당근,1kg,4160
2025-05-22,대구,열무,1kg,2787
2025-05-22,대구,양파,1kg,1797
2025-05-22,대구,대파,1kg,2473
2025-05-22,대구,피망,100g,18300
2025-05-22,대구,파프리카,1개,1677
2025-05-22,대구,마늘,1kg,12233
2025-05-22,대구,브로콜리,1개,2353
2025-05-22,대구,사과,10개,30900
2025-05-22,대구,배,10개,69100
2025-05-23,대구,배추,1포기,3160
2025-05-23,대구,시금치,100g,6780
2025-05-23,대구,상추,100g,8690
2025-05-23,대구,얼갈이배추,1kg,2693
2025-05-23,대구,오이,10개,10607
2025-05-23,대구,호박,1개,1194
2025-05-23,대구,토마토,1kg,4647
2025-05-23,대구,무,1개,4200
2025-05-23,대구,당근,1kg,4160
2025-05-23,대구,열무,1kg,2787
2025-05-23,대구,양파,1kg,1797
2025-05-23,대구,대파,1kg,2473
2025-05-23,대구,피망,100g,18300
2025-05-23,대구,파프리카,1개,1677
2025-05-23,대구,마늘,1kg,12233
2025-05-23,대구,브로콜리,1개,2187
2025-05-23,대구,사과,10개,30900
2025-05-23,대구,배,10개,69100
2025-05-26,대구,배추,1포기,3160
2025-05-26,대구,시금치,100g,6780
2025-05-26,대구,상추,100g,8657
2025-05-26,대구,얼갈이배추,1kg,2693
2025-05-26,대구,오이,10개,10607
2025-05-26,대구,호박,1개,1194
2025-05-26,대구,토마토,1kg,4493
2025-05-26,대구,무,1개,4200
2025-05-26,대구,당근,1kg,4160
2025-05-26,대구,열무,1kg,2787
2025-05-26,대구,양파,1kg,1740
2025-05-26,대구,대파,1kg,2473
2025-05-26,대구,피망,100g,18300
2025-05-26,대구,파프리카,1개,1677
2025-05-26,대구,마늘,1kg,12233
2025-05-26,대구,브로콜리,1개,2187
2025-05-26,대구,사과,10개,30900
2025-05-26,대구,배,10개,69100
2025-05-27,대구,배추,1포기,3160
2025-05-27,대구,시금치,100g,6780
2025-05-27,대구,상추,100g,8657
2025-05-27,대구,얼갈이배추,1kg,2693
2025-05-27,대구,오이,10개,10523
2025-05-27,대구,호박,1개,1227
2025-05-27,대구,토마토,1kg,4493
2025-05-27,대구,무,1개,2790
2025-05-27,대구,당근,1kg,4047
2025-05-27,대구,열무,1kg,2787
2025-05-27,대구,양파,1kg,1740
2025-05-27,대구,대파,1kg,2473
2025-05-27,대구,피망,100g,18300
2025-05-27,대구,파프리카,1개,1677
2025-05-27,대구,마늘,1kg,12300
2025-05-27,대구,브로콜리,1개,2187
2025-05-27,대구,사과,10개,30900
2025-05-27,대구,배,10개,69100
2025-05-28,대구,배추,1포기,3160
2025-05-28,대구,시금치,100g,6780
2025-05-28,대구,상추,100g,8657
2025-05-28,대구,얼갈이배추,1kg,2693
2025-05-28,대구,오이,10개,11077
2025-05-28,대구,호박,1개,1207
2025-05-28,대구,토마토,1kg,4493
2025-05-28,대구,무,1개,2395
2025-05-28,대구,당근,1kg,4047
2025-05-28,대구,열무,1kg,2787
2025-05-28,대구,양파,1kg,1740
2025-05-28,대구,대파,1kg,2473
2025-05-28,대구,피망,100g,18300
2025-05-28,대구,파프리카,1개,1677
2025-05-28,대구,마늘,1kg,12300
2025-05-28,대구,브로콜리,1개,2187
2025-05-28,대구,사과,10개,30900
2025-05-28,대구,배,10개,69100
2025-05-29,대구,배추,1포기,3370
2025-05-29,대구,시금치,100g,7123
2025-05-29,대구,상추,100g,8757
2025-05-29,대구,얼갈이배추,1kg,2860
2025-05-29,대구,오이,10개,11320
2025-05-29,대구,호박,1개,1041
2025-05-29,대구,토마토,1kg,3960
2025-05-29,대구,무,1개,2395
2025-05-29,대구,당근,1kg,4717
2025-05-29,대구,열무,1kg,2953
2025-05-29,대구,양파,1kg,1737
2025-05-29,대구,대파,1kg,2040
2025-05-29,대구,피망,100g,19433
2025-05-29,대구,파프리카,1개,1577
2025-05-29,대구,마늘,1kg,11320
2025-05-29,대구,브로콜리,1개,2270
2025-05-29,대구,사과,10개,27267
2025-05-29,대구,배,10개,69100
2025-05-30,대구,배추,1포기,3370
2025-05-30,대구,시금치,100g,7123
2025-05-30,대구,상추,100g,9223
2025-05-30,대구,얼갈이배추,1kg,2860
2025-05-30,대구,오이,10개,11320
2025-05-30,대구,호박,1개,1075
2025-05-30,대구,토마토,1kg,3960
2025-05-30,대구,무,1개,2395
2025-05-30,대구,당근,1kg,4717
2025-05-30,대구,열무,1kg,2953
2025-05-30,대구,양파,1kg,1737
2025-05-30,대구,대파,1kg,2040
2025-05-30,대구,피망,100g,19433
2025-05-30,대구,파프리카,1개,1577
2025-05-30,대구,마늘,1kg,11320
2025-05-30,대구,브로콜리,1개,2270
2025-05-30,대구,사과,10개,27267
2025-05-30,대구,배,10개,69100
2025-06-02,대구,배추,1포기,3370
2025-06-02,대구,시금치,100g,7123
2025-06-02,대구,상추,100g,9200
2025-06-02,대구,얼갈이배추,1kg,2860
2025-06-02,대구,오이,10개,11183
2025-06-02,대구,호박,1개,1078
2025-06-02,대구,토마토,1kg,3913
2025-06-02,대구,무,1개,2395
2025-06-02,대구,당근,1kg,4603
2025-06-02,대구,열무,1kg,2953
2025-06-02,대구,양파,1kg,1737
2025-06-02,대구,대파,1kg,2040
2025-06-02,대구,피망,100g,19300
2025-06-02,대구,파프리카,1개,1577
2025-06-02,대구,마늘,1kg,11320
2025-06-02,대구,브로콜리,1개,2213
2025-06-02,대구,사과,10개,27267
2025-06-02,대구,배,10개,65750
2025-06-04,대구,배추,1포기,3590
2025-06-04,대구,시금치,100g,7123
2025-06-04,대구,상추,100g,9200
2025-06-04,대구,얼갈이배추,1kg,2860
2025-06-04,대구,오이,10개,11183
2025-06-04,대구,호박,1개,1071
2025-06-04,대구,토마토,1kg,3913
2025-06-04,대구,무,1개,2895
2025-06-04,대구,당근,1kg,4603
2025-06-04,대구,열무,1kg,2953
2025-06-04,대구,양파,1kg,1737
2025-06-04,대구,대파,1kg,2040
2025-06-04,대구,피망,100g,19267
2025-06-04,대구,파프리카,1개,1577
2025-06-04,대구,마늘,1kg,11320
2025-06-04,대구,브로콜리,1개,2160
2025-06-04,대구,사과,10개,27267
2025-06-04,대구,배,10개,56600
2025-06-05,대구,배추,1포기,3380
2025-06-05,대구,시금치,100g,6683
2025-06-05,대구,상추,100g,10100
2025-06-05,대구,얼갈이배추,1kg,3133
2025-06-05,대구,오이,10개,11183
2025-06-05,대구,호박,1개,1437
2025-06-05,대구,토마토,1kg,4313
2025-06-05,대구,무,1개,2295
2025-06-05,대구,당근,1kg,4493
2025-06-05,대구,열무,1kg,3217
2025-06-05,대구,양파,1kg,1840
2025-06-05,대구,대파,1kg,2457
2025-06-05,대구,피망,100g,18267
2025-06-05,대구,파프리카,1개,1410
2025-06-05,대구,마늘,1kg,12400
2025-06-05,대구,브로콜리,1개,1660
2025-06-05,대구,사과,10개,33267
2025-06-05,대구,배,10개,56600
2025-06-09,대구,배추,1포기,3380
2025-06-09,대구,시금치,100g,6683
2025-06-09,대구,상추,100g,10100
2025-06-09,대구,얼갈이배추,1kg,3133
2025-06-09,대구,오이,10개,10820
2025-06-09,대구,호박,1개,1437
2025-06-09,대구,토마토,1kg,4313
2025-06-09,대구,무,1개,2295
2025-06-09,대구,당근,1kg,4493
2025-06-09,대구,열무,1kg,3217
2025-06-09,대구,양파,1kg,1840
2025-06-09,대구,대파,1kg,2457
2025-06-09,대구,피망,100g,18267
2025-06-09,대구,파프리카,1개,1410
2025-06-09,대구,마늘,1kg,12400
2025-06-09,대구,브로콜리,1개,1660
2025-06-09,대구,사과,10개,33267
2025-06-09,대구,배,10개,56600
2025-06-10,대구,배추,1포기,3313
2025-06-10,대구,시금치,100g,6683
2025-06-10,대구,상추,100g,9533
2025-06-10,대구,얼갈이배추,1kg,3133
2025-06-10,대구,오이,10개,10820
2025-06-10,대구,호박,1개,1443
2025-06-10,대구,토마토,1kg,4313
2025-06-10,대구,무,1개,2295
2025-06-10,대구,당근,1kg,4493
2025-06-10,대구,열무,1kg,3217
2025-06-10,대구,양파,1kg,1840
2025-06-10,대구,대파,1kg,2457
2025-06-10,대구,피망,100g,18450
2025-06-10,대구,파프리카,1개,1633
2025-06-10,대구,마늘,1kg,12400
2025-06-10,대구,브로콜리,1개,2160
2025-06-10,대구,사과,10개,32100
2025-06-10,대구,배,10개,56600
2025-06-11,대구,배추,1포기,3313
2025-06-11,대구,시금치,100g,6683
2025-06-11,대구,상추,100g,9700
2025-06-11,대구,얼갈이배추,1kg,3133
2025-06-11,대구,오이,10개,10903
2025-06-11,대구,호박,1개,1410
2025-06-11,대구,토마토,1kg,4293
2025-06-11,대구,무,1개,2295
2025-06-11,대구,당근,1kg,4493
2025-06-11,대구,열무,1kg,3217
2025-06-11,대구,양파,1kg,1840
2025-06-11,대구,대파,1kg,2457
2025-06-11,대구,피망,100g,18450
2025-06-11,대구,파프리카,1개,1633
2025-06-11,대구,마늘,1kg,12400
2025-06-11,대구,브로콜리,1개,2160
2025-06-11,대구,사과,10개,32100
2025-06-11,대구,배,10개,56600
2025-06-12,대구,배추,1포기,3480
2025-06-12,대구,시금치,100g,7027
2025-06-12,대구,상추,100g,9700
2025-06-12,대구,얼갈이배추,1kg,3270
2025-06-12,대구,오이,10개,10950
2025-06-12,대구,호박,1개,1243
2025-06-12,대구,토마토,1kg,4127
2025-06-12,대구,무,1개,2327
2025-06-12,대구,당근,1kg,4007
2025-06-12,대구,열무,1kg,3357
2025-06-12,대구,양파,1kg,1840
2025-06-12,대구,대파,1kg,2613
2025-06-12,대구,피망,100g,18100
2025-06-12,대구,파프리카,1개,1590
2025-06-12,대구,마늘,1kg,12400
2025-06-12,대구,브로콜리,1개,1560
2025-06-12,대구,사과,10개,33267
2025-06-12,대구,배,10개,56600
2025-06-13,대구,배추,1포기,3480
2025-06-13,대구,시금치,100g,7027
2025-06-13,대구,상추,100g,9700
2025-06-13,대구,얼갈이배추,1kg,3270
2025-06-13,대구,오이,10개,10950
2025-06-13,대구,호박,1개,1243
2025-06-13,대구,토마토,1kg,4127
2025-06-13,대구,무,1개,2493
2025-06-13,대구,당근,1kg,3970
2025-06-13,대구,열무,1kg,3357
2025-06-13,대구,양파,1kg,1840
2025-06-13,대구,대파,1kg,2587
2025-06-13,대구,피망,100g,18100
2025-06-13,대구,파프리카,1개,1590
2025-06-13,대구,마늘,1kg,12400
2025-06-13,대구,브로콜리,1개,1560
2025-06-13,대구,사과,10개,33267
2025-06-13,대구,배,10개,56600
2025-06-16,대구,배추,1포기,3927
2025-06-16,대구,시금치,100g,8753
2025-06-16,대구,상추,100g,9700
2025-06-16,대구,얼갈이배추,1kg,3270
2025-06-16,대구,오이,10개,10800
2025-06-16,대구,호박,1개,1243
2025-06-16,대구,토마토,1kg,4127
2025-06-16,대구,무,1개,2327
2025-06-16,대구,당근,1kg,3970
2025-06-16,대구,열무,1kg,3357
2025-06-16,대구,양파,1kg,1840
2025-06-16,대구,대파,1kg,2770
2025-06-16,대구,피망,100g,18267
2025-06-16,대구,파프리카,1개,1590
2025-06-16,대구,마늘,1kg,12400
2025-06-16,대구,브로콜리,1개,1560
2025-06-16,대구,사과,10개,33267
2025-06-16,대구,배,10개,56600
2025-06-17,대구,배추,1포기,3813
2025-06-17,대구,시금치,100g,8753
2025-06-17,대구,상추,100g,9567
2025-06-17,대구,얼갈이배추,1kg,3270
2025-06-17,대구,오이,10개,10800
2025-06-17,대구,호박,1개,1277
2025-06-17,대구,토마토,1kg,4080
2025-06-17,대구,무,1개,2327
2025-06-17,대구,당근,1kg,3970
2025-06-17,대구,열무,1kg,3357
2025-06-17,대구,양파,1kg,1840
2025-06-17,대구,대파,1kg,2770
2025-06-17,대구,피망,100g,18600
2025-06-17,대구,파프리카,1개,1590
2025-06-17,대구,마늘,1kg,12400
2025-06-17,대구,브로콜리,1개,1613
2025-06-17,대구,사과,10개,33267
2025-06-17,대구,배,10개,56600
2025-06-18,대구,배추,1포기,3813
2025-06-18,대구,시금치,100g,8753
2025-06-18,대구,상추,100g,9567
2025-06-18,대구,얼갈이배추,1kg,3270
2025-06-18,대구,오이,10개,10800
2025-06-18,대구,호박,1개,1277
2025-06-18,대구,토마토,1kg,4103
2025-06-18,대구,무,1개,2327
2025-06-18,대구,당근,1kg,3970
2025-06-18,대구,열무,1kg,3357
2025-06-18,대구,양파,1kg,1840
2025-06-18,대구,대파,1kg,2853
2025-06-18,대구,피망,100g,18600
2025-06-18,대구,파프리카,1개,1590
2025-06-18,대구,마늘,1kg,12400
2025-06-18,대구,브로콜리,1개,1880
2025-06-18,대구,사과,10개,33267
2025-06-18,대구,배,10개,56600
2025-06-19,대구,배추,1포기,3547
2025-06-19,대구,시금치,100g,9187
2025-06-19,대구,상추,100g,9257
2025-06-19,대구,얼갈이배추,1kg,3027
2025-06-19,대구,오이,10개,10800
2025-06-19,대구,호박,1개,1260
2025-06-19,대구,토마토,1kg,4873
2025-06-19,대구,무,1개,2160
2025-06-19,대구,당근,1kg,4280
2025-06-19,대구,열무,1kg,3117
2025-06-19,대구,양파,1kg,1907
2025-06-19,대구,대파,1kg,2943
2025-06-19,대구,피망,100g,20267
2025-06-19,대구,파프리카,1개,1197
2025-06-19,대구,마늘,1kg,11740
2025-06-19,대구,브로콜리,1개,1630
2025-06-19,대구,사과,10개,32433
2025-06-19,대구,배,10개,54950
2025-06-20,대구,배추,1포기,3547
2025-06-20,대구,시금치,100g,9187
2025-06-20,대구,상추,100g,9223
2025-06-20,대구,얼갈이배추,1kg,3027
2025-06-20,대구,오이,10개,10800
2025-06-20,대구,호박,1개,1293
2025-06-20,대구,토마토,1kg,4873
2025-06-20,대구,무,1개,2327
2025-06-20,대구,당근,1kg,4280
2025-06-20,대구,열무,1kg,3117
2025-06-20,대구,양파,1kg,1907
2025-06-20,대구,대파,1kg,2943
2025-06-20,대구,피망,100g,20433
2025-06-20,대구,파프리카,1개,1197
2025-06-20,대구,마늘,1kg,11740
2025-06-20,대구,브로콜리,1개,1630
2025-06-20,대구,사과,10개,32433
2025-06-20,대구,배,10개,54950
2025-06-23,대구,배추,1포기,3660
2025-06-23,대구,시금치,100g,9487
2025-06-23,대구,상추,100g,9223
2025-06-23,대구,얼갈이배추,1kg,3027
2025-06-23,대구,오이,10개,10800
2025-06-23,대구,호박,1개,1293
2025-06-23,대구,토마토,1kg,4983
2025-06-23,대구,무,1개,2327
2025-06-23,대구,당근,1kg,4280
2025-06-23,대구,열무,1kg,3173
2025-06-23,대구,양파,1kg,1907
2025-06-23,대구,대파,1kg,2983
2025-06-23,대구,피망,100g,20433
2025-06-23,대구,파프리카,1개,1197
2025-06-23,대구,마늘,1kg,11740
2025-06-23,대구,브로콜리,1개,1630
2025-06-23,대구,사과,10개,32433
2025-06-23,대구,배,10개,54950
2025-06-24,대구,배추,1포기,3660
2025-06-24,대구,시금치,100g,9487
2025-06-24,대구,상추,100g,9223
2025-06-24,대구,얼갈이배추,1kg,3027
2025-06-24,대구,오이,10개,10800
2025-06-24,대구,호박,1개,1293
2025-06-24,대구,토마토,1kg,4983
2025-06-24,대구,무,1개,2327
2025-06-24,대구,당근,1kg,4280
2025-06-24,대구,열무,1kg,3173
2025-06-24,대구,양파,1kg,1907
2025-06-24,대구,대파,1kg,3027
2025-06-24,대구,피망,100g,20533
2025-06-24,대구,파프리카,1개,1250
2025-06-24,대구,마늘,1kg,11740
2025-06-24,대구,브로콜리,1개,1797
2025-06-24,대구,사과,10개,32433
2025-06-24,대구,배,10개,54950
2025-06-25,대구,배추,1포기,3660
2025-06-25,대구,시금치,100g,9487
2025-06-25,대구,상추,100g,9257
2025-06-25,대구,얼갈이배추,1kg,3027
2025-06-25,대구,오이,10개,11230
2025-06-25,대구,호박,1개,1693
2025-06-25,대구,토마토,1kg,4983
2025-06-25,대구,무,1개,2327
2025-06-25,대구,당근,1kg,4280
2025-06-25,대구,열무,1kg,3173
2025-06-25,대구,양파,1kg,1907
2025-06-25,대구,대파,1kg,3027
2025-06-25,대구,피망,100g,20433
2025-06-25,대구,파프리카,1개,1250
2025-06-25,대구,마늘,1kg,11473
2025-06-25,대구,브로콜리,1개,1797
2025-06-25,대구,사과,10개,32433
2025-06-25,대구,배,10개,54950
2025-06-26,대구,배추,1포기,3827
2025-06-26,대구,시금치,100g,9487
2025-06-26,대구,상추,100g,9253
2025-06-26,대구,얼갈이배추,1kg,3047
2025-06-26,대구,오이,10개,11640
2025-06-26,대구,호박,1개,1893
2025-06-26,대구,토마토,1kg,3783
2025-06-26,대구,무,1개,2493
2025-06-26,대구,당근,1kg,3840
2025-06-26,대구,열무,1kg,3173
2025-06-26,대구,양파,1kg,1840
2025-06-26,대구,대파,1kg,3223
2025-06-26,대구,피망,100g,23533
2025-06-26,대구,파프리카,1개,1433
2025-06-26,대구,마늘,1kg,12700
2025-06-26,대구,브로콜리,1개,2047
2025-06-26,대구,사과,10개,31933
2025-06-26,대구,배,10개,54950
2025-06-27,대구,배추,1포기,3827
2025-06-27,대구,시금치,100g,10820
2025-06-27,대구,상추,100g,9753
2025-06-27,대구,얼갈이배추,1kg,3047
2025-06-27,대구,오이,10개,11640
2025-06-27,대구,호박,1개,1893
2025-06-27,대구,토마토,1kg,3730
2025-06-27,대구,무,1개,2410
2025-06-27,대구,당근,1kg,3840
2025-06-27,대구,열무,1kg,3173
2025-06-27,대구,양파,1kg,1840
2025-06-27,대구,대파,1kg,3223
2025-06-27,대구,피망,100g,23533
2025-06-27,대구,파프리카,1개,1117
2025-06-27,대구,마늘,1kg,12700
2025-06-27,대구,브로콜리,1개,2047
2025-06-27,대구,사과,10개,31933
2025-06-27,대구,배,10개,54950
2025-06-30,대구,배추,1포기,3827
2025-06-30,대구,시금치,100g,10820
2025-06-30,대구,상추,100g,9753
2025-06-30,대구,얼갈이배추,1kg,3047
2025-06-30,대구,오이,10개,11640
2025-06-30,대구,호박,1개,1893
2025-06-30,대구,토마토,1kg,3730
2025-06-30,대구,무,1개,2410
2025-06-30,대구,당근,1kg,3840
2025-06-30,대구,열무,1kg,3173
2025-06-30,대구,양파,1kg,1967
2025-06-30,대구,대파,1kg,3223
2025-06-30,대구,피망,100g,23533
2025-06-30,대구,파프리카,1개,1350
2025-06-30,대구,마늘,1kg,12700
2025-06-30,대구,브로콜리,1개,2047
2025-06-30,대구,사과,10개,31933
2025-06-30,대구,배,10개,54950
2025-07-01,대구,배추,1포기,3827
2025-07-01,대구,시금치,100g,10820
2025-07-01,대구,상추,100g,9753
2025-07-01,대구,얼갈이배추,1kg,3047
2025-07-01,대구,오이,10개,11640
2025-07-01,대구,호박,1개,1893
2025-07-01,대구,토마토,1kg,3730
2025-07-01,대구,무,1개,2410
2025-07-01,대구,당근,1kg,3840
2025-07-01,대구,열무,1kg,3173
2025-07-01,대구,양파,1kg,1967
2025-07-01,대구,대파,1kg,3223
2025-07-01,대구,피망,100g,23533
2025-07-01,대구,파프리카,1개,1350
2025-07-01,대구,마늘,1kg,12700
2025-07-01,대구,브로콜리,1개,2047
2025-07-01,대구,사과,10개,31933
2025-07-01,대구,배,10개,54950
2025-07-02,대구,배추,1포기,3827
2025-07-02,대구,시금치,100g,10820
2025-07-02,대구,상추,100g,9753
2025-07-02,대구,얼갈이배추,1kg,3047
2025-07-02,대구,오이,10개,11640
2025-07-02,대구,호박,1개,1893
2025-07-02,대구,토마토,1kg,3730
2025-07-02,대구,무,1개,2410
2025-07-02,대구,당근,1kg,3840
2025-07-02,대구,열무,1kg,3173
2025-07-02,대구,양파,1kg,1967
2025-07-02,대구,대파,1kg,3223
2025-07-02,대구,피망,100g,23533
2025-07-02,대구,파프리카,1개,1350
2025-07-02,대구,마늘,1kg,12700
2025-07-02,대구,브로콜리,1개,2047
2025-07-02,대구,사과,10개,31933
2025-07-02,대구,배,10개,54950
2025-07-03,대구,배추,1포기,3660
2025-07-03,대구,시금치,100g,13567
2025-07-03,대구,상추,100g,10890
2025-07-03,대구,얼갈이배추,1kg,3380
2025-07-03,대구,오이,10개,11850
2025-07-03,대구,호박,1개,1693
2025-07-03,대구,토마토,1kg,4833
2025-07-03,대구,무,1개,2410
2025-07-03,대구,당근,1kg,3810
2025-07-03,대구,열무,1kg,3673
2025-07-03,대구,양파,1kg,1737
2025-07-03,대구,대파,1kg,2773
2025-07-03,대구,피망,100g,20200
2025-07-03,대구,파프리카,1개,1613
2025-07-03,대구,마늘,1kg,12153
2025-07-03,대구,브로콜리,1개,1880
2025-07-03,대구,사과,10개,34100
2025-07-03,대구,배,10개,54950
2025-07-04,대구,배추,1포기,3660
2025-07-04,대구,시금치,100g,13567
2025-07-04,대구,상추,100g,10890
2025-07-04,대구,얼갈이배추,1kg,3343
2025-07-04,대구,오이,10개,11850
2025-07-04,대구,호박,1개,1360
2025-07-04,대구,토마토,1kg,4833
2025-07-04,대구,무,1개,2213
2025-07-04,대구,당근,1kg,3810
2025-07-04,대구,열무,1kg,3673
2025-07-04,대구,양파,1kg,1737
2025-07-04,대구,대파,1kg,2773
2025-07-04,대구,피망,100g,19100
2025-07-04,대구,파프리카,1개,1613
2025-07-04,대구,마늘,1kg,12153
2025-07-04,대구,브로콜리,1개,1713
2025-07-04,대구,사과,10개,34100
2025-07-04,대구,배,10개,54950
2025-07-07,대구,배추,1포기,4160
2025-07-07,대구,시금치,100g,13567
2025-07-07,대구,상추,100g,10890
2025-07-07,대구,얼갈이배추,1kg,3343
2025-07-07,대구,오이,10개,11850
2025-07-07,대구,호박,1개,1613
2025-07-07,대구,토마토,1kg,4790
2025-07-07,대구,무,1개,2213
2025-07-07,대구,당근,1kg,3810
2025-07-07,대구,열무,1kg,3897
2025-07-07,대구,양파,1kg,1933
2025-07-07,대구,대파,1kg,2820
2025-07-07,대구,피망,100g,19100
2025-07-07,대구,파프리카,1개,1613
2025-07-07,대구,마늘,1kg,12153
2025-07-07,대구,브로콜리,1개,2047
2025-07-07,대구,사과,10개,34100
2025-07-07,대구,배,10개,54950
2025-07-08,대구,배추,1포기,4270
2025-07-08,대구,시금치,100g,14633
2025-07-08,대구,상추,100g,11833
2025-07-08,대구,얼갈이배추,1kg,3343
2025-07-08,대구,오이,10개,11777
2025-07-08,대구,호박,1개,1613
2025-07-08,대구,토마토,1kg,4790
2025-07-08,대구,무,1개,2327
2025-07-08,대구,당근,1kg,3810
2025-07-08,대구,열무,1kg,3897
2025-07-08,대구,양파,1kg,1933
2025-07-08,대구,대파,1kg,2820
2025-07-08,대구,피망,100g,19100
2025-07-08,대구,파프리카,1개,1657
2025-07-08,대구,마늘,1kg,12153
2025-07-08,대구,브로콜리,1개,2103
2025-07-08,대구,사과,10개,34100
2025-07-08,대구,배,10개,54950
2025-07-09,대구,배추,1포기,4270
2025-07-09,대구,시금치,100g,14633
2025-07-09,대구,상추,100g,11833
2025-07-09,대구,얼갈이배추,1kg,3510
2025-07-09,대구,오이,10개,11777
2025-07-09,대구,호박,1개,1613
2025-07-09,대구,토마토,1kg,4790
2025-07-09,대구,무,1개,2327
2025-07-09,대구,당근,1kg,3810
2025-07-09,대구,열무,1kg,3897
2025-07-09,대구,양파,1kg,1943
2025-07-09,대구,대파,1kg,2820
2025-07-09,대구,피망,100g,18967
2025-07-09,대구,파프리카,1개,1657
2025-07-09,대구,마늘,1kg,12153
2025-07-09,대구,브로콜리,1개,2103
2025-07-09,대구,사과,10개,34100
2025-07-09,대구,배,10개,54950
2025-07-10,대구,배추,1포기,4437
2025-07-10,대구,시금치,100g,15100
2025-07-10,대구,상추,100g,12100
2025-07-10,대구,얼갈이배추,1kg,4033
2025-07-10,대구,오이,10개,12930
2025-07-10,대구,호박,1개,1214
2025-07-10,대구,토마토,1kg,5990
2025-07-10,대구,무,1개,2327
2025-07-10,대구,당근,1kg,3607
2025-07-10,대구,열무,1kg,3990
2025-07-10,대구,양파,1kg,1943
2025-07-10,대구,대파,1kg,2803
2025-07-10,대구,피망,100g,14800
2025-07-10,대구,파프리카,1개,1493
2025-07-10,대구,마늘,1kg,12487
2025-07-10,대구,브로콜리,1개,2270
2025-07-10,대구,사과,10개,32767
2025-07-10,대구,배,10개,54950
2025-07-11,대구,배추,1포기,4660
2025-07-11,대구,시금치,100g,15100
2025-07-11,대구,상추,100g,12033
2025-07-11,대구,얼갈이배추,1kg,4033
2025-07-11,대구,오이,10개,12930
2025-07-11,대구,호박,1개,1214
2025-07-11,대구,토마토,1kg,5990
2025-07-11,대구,무,1개,2577
2025-07-11,대구,당근,1kg,3607
2025-07-11,대구,열무,1kg,3990
2025-07-11,대구,양파,1kg,1943
2025-07-11,대구,대파,1kg,2803
2025-07-11,대구,피망,100g,14800
2025-07-11,대구,파프리카,1개,1493
2025-07-11,대구,마늘,1kg,12320
2025-07-11,대구,브로콜리,1개,2270
2025-07-11,대구,사과,10개,32767
2025-07-11,대구,배,10개,54950
2025-07-14,대구,배추,1포기,4660
2025-07-14,대구,시금치,100g,15100
2025-07-14,대구,상추,100g,12100
2025-07-14,대구,얼갈이배추,1kg,4033
2025-07-14,대구,오이,10개,12930
2025-07-14,대구,호박,1개,1214
2025-07-14,대구,토마토,1kg,5990
2025-07-14,대구,무,1개,2660
2025-07-14,대구,당근,1kg,3607
2025-07-14,대구,열무,1kg,3990
2025-07-14,대구,양파,1kg,1943
2025-07-14,대구,대파,1kg,2803
2025-07-14,대구,피망,100g,14800
2025-07-14,대구,파프리카,1개,1493
2025-07-14,대구,마늘,1kg,12320
2025-07-14,대구,브로콜리,1개,2270
2025-07-14,대구,사과,10개,32767
2025-07-14,대구,배,10개,54950
2025-07-15,대구,배추,1포기,4827
2025-07-15,대구,시금치,100g,15833
2025-07-15,대구,상추,100g,12100
2025-07-15,대구,얼갈이배추,1kg,4033
2025-07-15,대구,오이,10개,12777
2025-07-15,대구,호박,1개,1114
2025-07-15,대구,토마토,1kg,5947
2025-07-15,대구,무,1개,2745
2025-07-15,대구,당근,1kg,3607
2025-07-15,대구,열무,1kg,4043
2025-07-15,대구,양파,1kg,1943
2025-07-15,대구,대파,1kg,2803
2025-07-15,대구,피망,100g,15367
2025-07-15,대구,파프리카,1개,1493
2025-07-15,대구,마늘,1kg,12320
2025-07-15,대구,브로콜리,1개,2270
2025-07-15,대구,사과,10개,32767
2025-07-15,대구,배,10개,54950
2025-07-16,대구,배추,1포기,4993
2025-07-16,대구,시금치,100g,15833
2025-07-16,대구,상추,100g,12100
2025-07-16,대구,얼갈이배추,1kg,4033
2025-07-16,대구,오이,10개,12777
2025-07-16,대구,호박,1개,1114
2025-07-16,대구,토마토,1kg,5947
2025-07-16,대구,무,1개,2745
2025-07-16,대구,당근,1kg,3607
2025-07-16,대구,열무,1kg,4043
2025-07-16,대구,양파,1kg,1943
2025-07-16,대구,대파,1kg,2803
2025-07-16,대구,피망,100g,15367
2025-07-16,대구,파프리카,1개,1493
2025-07-16,대구,마늘,1kg,13987
2025-07-16,대구,브로콜리,1개,2270
2025-07-16,대구,사과,10개,32767
2025-07-16,대구,배,10개,54950
2025-07-17,대구,배추,1포기,4993
2025-07-17,대구,시금치,100g,18867
2025-07-17,대구,상추,100g,11300
2025-07-17,대구,얼갈이배추,1kg,4160
2025-07-17,대구,오이,10개,13343
2025-07-17,대구,호박,1개,1214
2025-07-17,대구,토마토,1kg,5263
2025-07-17,대구,무,1개,2995
2025-07-17,대구,당근,1kg,3107
2025-07-17,대구,열무,1kg,4547
2025-07-17,대구,양파,1kg,1473
2025-07-17,대구,대파,1kg,2433
2025-07-17,대구,피망,100g,10383
2025-07-17,대구,파프리카,1개,1160
2025-07-17,대구,마늘,1kg,13013
2025-07-17,대구,브로콜리,1개,2437
2025-07-17,대구,사과,10개,31100
2025-07-17,대구,배,10개,54950
2025-07-18,대구,배추,1포기,4993
2025-07-18,대구,시금치,100g,18867
2025-07-18,대구,상추,100g,12633
2025-07-18,대구,얼갈이배추,1kg,4160
2025-07-18,대구,오이,10개,13343
2025-07-18,대구,호박,1개,1214
2025-07-18,대구,토마토,1kg,5097
2025-07-18,대구,무,1개,2995
2025-07-18,대구,당근,1kg,3107
2025-07-18,대구,열무,1kg,4547
2025-07-18,대구,양파,1kg,1473
2025-07-18,대구,대파,1kg,2433
2025-07-18,대구,피망,100g,10383
2025-07-18,대구,파프리카,1개,1160
2025-07-18,대구,마늘,1kg,10813
2025-07-18,대구,브로콜리,1개,2437
2025-07-18,대구,사과,10개,31100
2025-07-18,대구,배,10개,54950
2025-07-21,대구,배추,1포기,5827
2025-07-21,대구,시금치,100g,18867
2025-07-21,대구,상추,100g,12500
2025-07-21,대구,얼갈이배추,1kg,4160
2025-07-21,대구,오이,10개,13210
2025-07-21,대구,호박,1개,1214
2025-07-21,대구,토마토,1kg,5097
2025-07-21,대구,무,1개,3250
2025-07-21,대구,당근,1kg,3107
2025-07-21,대구,열무,1kg,4437
2025-07-21,대구,양파,1kg,1473
2025-07-21,대구,대파,1kg,3067
2025-07-21,대구,피망,100g,10283
2025-07-21,대구,파프리카,1개,1160
2025-07-21,대구,마늘,1kg,10813
2025-07-21,대구,브로콜리,1개,2437
2025-07-21,대구,사과,10개,31100
2025-07-21,대구,배,10개,54950
2025-07-22,대구,배추,1포기,5827
2025-07-22,대구,시금치,100g,23433
2025-07-22,대구,상추,100g,12500
2025-07-22,대구,얼갈이배추,1kg,4160
2025-07-22,대구,오이,10개,13210
2025-07-22,대구,호박,1개,1214
2025-07-22,대구,토마토,1kg,5097
2025-07-22,대구,무,1개,3250
2025-07-22,대구,당근,1kg,3107
2025-07-22,대구,열무,1kg,4493
2025-07-22,대구,양파,1kg,1473
2025-07-22,대구,대파,1kg,3067
2025-07-22,대구,피망,100g,10283
2025-07-22,대구,파프리카,1개,1193
2025-07-22,대구,마늘,1kg,10813
2025-07-22,대구,브로콜리,1개,2437
2025-07-22,대구,사과,10개,31100
2025-07-22,대구,배,10개,54950
2025-07-23,대구,배추,1포기,5827
2025-07-23,대구,시금치,100g,23433
2025-07-23,대구,상추,100g,12500
2025-07-23,대구,얼갈이배추,1kg,4103
2025-07-23,대구,오이,10개,13210
2025-07-23,대구,호박,1개,1227
2025-07-23,대구,토마토,1kg,5140
2025-07-23,대구,무,1개,3250
2025-07-23,대구,당근,1kg,3107
2025-07-23,대구,열무,1kg,4493
2025-07-23,대구,양파,1kg,1473
2025-07-23,대구,대파,1kg,3067
2025-07-23,대구,피망,100g,10283
2025-07-23,대구,파프리카,1개,1150
2025-07-23,대구,마늘,1kg,10813
2025-07-23,대구,브로콜리,1개,2437
2025-07-23,대구,사과,10개,31100
2025-07-23,대구,배,10개,51650
2025-07-24,대구,배추,1포기,5027
2025-07-24,대구,시금치,100g,23433
2025-07-24,대구,상추,100g,11253
2025-07-24,대구,얼갈이배추,1kg,4103
2025-07-24,대구,오이,10개,12643
2025-07-24,대구,호박,1개,1391
2025-07-24,대구,토마토,1kg,5413
2025-07-24,대구,무,1개,3000
2025-07-24,대구,당근,1kg,2797
2025-07-24,대구,열무,1kg,4493
2025-07-24,대구,양파,1kg,1937
2025-07-24,대구,대파,1kg,3253
2025-07-24,대구,피망,100g,12767
2025-07-24,대구,파프리카,1개,1051
2025-07-24,대구,마늘,1kg,11653
2025-07-24,대구,브로콜리,1개,2603
2025-07-24,대구,사과,10개,31900
2025-07-24,대구,배,10개,51650
2025-07-25,대구,배추,1포기,5360
2025-07-25,대구,시금치,100g,23433
2025-07-25,대구,상추,100g,11253
2025-07-25,대구,얼갈이배추,1kg,4103
2025-07-25,대구,오이,10개,12077
2025-07-25,대구,호박,1개,1391
2025-07-25,대구,토마토,1kg,5413
2025-07-25,대구,무,1개,3000
2025-07-25,대구,당근,1kg,2797
2025-07-25,대구,열무,1kg,4437
2025-07-25,대구,양파,1kg,1937
2025-07-25,대구,대파,1kg,3253
2025-07-25,대구,피망,100g,12767
2025-07-25,대구,파프리카,1개,1117
2025-07-25,대구,마늘,1kg,11653
2025-07-25,대구,브로콜리,1개,2603
2025-07-25,대구,사과,10개,31900
2025-07-25,대구,배,10개,51650
2025-07-28,대구,배추,1포기,5360
2025-07-28,대구,시금치,100g,23433
2025-07-28,대구,상추,100g,13053
2025-07-28,대구,얼갈이배추,1kg,4327
2025-07-28,대구,오이,10개,12210
2025-07-28,대구,호박,1개,1391
2025-07-28,대구,토마토,1kg,5460
2025-07-28,대구,무,1개,3000
2025-07-28,대구,당근,1kg,2797
2025-07-28,대구,열무,1kg,4880
2025-07-28,대구,양파,1kg,1937
2025-07-28,대구,대파,1kg,3253
2025-07-28,대구,피망,100g,12767
2025-07-28,대구,파프리카,1개,1117
2025-07-28,대구,마늘,1kg,11653
2025-07-28,대구,브로콜리,1개,2603
2025-07-28,대구,사과,10개,31900
2025-07-28,대구,배,10개,51650
2025-07-29,대구,배추,1포기,5360
2025-07-29,대구,시금치,100g,26233
2025-07-29,대구,상추,100g,14053
2025-07-29,대구,얼갈이배추,1kg,4660
2025-07-29,대구,오이,10개,12210
2025-07-29,대구,호박,1개,1391
2025-07-29,대구,토마토,1kg,5897
2025-07-29,대구,무,1개,3000
2025-07-29,대구,당근,1kg,2797
2025-07-29,대구,열무,1kg,5213
2025-07-29,대구,양파,1kg,1937
2025-07-29,대구,대파,1kg,3210
2025-07-29,대구,피망,100g,12667
2025-07-29,대구,파프리카,1개,1251
2025-07-29,대구,마늘,1kg,11487
2025-07-29,대구,브로콜리,1개,2603
2025-07-29,대구,사과,10개,31900
2025-07-29,대구,배,10개,51650
2025-05-02,광주,배추,1포기,5327
2025-05-02,광주,시금치,100g,6703
2025-05-02,광주,상추,100g,9387
2025-05-02,광주,얼갈이배추,1kg,2860
2025-05-02,광주,오이,10개,7793
2025-05-02,광주,호박,1개,1360
2025-05-02,광주,토마토,1kg,4870
2025-05-02,광주,무,1개,2830
2025-05-02,광주,당근,1kg,4933
2025-05-02,광주,열무,1kg,3020
2025-05-02,광주,양파,1kg,2250
2025-05-02,광주,대파,1kg,2207
2025-05-02,광주,피망,100g,14600
2025-05-02,광주,파프리카,1개,1937
2025-05-02,광주,마늘,1kg,11163
2025-05-02,광주,브로콜리,1개,2990
2025-05-02,광주,사과,10개,30033
2025-05-02,광주,배,10개,53700
2025-05-07,광주,배추,1포기,5213
2025-05-07,광주,시금치,100g,6757
2025-05-07,광주,상추,100g,9453
2025-05-07,광주,얼갈이배추,1kg,2803
2025-05-07,광주,오이,10개,7070
2025-05-07,광주,호박,1개,1460
2025-05-07,광주,토마토,1kg,4830
2025-05-07,광주,무,1개,2830
2025-05-07,광주,당근,1kg,4933
2025-05-07,광주,열무,1kg,2843
2025-05-07,광주,양파,1kg,2250
2025-05-07,광주,대파,1kg,2230
2025-05-07,광주,피망,100g,14450
2025-05-07,광주,파프리카,1개,1937
2025-05-07,광주,마늘,1kg,11163
2025-05-07,광주,브로콜리,1개,2933
2025-05-07,광주,사과,10개,30033
2025-05-07,광주,배,10개,53700
2025-05-08,광주,배추,1포기,3990
2025-05-08,광주,시금치,100g,7220
2025-05-08,광주,상추,100g,9553
2025-05-08,광주,얼갈이배추,1kg,2953
2025-05-08,광주,오이,10개,6973
2025-05-08,광주,호박,1개,1427
2025-05-08,광주,토마토,1kg,4443
2025-05-08,광주,무,1개,2830
2025-05-08,광주,당근,1kg,5077
2025-05-08,광주,열무,1kg,3010
2025-05-08,광주,양파,1kg,2863
2025-05-08,광주,대파,1kg,2363
2025-05-08,광주,피망,100g,14450
2025-05-08,광주,파프리카,1개,1373
2025-05-08,광주,마늘,1kg,13467
2025-05-08,광주,브로콜리,1개,2603
2025-05-08,광주,사과,10개,30533
2025-05-08,광주,배,10개,53700
2025-05-09,광주,배추,1포기,3990
2025-05-09,광주,시금치,100g,7220
2025-05-09,광주,상추,100g,9553
2025-05-09,광주,얼갈이배추,1kg,2897
2025-05-09,광주,오이,10개,6973
2025-05-09,광주,호박,1개,1427
2025-05-09,광주,토마토,1kg,4443
2025-05-09,광주,무,1개,2830
2025-05-09,광주,당근,1kg,5077
2025-05-09,광주,열무,1kg,2953
2025-05-09,광주,양파,1kg,2863
2025-05-09,광주,대파,1kg,2363
2025-05-09,광주,피망,100g,14450
2025-05-09,광주,파프리카,1개,1703
2025-05-09,광주,마늘,1kg,13600
2025-05-09,광주,브로콜리,1개,2660
2025-05-09,광주,사과,10개,30533
2025-05-09,광주,배,10개,53700
2025-05-12,광주,배추,1포기,3990
2025-05-12,광주,시금치,100g,7013
2025-05-12,광주,상추,100g,9553
2025-05-12,광주,얼갈이배추,1kg,2897
2025-05-12,광주,오이,10개,9883
2025-05-12,광주,호박,1개,1427
2025-05-12,광주,토마토,1kg,4443
2025-05-12,광주,무,1개,3000
2025-05-12,광주,당근,1kg,5077
2025-05-12,광주,열무,1kg,2953
2025-05-12,광주,양파,1kg,2863
2025-05-12,광주,대파,1kg,2363
2025-05-12,광주,피망,100g,14450
2025-05-12,광주,파프리카,1개,1937
2025-05-12,광주,마늘,1kg,13600
2025-05-12,광주,브로콜리,1개,2713
2025-05-12,광주,사과,10개,30533
2025-05-12,광주,배,10개,53700
2025-05-13,광주,배추,1포기,3990
2025-05-13,광주,시금치,100g,7013
2025-05-13,광주,상추,100g,9620
2025-05-13,광주,얼갈이배추,1kg,2897
2025-05-13,광주,오이,10개,9883
2025-05-13,광주,호박,1개,1427
2025-05-13,광주,토마토,1kg,4483
2025-05-13,광주,무,1개,3000
2025-05-13,광주,당근,1kg,5077
2025-05-13,광주,열무,1kg,3010
2025-05-13,광주,양파,1kg,2863
2025-05-13,광주,대파,1kg,2363
2025-05-13,광주,피망,100g,14450
2025-05-13,광주,파프리카,1개,1880
2025-05-13,광주,마늘,1kg,13600
2025-05-13,광주,브로콜리,1개,2713
2025-05-13,광주,사과,10개,30533
2025-05-13,광주,배,10개,53700
2025-05-14,광주,배추,1포기,3990
2025-05-14,광주,시금치,100g,6947
2025-05-14,광주,상추,100g,9620
2025-05-14,광주,얼갈이배추,1kg,2897
2025-05-14,광주,오이,10개,9773
2025-05-14,광주,호박,1개,1427
2025-05-14,광주,토마토,1kg,4400
2025-05-14,광주,무,1개,3000
2025-05-14,광주,당근,1kg,5077
2025-05-14,광주,열무,1kg,3010
2025-05-14,광주,양파,1kg,2863
2025-05-14,광주,대파,1kg,2423
2025-05-14,광주,피망,100g,14250
2025-05-14,광주,파프리카,1개,1880
2025-05-14,광주,마늘,1kg,13700
2025-05-14,광주,브로콜리,1개,2713
2025-05-14,광주,사과,10개,30533
2025-05-14,광주,배,10개,53700
2025-05-15,광주,배추,1포기,3740
2025-05-15,광주,시금치,100g,7587
2025-05-15,광주,상추,100g,8373
2025-05-15,광주,얼갈이배추,1kg,2453
2025-05-15,광주,오이,10개,8707
2025-05-15,광주,호박,1개,1427
2025-05-15,광주,토마토,1kg,4787
2025-05-15,광주,무,1개,3000
2025-05-15,광주,당근,1kg,5077
2025-05-15,광주,열무,1kg,2510
2025-05-15,광주,양파,1kg,2777
2025-05-15,광주,대파,1kg,2643
2025-05-15,광주,피망,100g,14250
2025-05-15,광주,파프리카,1개,1380
2025-05-15,광주,마늘,1kg,12063
2025-05-15,광주,브로콜리,1개,2603
2025-05-15,광주,사과,10개,29600
2025-05-15,광주,배,10개,47500
2025-05-16,광주,배추,1포기,3740
2025-05-16,광주,시금치,100g,7653
2025-05-16,광주,상추,100g,8373
2025-05-16,광주,얼갈이배추,1kg,2453
2025-05-16,광주,오이,10개,8707
2025-05-16,광주,호박,1개,1383
2025-05-16,광주,토마토,1kg,4830
2025-05-16,광주,무,1개,3000
2025-05-16,광주,당근,1kg,5077
2025-05-16,광주,열무,1kg,2510
2025-05-16,광주,양파,1kg,2777
2025-05-16,광주,대파,1kg,2583
2025-05-16,광주,피망,100g,14250
2025-05-16,광주,파프리카,1개,1380
2025-05-16,광주,마늘,1kg,12163
2025-05-16,광주,브로콜리,1개,2437
2025-05-16,광주,사과,10개,29600
2025-05-16,광주,배,10개,47500
2025-05-19,광주,배추,1포기,3493
2025-05-19,광주,시금치,100g,7653
2025-05-19,광주,상추,100g,8373
2025-05-19,광주,얼갈이배추,1kg,2453
2025-05-19,광주,오이,10개,8373
2025-05-19,광주,호박,1개,1383
2025-05-19,광주,토마토,1kg,4787
2025-05-19,광주,무,1개,3000
2025-05-19,광주,당근,1kg,5077
2025-05-19,광주,열무,1kg,2510
2025-05-19,광주,양파,1kg,2777
2025-05-19,광주,대파,1kg,2883
2025-05-19,광주,피망,100g,14100
2025-05-19,광주,파프리카,1개,1480
2025-05-19,광주,마늘,1kg,13467
2025-05-19,광주,브로콜리,1개,2380
2025-05-19,광주,사과,10개,29600
2025-05-19,광주,배,10개,47500
2025-05-20,광주,배추,1포기,3660
2025-05-20,광주,시금치,100g,7653
2025-05-20,광주,상추,100g,8373
2025-05-20,광주,얼갈이배추,1kg,2453
2025-05-20,광주,오이,10개,8263
2025-05-20,광주,호박,1개,1343
2025-05-20,광주,토마토,1kg,4703
2025-05-20,광주,무,1개,2660
2025-05-20,광주,당근,1kg,5077
2025-05-20,광주,열무,1kg,2510
2025-05-20,광주,양파,1kg,2720
2025-05-20,광주,대파,1kg,2943
2025-05-20,광주,피망,100g,13950
2025-05-20,광주,파프리카,1개,1480
2025-05-20,광주,마늘,1kg,13467
2025-05-20,광주,브로콜리,1개,2380
2025-05-20,광주,사과,10개,31767
2025-05-20,광주,배,10개,47500
2025-05-21,광주,배추,1포기,3713
2025-05-21,광주,시금치,100g,7653
2025-05-21,광주,상추,100g,8307
2025-05-21,광주,얼갈이배추,1kg,2453
2025-05-21,광주,오이,10개,8097
2025-05-21,광주,호박,1개,1343
2025-05-21,광주,토마토,1kg,4663
2025-05-21,광주,무,1개,2660
2025-05-21,광주,당근,1kg,5077
2025-05-21,광주,열무,1kg,2510
2025-05-21,광주,양파,1kg,2663
2025-05-21,광주,대파,1kg,2943
2025-05-21,광주,피망,100g,13750
2025-05-21,광주,파프리카,1개,1480
2025-05-21,광주,마늘,1kg,13467
2025-05-21,광주,브로콜리,1개,2380
2025-05-21,광주,사과,10개,31767
2025-05-21,광주,배,10개,47500
2025-05-22,광주,배추,1포기,3047
2025-05-22,광주,시금치,100g,7423
2025-05-22,광주,상추,100g,8657
2025-05-22,광주,얼갈이배추,1kg,2697
2025-05-22,광주,오이,10개,6987
2025-05-22,광주,호박,1개,1101
2025-05-22,광주,토마토,1kg,4667
2025-05-22,광주,무,1개,2500
2025-05-22,광주,당근,1kg,4380
2025-05-22,광주,열무,1kg,2753
2025-05-22,광주,양파,1kg,2137
2025-05-22,광주,대파,1kg,2730
2025-05-22,광주,피망,100g,12350
2025-05-22,광주,파프리카,1개,1560
2025-05-22,광주,마늘,1kg,12233
2025-05-22,광주,브로콜리,1개,2380
2025-05-22,광주,사과,10개,29900
2025-05-22,광주,배,10개,45000
2025-05-23,광주,배추,1포기,2937
2025-05-23,광주,시금치,100g,7423
2025-05-23,광주,상추,100g,8723
2025-05-23,광주,얼갈이배추,1kg,2697
2025-05-23,광주,오이,10개,6873
2025-05-23,광주,호박,1개,1101
2025-05-23,광주,토마토,1kg,4667
2025-05-23,광주,무,1개,2330
2025-05-23,광주,당근,1kg,4270
2025-05-23,광주,열무,1kg,2753
2025-05-23,광주,양파,1kg,2137
2025-05-23,광주,대파,1kg,2670
2025-05-23,광주,피망,100g,12000
2025-05-23,광주,파프리카,1개,1560
2025-05-23,광주,마늘,1kg,12233
2025-05-23,광주,브로콜리,1개,2380
2025-05-23,광주,사과,10개,29900
2025-05-23,광주,배,10개,45000
2025-05-26,광주,배추,1포기,2937
2025-05-26,광주,시금치,100g,7423
2025-05-26,광주,상추,100g,8657
2025-05-26,광주,얼갈이배추,1kg,2670
2025-05-26,광주,오이,10개,6987
2025-05-26,광주,호박,1개,1101
2025-05-26,광주,토마토,1kg,4667
2025-05-26,광주,무,1개,2560
2025-05-26,광주,당근,1kg,4270
2025-05-26,광주,열무,1kg,2723
2025-05-26,광주,양파,1kg,2137
2025-05-26,광주,대파,1kg,2670
2025-05-26,광주,피망,100g,12000
2025-05-26,광주,파프리카,1개,1560
2025-05-26,광주,마늘,1kg,12233
2025-05-26,광주,브로콜리,1개,2380
2025-05-26,광주,사과,10개,30467
2025-05-26,광주,배,10개,45000
2025-05-27,광주,배추,1포기,2827
2025-05-27,광주,시금치,100g,7423
2025-05-27,광주,상추,100g,8657
2025-05-27,광주,얼갈이배추,1kg,2670
2025-05-27,광주,오이,10개,6873
2025-05-27,광주,호박,1개,1134
2025-05-27,광주,토마토,1kg,4583
2025-05-27,광주,무,1개,2560
2025-05-27,광주,당근,1kg,4270
2025-05-27,광주,열무,1kg,2753
2025-05-27,광주,양파,1kg,2137
2025-05-27,광주,대파,1kg,2670
2025-05-27,광주,피망,100g,17967
2025-05-27,광주,파프리카,1개,1560
2025-05-27,광주,마늘,1kg,12233
2025-05-27,광주,브로콜리,1개,2327
2025-05-27,광주,사과,10개,30467
2025-05-27,광주,배,10개,45000
2025-05-28,광주,배추,1포기,2827
2025-05-28,광주,시금치,100g,7423
2025-05-28,광주,상추,100g,8557
2025-05-28,광주,얼갈이배추,1kg,2697
2025-05-28,광주,오이,10개,6987
2025-05-28,광주,호박,1개,1177
2025-05-28,광주,토마토,1kg,4583
2025-05-28,광주,무,1개,2560
2025-05-28,광주,당근,1kg,4270
2025-05-28,광주,열무,1kg,2807
2025-05-28,광주,양파,1kg,2083
2025-05-28,광주,대파,1kg,2643
2025-05-28,광주,피망,100g,17967
2025-05-28,광주,파프리카,1개,1560
2025-05-28,광주,마늘,1kg,12233
2025-05-28,광주,브로콜리,1개,2270
2025-05-28,광주,사과,10개,30467
2025-05-28,광주,배,10개,45000
2025-05-29,광주,배추,1포기,3037
2025-05-29,광주,시금치,100g,6983
2025-05-29,광주,상추,100g,8557
2025-05-29,광주,얼갈이배추,1kg,2843
2025-05-29,광주,오이,10개,7153
2025-05-29,광주,호박,1개,968
2025-05-29,광주,토마토,1kg,4050
2025-05-29,광주,무,1개,2560
2025-05-29,광주,당근,1kg,4827
2025-05-29,광주,열무,1kg,2285
2025-05-29,광주,양파,1kg,2080
2025-05-29,광주,대파,1kg,2123
2025-05-29,광주,피망,100g,19750
2025-05-29,광주,파프리카,1개,1493
2025-05-29,광주,마늘,1kg,12467
2025-05-29,광주,브로콜리,1개,2270
2025-05-29,광주,사과,10개,26833
2025-05-29,광주,배,10개,45000
2025-05-30,광주,배추,1포기,3037
2025-05-30,광주,시금치,100g,6983
2025-05-30,광주,상추,100g,9023
2025-05-30,광주,얼갈이배추,1kg,2870
2025-05-30,광주,오이,10개,7373
2025-05-30,광주,호박,1개,1011
2025-05-30,광주,토마토,1kg,4050
2025-05-30,광주,무,1개,2560
2025-05-30,광주,당근,1kg,4827
2025-05-30,광주,열무,1kg,2245
2025-05-30,광주,양파,1kg,2080
2025-05-30,광주,대파,1kg,2123
2025-05-30,광주,피망,100g,19750
2025-05-30,광주,파프리카,1개,1493
2025-05-30,광주,마늘,1kg,12467
2025-05-30,광주,브로콜리,1개,2270
2025-05-30,광주,사과,10개,26833
2025-05-30,광주,배,10개,45000
2025-06-02,광주,배추,1포기,3037
2025-06-02,광주,시금치,100g,6983
2025-06-02,광주,상추,100g,9333
2025-06-02,광주,얼갈이배추,1kg,2870
2025-06-02,광주,오이,10개,7373
2025-06-02,광주,호박,1개,1011
2025-06-02,광주,토마토,1kg,4050
2025-06-02,광주,무,1개,2560
2025-06-02,광주,당근,1kg,4827
2025-06-02,광주,열무,1kg,2245
2025-06-02,광주,양파,1kg,2080
2025-06-02,광주,대파,1kg,2290
2025-06-02,광주,피망,100g,19750
2025-06-02,광주,파프리카,1개,1262
2025-06-02,광주,마늘,1kg,12467
2025-06-02,광주,브로콜리,1개,2270
2025-06-02,광주,사과,10개,26833
2025-06-02,광주,배,10개,45000
2025-06-04,광주,배추,1포기,3037
2025-06-04,광주,시금치,100g,6983
2025-06-04,광주,상추,100g,9133
2025-06-04,광주,얼갈이배추,1kg,2870
2025-06-04,광주,오이,10개,7153
2025-06-04,광주,호박,1개,1011
2025-06-04,광주,토마토,1kg,4050
2025-06-04,광주,무,1개,2560
2025-06-04,광주,당근,1kg,4827
2025-06-04,광주,열무,1kg,2245
2025-06-04,광주,양파,1kg,2080
2025-06-04,광주,대파,1kg,2290
2025-06-04,광주,피망,100g,19750
2025-06-04,광주,파프리카,1개,1262
2025-06-04,광주,마늘,1kg,12467
2025-06-04,광주,브로콜리,1개,2270
2025-06-04,광주,사과,10개,26833
2025-06-04,광주,배,10개,45000
2025-06-05,광주,배추,1포기,2827
2025-06-05,광주,시금치,100g,6543
2025-06-05,광주,상추,100g,10133
2025-06-05,광주,얼갈이배추,1kg,3117
2025-06-05,광주,오이,10개,8487
2025-06-05,광주,호박,1개,1377
2025-06-05,광주,토마토,1kg,4450
2025-06-05,광주,무,1개,1837
2025-06-05,광주,당근,1kg,4827
2025-06-05,광주,열무,1kg,3133
2025-06-05,광주,양파,1kg,2183
2025-06-05,광주,대파,1kg,2553
2025-06-05,광주,피망,100g,18250
2025-06-05,광주,파프리카,1개,1327
2025-06-05,광주,마늘,1kg,12233
2025-06-05,광주,브로콜리,1개,1770
2025-06-05,광주,사과,10개,32833
2025-06-05,광주,배,10개,45000
2025-06-09,광주,배추,1포기,2827
2025-06-09,광주,시금치,100g,6543
2025-06-09,광주,상추,100g,9567
2025-06-09,광주,얼갈이배추,1kg,3117
2025-06-09,광주,오이,10개,8373
2025-06-09,광주,호박,1개,1377
2025-06-09,광주,토마토,1kg,4450
2025-06-09,광주,무,1개,1837
2025-06-09,광주,당근,1kg,4827
2025-06-09,광주,열무,1kg,3133
2025-06-09,광주,양파,1kg,2183
2025-06-09,광주,대파,1kg,2553
2025-06-09,광주,피망,100g,18250
2025-06-09,광주,파프리카,1개,1327
2025-06-09,광주,마늘,1kg,12233
2025-06-09,광주,브로콜리,1개,2270
2025-06-09,광주,사과,10개,31667
2025-06-09,광주,배,10개,45000
2025-06-10,광주,배추,1포기,2760
2025-06-10,광주,시금치,100g,6543
2025-06-10,광주,상추,100g,9567
2025-06-10,광주,얼갈이배추,1kg,3117
2025-06-10,광주,오이,10개,8373
2025-06-10,광주,호박,1개,1377
2025-06-10,광주,토마토,1kg,4450
2025-06-10,광주,무,1개,1837
2025-06-10,광주,당근,1kg,4827
2025-06-10,광주,열무,1kg,3133
2025-06-10,광주,양파,1kg,2183
2025-06-10,광주,대파,1kg,2553
2025-06-10,광주,피망,100g,18250
2025-06-10,광주,파프리카,1개,1550
2025-06-10,광주,마늘,1kg,12233
2025-06-10,광주,브로콜리,1개,2270
2025-06-10,광주,사과,10개,31667
2025-06-10,광주,배,10개,45000
2025-06-11,광주,배추,1포기,2760
2025-06-11,광주,시금치,100g,6543
2025-06-11,광주,상추,100g,9200
2025-06-11,광주,얼갈이배추,1kg,3117
2025-06-11,광주,오이,10개,8373
2025-06-11,광주,호박,1개,1377
2025-06-11,광주,토마토,1kg,4450
2025-06-11,광주,무,1개,1837
2025-06-11,광주,당근,1kg,4827
2025-06-11,광주,열무,1kg,3133
2025-06-11,광주,양파,1kg,2160
2025-06-11,광주,대파,1kg,2553
2025-06-11,광주,피망,100g,18250
2025-06-11,광주,파프리카,1개,1550
2025-06-11,광주,마늘,1kg,12233
2025-06-11,광주,브로콜리,1개,2270
2025-06-11,광주,사과,10개,31667
2025-06-11,광주,배,10개,45000
2025-06-12,광주,배추,1포기,2927
2025-06-12,광주,시금치,100g,9053
2025-06-12,광주,상추,100g,9200
2025-06-12,광주,얼갈이배추,1kg,3273
2025-06-12,광주,오이,10개,7373
2025-06-12,광주,호박,1개,1260
2025-06-12,광주,토마토,1kg,4370
2025-06-12,광주,무,1개,2270
2025-06-12,광주,당근,1kg,4313
2025-06-12,광주,열무,1kg,3303
2025-06-12,광주,양파,1kg,2160
2025-06-12,광주,대파,1kg,2627
2025-06-12,광주,피망,100g,17967
2025-06-12,광주,파프리카,1개,1550
2025-06-12,광주,마늘,1kg,12233
2025-06-12,광주,브로콜리,1개,1837
2025-06-12,광주,사과,10개,30833
2025-06-12,광주,배,10개,45000
2025-06-13,광주,배추,1포기,2927
2025-06-13,광주,시금치,100g,8720
2025-06-13,광주,상추,100g,9200
2025-06-13,광주,얼갈이배추,1kg,3273
2025-06-13,광주,오이,10개,7263
2025-06-13,광주,호박,1개,1260
2025-06-13,광주,토마토,1kg,4283
2025-06-13,광주,무,1개,2270
2025-06-13,광주,당근,1kg,4313
2025-06-13,광주,열무,1kg,3303
2025-06-13,광주,양파,1kg,2160
2025-06-13,광주,대파,1kg,2627
2025-06-13,광주,피망,100g,17967
2025-06-13,광주,파프리카,1개,1550
2025-06-13,광주,마늘,1kg,12233
2025-06-13,광주,브로콜리,1개,1837
2025-06-13,광주,사과,10개,30833
2025-06-13,광주,배,10개,45000
2025-06-16,광주,배추,1포기,3260
2025-06-16,광주,시금치,100g,8720
2025-06-16,광주,상추,100g,9200
2025-06-16,광주,얼갈이배추,1kg,3273
2025-06-16,광주,오이,10개,7597
2025-06-16,광주,호박,1개,1177
2025-06-16,광주,토마토,1kg,4283
2025-06-16,광주,무,1개,2270
2025-06-16,광주,당근,1kg,4313
2025-06-16,광주,열무,1kg,3303
2025-06-16,광주,양파,1kg,2160
2025-06-16,광주,대파,1kg,2927
2025-06-16,광주,피망,100g,17967
2025-06-16,광주,파프리카,1개,1550
2025-06-16,광주,마늘,1kg,12233
2025-06-16,광주,브로콜리,1개,1837
2025-06-16,광주,사과,10개,30833
2025-06-16,광주,배,10개,45000
2025-06-17,광주,배추,1포기,3260
2025-06-17,광주,시금치,100g,8720
2025-06-17,광주,상추,100g,9100
2025-06-17,광주,얼갈이배추,1kg,3247
2025-06-17,광주,오이,10개,7597
2025-06-17,광주,호박,1개,1177
2025-06-17,광주,토마토,1kg,4660
2025-06-17,광주,무,1개,2160
2025-06-17,광주,당근,1kg,4537
2025-06-17,광주,열무,1kg,3357
2025-06-17,광주,양파,1kg,2183
2025-06-17,광주,대파,1kg,2947
2025-06-17,광주,피망,100g,17767
2025-06-17,광주,파프리카,1개,1467
2025-06-17,광주,마늘,1kg,12133
2025-06-17,광주,브로콜리,1개,1727
2025-06-17,광주,사과,10개,30833
2025-06-17,광주,배,10개,45000
2025-06-18,광주,배추,1포기,3427
2025-06-18,광주,시금치,100g,8720
2025-06-18,광주,상추,100g,9100
2025-06-18,광주,얼갈이배추,1kg,3337
2025-06-18,광주,오이,10개,7597
2025-06-18,광주,호박,1개,1177
2025-06-18,광주,토마토,1kg,4660
2025-06-18,광주,무,1개,2160
2025-06-18,광주,당근,1kg,4537
2025-06-18,광주,열무,1kg,3390
2025-06-18,광주,양파,1kg,2183
2025-06-18,광주,대파,1kg,2947
2025-06-18,광주,피망,100g,17767
2025-06-18,광주,파프리카,1개,1467
2025-06-18,광주,마늘,1kg,12133
2025-06-18,광주,브로콜리,1개,1827
2025-06-18,광주,사과,10개,30833
2025-06-18,광주,배,10개,45000
2025-06-19,광주,배추,1포기,3160
2025-06-19,광주,시금치,100g,9287
2025-06-19,광주,상추,100g,8657
2025-06-19,광주,얼갈이배추,1kg,3197
2025-06-19,광주,오이,10개,7237
2025-06-19,광주,호박,1개,1160
2025-06-19,광주,토마토,1kg,5430
2025-06-19,광주,무,1개,1993
2025-06-19,광주,당근,1kg,4810
2025-06-19,광주,열무,1kg,3247
2025-06-19,광주,양파,1kg,2333
2025-06-19,광주,대파,1kg,3047
2025-06-19,광주,피망,100g,19267
2025-06-19,광주,파프리카,1개,1030
2025-06-19,광주,마늘,1kg,11540
2025-06-19,광주,브로콜리,1개,1577
2025-06-19,광주,사과,10개,32000
2025-06-19,광주,배,10개,49150
2025-06-20,광주,배추,1포기,3160
2025-06-20,광주,시금치,100g,9287
2025-06-20,광주,상추,100g,8657
2025-06-20,광주,얼갈이배추,1kg,3197
2025-06-20,광주,오이,10개,7237
2025-06-20,광주,호박,1개,1160
2025-06-20,광주,토마토,1kg,5430
2025-06-20,광주,무,1개,1993
2025-06-20,광주,당근,1kg,4810
2025-06-20,광주,열무,1kg,3247
2025-06-20,광주,양파,1kg,2333
2025-06-20,광주,대파,1kg,3047
2025-06-20,광주,피망,100g,19267
2025-06-20,광주,파프리카,1개,1030
2025-06-20,광주,마늘,1kg,11540
2025-06-20,광주,브로콜리,1개,1577
2025-06-20,광주,사과,10개,32000
2025-06-20,광주,배,10개,49150
2025-06-23,광주,배추,1포기,3160
2025-06-23,광주,시금치,100g,9287
2025-06-23,광주,상추,100g,8657
2025-06-23,광주,얼갈이배추,1kg,3197
2025-06-23,광주,오이,10개,7903
2025-06-23,광주,호박,1개,1160
2025-06-23,광주,토마토,1kg,5220
2025-06-23,광주,무,1개,1993
2025-06-23,광주,당근,1kg,4873
2025-06-23,광주,열무,1kg,3247
2025-06-23,광주,양파,1kg,2333
2025-06-23,광주,대파,1kg,3047
2025-06-23,광주,피망,100g,19267
2025-06-23,광주,파프리카,1개,1200
2025-06-23,광주,마늘,1kg,11540
2025-06-23,광주,브로콜리,1개,1743
2025-06-23,광주,사과,10개,32000
2025-06-23,광주,배,10개,49150
2025-06-24,광주,배추,1포기,3327
2025-06-24,광주,시금치,100g,9453
2025-06-24,광주,상추,100g,9223
2025-06-24,광주,얼갈이배추,1kg,3197
2025-06-24,광주,오이,10개,7903
2025-06-24,광주,호박,1개,1160
2025-06-24,광주,토마토,1kg,5180
2025-06-24,광주,무,1개,1993
2025-06-24,광주,당근,1kg,4873
2025-06-24,광주,열무,1kg,3247
2025-06-24,광주,양파,1kg,2333
2025-06-24,광주,대파,1kg,3047
2025-06-24,광주,피망,100g,19267
2025-06-24,광주,파프리카,1개,1210
2025-06-24,광주,마늘,1kg,11540
2025-06-24,광주,브로콜리,1개,1827
2025-06-24,광주,사과,10개,32000
2025-06-24,광주,배,10개,49150
2025-06-25,광주,배추,1포기,3327
2025-06-25,광주,시금치,100g,9453
2025-06-25,광주,상추,100g,9323
2025-06-25,광주,얼갈이배추,1kg,3197
2025-06-25,광주,오이,10개,7903
2025-06-25,광주,호박,1개,1493
2025-06-25,광주,토마토,1kg,4997
2025-06-25,광주,무,1개,1993
2025-06-25,광주,당근,1kg,4873
2025-06-25,광주,열무,1kg,3280
2025-06-25,광주,양파,1kg,2083
2025-06-25,광주,대파,1kg,3113
2025-06-25,광주,피망,100g,19267
2025-06-25,광주,파프리카,1개,1200
2025-06-25,광주,마늘,1kg,11540
2025-06-25,광주,브로콜리,1개,1827
2025-06-25,광주,사과,10개,32000
2025-06-25,광주,배,10개,49150
2025-06-26,광주,배추,1포기,3493
2025-06-26,광주,시금치,100g,9653
2025-06-26,광주,상추,100g,9320
2025-06-26,광주,얼갈이배추,1kg,3180
2025-06-26,광주,오이,10개,8237
2025-06-26,광주,호박,1개,1660
2025-06-26,광주,토마토,1kg,3787
2025-06-26,광주,무,1개,2160
2025-06-26,광주,당근,1kg,4310
2025-06-26,광주,열무,1kg,3393
2025-06-26,광주,양파,1kg,2017
2025-06-26,광주,대파,1kg,3383
2025-06-26,광주,피망,100g,22600
2025-06-26,광주,파프리카,1개,1200
2025-06-26,광주,마늘,1kg,12767
2025-06-26,광주,브로콜리,1개,2177
2025-06-26,광주,사과,10개,32600
2025-06-26,광주,배,10개,47900
2025-06-27,광주,배추,1포기,3493
2025-06-27,광주,시금치,100g,9653
2025-06-27,광주,상추,100g,9753
2025-06-27,광주,얼갈이배추,1kg,3080
2025-06-27,광주,오이,10개,8373
2025-06-27,광주,호박,1개,1713
2025-06-27,광주,토마토,1kg,3787
2025-06-27,광주,무,1개,2160
2025-06-27,광주,당근,1kg,4310
2025-06-27,광주,열무,1kg,3247
2025-06-27,광주,양파,1kg,2017
2025-06-27,광주,대파,1kg,3383
2025-06-27,광주,피망,100g,22600
2025-06-27,광주,파프리카,1개,1033
2025-06-27,광주,마늘,1kg,12700
2025-06-27,광주,브로콜리,1개,2203
2025-06-27,광주,사과,10개,32600
2025-06-27,광주,배,10개,47900
2025-06-30,광주,배추,1포기,3547
2025-06-30,광주,시금치,100g,9653
2025-06-30,광주,상추,100g,9653
2025-06-30,광주,얼갈이배추,1kg,3200
2025-06-30,광주,오이,10개,8953
2025-06-30,광주,호박,1개,1770
2025-06-30,광주,토마토,1kg,3787
2025-06-30,광주,무,1개,2160
2025-06-30,광주,당근,1kg,3863
2025-06-30,광주,열무,1kg,3247
2025-06-30,광주,양파,1kg,2143
2025-06-30,광주,대파,1kg,3383
2025-06-30,광주,피망,100g,22600
2025-06-30,광주,파프리카,1개,1280
2025-06-30,광주,마늘,1kg,12600
2025-06-30,광주,브로콜리,1개,2203
2025-06-30,광주,사과,10개,32600
2025-06-30,광주,배,10개,47900
2025-07-01,광주,배추,1포기,3470
2025-07-01,광주,시금치,100g,9987
2025-07-01,광주,상추,100g,9653
2025-07-01,광주,얼갈이배추,1kg,3200
2025-07-01,광주,오이,10개,8953
2025-07-01,광주,호박,1개,1770
2025-07-01,광주,토마토,1kg,3787
2025-07-01,광주,무,1개,2160
2025-07-01,광주,당근,1kg,3863
2025-07-01,광주,열무,1kg,3303
2025-07-01,광주,양파,1kg,2143
2025-07-01,광주,대파,1kg,3253
2025-07-01,광주,피망,100g,22600
2025-07-01,광주,파프리카,1개,1280
2025-07-01,광주,마늘,1kg,12600
2025-07-01,광주,브로콜리,1개,2203
2025-07-01,광주,사과,10개,32600
2025-07-01,광주,배,10개,47900
2025-07-02,광주,배추,1포기,3527
2025-07-02,광주,시금치,100g,10153
2025-07-02,광주,상추,100g,9753
2025-07-02,광주,얼갈이배추,1kg,3223
2025-07-02,광주,오이,10개,8953
2025-07-02,광주,호박,1개,1713
2025-07-02,광주,토마토,1kg,3787
2025-07-02,광주,무,1개,2160
2025-07-02,광주,당근,1kg,3863
2025-07-02,광주,열무,1kg,3380
2025-07-02,광주,양파,1kg,2143
2025-07-02,광주,대파,1kg,3363
2025-07-02,광주,피망,100g,22600
2025-07-02,광주,파프리카,1개,1280
2025-07-02,광주,마늘,1kg,12600
2025-07-02,광주,브로콜리,1개,2203
2025-07-02,광주,사과,10개,32600
2025-07-02,광주,배,10개,47900
2025-07-03,광주,배추,1포기,3113
2025-07-03,광주,시금치,100g,12667
2025-07-03,광주,상추,100g,10890
2025-07-03,광주,얼갈이배추,1kg,3537
2025-07-03,광주,오이,10개,8953
2025-07-03,광주,호박,1개,1613
2025-07-03,광주,토마토,1kg,4093
2025-07-03,광주,무,1개,2160
2025-07-03,광주,당근,1kg,3640
2025-07-03,광주,열무,1kg,3787
2025-07-03,광주,양파,1kg,1913
2025-07-03,광주,대파,1kg,2900
2025-07-03,광주,피망,100g,19267
2025-07-03,광주,파프리카,1개,1543
2025-07-03,광주,마늘,1kg,12600
2025-07-03,광주,브로콜리,1개,1937
2025-07-03,광주,사과,10개,33433
2025-07-03,광주,배,10개,47900
2025-07-04,광주,배추,1포기,3113
2025-07-04,광주,시금치,100g,12667
2025-07-04,광주,상추,100g,10890
2025-07-04,광주,얼갈이배추,1kg,3537
2025-07-04,광주,오이,10개,8953
2025-07-04,광주,호박,1개,1280
2025-07-04,광주,토마토,1kg,4093
2025-07-04,광주,무,1개,2160
2025-07-04,광주,당근,1kg,3640
2025-07-04,광주,열무,1kg,3757
2025-07-04,광주,양파,1kg,1913
2025-07-04,광주,대파,1kg,2870
2025-07-04,광주,피망,100g,19267
2025-07-04,광주,파프리카,1개,1543
2025-07-04,광주,마늘,1kg,12600
2025-07-04,광주,브로콜리,1개,1770
2025-07-04,광주,사과,10개,33433
2025-07-04,광주,배,10개,47900
2025-07-07,광주,배추,1포기,3613
2025-07-07,광주,시금치,100g,12667
2025-07-07,광주,상추,100g,10890
2025-07-07,광주,얼갈이배추,1kg,3510
2025-07-07,광주,오이,10개,8953
2025-07-07,광주,호박,1개,1613
2025-07-07,광주,토마토,1kg,4093
2025-07-07,광주,무,1개,2160
2025-07-07,광주,당근,1kg,3640
2025-07-07,광주,열무,1kg,3757
2025-07-07,광주,양파,1kg,2110
2025-07-07,광주,대파,1kg,2893
2025-07-07,광주,피망,100g,19267
2025-07-07,광주,파프리카,1개,1543
2025-07-07,광주,마늘,1kg,12600
2025-07-07,광주,브로콜리,1개,2103
2025-07-07,광주,사과,10개,34100
2025-07-07,광주,배,10개,47900
2025-07-08,광주,배추,1포기,3780
2025-07-08,광주,시금치,100g,12667
2025-07-08,광주,상추,100g,11667
2025-07-08,광주,얼갈이배추,1kg,3510
2025-07-08,광주,오이,10개,9620
2025-07-08,광주,호박,1개,1613
2025-07-08,광주,토마토,1kg,4647
2025-07-08,광주,무,1개,2160
2025-07-08,광주,당근,1kg,3640
2025-07-08,광주,열무,1kg,3673
2025-07-08,광주,양파,1kg,2110
2025-07-08,광주,대파,1kg,2893
2025-07-08,광주,피망,100g,19267
2025-07-08,광주,파프리카,1개,1543
2025-07-08,광주,마늘,1kg,12600
2025-07-08,광주,브로콜리,1개,2103
2025-07-08,광주,사과,10개,34100
2025-07-08,광주,배,10개,47900
2025-07-09,광주,배추,1포기,3743
2025-07-09,광주,시금치,100g,12667
2025-07-09,광주,상추,100g,11667
2025-07-09,광주,얼갈이배추,1kg,3510
2025-07-09,광주,오이,10개,9620
2025-07-09,광주,호박,1개,1613
2025-07-09,광주,토마토,1kg,4647
2025-07-09,광주,무,1개,2160
2025-07-09,광주,당근,1kg,3640
2025-07-09,광주,열무,1kg,3673
2025-07-09,광주,양파,1kg,2110
2025-07-09,광주,대파,1kg,2893
2025-07-09,광주,피망,100g,19267
2025-07-09,광주,파프리카,1개,1543
2025-07-09,광주,마늘,1kg,12600
2025-07-09,광주,브로콜리,1개,2103
2025-07-09,광주,사과,10개,34100
2025-07-09,광주,배,10개,47900
2025-07-10,광주,배추,1포기,4213
2025-07-10,광주,시금치,100g,13250
2025-07-10,광주,상추,100g,11633
2025-07-10,광주,얼갈이배추,1kg,3943
2025-07-10,광주,오이,10개,8387
2025-07-10,광주,호박,1개,1214
2025-07-10,광주,토마토,1kg,5847
2025-07-10,광주,무,1개,2160
2025-07-10,광주,당근,1kg,3717
2025-07-10,광주,열무,1kg,4210
2025-07-10,광주,양파,1kg,2510
2025-07-10,광주,대파,1kg,2903
2025-07-10,광주,피망,100g,15100
2025-07-10,광주,파프리카,1개,1280
2025-07-10,광주,마늘,1kg,14600
2025-07-10,광주,브로콜리,1개,2270
2025-07-10,광주,사과,10개,33433
2025-07-10,광주,배,10개,47900
2025-07-11,광주,배추,1포기,4213
2025-07-11,광주,시금치,100g,14200
2025-07-11,광주,상추,100g,11633
2025-07-11,광주,얼갈이배추,1kg,3943
2025-07-11,광주,오이,10개,8387
2025-07-11,광주,호박,1개,1214
2025-07-11,광주,토마토,1kg,5847
2025-07-11,광주,무,1개,1995
2025-07-11,광주,당근,1kg,3717
2025-07-11,광주,열무,1kg,4210
2025-07-11,광주,양파,1kg,2510
2025-07-11,광주,대파,1kg,2897
2025-07-11,광주,피망,100g,15100
2025-07-11,광주,파프리카,1개,1380
2025-07-11,광주,마늘,1kg,12933
2025-07-11,광주,브로콜리,1개,2270
2025-07-11,광주,사과,10개,33433
2025-07-11,광주,배,10개,47900
2025-07-14,광주,배추,1포기,4327
2025-07-14,광주,시금치,100g,14767
2025-07-14,광주,상추,100g,11633
2025-07-14,광주,얼갈이배추,1kg,3987
2025-07-14,광주,오이,10개,8380
2025-07-14,광주,호박,1개,1114
2025-07-14,광주,토마토,1kg,5847
2025-07-14,광주,무,1개,2160
2025-07-14,광주,당근,1kg,3717
2025-07-14,광주,열무,1kg,4233
2025-07-14,광주,양파,1kg,2563
2025-07-14,광주,대파,1kg,2893
2025-07-14,광주,피망,100g,15100
2025-07-14,광주,파프리카,1개,1380
2025-07-14,광주,마늘,1kg,14467
2025-07-14,광주,브로콜리,1개,2270
2025-07-14,광주,사과,10개,32767
2025-07-14,광주,배,10개,52250
2025-07-15,광주,배추,1포기,4493
2025-07-15,광주,시금치,100g,15500
2025-07-15,광주,상추,100g,11533
2025-07-15,광주,얼갈이배추,1kg,3987
2025-07-15,광주,오이,10개,8380
2025-07-15,광주,호박,1개,1114
2025-07-15,광주,토마토,1kg,5847
2025-07-15,광주,무,1개,2245
2025-07-15,광주,당근,1kg,3717
2025-07-15,광주,열무,1kg,4260
2025-07-15,광주,양파,1kg,2563
2025-07-15,광주,대파,1kg,2893
2025-07-15,광주,피망,100g,15100
2025-07-15,광주,파프리카,1개,1380
2025-07-15,광주,마늘,1kg,14467
2025-07-15,광주,브로콜리,1개,2270
2025-07-15,광주,사과,10개,32767
2025-07-15,광주,배,10개,52250
2025-07-16,광주,배추,1포기,4880
2025-07-16,광주,시금치,100g,15500
2025-07-16,광주,상추,100g,11967
2025-07-16,광주,얼갈이배추,1kg,4013
2025-07-16,광주,오이,10개,8920
2025-07-16,광주,호박,1개,1114
2025-07-16,광주,토마토,1kg,5780
2025-07-16,광주,무,1개,2245
2025-07-16,광주,당근,1kg,3717
2025-07-16,광주,열무,1kg,4120
2025-07-16,광주,양파,1kg,2563
2025-07-16,광주,대파,1kg,3113
2025-07-16,광주,피망,100g,15100
2025-07-16,광주,파프리카,1개,1380
2025-07-16,광주,마늘,1kg,14367
2025-07-16,광주,브로콜리,1개,2270
2025-07-16,광주,사과,10개,32200
2025-07-16,광주,배,10개,52250
2025-07-17,광주,배추,1포기,4880
2025-07-17,광주,시금치,100g,20400
2025-07-17,광주,상추,100g,11800
2025-07-17,광주,얼갈이배추,1kg,4230
2025-07-17,광주,오이,10개,9280
2025-07-17,광주,호박,1개,1214
2025-07-17,광주,토마토,1kg,5097
2025-07-17,광주,무,1개,2830
2025-07-17,광주,당근,1kg,2767
2025-07-17,광주,열무,1kg,4193
2025-07-17,광주,양파,1kg,1683
2025-07-17,광주,대파,1kg,2700
2025-07-17,광주,피망,100g,10100
2025-07-17,광주,파프리카,1개,1147
2025-07-17,광주,마늘,1kg,13393
2025-07-17,광주,브로콜리,1개,2437
2025-07-17,광주,사과,10개,29867
2025-07-17,광주,배,10개,48500
2025-07-18,광주,배추,1포기,4880
2025-07-18,광주,시금치,100g,20400
2025-07-18,광주,상추,100g,13133
2025-07-18,광주,얼갈이배추,1kg,4230
2025-07-18,광주,오이,10개,9280
2025-07-18,광주,호박,1개,1214
2025-07-18,광주,토마토,1kg,4930
2025-07-18,광주,무,1개,2830
2025-07-18,광주,당근,1kg,2767
2025-07-18,광주,열무,1kg,4193
2025-07-18,광주,양파,1kg,1683
2025-07-18,광주,대파,1kg,2700
2025-07-18,광주,피망,100g,10100
2025-07-18,광주,파프리카,1개,1147
2025-07-18,광주,마늘,1kg,13393
2025-07-18,광주,브로콜리,1개,2437
2025-07-18,광주,사과,10개,29867
2025-07-18,광주,배,10개,48500
2025-07-21,광주,배추,1포기,5620
2025-07-21,광주,시금치,100g,20567
2025-07-21,광주,상추,100g,12700
2025-07-21,광주,얼갈이배추,1kg,4177
2025-07-21,광주,오이,10개,9447
2025-07-21,광주,호박,1개,1214
2025-07-21,광주,토마토,1kg,4930
2025-07-21,광주,무,1개,3000
2025-07-21,광주,당근,1kg,2767
2025-07-21,광주,열무,1kg,4290
2025-07-21,광주,양파,1kg,1683
2025-07-21,광주,대파,1kg,3243
2025-07-21,광주,피망,100g,9933
2025-07-21,광주,파프리카,1개,1147
2025-07-21,광주,마늘,1kg,13393
2025-07-21,광주,브로콜리,1개,2437
2025-07-21,광주,사과,10개,29300
2025-07-21,광주,배,10개,48500
2025-07-22,광주,배추,1포기,5493
2025-07-22,광주,시금치,100g,22533
2025-07-22,광주,상추,100g,12700
2025-07-22,광주,얼갈이배추,1kg,4177
2025-07-22,광주,오이,10개,9447
2025-07-22,광주,호박,1개,1271
2025-07-22,광주,토마토,1kg,5263
2025-07-22,광주,무,1개,3000
2025-07-22,광주,당근,1kg,2767
2025-07-22,광주,열무,1kg,4260
2025-07-22,광주,양파,1kg,1540
2025-07-22,광주,대파,1kg,3243
2025-07-22,광주,피망,100g,9933
2025-07-22,광주,파프리카,1개,1147
2025-07-22,광주,마늘,1kg,13393
2025-07-22,광주,브로콜리,1개,2437
2025-07-22,광주,사과,10개,29300
2025-07-22,광주,배,10개,48500
2025-07-23,광주,배추,1포기,5493
2025-07-23,광주,시금치,100g,22533
2025-07-23,광주,상추,100g,12700
2025-07-23,광주,얼갈이배추,1kg,4147
2025-07-23,광주,오이,10개,9447
2025-07-23,광주,호박,1개,1271
2025-07-23,광주,토마토,1kg,5387
2025-07-23,광주,무,1개,3500
2025-07-23,광주,당근,1kg,2767
2025-07-23,광주,열무,1kg,4233
2025-07-23,광주,양파,1kg,1540
2025-07-23,광주,대파,1kg,3243
2025-07-23,광주,피망,100g,9933
2025-07-23,광주,파프리카,1개,1147
2025-07-23,광주,마늘,1kg,13393
2025-07-23,광주,브로콜리,1개,2403
2025-07-23,광주,사과,10개,29300
2025-07-23,광주,배,10개,48500
2025-07-24,광주,배추,1포기,4693
2025-07-24,광주,시금치,100g,23267
2025-07-24,광주,상추,100g,11820
2025-07-24,광주,얼갈이배추,1kg,4180
2025-07-24,광주,오이,10개,8520
2025-07-24,광주,호박,1개,1434
2025-07-24,광주,토마토,1kg,5387
2025-07-24,광주,무,1개,3500
2025-07-24,광주,당근,1kg,2907
2025-07-24,광주,열무,1kg,4487
2025-07-24,광주,양파,1kg,2003
2025-07-24,광주,대파,1kg,3420
2025-07-24,광주,피망,100g,12433
2025-07-24,광주,파프리카,1개,1011
2025-07-24,광주,마늘,1kg,12033
2025-07-24,광주,브로콜리,1개,2603
2025-07-24,광주,사과,10개,28767
2025-07-24,광주,배,10개,48500
2025-07-25,광주,배추,1포기,5027
2025-07-25,광주,시금치,100g,23267
2025-07-25,광주,상추,100g,11820
2025-07-25,광주,얼갈이배추,1kg,4210
2025-07-25,광주,오이,10개,7600
2025-07-25,광주,호박,1개,1434
2025-07-25,광주,토마토,1kg,4950
2025-07-25,광주,무,1개,3000
2025-07-25,광주,당근,1kg,2740
2025-07-25,광주,열무,1kg,4513
2025-07-25,광주,양파,1kg,2047
2025-07-25,광주,대파,1kg,3360
2025-07-25,광주,피망,100g,12433
2025-07-25,광주,파프리카,1개,1104
2025-07-25,광주,마늘,1kg,12033
2025-07-25,광주,브로콜리,1개,2577
2025-07-25,광주,사과,10개,29000
2025-07-25,광주,배,10개,46200
2025-07-28,광주,배추,1포기,5067
2025-07-28,광주,시금치,100g,23267
2025-07-28,광주,상추,100g,12053
2025-07-28,광주,얼갈이배추,1kg,4210
2025-07-28,광주,오이,10개,7600
2025-07-28,광주,호박,1개,1434
2025-07-28,광주,토마토,1kg,5553
2025-07-28,광주,무,1개,3000
2025-07-28,광주,당근,1kg,2740
2025-07-28,광주,열무,1kg,4653
2025-07-28,광주,양파,1kg,2047
2025-07-28,광주,대파,1kg,3360
2025-07-28,광주,피망,100g,12433
2025-07-28,광주,파프리카,1개,1237
2025-07-28,광주,마늘,1kg,12033
2025-07-28,광주,브로콜리,1개,2577
2025-07-28,광주,사과,10개,27667
2025-07-28,광주,배,10개,45150
2025-07-29,광주,배추,1포기,5067
2025-07-29,광주,시금치,100g,25333
2025-07-29,광주,상추,100g,12053
2025-07-29,광주,얼갈이배추,1kg,4630
2025-07-29,광주,오이,10개,7600
2025-07-29,광주,호박,1개,1434
2025-07-29,광주,토마토,1kg,5553
2025-07-29,광주,무,1개,3160
2025-07-29,광주,당근,1kg,2740
2025-07-29,광주,열무,1kg,5077
2025-07-29,광주,양파,1kg,2267
2025-07-29,광주,대파,1kg,3360
2025-07-29,광주,피망,100g,12433
2025-07-29,광주,파프리카,1개,1237
2025-07-29,광주,마늘,1kg,12033
2025-07-29,광주,브로콜리,1개,2577
2025-07-29,광주,사과,10개,27667
2025-07-29,광주,배,10개,45150
2025-05-02,대전,배추,1포기,5160
2025-05-02,대전,시금치,100g,6757
2025-05-02,대전,상추,100g,10053
2025-05-02,대전,얼갈이배추,1kg,3527
2025-05-02,대전,오이,10개,19900
2025-05-02,대전,호박,1개,1360
2025-05-02,대전,토마토,1kg,5153
2025-05-02,대전,무,1개,2700
2025-05-02,대전,당근,1kg,4800
2025-05-02,대전,열무,1kg,2957
2025-05-02,대전,양파,1kg,2153
2025-05-02,대전,대파,1kg,2003
2025-05-02,대전,피망,100g,19900
2025-05-02,대전,파프리카,1개,1993
2025-05-02,대전,마늘,1kg,11243
2025-05-02,대전,브로콜리,1개,2990
2025-05-02,대전,사과,10개,31400
2025-05-02,대전,배,10개,66200
2025-05-07,대전,배추,1포기,5327
2025-05-07,대전,시금치,100g,6703
2025-05-07,대전,상추,100g,10053
2025-05-07,대전,얼갈이배추,1kg,3303
2025-05-07,대전,오이,10개,19900
2025-05-07,대전,호박,1개,1460
2025-05-07,대전,토마토,1kg,4783
2025-05-07,대전,무,1개,2700
2025-05-07,대전,당근,1kg,4800
2025-05-07,대전,열무,1kg,2790
2025-05-07,대전,양파,1kg,2100
2025-05-07,대전,대파,1kg,2003
2025-05-07,대전,피망,100g,19900
2025-05-07,대전,파프리카,1개,1993
2025-05-07,대전,마늘,1kg,11243
2025-05-07,대전,브로콜리,1개,2990
2025-05-07,대전,사과,10개,31433
2025-05-07,대전,배,10개,66200
2025-05-08,대전,배추,1포기,3910
2025-05-08,대전,시금치,100g,7640
2025-05-08,대전,상추,100g,10053
2025-05-08,대전,얼갈이배추,1kg,3433
2025-05-08,대전,오이,10개,19900
2025-05-08,대전,호박,1개,1427
2025-05-08,대전,토마토,1kg,4907
2025-05-08,대전,무,1개,2700
2025-05-08,대전,당근,1kg,4523
2025-05-08,대전,열무,1kg,2957
2025-05-08,대전,양파,1kg,2530
2025-05-08,대전,대파,1kg,2150
2025-05-08,대전,피망,100g,19900
2025-05-08,대전,파프리카,1개,1760
2025-05-08,대전,마늘,1kg,13233
2025-05-08,대전,브로콜리,1개,2495
2025-05-08,대전,사과,10개,31933
2025-05-08,대전,배,10개,66200
2025-05-09,대전,배추,1포기,3743
2025-05-09,대전,시금치,100g,7640
2025-05-09,대전,상추,100g,10053
2025-05-09,대전,얼갈이배추,1kg,3600
2025-05-09,대전,오이,10개,19900
2025-05-09,대전,호박,1개,1427
2025-05-09,대전,토마토,1kg,4907
2025-05-09,대전,무,1개,2800
2025-05-09,대전,당근,1kg,4523
2025-05-09,대전,열무,1kg,2957
2025-05-09,대전,양파,1kg,2530
2025-05-09,대전,대파,1kg,2150
2025-05-09,대전,피망,100g,21400
2025-05-09,대전,파프리카,1개,1760
2025-05-09,대전,마늘,1kg,13233
2025-05-09,대전,브로콜리,1개,2660
2025-05-09,대전,사과,10개,31933
2025-05-09,대전,배,10개,66200
2025-05-12,대전,배추,1포기,3743
2025-05-12,대전,시금치,100g,7640
2025-05-12,대전,상추,100g,9720
2025-05-12,대전,얼갈이배추,1kg,3600
2025-05-12,대전,오이,10개,19900
2025-05-12,대전,호박,1개,1427
2025-05-12,대전,토마토,1kg,4907
2025-05-12,대전,무,1개,2800
2025-05-12,대전,당근,1kg,4523
2025-05-12,대전,열무,1kg,2957
2025-05-12,대전,양파,1kg,2530
2025-05-12,대전,대파,1kg,2150
2025-05-12,대전,피망,100g,21400
2025-05-12,대전,파프리카,1개,1993
2025-05-12,대전,마늘,1kg,13233
2025-05-12,대전,브로콜리,1개,2577
2025-05-12,대전,사과,10개,30100
2025-05-12,대전,배,10개,66200
2025-05-13,대전,배추,1포기,3700
2025-05-13,대전,시금치,100g,7640
2025-05-13,대전,상추,100g,9820
2025-05-13,대전,얼갈이배추,1kg,3377
2025-05-13,대전,오이,10개,19900
2025-05-13,대전,호박,1개,1427
2025-05-13,대전,토마토,1kg,4797
2025-05-13,대전,무,1개,2800
2025-05-13,대전,당근,1kg,4523
2025-05-13,대전,열무,1kg,2957
2025-05-13,대전,양파,1kg,2530
2025-05-13,대전,대파,1kg,2150
2025-05-13,대전,피망,100g,21400
2025-05-13,대전,파프리카,1개,1993
2025-05-13,대전,마늘,1kg,13600
2025-05-13,대전,브로콜리,1개,2577
2025-05-13,대전,사과,10개,30100
2025-05-13,대전,배,10개,66200
2025-05-14,대전,배추,1포기,3700
2025-05-14,대전,시금치,100g,7640
2025-05-14,대전,상추,100g,9820
2025-05-14,대전,얼갈이배추,1kg,3377
2025-05-14,대전,오이,10개,19900
2025-05-14,대전,호박,1개,1427
2025-05-14,대전,토마토,1kg,4797
2025-05-14,대전,무,1개,2800
2025-05-14,대전,당근,1kg,4523
2025-05-14,대전,열무,1kg,2957
2025-05-14,대전,양파,1kg,2530
2025-05-14,대전,대파,1kg,2150
2025-05-14,대전,피망,100g,21400
2025-05-14,대전,파프리카,1개,1880
2025-05-14,대전,마늘,1kg,13600
2025-05-14,대전,브로콜리,1개,2577
2025-05-14,대전,사과,10개,30100
2025-05-14,대전,배,10개,66200
2025-05-15,대전,배추,1포기,3533
2025-05-15,대전,시금치,100g,7720
2025-05-15,대전,상추,100g,8573
2025-05-15,대전,얼갈이배추,1kg,2863
2025-05-15,대전,오이,10개,16600
2025-05-15,대전,호박,1개,1427
2025-05-15,대전,토마토,1kg,4630
2025-05-15,대전,무,1개,2800
2025-05-15,대전,당근,1kg,4523
2025-05-15,대전,열무,1kg,2427
2025-05-15,대전,양파,1kg,2443
2025-05-15,대전,대파,1kg,2307
2025-05-15,대전,피망,100g,22400
2025-05-15,대전,파프리카,1개,1380
2025-05-15,대전,마늘,1kg,11963
2025-05-15,대전,브로콜리,1개,2493
2025-05-15,대전,사과,10개,31433
2025-05-15,대전,배,10개,66200
2025-05-16,대전,배추,1포기,3533
2025-05-16,대전,시금치,100g,7853
2025-05-16,대전,상추,100g,8473
2025-05-16,대전,얼갈이배추,1kg,2810
2025-05-16,대전,오이,10개,16600
2025-05-16,대전,호박,1개,1427
2025-05-16,대전,토마토,1kg,4630
2025-05-16,대전,무,1개,2800
2025-05-16,대전,당근,1kg,4833
2025-05-16,대전,열무,1kg,2427
2025-05-16,대전,양파,1kg,2443
2025-05-16,대전,대파,1kg,2240
2025-05-16,대전,피망,100g,22400
2025-05-16,대전,파프리카,1개,1380
2025-05-16,대전,마늘,1kg,11963
2025-05-16,대전,브로콜리,1개,2490
2025-05-16,대전,사과,10개,31433
2025-05-16,대전,배,10개,66200
2025-05-19,대전,배추,1포기,3493
2025-05-19,대전,시금치,100g,7853
2025-05-19,대전,상추,100g,8373
2025-05-19,대전,얼갈이배추,1kg,2810
2025-05-19,대전,오이,10개,16600
2025-05-19,대전,호박,1개,1427
2025-05-19,대전,토마토,1kg,4630
2025-05-19,대전,무,1개,2800
2025-05-19,대전,당근,1kg,4523
2025-05-19,대전,열무,1kg,2427
2025-05-19,대전,양파,1kg,2443
2025-05-19,대전,대파,1kg,2137
2025-05-19,대전,피망,100g,22400
2025-05-19,대전,파프리카,1개,1480
2025-05-19,대전,마늘,1kg,13267
2025-05-19,대전,브로콜리,1개,2490
2025-05-19,대전,사과,10개,31433
2025-05-19,대전,배,10개,66200
2025-05-20,대전,배추,1포기,3493
2025-05-20,대전,시금치,100g,7853
2025-05-20,대전,상추,100g,8373
2025-05-20,대전,얼갈이배추,1kg,2920
2025-05-20,대전,오이,10개,16600
2025-05-20,대전,호박,1개,1427
2025-05-20,대전,토마토,1kg,4630
2025-05-20,대전,무,1개,2800
2025-05-20,대전,당근,1kg,4523
2025-05-20,대전,열무,1kg,2370
2025-05-20,대전,양파,1kg,2443
2025-05-20,대전,대파,1kg,2760
2025-05-20,대전,피망,100g,22400
2025-05-20,대전,파프리카,1개,1480
2025-05-20,대전,마늘,1kg,13267
2025-05-20,대전,브로콜리,1개,2160
2025-05-20,대전,사과,10개,31433
2025-05-20,대전,배,10개,66200
2025-05-21,대전,배추,1포기,3493
2025-05-21,대전,시금치,100g,7777
2025-05-21,대전,상추,100g,8373
2025-05-21,대전,얼갈이배추,1kg,2810
2025-05-21,대전,오이,10개,16600
2025-05-21,대전,호박,1개,1427
2025-05-21,대전,토마토,1kg,4630
2025-05-21,대전,무,1개,2620
2025-05-21,대전,당근,1kg,4480
2025-05-21,대전,열무,1kg,2313
2025-05-21,대전,양파,1kg,2443
2025-05-21,대전,대파,1kg,2760
2025-05-21,대전,피망,100g,22400
2025-05-21,대전,파프리카,1개,1480
2025-05-21,대전,마늘,1kg,13267
2025-05-21,대전,브로콜리,1개,2160
2025-05-21,대전,사과,10개,31433
2025-05-21,대전,배,10개,66200
2025-05-22,대전,배추,1포기,2797
2025-05-22,대전,시금치,100g,7067
2025-05-22,대전,상추,100g,8623
2025-05-22,대전,얼갈이배추,1kg,3010
2025-05-22,대전,오이,10개,16600
2025-05-22,대전,호박,1개,1227
2025-05-22,대전,토마토,1kg,4677
2025-05-22,대전,무,1개,2750
2025-05-22,대전,당근,1kg,3577
2025-05-22,대전,열무,1kg,2517
2025-05-22,대전,양파,1kg,1790
2025-05-22,대전,대파,1kg,2447
2025-05-22,대전,피망,100g,23650
2025-05-22,대전,파프리카,1개,1613
2025-05-22,대전,마늘,1kg,12033
2025-05-22,대전,브로콜리,1개,2077
2025-05-22,대전,사과,10개,30067
2025-05-22,대전,배,10개,57500
2025-05-23,대전,배추,1포기,2797
2025-05-23,대전,시금치,100g,7067
2025-05-23,대전,상추,100g,8623
2025-05-23,대전,얼갈이배추,1kg,3010
2025-05-23,대전,오이,10개,16600
2025-05-23,대전,호박,1개,1227
2025-05-23,대전,토마토,1kg,4677
2025-05-23,대전,무,1개,2750
2025-05-23,대전,당근,1kg,3577
2025-05-23,대전,열무,1kg,2517
2025-05-23,대전,양파,1kg,1790
2025-05-23,대전,대파,1kg,2447
2025-05-23,대전,피망,100g,23650
2025-05-23,대전,파프리카,1개,1613
2025-05-23,대전,마늘,1kg,12033
2025-05-23,대전,브로콜리,1개,2077
2025-05-23,대전,사과,10개,30067
2025-05-23,대전,배,10개,57500
2025-05-26,대전,배추,1포기,2797
2025-05-26,대전,시금치,100g,7067
2025-05-26,대전,상추,100g,8323
2025-05-26,대전,얼갈이배추,1kg,3010
2025-05-26,대전,오이,10개,16600
2025-05-26,대전,호박,1개,1227
2025-05-26,대전,토마토,1kg,4513
2025-05-26,대전,무,1개,2705
2025-05-26,대전,당근,1kg,3577
2025-05-26,대전,열무,1kg,2517
2025-05-26,대전,양파,1kg,1790
2025-05-26,대전,대파,1kg,2447
2025-05-26,대전,피망,100g,23650
2025-05-26,대전,파프리카,1개,1613
2025-05-26,대전,마늘,1kg,12033
2025-05-26,대전,브로콜리,1개,2077
2025-05-26,대전,사과,10개,30067
2025-05-26,대전,배,10개,57500
2025-05-27,대전,배추,1포기,2797
2025-05-27,대전,시금치,100g,7067
2025-05-27,대전,상추,100g,8323
2025-05-27,대전,얼갈이배추,1kg,3010
2025-05-27,대전,오이,10개,16600
2025-05-27,대전,호박,1개,1217
2025-05-27,대전,토마토,1kg,4513
2025-05-27,대전,무,1개,2705
2025-05-27,대전,당근,1kg,3577
2025-05-27,대전,열무,1kg,2517
2025-05-27,대전,양파,1kg,1750
2025-05-27,대전,대파,1kg,2447
2025-05-27,대전,피망,100g,23650
2025-05-27,대전,파프리카,1개,1613
2025-05-27,대전,마늘,1kg,12267
2025-05-27,대전,브로콜리,1개,2077
2025-05-27,대전,사과,10개,30067
2025-05-27,대전,배,10개,57500
2025-05-28,대전,배추,1포기,3020
2025-05-28,대전,시금치,100g,7067
2025-05-28,대전,상추,100g,8323
2025-05-28,대전,얼갈이배추,1kg,3010
2025-05-28,대전,오이,10개,16600
2025-05-28,대전,호박,1개,1217
2025-05-28,대전,토마토,1kg,4513
2025-05-28,대전,무,1개,2705
2025-05-28,대전,당근,1kg,3577
2025-05-28,대전,열무,1kg,2517
2025-05-28,대전,양파,1kg,1750
2025-05-28,대전,대파,1kg,2447
2025-05-28,대전,피망,100g,23650
2025-05-28,대전,파프리카,1개,1613
2025-05-28,대전,마늘,1kg,12267
2025-05-28,대전,브로콜리,1개,2077
2025-05-28,대전,사과,10개,30067
2025-05-28,대전,배,10개,57500
2025-05-29,대전,배추,1포기,3230
2025-05-29,대전,시금치,100g,6983
2025-05-29,대전,상추,100g,8723
2025-05-29,대전,얼갈이배추,1kg,3177
2025-05-29,대전,오이,10개,16600
2025-05-29,대전,호박,1개,1051
2025-05-29,대전,토마토,1kg,4083
2025-05-29,대전,무,1개,2705
2025-05-29,대전,당근,1kg,4133
2025-05-29,대전,열무,1kg,2670
2025-05-29,대전,양파,1kg,1747
2025-05-29,대전,대파,1kg,1903
2025-05-29,대전,피망,100g,25150
2025-05-29,대전,파프리카,1개,1547
2025-05-29,대전,마늘,1kg,12500
2025-05-29,대전,브로콜리,1개,2160
2025-05-29,대전,사과,10개,28100
2025-05-29,대전,배,10개,57500
2025-05-30,대전,배추,1포기,3313
2025-05-30,대전,시금치,100g,6983
2025-05-30,대전,상추,100g,9190
2025-05-30,대전,얼갈이배추,1kg,3177
2025-05-30,대전,오이,10개,16600
2025-05-30,대전,호박,1개,1051
2025-05-30,대전,토마토,1kg,4083
2025-05-30,대전,무,1개,2705
2025-05-30,대전,당근,1kg,4133
2025-05-30,대전,열무,1kg,2783
2025-05-30,대전,양파,1kg,1703
2025-05-30,대전,대파,1kg,2033
2025-05-30,대전,피망,100g,25150
2025-05-30,대전,파프리카,1개,1547
2025-05-30,대전,마늘,1kg,12500
2025-05-30,대전,브로콜리,1개,2160
2025-05-30,대전,사과,10개,28100
2025-05-30,대전,배,10개,57500
2025-06-02,대전,배추,1포기,3313
2025-06-02,대전,시금치,100g,6983
2025-06-02,대전,상추,100g,9500
2025-06-02,대전,얼갈이배추,1kg,3177
2025-06-02,대전,오이,10개,16600
2025-06-02,대전,호박,1개,1011
2025-06-02,대전,토마토,1kg,4083
2025-06-02,대전,무,1개,2705
2025-06-02,대전,당근,1kg,4133
2025-06-02,대전,열무,1kg,2950
2025-06-02,대전,양파,1kg,1703
2025-06-02,대전,대파,1kg,2170
2025-06-02,대전,피망,100g,25150
2025-06-02,대전,파프리카,1개,1547
2025-06-02,대전,마늘,1kg,12500
2025-06-02,대전,브로콜리,1개,2243
2025-06-02,대전,사과,10개,28100
2025-06-02,대전,배,10개,57500
2025-06-04,대전,배추,1포기,3147
2025-06-04,대전,시금치,100g,6983
2025-06-04,대전,상추,100g,9500
2025-06-04,대전,얼갈이배추,1kg,3213
2025-06-04,대전,오이,10개,16600
2025-06-04,대전,호박,1개,1011
2025-06-04,대전,토마토,1kg,4083
2025-06-04,대전,무,1개,2645
2025-06-04,대전,당근,1kg,4133
2025-06-04,대전,열무,1kg,2900
2025-06-04,대전,양파,1kg,1703
2025-06-04,대전,대파,1kg,2170
2025-06-04,대전,피망,100g,25150
2025-06-04,대전,파프리카,1개,1547
2025-06-04,대전,마늘,1kg,12500
2025-06-04,대전,브로콜리,1개,2243
2025-06-04,대전,사과,10개,28100
2025-06-04,대전,배,10개,57500
2025-06-05,대전,배추,1포기,3047
2025-06-05,대전,시금치,100g,6887
2025-06-05,대전,상추,100g,9733
2025-06-05,대전,얼갈이배추,1kg,3480
2025-06-05,대전,오이,10개,16600
2025-06-05,대전,호박,1개,1377
2025-06-05,대전,토마토,1kg,4483
2025-06-05,대전,무,1개,2045
2025-06-05,대전,당근,1kg,4133
2025-06-05,대전,열무,1kg,3230
2025-06-05,대전,양파,1kg,1807
2025-06-05,대전,대파,1kg,2397
2025-06-05,대전,피망,100g,29900
2025-06-05,대전,파프리카,1개,1380
2025-06-05,대전,마늘,1kg,12267
2025-06-05,대전,브로콜리,1개,1743
2025-06-05,대전,사과,10개,30767
2025-06-05,대전,배,10개,57500
2025-06-09,대전,배추,1포기,3047
2025-06-09,대전,시금치,100g,6887
2025-06-09,대전,상추,100g,9533
2025-06-09,대전,얼갈이배추,1kg,3480
2025-06-09,대전,오이,10개,16600
2025-06-09,대전,호박,1개,1377
2025-06-09,대전,토마토,1kg,4483
2025-06-09,대전,무,1개,2045
2025-06-09,대전,당근,1kg,4050
2025-06-09,대전,열무,1kg,3230
2025-06-09,대전,양파,1kg,1807
2025-06-09,대전,대파,1kg,2397
2025-06-09,대전,피망,100g,29900
2025-06-09,대전,파프리카,1개,1380
2025-06-09,대전,마늘,1kg,12267
2025-06-09,대전,브로콜리,1개,2193
2025-06-09,대전,사과,10개,30767
2025-06-09,대전,배,10개,57500
2025-06-10,대전,배추,1포기,2980
2025-06-10,대전,시금치,100g,6887
2025-06-10,대전,상추,100g,9533
2025-06-10,대전,얼갈이배추,1kg,3480
2025-06-10,대전,오이,10개,16600
2025-06-10,대전,호박,1개,1377
2025-06-10,대전,토마토,1kg,4483
2025-06-10,대전,무,1개,1893
2025-06-10,대전,당근,1kg,4050
2025-06-10,대전,열무,1kg,3230
2025-06-10,대전,양파,1kg,1807
2025-06-10,대전,대파,1kg,2397
2025-06-10,대전,피망,100g,29900
2025-06-10,대전,파프리카,1개,1613
2025-06-10,대전,마늘,1kg,12267
2025-06-10,대전,브로콜리,1개,2243
2025-06-10,대전,사과,10개,30767
2025-06-10,대전,배,10개,57500
2025-06-11,대전,배추,1포기,2980
2025-06-11,대전,시금치,100g,6887
2025-06-11,대전,상추,100g,9533
2025-06-11,대전,얼갈이배추,1kg,3480
2025-06-11,대전,오이,10개,16600
2025-06-11,대전,호박,1개,1377
2025-06-11,대전,토마토,1kg,4483
2025-06-11,대전,무,1개,1893
2025-06-11,대전,당근,1kg,4050
2025-06-11,대전,열무,1kg,3230
2025-06-11,대전,양파,1kg,1807
2025-06-11,대전,대파,1kg,2397
2025-06-11,대전,피망,100g,29900
2025-06-11,대전,파프리카,1개,1613
2025-06-11,대전,마늘,1kg,12267
2025-06-11,대전,브로콜리,1개,2243
2025-06-11,대전,사과,10개,30767
2025-06-11,대전,배,10개,57500
2025-06-12,대전,배추,1포기,3287
2025-06-12,대전,시금치,100g,8533
2025-06-12,대전,상추,100g,8950
2025-06-12,대전,얼갈이배추,1kg,3603
2025-06-12,대전,오이,10개,16600
2025-06-12,대전,호박,1개,1210
2025-06-12,대전,토마토,1kg,4407
2025-06-12,대전,무,1개,2160
2025-06-12,대전,당근,1kg,3537
2025-06-12,대전,열무,1kg,3260
2025-06-12,대전,양파,1kg,1807
2025-06-12,대전,대파,1kg,2537
2025-06-12,대전,피망,100g,23650
2025-06-12,대전,파프리카,1개,1613
2025-06-12,대전,마늘,1kg,12267
2025-06-12,대전,브로콜리,1개,1727
2025-06-12,대전,사과,10개,34100
2025-06-12,대전,배,10개,57500
2025-06-13,대전,배추,1포기,3287
2025-06-13,대전,시금치,100g,8533
2025-06-13,대전,상추,100g,8950
2025-06-13,대전,얼갈이배추,1kg,3603
2025-06-13,대전,오이,10개,16600
2025-06-13,대전,호박,1개,1210
2025-06-13,대전,토마토,1kg,4407
2025-06-13,대전,무,1개,2160
2025-06-13,대전,당근,1kg,3537
2025-06-13,대전,열무,1kg,3260
2025-06-13,대전,양파,1kg,1807
2025-06-13,대전,대파,1kg,2537
2025-06-13,대전,피망,100g,23650
2025-06-13,대전,파프리카,1개,1613
2025-06-13,대전,마늘,1kg,12267
2025-06-13,대전,브로콜리,1개,1560
2025-06-13,대전,사과,10개,34100
2025-06-13,대전,배,10개,57500
2025-06-16,대전,배추,1포기,3677
2025-06-16,대전,시금치,100g,9887
2025-06-16,대전,상추,100g,9250
2025-06-16,대전,얼갈이배추,1kg,3603
2025-06-16,대전,오이,10개,16600
2025-06-16,대전,호박,1개,1210
2025-06-16,대전,토마토,1kg,4407
2025-06-16,대전,무,1개,2327
2025-06-16,대전,당근,1kg,3537
2025-06-16,대전,열무,1kg,3400
2025-06-16,대전,양파,1kg,1807
2025-06-16,대전,대파,1kg,2890
2025-06-16,대전,피망,100g,23650
2025-06-16,대전,파프리카,1개,1613
2025-06-16,대전,마늘,1kg,12267
2025-06-16,대전,브로콜리,1개,1827
2025-06-16,대전,사과,10개,34100
2025-06-16,대전,배,10개,57500
2025-06-17,대전,배추,1포기,3857
2025-06-17,대전,시금치,100g,9887
2025-06-17,대전,상추,100g,9483
2025-06-17,대전,얼갈이배추,1kg,3603
2025-06-17,대전,오이,10개,16600
2025-06-17,대전,호박,1개,1210
2025-06-17,대전,토마토,1kg,4407
2025-06-17,대전,무,1개,2327
2025-06-17,대전,당근,1kg,3537
2025-06-17,대전,열무,1kg,3367
2025-06-17,대전,양파,1kg,1807
2025-06-17,대전,대파,1kg,2890
2025-06-17,대전,피망,100g,23650
2025-06-17,대전,파프리카,1개,1560
2025-06-17,대전,마늘,1kg,12233
2025-06-17,대전,브로콜리,1개,1827
2025-06-17,대전,사과,10개,34100
2025-06-17,대전,배,10개,57500
2025-06-18,대전,배추,1포기,3857
2025-06-18,대전,시금치,100g,9887
2025-06-18,대전,상추,100g,9483
2025-06-18,대전,얼갈이배추,1kg,3603
2025-06-18,대전,오이,10개,16600
2025-06-18,대전,호박,1개,1300
2025-06-18,대전,토마토,1kg,4407
2025-06-18,대전,무,1개,2327
2025-06-18,대전,당근,1kg,3537
2025-06-18,대전,열무,1kg,3367
2025-06-18,대전,양파,1kg,1807
2025-06-18,대전,대파,1kg,2857
2025-06-18,대전,피망,100g,23650
2025-06-18,대전,파프리카,1개,1560
2025-06-18,대전,마늘,1kg,11900
2025-06-18,대전,브로콜리,1개,1937
2025-06-18,대전,사과,10개,34100
2025-06-18,대전,배,10개,55400
2025-06-19,대전,배추,1포기,3590
2025-06-19,대전,시금치,100g,10320
2025-06-19,대전,상추,100g,9323
2025-06-19,대전,얼갈이배추,1kg,3343
2025-06-19,대전,오이,10개,16600
2025-06-19,대전,호박,1개,1283
2025-06-19,대전,토마토,1kg,5177
2025-06-19,대전,무,1개,2160
2025-06-19,대전,당근,1kg,3817
2025-06-19,대전,열무,1kg,3123
2025-06-19,대전,양파,1kg,1873
2025-06-19,대전,대파,1kg,3063
2025-06-19,대전,피망,100g,17400
2025-06-19,대전,파프리카,1개,1157
2025-06-19,대전,마늘,1kg,11240
2025-06-19,대전,브로콜리,1개,1743
2025-06-19,대전,사과,10개,34100
2025-06-19,대전,배,10개,55400
2025-06-20,대전,배추,1포기,3590
2025-06-20,대전,시금치,100g,10320
2025-06-20,대전,상추,100g,9323
2025-06-20,대전,얼갈이배추,1kg,3343
2025-06-20,대전,오이,10개,16600
2025-06-20,대전,호박,1개,1283
2025-06-20,대전,토마토,1kg,5177
2025-06-20,대전,무,1개,2160
2025-06-20,대전,당근,1kg,3817
2025-06-20,대전,열무,1kg,3123
2025-06-20,대전,양파,1kg,1943
2025-06-20,대전,대파,1kg,3063
2025-06-20,대전,피망,100g,17400
2025-06-20,대전,파프리카,1개,1157
2025-06-20,대전,마늘,1kg,11307
2025-06-20,대전,브로콜리,1개,1743
2025-06-20,대전,사과,10개,33267
2025-06-20,대전,배,10개,55400
2025-06-23,대전,배추,1포기,3410
2025-06-23,대전,시금치,100g,10320
2025-06-23,대전,상추,100g,10190
2025-06-23,대전,얼갈이배추,1kg,3343
2025-06-23,대전,오이,10개,16600
2025-06-23,대전,호박,1개,1283
2025-06-23,대전,토마토,1kg,5177
2025-06-23,대전,무,1개,2160
2025-06-23,대전,당근,1kg,4725
2025-06-23,대전,열무,1kg,3123
2025-06-23,대전,양파,1kg,1943
2025-06-23,대전,대파,1kg,3030
2025-06-23,대전,피망,100g,17400
2025-06-23,대전,파프리카,1개,1327
2025-06-23,대전,마늘,1kg,11307
2025-06-23,대전,브로콜리,1개,1910
2025-06-23,대전,사과,10개,33267
2025-06-23,대전,배,10개,55400
2025-06-24,대전,배추,1포기,3410
2025-06-24,대전,시금치,100g,10320
2025-06-24,대전,상추,100g,10190
2025-06-24,대전,얼갈이배추,1kg,3343
2025-06-24,대전,오이,10개,16600
2025-06-24,대전,호박,1개,1283
2025-06-24,대전,토마토,1kg,5177
2025-06-24,대전,무,1개,2160
2025-06-24,대전,당근,1kg,3983
2025-06-24,대전,열무,1kg,3093
2025-06-24,대전,양파,1kg,1927
2025-06-24,대전,대파,1kg,3030
2025-06-24,대전,피망,100g,26150
2025-06-24,대전,파프리카,1개,1327
2025-06-24,대전,마늘,1kg,11307
2025-06-24,대전,브로콜리,1개,1910
2025-06-24,대전,사과,10개,33267
2025-06-24,대전,배,10개,55400
2025-06-25,대전,배추,1포기,3410
2025-06-25,대전,시금치,100g,10587
2025-06-25,대전,상추,100g,10057
2025-06-25,대전,얼갈이배추,1kg,3343
2025-06-25,대전,오이,10개,16600
2025-06-25,대전,호박,1개,1660
2025-06-25,대전,토마토,1kg,5010
2025-06-25,대전,무,1개,2160
2025-06-25,대전,당근,1kg,3983
2025-06-25,대전,열무,1kg,3090
2025-06-25,대전,양파,1kg,1927
2025-06-25,대전,대파,1kg,3030
2025-06-25,대전,피망,100g,26150
2025-06-25,대전,파프리카,1개,1327
2025-06-25,대전,마늘,1kg,11240
2025-06-25,대전,브로콜리,1개,1910
2025-06-25,대전,사과,10개,33267
2025-06-25,대전,배,10개,55400
2025-06-26,대전,배추,1포기,3783
2025-06-26,대전,시금치,100g,10820
2025-06-26,대전,상추,100g,10053
2025-06-26,대전,얼갈이배추,1kg,3247
2025-06-26,대전,오이,10개,16600
2025-06-26,대전,호박,1개,1827
2025-06-26,대전,토마토,1kg,3800
2025-06-26,대전,무,1개,2327
2025-06-26,대전,당근,1kg,3503
2025-06-26,대전,열무,1kg,3110
2025-06-26,대전,양파,1kg,1860
2025-06-26,대전,대파,1kg,3187
2025-06-26,대전,피망,100g,31150
2025-06-26,대전,파프리카,1개,1280
2025-06-26,대전,마늘,1kg,12467
2025-06-26,대전,브로콜리,1개,2260
2025-06-26,대전,사과,10개,32767
2025-06-26,대전,배,10개,55400
2025-06-27,대전,배추,1포기,3783
2025-06-27,대전,시금치,100g,10820
2025-06-27,대전,상추,100g,10053
2025-06-27,대전,얼갈이배추,1kg,3247
2025-06-27,대전,오이,10개,16600
2025-06-27,대전,호박,1개,1827
2025-06-27,대전,토마토,1kg,3800
2025-06-27,대전,무,1개,2327
2025-06-27,대전,당근,1kg,3503
2025-06-27,대전,열무,1kg,3213
2025-06-27,대전,양파,1kg,1860
2025-06-27,대전,대파,1kg,3187
2025-06-27,대전,피망,100g,31150
2025-06-27,대전,파프리카,1개,1047
2025-06-27,대전,마늘,1kg,12333
2025-06-27,대전,브로콜리,1개,2260
2025-06-27,대전,사과,10개,32767
2025-06-27,대전,배,10개,55400
2025-06-30,대전,배추,1포기,3783
2025-06-30,대전,시금치,100g,11653
2025-06-30,대전,상추,100g,10053
2025-06-30,대전,얼갈이배추,1kg,3247
2025-06-30,대전,오이,10개,16600
2025-06-30,대전,호박,1개,1827
2025-06-30,대전,토마토,1kg,3800
2025-06-30,대전,무,1개,2243
2025-06-30,대전,당근,1kg,3503
2025-06-30,대전,열무,1kg,3213
2025-06-30,대전,양파,1kg,2170
2025-06-30,대전,대파,1kg,3187
2025-06-30,대전,피망,100g,31150
2025-06-30,대전,파프리카,1개,1280
2025-06-30,대전,마늘,1kg,12333
2025-06-30,대전,브로콜리,1개,2260
2025-06-30,대전,사과,10개,32767
2025-06-30,대전,배,10개,55400
2025-07-01,대전,배추,1포기,3493
2025-07-01,대전,시금치,100g,10820
2025-07-01,대전,상추,100g,9620
2025-07-01,대전,얼갈이배추,1kg,3247
2025-07-01,대전,오이,10개,16600
2025-07-01,대전,호박,1개,1827
2025-07-01,대전,토마토,1kg,3800
2025-07-01,대전,무,1개,2243
2025-07-01,대전,당근,1kg,3503
2025-07-01,대전,열무,1kg,3213
2025-07-01,대전,양파,1kg,2170
2025-07-01,대전,대파,1kg,3187
2025-07-01,대전,피망,100g,31150
2025-07-01,대전,파프리카,1개,1280
2025-07-01,대전,마늘,1kg,12333
2025-07-01,대전,브로콜리,1개,2260
2025-07-01,대전,사과,10개,32767
2025-07-01,대전,배,10개,55400
2025-07-02,대전,배추,1포기,3493
2025-07-02,대전,시금치,100g,10820
2025-07-02,대전,상추,100g,9353
2025-07-02,대전,얼갈이배추,1kg,3247
2025-07-02,대전,오이,10개,16600
2025-07-02,대전,호박,1개,1717
2025-07-02,대전,토마토,1kg,4187
2025-07-02,대전,무,1개,2243
2025-07-02,대전,당근,1kg,3503
2025-07-02,대전,열무,1kg,3143
2025-07-02,대전,양파,1kg,2297
2025-07-02,대전,대파,1kg,3187
2025-07-02,대전,피망,100g,31150
2025-07-02,대전,파프리카,1개,1280
2025-07-02,대전,마늘,1kg,12233
2025-07-02,대전,브로콜리,1개,2260
2025-07-02,대전,사과,10개,32767
2025-07-02,대전,배,10개,55400
2025-07-03,대전,배추,1포기,3160
2025-07-03,대전,시금치,100g,11767
2025-07-03,대전,상추,100g,8923
2025-07-03,대전,얼갈이배추,1kg,3547
2025-07-03,대전,오이,10개,16600
2025-07-03,대전,호박,1개,1617
2025-07-03,대전,토마토,1kg,4660
2025-07-03,대전,무,1개,2243
2025-07-03,대전,당근,1kg,3503
2025-07-03,대전,열무,1kg,3233
2025-07-03,대전,양파,1kg,1757
2025-07-03,대전,대파,1kg,2590
2025-07-03,대전,피망,100g,26150
2025-07-03,대전,파프리카,1개,1547
2025-07-03,대전,마늘,1kg,12233
2025-07-03,대전,브로콜리,1개,1993
2025-07-03,대전,사과,10개,32100
2025-07-03,대전,배,10개,55400
2025-07-04,대전,배추,1포기,3160
2025-07-04,대전,시금치,100g,12033
2025-07-04,대전,상추,100g,10857
2025-07-04,대전,얼갈이배추,1kg,3520
2025-07-04,대전,오이,10개,16600
2025-07-04,대전,호박,1개,1393
2025-07-04,대전,토마토,1kg,4747
2025-07-04,대전,무,1개,2283
2025-07-04,대전,당근,1kg,3503
2025-07-04,대전,열무,1kg,3373
2025-07-04,대전,양파,1kg,1710
2025-07-04,대전,대파,1kg,2590
2025-07-04,대전,피망,100g,26150
2025-07-04,대전,파프리카,1개,1493
2025-07-04,대전,마늘,1kg,11967
2025-07-04,대전,브로콜리,1개,1827
2025-07-04,대전,사과,10개,32100
2025-07-04,대전,배,10개,54150
2025-07-07,대전,배추,1포기,3743
2025-07-07,대전,시금치,100g,12167
2025-07-07,대전,상추,100g,10857
2025-07-07,대전,얼갈이배추,1kg,3603
2025-07-07,대전,오이,10개,16600
2025-07-07,대전,호박,1개,1560
2025-07-07,대전,토마토,1kg,4747
2025-07-07,대전,무,1개,2283
2025-07-07,대전,당근,1kg,3460
2025-07-07,대전,열무,1kg,3620
2025-07-07,대전,양파,1kg,1907
2025-07-07,대전,대파,1kg,2790
2025-07-07,대전,피망,100g,26150
2025-07-07,대전,파프리카,1개,1623
2025-07-07,대전,마늘,1kg,11900
2025-07-07,대전,브로콜리,1개,2103
2025-07-07,대전,사과,10개,32100
2025-07-07,대전,배,10개,54150
2025-07-08,대전,배추,1포기,3910
2025-07-08,대전,시금치,100g,12600
2025-07-08,대전,상추,100g,11633
2025-07-08,대전,얼갈이배추,1kg,3603
2025-07-08,대전,오이,10개,16600
2025-07-08,대전,호박,1개,1560
2025-07-08,대전,토마토,1kg,4857
2025-07-08,대전,무,1개,2283
2025-07-08,대전,당근,1kg,3460
2025-07-08,대전,열무,1kg,3620
2025-07-08,대전,양파,1kg,1907
2025-07-08,대전,대파,1kg,2863
2025-07-08,대전,피망,100g,26150
2025-07-08,대전,파프리카,1개,1657
2025-07-08,대전,마늘,1kg,11900
2025-07-08,대전,브로콜리,1개,2103
2025-07-08,대전,사과,10개,29267
2025-07-08,대전,배,10개,51650
2025-07-09,대전,배추,1포기,3910
2025-07-09,대전,시금치,100g,13100
2025-07-09,대전,상추,100g,11633
2025-07-09,대전,얼갈이배추,1kg,3520
2025-07-09,대전,오이,10개,16600
2025-07-09,대전,호박,1개,1560
2025-07-09,대전,토마토,1kg,4967
2025-07-09,대전,무,1개,2283
2025-07-09,대전,당근,1kg,3460
2025-07-09,대전,열무,1kg,3423
2025-07-09,대전,양파,1kg,1907
2025-07-09,대전,대파,1kg,2863
2025-07-09,대전,피망,100g,26150
2025-07-09,대전,파프리카,1개,1543
2025-07-09,대전,마늘,1kg,11900
2025-07-09,대전,브로콜리,1개,2103
2025-07-09,대전,사과,10개,28967
2025-07-09,대전,배,10개,49150
2025-07-10,대전,배추,1포기,4077
2025-07-10,대전,시금치,100g,13720
2025-07-10,대전,상추,100g,11600
2025-07-10,대전,얼갈이배추,1kg,3963
2025-07-10,대전,오이,10개,16600
2025-07-10,대전,호박,1개,1161
2025-07-10,대전,토마토,1kg,6167
2025-07-10,대전,무,1개,2283
2025-07-10,대전,당근,1kg,3287
2025-07-10,대전,열무,1kg,4027
2025-07-10,대전,양파,1kg,1907
2025-07-10,대전,대파,1kg,2680
2025-07-10,대전,피망,100g,19900
2025-07-10,대전,파프리카,1개,1427
2025-07-10,대전,마늘,1kg,13900
2025-07-10,대전,브로콜리,1개,2270
2025-07-10,대전,사과,10개,29633
2025-07-10,대전,배,10개,45000
2025-07-11,대전,배추,1포기,4243
2025-07-11,대전,시금치,100g,13720
2025-07-11,대전,상추,100g,11800
2025-07-11,대전,얼갈이배추,1kg,3907
2025-07-11,대전,오이,10개,16600
2025-07-11,대전,호박,1개,1161
2025-07-11,대전,토마토,1kg,6167
2025-07-11,대전,무,1개,2283
2025-07-11,대전,당근,1kg,3287
2025-07-11,대전,열무,1kg,3970
2025-07-11,대전,양파,1kg,1833
2025-07-11,대전,대파,1kg,2713
2025-07-11,대전,피망,100g,19900
2025-07-11,대전,파프리카,1개,1325
2025-07-11,대전,마늘,1kg,12233
2025-07-11,대전,브로콜리,1개,2270
2025-07-11,대전,사과,10개,29233
2025-07-11,대전,배,10개,49750
2025-07-14,대전,배추,1포기,4327
2025-07-14,대전,시금치,100g,13720
2025-07-14,대전,상추,100g,11800
2025-07-14,대전,얼갈이배추,1kg,4073
2025-07-14,대전,오이,10개,16600
2025-07-14,대전,호박,1개,1061
2025-07-14,대전,토마토,1kg,6167
2025-07-14,대전,무,1개,2283
2025-07-14,대전,당근,1kg,3287
2025-07-14,대전,열무,1kg,4050
2025-07-14,대전,양파,1kg,1833
2025-07-14,대전,대파,1kg,2713
2025-07-14,대전,피망,100g,19900
2025-07-14,대전,파프리카,1개,1325
2025-07-14,대전,마늘,1kg,13900
2025-07-14,대전,브로콜리,1개,2270
2025-07-14,대전,사과,10개,28800
2025-07-14,대전,배,10개,49150
2025-07-15,대전,배추,1포기,4660
2025-07-15,대전,시금치,100g,16800
2025-07-15,대전,상추,100g,12033
2025-07-15,대전,얼갈이배추,1kg,4157
2025-07-15,대전,오이,10개,16600
2025-07-15,대전,호박,1개,1061
2025-07-15,대전,토마토,1kg,6167
2025-07-15,대전,무,1개,2180
2025-07-15,대전,당근,1kg,3287
2025-07-15,대전,열무,1kg,4050
2025-07-15,대전,양파,1kg,1827
2025-07-15,대전,대파,1kg,2897
2025-07-15,대전,피망,100g,19900
2025-07-15,대전,파프리카,1개,1410
2025-07-15,대전,마늘,1kg,13900
2025-07-15,대전,브로콜리,1개,2270
2025-07-15,대전,사과,10개,28800
2025-07-15,대전,배,10개,47050
2025-07-16,대전,배추,1포기,5077
2025-07-16,대전,시금치,100g,16800
2025-07-16,대전,상추,100g,12033
2025-07-16,대전,얼갈이배추,1kg,4103
2025-07-16,대전,오이,10개,16600
2025-07-16,대전,호박,1개,1061
2025-07-16,대전,토마토,1kg,6167
2025-07-16,대전,무,1개,2180
2025-07-16,대전,당근,1kg,3287
2025-07-16,대전,열무,1kg,3930
2025-07-16,대전,양파,1kg,1827
2025-07-16,대전,대파,1kg,2913
2025-07-16,대전,피망,100g,19900
2025-07-16,대전,파프리카,1개,1495
2025-07-16,대전,마늘,1kg,13900
2025-07-16,대전,브로콜리,1개,2270
2025-07-16,대전,사과,10개,28800
2025-07-16,대전,배,10개,46200
2025-07-17,대전,배추,1포기,5243
2025-07-17,대전,시금치,100g,19733
2025-07-17,대전,상추,100g,11500
2025-07-17,대전,얼갈이배추,1kg,4327
2025-07-17,대전,오이,10개,18300
2025-07-17,대전,호박,1개,1161
2025-07-17,대전,토마토,1kg,5483
2025-07-17,대전,무,1개,2370
2025-07-17,대전,당근,1kg,2787
2025-07-17,대전,열무,1kg,4020
2025-07-17,대전,양파,1kg,1357
2025-07-17,대전,대파,1kg,2907
2025-07-17,대전,피망,100g,12425
2025-07-17,대전,파프리카,1개,1260
2025-07-17,대전,마늘,1kg,12927
2025-07-17,대전,브로콜리,1개,2437
2025-07-17,대전,사과,10개,26633
2025-07-17,대전,배,10개,46200
2025-07-18,대전,배추,1포기,5243
2025-07-18,대전,시금치,100g,19733
2025-07-18,대전,상추,100g,11500
2025-07-18,대전,얼갈이배추,1kg,4327
2025-07-18,대전,오이,10개,18300
2025-07-18,대전,호박,1개,1161
2025-07-18,대전,토마토,1kg,5317
2025-07-18,대전,무,1개,2745
2025-07-18,대전,당근,1kg,2787
2025-07-18,대전,열무,1kg,4123
2025-07-18,대전,양파,1kg,1357
2025-07-18,대전,대파,1kg,3063
2025-07-18,대전,피망,100g,12425
2025-07-18,대전,파프리카,1개,1260
2025-07-18,대전,마늘,1kg,12927
2025-07-18,대전,브로콜리,1개,2437
2025-07-18,대전,사과,10개,26633
2025-07-18,대전,배,10개,46200
2025-07-21,대전,배추,1포기,4990
2025-07-21,대전,시금치,100g,19367
2025-07-21,대전,상추,100g,11500
2025-07-21,대전,얼갈이배추,1kg,4327
2025-07-21,대전,오이,10개,18300
2025-07-21,대전,호박,1개,1161
2025-07-21,대전,토마토,1kg,5263
2025-07-21,대전,무,1개,2745
2025-07-21,대전,당근,1kg,2787
2025-07-21,대전,열무,1kg,4123
2025-07-21,대전,양파,1kg,1357
2025-07-21,대전,대파,1kg,3063
2025-07-21,대전,피망,100g,12425
2025-07-21,대전,파프리카,1개,1260
2025-07-21,대전,마늘,1kg,12927
2025-07-21,대전,브로콜리,1개,2437
2025-07-21,대전,사과,10개,26633
2025-07-21,대전,배,10개,46200
2025-07-22,대전,배추,1포기,5493
2025-07-22,대전,시금치,100g,22200
2025-07-22,대전,상추,100g,11500
2025-07-22,대전,얼갈이배추,1kg,4270
2025-07-22,대전,오이,10개,18300
2025-07-22,대전,호박,1개,1161
2025-07-22,대전,토마토,1kg,5263
2025-07-22,대전,무,1개,3000
2025-07-22,대전,당근,1kg,2787
2025-07-22,대전,열무,1kg,4207
2025-07-22,대전,양파,1kg,1413
2025-07-22,대전,대파,1kg,3030
2025-07-22,대전,피망,100g,12425
2025-07-22,대전,파프리카,1개,1260
2025-07-22,대전,마늘,1kg,12927
2025-07-22,대전,브로콜리,1개,2380
2025-07-22,대전,사과,10개,26633
2025-07-22,대전,배,10개,46200
2025-07-23,대전,배추,1포기,5493
2025-07-23,대전,시금치,100g,22200
2025-07-23,대전,상추,100g,11500
2025-07-23,대전,얼갈이배추,1kg,4270
2025-07-23,대전,오이,10개,18300
2025-07-23,대전,호박,1개,1161
2025-07-23,대전,토마토,1kg,5483
2025-07-23,대전,무,1개,2870
2025-07-23,대전,당근,1kg,2787
2025-07-23,대전,열무,1kg,4207
2025-07-23,대전,양파,1kg,1413
2025-07-23,대전,대파,1kg,3030
2025-07-23,대전,피망,100g,12425
2025-07-23,대전,파프리카,1개,1113
2025-07-23,대전,마늘,1kg,12927
2025-07-23,대전,브로콜리,1개,2380
2025-07-23,대전,사과,10개,26633
2025-07-23,대전,배,10개,46200
2025-07-24,대전,배추,1포기,4693
2025-07-24,대전,시금치,100g,23567
2025-07-24,대전,상추,100g,11553
2025-07-24,대전,얼갈이배추,1kg,4380
2025-07-24,대전,오이,10개,18300
2025-07-24,대전,호박,1개,1324
2025-07-24,대전,토마토,1kg,5047
2025-07-24,대전,무,1개,2870
2025-07-24,대전,당근,1kg,2477
2025-07-24,대전,열무,1kg,4410
2025-07-24,대전,양파,1kg,1877
2025-07-24,대전,대파,1kg,3247
2025-07-24,대전,피망,100g,16150
2025-07-24,대전,파프리카,1개,947
2025-07-24,대전,마늘,1kg,11567
2025-07-24,대전,브로콜리,1개,2547
2025-07-24,대전,사과,10개,26767
2025-07-24,대전,배,10개,46200
2025-07-25,대전,배추,1포기,5027
2025-07-25,대전,시금치,100g,23567
2025-07-25,대전,상추,100g,11753
2025-07-25,대전,얼갈이배추,1kg,4380
2025-07-25,대전,오이,10개,18300
2025-07-25,대전,호박,1개,1324
2025-07-25,대전,토마토,1kg,5047
2025-07-25,대전,무,1개,2870
2025-07-25,대전,당근,1kg,2477
2025-07-25,대전,열무,1kg,4410
2025-07-25,대전,양파,1kg,1877
2025-07-25,대전,대파,1kg,3247
2025-07-25,대전,피망,100g,16150
2025-07-25,대전,파프리카,1개,947
2025-07-25,대전,마늘,1kg,11567
2025-07-25,대전,브로콜리,1개,2547
2025-07-25,대전,사과,10개,26767
2025-07-25,대전,배,10개,46200
2025-07-28,대전,배추,1포기,5027
2025-07-28,대전,시금치,100g,24300
2025-07-28,대전,상추,100g,12153
2025-07-28,대전,얼갈이배추,1kg,4493
2025-07-28,대전,오이,10개,16600
2025-07-28,대전,호박,1개,1324
2025-07-28,대전,토마토,1kg,5817
2025-07-28,대전,무,1개,3000
2025-07-28,대전,당근,1kg,2477
2025-07-28,대전,열무,1kg,4477
2025-07-28,대전,양파,1kg,1893
2025-07-28,대전,대파,1kg,3247
2025-07-28,대전,피망,100g,16150
2025-07-28,대전,파프리카,1개,1127
2025-07-28,대전,마늘,1kg,11567
2025-07-28,대전,브로콜리,1개,2547
2025-07-28,대전,사과,10개,26100
2025-07-28,대전,배,10개,46200
2025-07-29,대전,배추,1포기,4693
2025-07-29,대전,시금치,100g,26367
2025-07-29,대전,상추,100g,12253
2025-07-29,대전,얼갈이배추,1kg,4827
2025-07-29,대전,오이,10개,16600
2025-07-29,대전,호박,1개,1324
2025-07-29,대전,토마토,1kg,5873
2025-07-29,대전,무,1개,3000
2025-07-29,대전,당근,1kg,2477
2025-07-29,대전,열무,1kg,4837
2025-07-29,대전,양파,1kg,2170
2025-07-29,대전,대파,1kg,3247
2025-07-29,대전,피망,100g,16150
2025-07-29,대전,파프리카,1개,1127
2025-07-29,대전,마늘,1kg,11567
2025-07-29,대전,브로콜리,1개,2547
2025-07-29,대전,사과,10개,25433
2025-07-29,대전,배,10개,46200
2025-07-30,부산,배추,1포기,5700
2025-07-30,부산,시금치,100g,27550
2025-07-30,부산,상추,100g,12840
2025-07-30,부산,얼갈이배추,1kg,3618
2025-07-30,부산,오이,10개,10495
2025-07-30,부산,호박,1개,1268
2025-07-30,부산,토마토,1kg,4515
2025-07-30,부산,무,1개,2610
2025-07-30,부산,당근,1kg,2600
2025-07-30,부산,열무,1kg,4143
2025-07-30,부산,양파,1kg,1618
2025-07-30,부산,대파,1kg,3370
2025-07-30,부산,피망,100g,11500
2025-07-30,부산,파프리카,1개,1113
2025-07-30,부산,마늘,1kg,10278
2025-07-30,부산,브로콜리,1개,2700
2025-07-30,부산,사과,10개,25000
2025-07-30,부산,배,10개,38400
2025-07-31,부산,배추,1포기,5965
2025-07-31,부산,시금치,100g,23700
2025-07-31,부산,상추,100g,16000
2025-07-31,부산,얼갈이배추,1kg,3720
2025-07-31,부산,오이,10개,10495
2025-07-31,부산,호박,1개,1170
2025-07-31,부산,토마토,1kg,6498
2025-07-31,부산,무,1개,2477
2025-07-31,부산,당근,1kg,3055
2025-07-31,부산,열무,1kg,4083
2025-07-31,부산,양파,1kg,1793
2025-07-31,부산,대파,1kg,3385
2025-07-31,부산,피망,100g,12333
2025-07-31,부산,파프리카,1개,1088
2025-07-31,부산,마늘,1kg,10278
2025-07-31,부산,브로콜리,1개,2700
2025-07-31,부산,사과,10개,25500
2025-07-31,부산,배,10개,34250
2025-08-01,부산,배추,1포기,5965
2025-08-01,부산,시금치,100g,24150
2025-08-01,부산,상추,100g,16267
2025-08-01,부산,얼갈이배추,1kg,4005
2025-08-01,부산,오이,10개,10975
2025-08-01,부산,호박,1개,1270
2025-08-01,부산,토마토,1kg,6623
2025-08-01,부산,무,1개,2477
2025-08-01,부산,당근,1kg,3055
2025-08-01,부산,열무,1kg,4430
2025-08-01,부산,양파,1kg,1843
2025-08-01,부산,대파,1kg,3173
2025-08-01,부산,피망,100g,12333
2025-08-01,부산,파프리카,1개,1138
2025-08-01,부산,마늘,1kg,10278
2025-08-01,부산,브로콜리,1개,2625
2025-08-01,부산,사과,10개,25500
2025-08-01,부산,배,10개,34250
2025-08-04,부산,배추,1포기,6048
2025-08-04,부산,시금치,100g,24200
2025-08-04,부산,상추,100g,16267
2025-08-04,부산,얼갈이배추,1kg,4265
2025-08-04,부산,오이,10개,10950
2025-08-04,부산,호박,1개,1278
2025-08-04,부산,토마토,1kg,6660
2025-08-04,부산,무,1개,2477
2025-08-04,부산,당근,1kg,3055
2025-08-04,부산,열무,1kg,4715
2025-08-04,부산,양파,1kg,1843
2025-08-04,부산,대파,1kg,3173
2025-08-04,부산,피망,100g,12267
2025-08-04,부산,파프리카,1개,1150
2025-08-04,부산,마늘,1kg,10278
2025-08-04,부산,브로콜리,1개,2645
2025-08-04,부산,사과,10개,25500
2025-08-04,부산,배,10개,34250
2025-08-05,부산,배추,1포기,6173
2025-08-05,부산,시금치,100g,24200
2025-08-05,부산,상추,100g,18375
2025-08-05,부산,얼갈이배추,1kg,4635
2025-08-05,부산,오이,10개,10950
2025-08-05,부산,호박,1개,1278
2025-08-05,부산,토마토,1kg,6100
2025-08-05,부산,무,1개,2493
2025-08-05,부산,당근,1kg,3055
2025-08-05,부산,열무,1kg,4940
2025-08-05,부산,양파,1kg,1843
2025-08-05,부산,대파,1kg,3173
2025-08-05,부산,피망,100g,12267
2025-08-05,부산,파프리카,1개,1175
2025-08-05,부산,마늘,1kg,10278
2025-08-05,부산,브로콜리,1개,2645
2025-08-05,부산,사과,10개,25500
2025-08-05,부산,배,10개,33900
2025-08-06,부산,배추,1포기,6173
2025-08-06,부산,시금치,100g,24300
2025-08-06,부산,상추,100g,18375
2025-08-06,부산,얼갈이배추,1kg,4600
2025-08-06,부산,오이,10개,10950
2025-08-06,부산,호박,1개,1278
2025-08-06,부산,토마토,1kg,6118
2025-08-06,부산,무,1개,2493
2025-08-06,부산,당근,1kg,3055
2025-08-06,부산,열무,1kg,4940
2025-08-06,부산,양파,1kg,1843
2025-08-06,부산,대파,1kg,3185
2025-08-06,부산,피망,100g,12267
2025-08-06,부산,파프리카,1개,1203
2025-08-06,부산,마늘,1kg,10278
2025-08-06,부산,브로콜리,1개,2645
2025-08-06,부산,사과,10개,26425
2025-08-06,부산,배,10개,33900
2025-08-07,부산,배추,1포기,7050
2025-08-07,부산,시금치,100g,28150
2025-08-07,부산,상추,100g,17475
2025-08-07,부산,얼갈이배추,1kg,4695
2025-08-07,부산,오이,10개,10105
2025-08-07,부산,호박,1개,1258
2025-08-07,부산,토마토,1kg,5465
2025-08-07,부산,무,1개,2960
2025-08-07,부산,당근,1kg,3925
2025-08-07,부산,열무,1kg,4940
2025-08-07,부산,양파,1kg,1983
2025-08-07,부산,대파,1kg,3523
2025-08-07,부산,피망,100g,11433
2025-08-07,부산,파프리카,1개,1458
2025-08-07,부산,마늘,1kg,10485
2025-08-07,부산,브로콜리,1개,2863
2025-08-07,부산,사과,10개,26425
2025-08-07,부산,배,10개,33900
2025-08-08,부산,배추,1포기,7050
2025-08-08,부산,시금치,100g,28150
2025-08-08,부산,상추,100g,17400
2025-08-08,부산,얼갈이배추,1kg,4520
2025-08-08,부산,오이,10개,10105
2025-08-08,부산,호박,1개,1258
2025-08-08,부산,토마토,1kg,4953
2025-08-08,부산,무,1개,2993
2025-08-08,부산,당근,1kg,3925
2025-08-08,부산,열무,1kg,4670
2025-08-08,부산,양파,1kg,1983
2025-08-08,부산,대파,1kg,3523
2025-08-08,부산,피망,100g,11433
2025-08-08,부산,파프리카,1개,1515
2025-08-08,부산,마늘,1kg,10485
2025-08-08,부산,브로콜리,1개,2863
2025-08-08,부산,사과,10개,26425
2025-08-08,부산,배,10개,33900
2025-08-11,부산,배추,1포기,7093
2025-08-11,부산,시금치,100g,28150
2025-08-11,부산,상추,100g,17300
2025-08-11,부산,얼갈이배추,1kg,4520
2025-08-11,부산,오이,10개,10298
2025-08-11,부산,호박,1개,1258
2025-08-11,부산,토마토,1kg,4960
2025-08-11,부산,무,1개,2993
2025-08-11,부산,당근,1kg,3925
2025-08-11,부산,열무,1kg,4633
2025-08-11,부산,양파,1kg,1983
2025-08-11,부산,대파,1kg,3555
2025-08-11,부산,피망,100g,11433
2025-08-11,부산,파프리카,1개,1495
2025-08-11,부산,마늘,1kg,10485
2025-08-11,부산,브로콜리,1개,2927
2025-08-11,부산,사과,10개,26425
2025-08-11,부산,배,10개,33900
2025-08-12,부산,배추,1포기,7133
2025-08-12,부산,시금치,100g,28150
2025-08-12,부산,상추,100g,17300
2025-08-12,부산,얼갈이배추,1kg,4520
2025-08-12,부산,오이,10개,11080
2025-08-12,부산,호박,1개,1258
2025-08-12,부산,토마토,1kg,4983
2025-08-12,부산,무,1개,2993
2025-08-12,부산,당근,1kg,3823
2025-08-12,부산,열무,1kg,4600
2025-08-12,부산,양파,1kg,1995
2025-08-12,부산,대파,1kg,3543
2025-08-12,부산,피망,100g,11433
2025-08-12,부산,파프리카,1개,1623
2025-08-12,부산,마늘,1kg,10485
2025-08-12,부산,브로콜리,1개,3300
2025-08-12,부산,사과,10개,25700
2025-08-12,부산,배,10개,33900
2025-08-13,부산,배추,1포기,7383
2025-08-13,부산,시금치,100g,28150
2025-08-13,부산,상추,100g,17175
2025-08-13,부산,얼갈이배추,1kg,4198
2025-08-13,부산,오이,10개,13490
2025-08-13,부산,호박,1개,1258
2025-08-13,부산,토마토,1kg,5000
2025-08-13,부산,무,1개,2993
2025-08-13,부산,당근,1kg,3823
2025-08-13,부산,열무,1kg,4475
2025-08-13,부산,양파,1kg,1995
2025-08-13,부산,대파,1kg,3543
2025-08-13,부산,피망,100g,11433
2025-08-13,부산,파프리카,1개,1580
2025-08-13,부산,마늘,1kg,10970
2025-08-13,부산,브로콜리,1개,3525
2025-08-13,부산,사과,10개,26650
2025-08-13,부산,배,10개,33900
2025-08-14,부산,배추,1포기,7185
2025-08-14,부산,시금치,100g,27375
2025-08-14,부산,상추,100g,16467
2025-08-14,부산,얼갈이배추,1kg,3675
2025-08-14,부산,오이,10개,12990
2025-08-14,부산,호박,1개,1208
2025-08-14,부산,토마토,1kg,5408
2025-08-14,부산,무,1개,2860
2025-08-14,부산,당근,1kg,2843
2025-08-14,부산,열무,1kg,4268
2025-08-14,부산,양파,1kg,2020
2025-08-14,부산,대파,1kg,2955
2025-08-14,부산,피망,100g,10617
2025-08-14,부산,파프리카,1개,1513
2025-08-14,부산,마늘,1kg,10245
2025-08-14,부산,브로콜리,1개,3428
2025-08-14,부산,사과,10개,25350
2025-08-14,부산,배,10개,33900
2025-08-18,부산,배추,1포기,7185
2025-08-18,부산,시금치,100g,27450
2025-08-18,부산,상추,100g,16467
2025-08-18,부산,얼갈이배추,1kg,3665
2025-08-18,부산,오이,10개,12990
2025-08-18,부산,호박,1개,1250
2025-08-18,부산,토마토,1kg,5448
2025-08-18,부산,무,1개,2610
2025-08-18,부산,당근,1kg,2843
2025-08-18,부산,열무,1kg,4268
2025-08-18,부산,양파,1kg,2025
2025-08-18,부산,대파,1kg,2955
2025-08-18,부산,피망,100g,10683
2025-08-18,부산,파프리카,1개,1790
2025-08-18,부산,마늘,1kg,10245
2025-08-18,부산,브로콜리,1개,3428
2025-08-18,부산,사과,10개,25000
2025-08-18,부산,배,10개,33550
2025-08-19,부산,배추,1포기,7218
2025-08-19,부산,시금치,100g,28350
2025-08-19,부산,상추,100g,14933
2025-08-19,부산,얼갈이배추,1kg,4090
2025-08-19,부산,오이,10개,14900
2025-08-19,부산,호박,1개,1408
2025-08-19,부산,토마토,1kg,5690
2025-08-19,부산,무,1개,2607
2025-08-19,부산,당근,1kg,3425
2025-08-19,부산,열무,1kg,4208
2025-08-19,부산,양파,1kg,2310
2025-08-19,부산,대파,1kg,3300
2025-08-19,부산,피망,100g,10683
2025-08-19,부산,파프리카,1개,1795
2025-08-19,부산,마늘,1kg,11458
2025-08-19,부산,브로콜리,1개,3525
2025-08-19,부산,사과,10개,27650
2025-08-19,부산,배,10개,42100
2025-08-20,부산,배추,1포기,7218
2025-08-20,부산,시금치,100g,29475
2025-08-20,부산,상추,100g,14933
2025-08-20,부산,얼갈이배추,1kg,4078
2025-08-20,부산,오이,10개,15025
2025-08-20,부산,호박,1개,1483
2025-08-20,부산,토마토,1kg,5698
2025-08-20,부산,무,1개,2623
2025-08-20,부산,당근,1kg,3425
2025-08-20,부산,열무,1kg,4173
2025-08-20,부산,양파,1kg,2310
2025-08-20,부산,대파,1kg,3300
2025-08-20,부산,피망,100g,10683
2025-08-20,부산,파프리카,1개,1813
2025-08-20,부산,마늘,1kg,11458
2025-08-20,부산,브로콜리,1개,3525
2025-08-20,부산,사과,10개,27500
2025-08-20,부산,배,10개,36300
2025-08-21,부산,배추,1포기,6843
2025-08-21,부산,시금치,100g,31150
2025-08-21,부산,상추,100g,16600
2025-08-21,부산,얼갈이배추,1kg,3998
2025-08-21,부산,오이,10개,15150
2025-08-21,부산,호박,1개,1783
2025-08-21,부산,토마토,1kg,6953
2025-08-21,부산,무,1개,2440
2025-08-21,부산,당근,1kg,3425
2025-08-21,부산,열무,1kg,4695
2025-08-21,부산,양파,1kg,2230
2025-08-21,부산,대파,1kg,3660
2025-08-21,부산,피망,100g,10683
2025-08-21,부산,파프리카,1개,2373
2025-08-21,부산,마늘,1kg,10558
2025-08-21,부산,브로콜리,1개,3525
2025-08-21,부산,사과,10개,27000
2025-08-21,부산,배,10개,33467
2025-08-22,부산,배추,1포기,6843
2025-08-22,부산,시금치,100g,30525
2025-08-22,부산,상추,100g,16700
2025-08-22,부산,얼갈이배추,1kg,3998
2025-08-22,부산,오이,10개,15150
2025-08-22,부산,호박,1개,1793
2025-08-22,부산,토마토,1kg,6968
2025-08-22,부산,무,1개,2200
2025-08-22,부산,당근,1kg,3425
2025-08-22,부산,열무,1kg,4708
2025-08-22,부산,양파,1kg,2230
2025-08-22,부산,대파,1kg,3493
2025-08-22,부산,피망,100g,10683
2025-08-22,부산,파프리카,1개,2373
2025-08-22,부산,마늘,1kg,10558
2025-08-22,부산,브로콜리,1개,3420
2025-08-22,부산,사과,10개,27000
2025-08-22,부산,배,10개,33467
2025-08-25,부산,배추,1포기,6843
2025-08-25,부산,시금치,100g,30525
2025-08-25,부산,상추,100g,16700
2025-08-25,부산,얼갈이배추,1kg,3998
2025-08-25,부산,오이,10개,15150
2025-08-25,부산,호박,1개,1793
2025-08-25,부산,토마토,1kg,6968
2025-08-25,부산,무,1개,2200
2025-08-25,부산,당근,1kg,3425
2025-08-25,부산,열무,1kg,4708
2025-08-25,부산,양파,1kg,2230
2025-08-25,부산,대파,1kg,3493
2025-08-25,부산,피망,100g,10680
2025-08-25,부산,파프리카,1개,2373
2025-08-25,부산,마늘,1kg,11083
2025-08-25,부산,브로콜리,1개,3420
2025-08-25,부산,사과,10개,27000
2025-08-25,부산,배,10개,30700
2025-08-26,부산,배추,1포기,6843
2025-08-26,부산,시금치,100g,30525
2025-08-26,부산,상추,100g,15900
2025-08-26,부산,얼갈이배추,1kg,4015
2025-08-26,부산,오이,10개,15233
2025-08-26,부산,호박,1개,1793
2025-08-26,부산,토마토,1kg,6968
2025-08-26,부산,무,1개,2200
2025-08-26,부산,당근,1kg,3633
2025-08-26,부산,열무,1kg,4695
2025-08-26,부산,양파,1kg,2230
2025-08-26,부산,대파,1kg,3485
2025-08-26,부산,피망,100g,10683
2025-08-26,부산,파프리카,1개,2248
2025-08-26,부산,마늘,1kg,11083
2025-08-26,부산,브로콜리,1개,3443
2025-08-26,부산,사과,10개,25750
2025-08-26,부산,배,10개,30450
2025-08-27,부산,배추,1포기,6925
2025-08-27,부산,시금치,100g,29950
2025-08-27,부산,상추,100g,15800
2025-08-27,부산,얼갈이배추,1kg,4460
2025-08-27,부산,오이,10개,15190
2025-08-27,부산,호박,1개,1918
2025-08-27,부산,토마토,1kg,7293
2025-08-27,부산,무,1개,2200
2025-08-27,부산,당근,1kg,3660
2025-08-27,부산,열무,1kg,4665
2025-08-27,부산,양파,1kg,2235
2025-08-27,부산,대파,1kg,3485
2025-08-27,부산,피망,100g,9775
2025-08-27,부산,파프리카,1개,2333
2025-08-27,부산,마늘,1kg,11083
2025-08-27,부산,브로콜리,1개,3443
2025-08-27,부산,사과,10개,21700
2025-08-27,부산,배,10개,30700
2025-08-28,부산,배추,1포기,6958
2025-08-28,부산,시금치,100g,29950
2025-08-28,부산,상추,100g,15000
2025-08-28,부산,얼갈이배추,1kg,4853
2025-08-28,부산,오이,10개,13940
2025-08-28,부산,호박,1개,1968
2025-08-28,부산,토마토,1kg,7418
2025-08-28,부산,무,1개,2225
2025-08-28,부산,당근,1kg,3525
2025-08-28,부산,열무,1kg,4813
2025-08-28,부산,양파,1kg,2235
2025-08-28,부산,대파,1kg,3540
2025-08-28,부산,피망,100g,10363
2025-08-28,부산,파프리카,1개,2280
2025-08-28,부산,마늘,1kg,12730
2025-08-28,부산,브로콜리,1개,3443
2025-08-28,부산,사과,10개,20500
2025-08-28,부산,배,10개,30475
2025-08-29,부산,배추,1포기,6958
2025-08-29,부산,시금치,100g,29950
2025-08-29,부산,상추,100g,15000
2025-08-29,부산,얼갈이배추,1kg,4873
2025-08-29,부산,오이,10개,13940
2025-08-29,부산,호박,1개,1988
2025-08-29,부산,토마토,1kg,7418
2025-08-29,부산,무,1개,2465
2025-08-29,부산,당근,1kg,3535
2025-08-29,부산,열무,1kg,4813
2025-08-29,부산,양파,1kg,2235
2025-08-29,부산,대파,1kg,3540
2025-08-29,부산,피망,100g,10988
2025-08-29,부산,파프리카,1개,2280
2025-08-29,부산,마늘,1kg,12730
2025-08-29,부산,브로콜리,1개,3458
2025-08-29,부산,사과,10개,20500
2025-08-29,부산,배,10개,30475
2025-09-01,부산,배추,1포기,6968
2025-09-01,부산,시금치,100g,29950
2025-09-01,부산,상추,100g,15000
2025-09-01,부산,얼갈이배추,1kg,4585
2025-09-01,부산,오이,10개,13940
2025-09-01,부산,호박,1개,2113
2025-09-01,부산,토마토,1kg,7418
2025-09-01,부산,무,1개,2465
2025-09-01,부산,당근,1kg,3535
2025-09-01,부산,열무,1kg,4793
2025-09-01,부산,양파,1kg,2235
2025-09-01,부산,대파,1kg,3540
2025-09-01,부산,피망,100g,10988
2025-09-01,부산,파프리카,1개,2280
2025-09-01,부산,마늘,1kg,12730
2025-09-01,부산,브로콜리,1개,3458
2025-09-01,부산,사과,10개,20500
2025-09-01,부산,배,10개,30475
2025-09-02,부산,배추,1포기,7258
2025-09-02,부산,시금치,100g,29950
2025-09-02,부산,상추,100g,15900
2025-09-02,부산,얼갈이배추,1kg,4585
2025-09-02,부산,오이,10개,13940
2025-09-02,부산,호박,1개,1943
2025-09-02,부산,토마토,1kg,6898
2025-09-02,부산,무,1개,2590
2025-09-02,부산,당근,1kg,3660
2025-09-02,부산,열무,1kg,4793
2025-09-02,부산,양파,1kg,2075
2025-09-02,부산,대파,1kg,3540
2025-09-02,부산,피망,100g,10988
2025-09-02,부산,파프리카,1개,2198
2025-09-02,부산,마늘,1kg,12730
2025-09-02,부산,브로콜리,1개,3468
2025-09-02,부산,사과,10개,19500
2025-09-02,부산,배,10개,29950
2025-09-03,부산,배추,1포기,7258
2025-09-03,부산,시금치,100g,29950
2025-09-03,부산,상추,100g,15967
2025-09-03,부산,얼갈이배추,1kg,4565
2025-09-03,부산,오이,10개,13983
2025-09-03,부산,호박,1개,1675
2025-09-03,부산,토마토,1kg,6898
2025-09-03,부산,무,1개,2590
2025-09-03,부산,당근,1kg,3660
2025-09-03,부산,열무,1kg,4793
2025-09-03,부산,양파,1kg,2075
2025-09-03,부산,대파,1kg,3273
2025-09-03,부산,피망,100g,10988
2025-09-03,부산,파프리카,1개,2193
2025-09-03,부산,마늘,1kg,12730
2025-09-03,부산,브로콜리,1개,3468
2025-09-03,부산,사과,10개,19500
2025-09-03,부산,배,10개,31700
2025-09-04,부산,배추,1포기,7300
2025-09-04,부산,시금치,100g,30100
2025-09-04,부산,상추,100g,15967
2025-09-04,부산,얼갈이배추,1kg,3755
2025-09-04,부산,오이,10개,10475
2025-09-04,부산,호박,1개,1643
2025-09-04,부산,토마토,1kg,6523
2025-09-04,부산,무,1개,2590
2025-09-04,부산,당근,1kg,3465
2025-09-04,부산,열무,1kg,4353
2025-09-04,부산,양파,1kg,2240
2025-09-04,부산,대파,1kg,3098
2025-09-04,부산,피망,100g,11600
2025-09-04,부산,파프리카,1개,1900
2025-09-04,부산,마늘,1kg,10420
2025-09-04,부산,브로콜리,1개,3468
2025-09-04,부산,사과,10개,19900
2025-09-04,부산,배,10개,31467
2025-09-05,부산,배추,1포기,7300
2025-09-05,부산,시금치,100g,30100
2025-09-05,부산,상추,100g,15967
2025-09-05,부산,얼갈이배추,1kg,3685
2025-09-05,부산,오이,10개,10750
2025-09-05,부산,호박,1개,1643
2025-09-05,부산,토마토,1kg,6523
2025-09-05,부산,무,1개,2590
2025-09-05,부산,당근,1kg,3465
2025-09-05,부산,열무,1kg,4353
2025-09-05,부산,양파,1kg,2240
2025-09-05,부산,대파,1kg,3098
2025-09-05,부산,피망,100g,11600
2025-09-05,부산,파프리카,1개,1883
2025-09-05,부산,마늘,1kg,10420
2025-09-05,부산,브로콜리,1개,3468
2025-09-05,부산,사과,10개,32567
2025-09-05,부산,배,10개,31300
2025-09-08,부산,배추,1포기,7300
2025-09-08,부산,시금치,100g,30100
2025-09-08,부산,상추,100g,15967
2025-09-08,부산,얼갈이배추,1kg,3685
2025-09-08,부산,오이,10개,10708
2025-09-08,부산,호박,1개,1543
2025-09-08,부산,토마토,1kg,6523
2025-09-08,부산,무,1개,2615
2025-09-08,부산,당근,1kg,3465
2025-09-08,부산,열무,1kg,4353
2025-09-08,부산,양파,1kg,2248
2025-09-08,부산,대파,1kg,3103
2025-09-08,부산,피망,100g,11600
2025-09-08,부산,파프리카,1개,1883
2025-09-08,부산,마늘,1kg,10970
2025-09-08,부산,브로콜리,1개,3468
2025-09-08,부산,사과,10개,32400
2025-09-08,부산,배,10개,31133
2025-09-09,부산,배추,1포기,7550
2025-09-09,부산,시금치,100g,32300
2025-09-09,부산,상추,100g,15967
2025-09-09,부산,얼갈이배추,1kg,3685
2025-09-09,부산,오이,10개,10575
2025-09-09,부산,호박,1개,1543
2025-09-09,부산,토마토,1kg,6523
2025-09-09,부산,무,1개,2550
2025-09-09,부산,당근,1kg,3473
2025-09-09,부산,열무,1kg,4365
2025-09-09,부산,양파,1kg,2498
2025-09-09,부산,대파,1kg,3170
2025-09-09,부산,피망,100g,11600
2025-09-09,부산,파프리카,1개,1883
2025-09-09,부산,마늘,1kg,11783
2025-09-09,부산,브로콜리,1개,3468
2025-09-09,부산,사과,10개,30275
2025-09-09,부산,배,10개,31133
2025-09-10,부산,배추,1포기,7800
2025-09-10,부산,시금치,100g,33575
2025-09-10,부산,상추,100g,15900
2025-09-10,부산,얼갈이배추,1kg,3968
2025-09-10,부산,오이,10개,12065
2025-09-10,부산,호박,1개,1533
2025-09-10,부산,토마토,1kg,6530
2025-09-10,부산,무,1개,2550
2025-09-10,부산,당근,1kg,3473
2025-09-10,부산,열무,1kg,4353
2025-09-10,부산,양파,1kg,2500
2025-09-10,부산,대파,1kg,3360
2025-09-10,부산,피망,100g,11550
2025-09-10,부산,파프리카,1개,1875
2025-09-10,부산,마늘,1kg,11783
2025-09-10,부산,브로콜리,1개,3468
2025-09-10,부산,사과,10개,31075
2025-09-10,부산,배,10개,33700
2025-09-11,부산,배추,1포기,7008
2025-09-11,부산,시금치,100g,32850
2025-09-11,부산,상추,100g,16700
2025-09-11,부산,얼갈이배추,1kg,4173
2025-09-11,부산,오이,10개,11908
2025-09-11,부산,호박,1개,1433
2025-09-11,부산,토마토,1kg,6905
2025-09-11,부산,무,1개,2180
2025-09-11,부산,당근,1kg,3543
2025-09-11,부산,열무,1kg,4163
2025-09-11,부산,양파,1kg,2128
2025-09-11,부산,대파,1kg,3413
2025-09-11,부산,피망,100g,11550
2025-09-11,부산,파프리카,1개,1875
2025-09-11,부산,마늘,1kg,11458
2025-09-11,부산,브로콜리,1개,3593
2025-09-11,부산,사과,10개,27125
2025-09-11,부산,배,10개,28933
2025-09-12,부산,배추,1포기,7008
2025-09-12,부산,시금치,100g,32850
2025-09-12,부산,상추,100g,16700
2025-09-12,부산,얼갈이배추,1kg,4123
2025-09-12,부산,오이,10개,11908
2025-09-12,부산,호박,1개,1533
2025-09-12,부산,토마토,1kg,6905
2025-09-12,부산,무,1개,2360
2025-09-12,부산,당근,1kg,3543
2025-09-12,부산,열무,1kg,4163
2025-09-12,부산,양파,1kg,2128
2025-09-12,부산,대파,1kg,3413
2025-09-12,부산,피망,100g,11550
2025-09-12,부산,파프리카,1개,1875
2025-09-12,부산,마늘,1kg,11458
2025-09-12,부산,브로콜리,1개,3593
2025-09-12,부산,사과,10개,23800
2025-09-12,부산,배,10개,30600
2025-09-15,부산,배추,1포기,6883
2025-09-15,부산,시금치,100g,32750
2025-09-15,부산,상추,100g,15900
2025-09-15,부산,얼갈이배추,1kg,4123
2025-09-15,부산,오이,10개,12883
2025-09-15,부산,호박,1개,1550
2025-09-15,부산,토마토,1kg,6998
2025-09-15,부산,무,1개,2360
2025-09-15,부산,당근,1kg,3543
2025-09-15,부산,열무,1kg,3735
2025-09-15,부산,양파,1kg,2363
2025-09-15,부산,대파,1kg,3438
2025-09-15,부산,피망,100g,11550
2025-09-15,부산,파프리카,1개,1875
2025-09-15,부산,마늘,1kg,11458
2025-09-15,부산,브로콜리,1개,3593
2025-09-15,부산,사과,10개,26125
2025-09-15,부산,배,10개,24700
2025-09-16,부산,배추,1포기,6108
2025-09-16,부산,시금치,100g,32750
2025-09-16,부산,상추,100g,16867
2025-09-16,부산,얼갈이배추,1kg,4123
2025-09-16,부산,오이,10개,12125
2025-09-16,부산,호박,1개,1463
2025-09-16,부산,토마토,1kg,7623
2025-09-16,부산,무,1개,2197
2025-09-16,부산,당근,1kg,3535
2025-09-16,부산,열무,1kg,3735
2025-09-16,부산,양파,1kg,2215
2025-09-16,부산,대파,1kg,3408
2025-09-16,부산,피망,100g,11550
2025-09-16,부산,파프리카,1개,1873
2025-09-16,부산,마늘,1kg,9293
2025-09-16,부산,브로콜리,1개,3593
2025-09-16,부산,사과,10개,23275
2025-09-16,부산,배,10개,24700
2025-09-17,부산,배추,1포기,6065
2025-09-17,부산,시금치,100g,32850
2025-09-17,부산,상추,100g,16967
2025-09-17,부산,얼갈이배추,1kg,4105
2025-09-17,부산,오이,10개,12125
2025-09-17,부산,호박,1개,1488
2025-09-17,부산,토마토,1kg,7680
2025-09-17,부산,무,1개,2197
2025-09-17,부산,당근,1kg,3563
2025-09-17,부산,열무,1kg,3710
2025-09-17,부산,양파,1kg,2215
2025-09-17,부산,대파,1kg,3408
2025-09-17,부산,피망,100g,11600
2025-09-17,부산,파프리카,1개,1888
2025-09-17,부산,마늘,1kg,9293
2025-09-17,부산,브로콜리,1개,3403
2025-09-17,부산,사과,10개,23525
2025-09-17,부산,배,10개,25200
2025-09-18,부산,배추,1포기,6483
2025-09-18,부산,시금치,100g,32350
2025-09-18,부산,상추,100g,17100
2025-09-18,부산,얼갈이배추,1kg,4258
2025-09-18,부산,오이,10개,12125
2025-09-18,부산,호박,1개,1598
2025-09-18,부산,토마토,1kg,8103
2025-09-18,부산,무,1개,2037
2025-09-18,부산,당근,1kg,3645
2025-09-18,부산,열무,1kg,3830
2025-09-18,부산,양파,1kg,1913
2025-09-18,부산,대파,1kg,3490
2025-09-18,부산,피망,100g,11625
2025-09-18,부산,파프리카,1개,1612
2025-09-18,부산,마늘,1kg,8940
2025-09-18,부산,브로콜리,1개,3180
2025-09-18,부산,사과,10개,24525
2025-09-18,부산,배,10개,25950
2025-09-19,부산,배추,1포기,6523
2025-09-19,부산,시금치,100g,32350
2025-09-19,부산,상추,100g,17100
2025-09-19,부산,얼갈이배추,1kg,4258
2025-09-19,부산,오이,10개,12125
2025-09-19,부산,호박,1개,1598
2025-09-19,부산,토마토,1kg,8103
2025-09-19,부산,무,1개,1918
2025-09-19,부산,당근,1kg,3645
2025-09-19,부산,열무,1kg,3945
2025-09-19,부산,양파,1kg,1945
2025-09-19,부산,대파,1kg,3490
2025-09-19,부산,피망,100g,11625
2025-09-19,부산,파프리카,1개,1831
2025-09-19,부산,마늘,1kg,8940
2025-09-19,부산,브로콜리,1개,3205
2025-09-19,부산,사과,10개,24525
2025-09-19,부산,배,10개,25950
2025-09-22,부산,배추,1포기,6523
2025-09-22,부산,시금치,100g,32400
2025-09-22,부산,상추,100g,17133
2025-09-22,부산,얼갈이배추,1kg,4258
2025-09-22,부산,오이,10개,12258
2025-09-22,부산,호박,1개,1638
2025-09-22,부산,토마토,1kg,8128
2025-09-22,부산,무,1개,2038
2025-09-22,부산,당근,1kg,3645
2025-09-22,부산,열무,1kg,3945
2025-09-22,부산,양파,1kg,1945
2025-09-22,부산,대파,1kg,3530
2025-09-22,부산,피망,100g,11625
2025-09-22,부산,파프리카,1개,1893
2025-09-22,부산,마늘,1kg,8940
2025-09-22,부산,브로콜리,1개,3255
2025-09-22,부산,사과,10개,24850
2025-09-22,부산,배,10개,26200
2025-09-23,부산,배추,1포기,5823
2025-09-23,부산,시금치,100g,32225
2025-09-23,부산,상추,100g,17200
2025-09-23,부산,얼갈이배추,1kg,4258
2025-09-23,부산,오이,10개,12290
2025-09-23,부산,호박,1개,1555
2025-09-23,부산,토마토,1kg,8135
2025-09-23,부산,무,1개,2070
2025-09-23,부산,당근,1kg,3645
2025-09-23,부산,열무,1kg,3958
2025-09-23,부산,양파,1kg,1808
2025-09-23,부산,대파,1kg,3555
2025-09-23,부산,피망,100g,11675
2025-09-23,부산,파프리카,1개,1885
2025-09-23,부산,마늘,1kg,8940
2025-09-23,부산,브로콜리,1개,3255
2025-09-23,부산,사과,10개,24850
2025-09-23,부산,배,10개,26300
2025-09-24,부산,배추,1포기,5535
2025-09-24,부산,시금치,100g,29950
2025-09-24,부산,상추,100g,17533
2025-09-24,부산,얼갈이배추,1kg,4258
2025-09-24,부산,오이,10개,12290
2025-09-24,부산,호박,1개,1758
2025-09-24,부산,토마토,1kg,8128
2025-09-24,부산,무,1개,2030
2025-09-24,부산,당근,1kg,3645
2025-09-24,부산,열무,1kg,3973
2025-09-24,부산,양파,1kg,1938
2025-09-24,부산,대파,1kg,3555
2025-09-24,부산,피망,100g,11700
2025-09-24,부산,파프리카,1개,1900
2025-09-24,부산,마늘,1kg,9925
2025-09-24,부산,브로콜리,1개,3030
2025-09-24,부산,사과,10개,26700
2025-09-24,부산,배,10개,26100
2025-09-25,부산,배추,1포기,5535
2025-09-25,부산,시금치,100g,23225
2025-09-25,부산,상추,100g,17567
2025-09-25,부산,얼갈이배추,1kg,4645
2025-09-25,부산,오이,10개,11940
2025-09-25,부산,호박,1개,1833
2025-09-25,부산,토마토,1kg,8055
2025-09-25,부산,무,1개,1890
2025-09-25,부산,당근,1kg,3583
2025-09-25,부산,열무,1kg,3973
2025-09-25,부산,양파,1kg,1938
2025-09-25,부산,대파,1kg,3970
2025-09-25,부산,피망,100g,12975
2025-09-25,부산,파프리카,1개,1910
2025-09-25,부산,마늘,1kg,9925
2025-09-25,부산,브로콜리,1개,3030
2025-09-25,부산,사과,10개,26450
2025-09-25,부산,배,10개,25933
2025-09-26,부산,배추,1포기,5578
2025-09-26,부산,시금치,100g,23300
2025-09-26,부산,상추,100g,17567
2025-09-26,부산,얼갈이배추,1kg,4645
2025-09-26,부산,오이,10개,11983
2025-09-26,부산,호박,1개,1833
2025-09-26,부산,토마토,1kg,8303
2025-09-26,부산,무,1개,1890
2025-09-26,부산,당근,1kg,3848
2025-09-26,부산,열무,1kg,3965
2025-09-26,부산,양파,1kg,1938
2025-09-26,부산,대파,1kg,3970
2025-09-26,부산,피망,100g,12975
2025-09-26,부산,파프리카,1개,1910
2025-09-26,부산,마늘,1kg,9925
2025-09-26,부산,브로콜리,1개,2960
2025-09-26,부산,사과,10개,24950
2025-09-26,부산,배,10개,26167
2025-09-29,부산,배추,1포기,5578
2025-09-29,부산,시금치,100g,23300
2025-09-29,부산,상추,100g,17567
2025-09-29,부산,얼갈이배추,1kg,4653
2025-09-29,부산,오이,10개,12025
2025-09-29,부산,호박,1개,1833
2025-09-29,부산,토마토,1kg,8330
2025-09-29,부산,무,1개,1873
2025-09-29,부산,당근,1kg,3848
2025-09-29,부산,열무,1kg,3965
2025-09-29,부산,양파,1kg,1938
2025-09-29,부산,대파,1kg,3955
2025-09-29,부산,피망,100g,12975
2025-09-29,부산,파프리카,1개,1910
2025-09-29,부산,마늘,1kg,9925
2025-09-29,부산,브로콜리,1개,2960
2025-09-29,부산,사과,10개,24950
2025-09-29,부산,배,10개,26433
2025-09-30,부산,배추,1포기,5898
2025-09-30,부산,시금치,100g,23250
2025-09-30,부산,상추,100g,21000
2025-09-30,부산,얼갈이배추,1kg,4793
2025-09-30,부산,오이,10개,12025
2025-09-30,부산,호박,1개,1778
2025-09-30,부산,토마토,1kg,8330
2025-09-30,부산,무,1개,1830
2025-09-30,부산,당근,1kg,3768
2025-09-30,부산,열무,1kg,3960
2025-09-30,부산,양파,1kg,1763
2025-09-30,부산,대파,1kg,3945
2025-09-30,부산,피망,100g,12975
2025-09-30,부산,파프리카,1개,1898
2025-09-30,부산,마늘,1kg,8968
2025-09-30,부산,브로콜리,1개,2960
2025-09-30,부산,사과,10개,26225
2025-09-30,부산,배,10개,26433
2025-10-01,부산,배추,1포기,5973
2025-10-01,부산,시금치,100g,22975
2025-10-01,부산,상추,100g,20967
2025-10-01,부산,얼갈이배추,1kg,4793
2025-10-01,부산,오이,10개,12025
2025-10-01,부산,호박,1개,1803
2025-10-01,부산,토마토,1kg,8068
2025-10-01,부산,무,1개,2037
2025-10-01,부산,당근,1kg,3753
2025-10-01,부산,열무,1kg,3945
2025-10-01,부산,양파,1kg,1763
2025-10-01,부산,대파,1kg,3920
2025-10-01,부산,피망,100g,12975
2025-10-01,부산,파프리카,1개,1870
2025-10-01,부산,마늘,1kg,8968
2025-10-01,부산,브로콜리,1개,2960
2025-10-01,부산,사과,10개,26100
2025-10-01,부산,배,10개,24433
2025-10-02,부산,배추,1포기,5973
2025-10-02,부산,시금치,100g,18225
2025-10-02,부산,상추,100g,20133
2025-10-02,부산,얼갈이배추,1kg,4623
2025-10-02,부산,오이,10개,12025
2025-10-02,부산,호박,1개,1803
2025-10-02,부산,토마토,1kg,6943
2025-10-02,부산,무,1개,2037
2025-10-02,부산,당근,1kg,3753
2025-10-02,부산,열무,1kg,4010
2025-10-02,부산,양파,1kg,1760
2025-10-02,부산,대파,1kg,3325
2025-10-02,부산,피망,100g,12975
2025-10-02,부산,파프리카,1개,1880
2025-10-02,부산,마늘,1kg,8968
2025-10-02,부산,브로콜리,1개,2960
2025-10-02,부산,사과,10개,24350
2025-10-02,부산,배,10개,28867
2025-10-10,부산,배추,1포기,6723
2025-10-10,부산,시금치,100g,24100
2025-10-10,부산,상추,100g,20900
2025-10-10,부산,얼갈이배추,1kg,4310
2025-10-10,부산,오이,10개,12025
2025-10-10,부산,호박,1개,1928
2025-10-10,부산,토마토,1kg,6943
2025-10-10,부산,무,1개,2037
2025-10-10,부산,당근,1kg,3915
2025-10-10,부산,열무,1kg,4010
2025-10-10,부산,양파,1kg,1760
2025-10-10,부산,대파,1kg,3338
2025-10-10,부산,피망,100g,12975
2025-10-10,부산,파프리카,1개,1880
2025-10-10,부산,마늘,1kg,9313
2025-10-10,부산,브로콜리,1개,2960
2025-10-10,부산,사과,10개,25850
2025-10-10,부산,배,10개,31900
2025-10-13,부산,배추,1포기,6543
2025-10-13,부산,시금치,100g,24850
2025-10-13,부산,상추,100g,21567
2025-10-13,부산,얼갈이배추,1kg,4583
2025-10-13,부산,오이,10개,12375
2025-10-13,부산,호박,1개,1943
2025-10-13,부산,토마토,1kg,6455
2025-10-13,부산,무,1개,2477
2025-10-13,부산,당근,1kg,3915
2025-10-13,부산,열무,1kg,4073
2025-10-13,부산,양파,1kg,2113
2025-10-13,부산,대파,1kg,3323
2025-10-13,부산,피망,100g,12975
2025-10-13,부산,파프리카,1개,1880
2025-10-13,부산,마늘,1kg,10733
2025-10-13,부산,브로콜리,1개,2960
2025-10-13,부산,배,10개,35850
2025-10-14,부산,배추,1포기,6543
2025-10-14,부산,시금치,100g,23825
2025-10-14,부산,상추,100g,21033
2025-10-14,부산,얼갈이배추,1kg,4418
2025-10-14,부산,오이,10개,12250
2025-10-14,부산,호박,1개,1743
2025-10-14,부산,토마토,1kg,6210
2025-10-14,부산,무,1개,2493
2025-10-14,부산,당근,1kg,3900
2025-10-14,부산,열무,1kg,3960
2025-10-14,부산,양파,1kg,2443
2025-10-14,부산,대파,1kg,3395
2025-10-14,부산,피망,100g,12975
2025-10-14,부산,파프리카,1개,2160
2025-10-14,부산,마늘,1kg,11233
2025-10-14,부산,브로콜리,1개,2960
2025-10-14,부산,사과,10개,24150
2025-10-14,부산,배,10개,32900
2025-10-15,부산,배추,1포기,7093
2025-10-15,부산,시금치,100g,23825
2025-10-15,부산,상추,100g,20733
2025-10-15,부산,얼갈이배추,1kg,4375
2025-10-15,부산,오이,10개,12000
2025-10-15,부산,호박,1개,1843
2025-10-15,부산,토마토,1kg,5900
2025-10-15,부산,무,1개,2627
2025-10-15,부산,당근,1kg,3913
2025-10-15,부산,열무,1kg,3960
2025-10-15,부산,양파,1kg,2465
2025-10-15,부산,대파,1kg,3823
2025-10-15,부산,피망,100g,12975
2025-10-15,부산,파프리카,1개,2160
2025-10-15,부산,마늘,1kg,10883
2025-10-15,부산,브로콜리,1개,2960
2025-10-15,부산,사과,10개,24067
2025-10-15,부산,배,10개,32900
2025-10-16,부산,배추,1포기,6383
2025-10-16,부산,시금치,100g,14100
2025-10-16,부산,상추,100g,14967
2025-10-16,부산,얼갈이배추,1kg,3390
2025-10-16,부산,오이,10개,11915
2025-10-16,부산,호박,1개,1843
2025-10-16,부산,토마토,1kg,5635
2025-10-16,부산,무,1개,2627
2025-10-16,부산,당근,1kg,3875
2025-10-16,부산,열무,1kg,3655
2025-10-16,부산,양파,1kg,2473
2025-10-16,부산,대파,1kg,3623
2025-10-16,부산,피망,100g,12975
2025-10-16,부산,파프리카,1개,2160
2025-10-16,부산,마늘,1kg,10875
2025-10-16,부산,브로콜리,1개,3975
2025-10-16,부산,사과,10개,29400
2025-10-16,부산,배,10개,30500
2025-10-17,부산,배추,1포기,6300
2025-10-17,부산,시금치,100g,12675
2025-10-17,부산,상추,100g,14167
2025-10-17,부산,얼갈이배추,1kg,3390
2025-10-17,부산,오이,10개,11915
2025-10-17,부산,호박,1개,1843
2025-10-17,부산,토마토,1kg,6003
2025-10-17,부산,무,1개,2627
2025-10-17,부산,당근,1kg,3875
2025-10-17,부산,열무,1kg,3750
2025-10-17,부산,양파,1kg,2390
2025-10-17,부산,대파,1kg,3423
2025-10-17,부산,피망,100g,12900
2025-10-17,부산,파프리카,1개,2160
2025-10-17,부산,마늘,1kg,10895
2025-10-17,부산,브로콜리,1개,3930
2025-10-17,부산,사과,10개,27825
2025-10-17,부산,배,10개,27067
2025-10-20,부산,배추,1포기,6218
2025-10-20,부산,시금치,100g,12625
2025-10-20,부산,상추,100g,14800
2025-10-20,부산,얼갈이배추,1kg,3383
2025-10-20,부산,오이,10개,11958
2025-10-20,부산,호박,1개,1843
2025-10-20,부산,토마토,1kg,6035
2025-10-20,부산,무,1개,2627
2025-10-20,부산,당근,1kg,3875
2025-10-20,부산,열무,1kg,3740
2025-10-20,부산,양파,1kg,2390
2025-10-20,부산,대파,1kg,3440
2025-10-20,부산,피망,100g,12900
2025-10-20,부산,파프리카,1개,2160
2025-10-20,부산,마늘,1kg,11375
2025-10-20,부산,브로콜리,1개,3930
2025-10-20,부산,사과,10개,27700
2025-10-20,부산,배,10개,26900
2025-10-21,부산,배추,1포기,6175
2025-10-21,부산,시금치,100g,12245
2025-10-21,부산,상추,100g,14933
2025-10-21,부산,얼갈이배추,1kg,3383
2025-10-21,부산,오이,10개,12315
2025-10-21,부산,호박,1개,1933
2025-10-21,부산,토마토,1kg,6035
2025-10-21,부산,무,1개,2627
2025-10-21,부산,당근,1kg,3875
2025-10-21,부산,열무,1kg,3678
2025-10-21,부산,양파,1kg,2390
2025-10-21,부산,대파,1kg,3440
2025-10-21,부산,피망,100g,12900
2025-10-21,부산,파프리카,1개,2160
2025-10-21,부산,마늘,1kg,11375
2025-10-21,부산,브로콜리,1개,3930
2025-10-21,부산,사과,10개,26200
2025-10-21,부산,배,10개,27850
2025-10-22,부산,배추,1포기,6175
2025-10-22,부산,시금치,100g,11805
2025-10-22,부산,상추,100g,14933
2025-10-22,부산,얼갈이배추,1kg,3540
2025-10-22,부산,오이,10개,12315
2025-10-22,부산,호박,1개,1933
2025-10-22,부산,토마토,1kg,6035
2025-10-22,부산,무,1개,2627
2025-10-22,부산,당근,1kg,3875
2025-10-22,부산,열무,1kg,3780
2025-10-22,부산,양파,1kg,2288
2025-10-22,부산,대파,1kg,3440
2025-10-22,부산,피망,100g,12900
2025-10-22,부산,파프리카,1개,2160
2025-10-22,부산,마늘,1kg,11375
2025-10-22,부산,브로콜리,1개,3930
2025-10-22,부산,사과,10개,26200
2025-10-22,부산,배,10개,27850
2025-10-23,부산,배추,1포기,6175
2025-10-23,부산,시금치,100g,13355
2025-10-23,부산,상추,100g,14933
2025-10-23,부산,얼갈이배추,1kg,3540
2025-10-23,부산,오이,10개,13025
2025-10-23,부산,호박,1개,1933
2025-10-23,부산,토마토,1kg,6368
2025-10-23,부산,무,1개,2460
2025-10-23,부산,당근,1kg,3875
2025-10-23,부산,열무,1kg,3773
2025-10-23,부산,양파,1kg,2288
2025-10-23,부산,대파,1kg,3440
2025-10-23,부산,피망,100g,12900
2025-10-23,부산,파프리카,1개,2175
2025-10-23,부산,마늘,1kg,11375
2025-10-23,부산,브로콜리,1개,3263
2025-10-23,부산,사과,10개,23800
2025-10-23,부산,배,10개,29650
2025-10-24,부산,배추,1포기,6133
2025-10-24,부산,시금치,100g,11755
2025-10-24,부산,상추,100g,14133
2025-10-24,부산,얼갈이배추,1kg,3535
2025-10-24,부산,오이,10개,13025
2025-10-24,부산,호박,1개,2000
2025-10-24,부산,토마토,1kg,6385
2025-10-24,부산,무,1개,2443
2025-10-24,부산,당근,1kg,3860
2025-10-24,부산,열무,1kg,3760
2025-10-24,부산,양파,1kg,2318
2025-10-24,부산,대파,1kg,3423
2025-10-24,부산,피망,100g,12950
2025-10-24,부산,파프리카,1개,2175
2025-10-24,부산,마늘,1kg,10895
2025-10-24,부산,브로콜리,1개,3263
2025-10-24,부산,사과,10개,22675
2025-10-24,부산,배,10개,31550
2025-10-27,부산,배추,1포기,6133
2025-10-27,부산,시금치,100g,11755
2025-10-27,부산,상추,100g,14133
2025-10-27,부산,얼갈이배추,1kg,3535
2025-10-27,부산,오이,10개,13025
2025-10-27,부산,호박,1개,2000
2025-10-27,부산,토마토,1kg,6385
2025-10-27,부산,무,1개,2443
2025-10-27,부산,당근,1kg,3860
2025-10-27,부산,열무,1kg,3760
2025-10-27,부산,양파,1kg,2318
2025-10-27,부산,대파,1kg,3423
2025-10-27,부산,피망,100g,12950
2025-10-27,부산,파프리카,1개,2175
2025-10-27,부산,마늘,1kg,10895
2025-10-27,부산,브로콜리,1개,3263
2025-10-27,부산,사과,10개,22675
2025-10-27,부산,배,10개,27350
2025-07-30,대구,배추,1포기,5360
2025-07-30,대구,시금치,100g,26233
2025-07-30,대구,상추,100g,14820
2025-07-30,대구,얼갈이배추,1kg,4660
2025-07-30,대구,오이,10개,12210
2025-07-30,대구,호박,1개,1391
2025-07-30,대구,토마토,1kg,5897
2025-07-30,대구,무,1개,3000
2025-07-30,대구,당근,1kg,2797
2025-07-30,대구,열무,1kg,5213
2025-07-30,대구,양파,1kg,1937
2025-07-30,대구,대파,1kg,3210
2025-07-30,대구,피망,100g,12667
2025-07-30,대구,파프리카,1개,1077
2025-07-30,대구,마늘,1kg,11487
2025-07-30,대구,브로콜리,1개,2603
2025-07-30,대구,사과,10개,31900
2025-07-30,대구,배,10개,51650
2025-07-31,대구,배추,1포기,6160
2025-07-31,대구,시금치,100g,19767
2025-07-31,대구,상추,100g,17933
2025-07-31,대구,얼갈이배추,1kg,4660
2025-07-31,대구,오이,10개,12210
2025-07-31,대구,호박,1개,1327
2025-07-31,대구,토마토,1kg,7450
2025-07-31,대구,무,1개,3000
2025-07-31,대구,당근,1kg,2937
2025-07-31,대구,열무,1kg,4825
2025-07-31,대구,양파,1kg,2120
2025-07-31,대구,대파,1kg,3307
2025-07-31,대구,피망,100g,11833
2025-07-31,대구,파프리카,1개,1343
2025-07-31,대구,마늘,1kg,12153
2025-07-31,대구,브로콜리,1개,2603
2025-07-31,대구,사과,10개,36950
2025-07-31,대구,배,10개,51650
2025-08-01,대구,배추,1포기,6160
2025-08-01,대구,시금치,100g,19767
2025-08-01,대구,상추,100g,18267
2025-08-01,대구,얼갈이배추,1kg,4660
2025-08-01,대구,오이,10개,12077
2025-08-01,대구,호박,1개,1327
2025-08-01,대구,토마토,1kg,7817
2025-08-01,대구,무,1개,2895
2025-08-01,대구,당근,1kg,2937
2025-08-01,대구,열무,1kg,4825
2025-08-01,대구,양파,1kg,2120
2025-08-01,대구,대파,1kg,3307
2025-08-01,대구,피망,100g,11833
2025-08-01,대구,파프리카,1개,1343
2025-08-01,대구,마늘,1kg,12153
2025-08-01,대구,브로콜리,1개,2603
2025-08-01,대구,사과,10개,31933
2025-08-01,대구,배,10개,51650
2025-08-04,대구,배추,1포기,6160
2025-08-04,대구,시금치,100g,19767
2025-08-04,대구,상추,100g,16833
2025-08-04,대구,얼갈이배추,1kg,4660
2025-08-04,대구,오이,10개,12077
2025-08-04,대구,호박,1개,1327
2025-08-04,대구,토마토,1kg,7860
2025-08-04,대구,무,1개,2895
2025-08-04,대구,당근,1kg,2937
2025-08-04,대구,열무,1kg,4745
2025-08-04,대구,양파,1kg,2120
2025-08-04,대구,대파,1kg,3350
2025-08-04,대구,피망,100g,11833
2025-08-04,대구,파프리카,1개,1343
2025-08-04,대구,마늘,1kg,12153
2025-08-04,대구,브로콜리,1개,2603
2025-08-04,대구,사과,10개,31933
2025-08-04,대구,배,10개,51650
2025-08-05,대구,배추,1포기,6160
2025-08-05,대구,시금치,100g,19767
2025-08-05,대구,상추,100g,17633
2025-08-05,대구,얼갈이배추,1kg,4993
2025-08-05,대구,오이,10개,12077
2025-08-05,대구,호박,1개,1327
2025-08-05,대구,토마토,1kg,7860
2025-08-05,대구,무,1개,2895
2025-08-05,대구,당근,1kg,2937
2025-08-05,대구,열무,1kg,4745
2025-08-05,대구,양파,1kg,2137
2025-08-05,대구,대파,1kg,3390
2025-08-05,대구,피망,100g,11933
2025-08-05,대구,파프리카,1개,1343
2025-08-05,대구,마늘,1kg,12153
2025-08-05,대구,브로콜리,1개,2603
2025-08-05,대구,사과,10개,32600
2025-08-05,대구,배,10개,51650
2025-08-06,대구,배추,1포기,6160
2025-08-06,대구,시금치,100g,19767
2025-08-06,대구,상추,100g,17633
2025-08-06,대구,얼갈이배추,1kg,4993
2025-08-06,대구,오이,10개,12077
2025-08-06,대구,호박,1개,1327
2025-08-06,대구,토마토,1kg,7860
2025-08-06,대구,무,1개,2895
2025-08-06,대구,당근,1kg,2937
2025-08-06,대구,열무,1kg,4745
2025-08-06,대구,양파,1kg,2137
2025-08-06,대구,대파,1kg,3390
2025-08-06,대구,피망,100g,11933
2025-08-06,대구,파프리카,1개,1343
2025-08-06,대구,마늘,1kg,12153
2025-08-06,대구,브로콜리,1개,2603
2025-08-06,대구,사과,10개,31767
2025-08-06,대구,배,10개,51650
2025-08-07,대구,배추,1포기,6880
2025-08-07,대구,시금치,100g,17550
2025-08-07,대구,상추,100g,16967
2025-08-07,대구,얼갈이배추,1kg,4713
2025-08-07,대구,오이,10개,11943
2025-08-07,대구,호박,1개,1327
2025-08-07,대구,토마토,1kg,6190
2025-08-07,대구,무,1개,2995
2025-08-07,대구,당근,1kg,4020
2025-08-07,대구,열무,1kg,4160
2025-08-07,대구,양파,1kg,2177
2025-08-07,대구,대파,1kg,4037
2025-08-07,대구,피망,100g,11433
2025-08-07,대구,파프리카,1개,1677
2025-08-07,대구,마늘,1kg,10837
2025-08-07,대구,브로콜리,1개,2160
2025-08-07,대구,사과,10개,31767
2025-08-07,대구,배,10개,46650
2025-08-08,대구,배추,1포기,6880
2025-08-08,대구,시금치,100g,17550
2025-08-08,대구,상추,100g,16967
2025-08-08,대구,얼갈이배추,1kg,4713
2025-08-08,대구,오이,10개,11720
2025-08-08,대구,호박,1개,1327
2025-08-08,대구,토마토,1kg,5840
2025-08-08,대구,무,1개,2995
2025-08-08,대구,당근,1kg,4020
2025-08-08,대구,열무,1kg,4160
2025-08-08,대구,양파,1kg,2207
2025-08-08,대구,대파,1kg,4080
2025-08-08,대구,피망,100g,11433
2025-08-08,대구,파프리카,1개,1760
2025-08-08,대구,마늘,1kg,10837
2025-08-08,대구,브로콜리,1개,2770
2025-08-08,대구,사과,10개,31767
2025-08-08,대구,배,10개,46650
2025-08-11,대구,배추,1포기,6880
2025-08-11,대구,시금치,100g,17550
2025-08-11,대구,상추,100g,16333
2025-08-11,대구,얼갈이배추,1kg,4770
2025-08-11,대구,오이,10개,11720
2025-08-11,대구,호박,1개,1327
2025-08-11,대구,토마토,1kg,5930
2025-08-11,대구,무,1개,2995
2025-08-11,대구,당근,1kg,4020
2025-08-11,대구,열무,1kg,4160
2025-08-11,대구,양파,1kg,2207
2025-08-11,대구,대파,1kg,4080
2025-08-11,대구,피망,100g,11433
2025-08-11,대구,파프리카,1개,1843
2025-08-11,대구,마늘,1kg,10837
2025-08-11,대구,브로콜리,1개,2827
2025-08-11,대구,사과,10개,31767
2025-08-11,대구,배,10개,46650
2025-08-12,대구,배추,1포기,7213
2025-08-12,대구,시금치,100g,25400
2025-08-12,대구,상추,100g,16333
2025-08-12,대구,얼갈이배추,1kg,4770
2025-08-12,대구,오이,10개,12820
2025-08-12,대구,호박,1개,1327
2025-08-12,대구,토마토,1kg,5930
2025-08-12,대구,무,1개,2995
2025-08-12,대구,당근,1kg,4020
2025-08-12,대구,열무,1kg,4160
2025-08-12,대구,양파,1kg,2207
2025-08-12,대구,대파,1kg,4080
2025-08-12,대구,피망,100g,11433
2025-08-12,대구,파프리카,1개,1610
2025-08-12,대구,마늘,1kg,10837
2025-08-12,대구,브로콜리,1개,2993
2025-08-12,대구,사과,10개,35933
2025-08-12,대구,배,10개,46650
2025-08-13,대구,배추,1포기,7213
2025-08-13,대구,시금치,100g,25400
2025-08-13,대구,상추,100g,16333
2025-08-13,대구,얼갈이배추,1kg,4713
2025-08-13,대구,오이,10개,13367
2025-08-13,대구,호박,1개,1327
2025-08-13,대구,토마토,1kg,5930
2025-08-13,대구,무,1개,2995
2025-08-13,대구,당근,1kg,4130
2025-08-13,대구,열무,1kg,3910
2025-08-13,대구,양파,1kg,2207
2025-08-13,대구,대파,1kg,4080
2025-08-13,대구,피망,100g,11433
2025-08-13,대구,파프리카,1개,2027
2025-08-13,대구,마늘,1kg,10837
2025-08-13,대구,브로콜리,1개,2993
2025-08-13,대구,사과,10개,35933
2025-08-13,대구,배,10개,46650
2025-08-14,대구,배추,1포기,7547
2025-08-14,대구,시금치,100g,17550
2025-08-14,대구,상추,100g,15633
2025-08-14,대구,얼갈이배추,1kg,4380
2025-08-14,대구,오이,10개,14767
2025-08-14,대구,호박,1개,1227
2025-08-14,대구,토마토,1kg,5750
2025-08-14,대구,무,1개,2995
2025-08-14,대구,당근,1kg,3433
2025-08-14,대구,열무,1kg,3410
2025-08-14,대구,양파,1kg,2483
2025-08-14,대구,대파,1kg,3793
2025-08-14,대구,피망,100g,9617
2025-08-14,대구,파프리카,1개,2327
2025-08-14,대구,마늘,1kg,10820
2025-08-14,대구,브로콜리,1개,3160
2025-08-14,대구,사과,10개,39950
2025-08-14,대구,배,10개,41200
2025-08-18,대구,배추,1포기,7547
2025-08-18,대구,시금치,100g,26233
2025-08-18,대구,상추,100g,15633
2025-08-18,대구,얼갈이배추,1kg,4493
2025-08-18,대구,오이,10개,14767
2025-08-18,대구,호박,1개,1327
2025-08-18,대구,토마토,1kg,6037
2025-08-18,대구,무,1개,2995
2025-08-18,대구,당근,1kg,3433
2025-08-18,대구,열무,1kg,3910
2025-08-18,대구,양파,1kg,2040
2025-08-18,대구,대파,1kg,3793
2025-08-18,대구,피망,100g,9617
2025-08-18,대구,파프리카,1개,2780
2025-08-18,대구,마늘,1kg,10820
2025-08-18,대구,브로콜리,1개,3213
2025-08-18,대구,사과,10개,26600
2025-08-18,대구,배,10개,41200
2025-08-19,대구,배추,1포기,7547
2025-08-19,대구,시금치,100g,26233
2025-08-19,대구,상추,100g,17000
2025-08-19,대구,얼갈이배추,1kg,4493
2025-08-19,대구,오이,10개,14710
2025-08-19,대구,호박,1개,1460
2025-08-19,대구,토마토,1kg,6037
2025-08-19,대구,무,1개,2995
2025-08-19,대구,당근,1kg,3433
2025-08-19,대구,열무,1kg,3910
2025-08-19,대구,양파,1kg,2040
2025-08-19,대구,대파,1kg,3793
2025-08-19,대구,피망,100g,9617
2025-08-19,대구,파프리카,1개,2547
2025-08-19,대구,마늘,1kg,10820
2025-08-19,대구,브로콜리,1개,3213
2025-08-19,대구,사과,10개,26600
2025-08-19,대구,배,10개,50000
2025-08-20,대구,배추,1포기,7547
2025-08-20,대구,시금치,100g,26233
2025-08-20,대구,상추,100g,17167
2025-08-20,대구,얼갈이배추,1kg,4493
2025-08-20,대구,오이,10개,14710
2025-08-20,대구,호박,1개,1460
2025-08-20,대구,토마토,1kg,6037
2025-08-20,대구,무,1개,2995
2025-08-20,대구,당근,1kg,3433
2025-08-20,대구,열무,1kg,3910
2025-08-20,대구,양파,1kg,2040
2025-08-20,대구,대파,1kg,3793
2025-08-20,대구,피망,100g,9517
2025-08-20,대구,파프리카,1개,2547
2025-08-20,대구,마늘,1kg,10820
2025-08-20,대구,브로콜리,1개,3213
2025-08-20,대구,사과,10개,26600
2025-08-20,대구,배,10개,36200
2025-08-21,대구,배추,1포기,6880
2025-08-21,대구,시금치,100g,25400
2025-08-21,대구,상추,100g,17300
2025-08-21,대구,얼갈이배추,1kg,4827
2025-08-21,대구,오이,10개,14710
2025-08-21,대구,호박,1개,1860
2025-08-21,대구,토마토,1kg,6740
2025-08-21,대구,무,1개,2995
2025-08-21,대구,당근,1kg,4933
2025-08-21,대구,열무,1kg,4410
2025-08-21,대구,양파,1kg,2173
2025-08-21,대구,대파,1kg,3793
2025-08-21,대구,피망,100g,10517
2025-08-21,대구,파프리카,1개,3213
2025-08-21,대구,마늘,1kg,11487
2025-08-21,대구,브로콜리,1개,2825
2025-08-21,대구,사과,10개,26600
2025-08-21,대구,배,10개,32067
2025-08-22,대구,배추,1포기,6880
2025-08-22,대구,시금치,100g,26233
2025-08-22,대구,상추,100g,16967
2025-08-22,대구,얼갈이배추,1kg,4827
2025-08-22,대구,오이,10개,14710
2025-08-22,대구,호박,1개,1893
2025-08-22,대구,토마토,1kg,8170
2025-08-22,대구,무,1개,2827
2025-08-22,대구,당근,1kg,4077
2025-08-22,대구,열무,1kg,4410
2025-08-22,대구,양파,1kg,2173
2025-08-22,대구,대파,1kg,3793
2025-08-22,대구,피망,100g,10517
2025-08-22,대구,파프리카,1개,3213
2025-08-22,대구,마늘,1kg,11487
2025-08-22,대구,브로콜리,1개,2995
2025-08-22,대구,사과,10개,26600
2025-08-22,대구,배,10개,32067
2025-08-25,대구,배추,1포기,6880
2025-08-25,대구,시금치,100g,26233
2025-08-25,대구,상추,100g,16967
2025-08-25,대구,얼갈이배추,1kg,4827
2025-08-25,대구,오이,10개,14710
2025-08-25,대구,호박,1개,1893
2025-08-25,대구,토마토,1kg,8170
2025-08-25,대구,무,1개,2827
2025-08-25,대구,당근,1kg,4077
2025-08-25,대구,열무,1kg,4410
2025-08-25,대구,양파,1kg,2173
2025-08-25,대구,대파,1kg,3793
2025-08-25,대구,피망,100g,10513
2025-08-25,대구,파프리카,1개,3213
2025-08-25,대구,마늘,1kg,11487
2025-08-25,대구,브로콜리,1개,2995
2025-08-25,대구,사과,10개,26600
2025-08-25,대구,배,10개,32067
2025-08-26,대구,배추,1포기,6880
2025-08-26,대구,시금치,100g,33750
2025-08-26,대구,상추,100g,16000
2025-08-26,대구,얼갈이배추,1kg,4937
2025-08-26,대구,오이,10개,14600
2025-08-26,대구,호박,1개,1860
2025-08-26,대구,토마토,1kg,8170
2025-08-26,대구,무,1개,2827
2025-08-26,대구,당근,1kg,4217
2025-08-26,대구,열무,1kg,4325
2025-08-26,대구,양파,1kg,2173
2025-08-26,대구,대파,1kg,3793
2025-08-26,대구,피망,100g,10517
2025-08-26,대구,파프리카,1개,2993
2025-08-26,대구,마늘,1kg,11487
2025-08-26,대구,브로콜리,1개,2995
2025-08-26,대구,사과,10개,27700
2025-08-26,대구,배,10개,30400
2025-08-27,대구,배추,1포기,6880
2025-08-27,대구,시금치,100g,33750
2025-08-27,대구,상추,100g,15867
2025-08-27,대구,얼갈이배추,1kg,4937
2025-08-27,대구,오이,10개,14600
2025-08-27,대구,호박,1개,1860
2025-08-27,대구,토마토,1kg,8170
2025-08-27,대구,무,1개,2827
2025-08-27,대구,당근,1kg,4217
2025-08-27,대구,열무,1kg,4245
2025-08-27,대구,양파,1kg,2173
2025-08-27,대구,대파,1kg,3793
2025-08-27,대구,피망,100g,10517
2025-08-27,대구,파프리카,1개,2993
2025-08-27,대구,마늘,1kg,11487
2025-08-27,대구,브로콜리,1개,2910
2025-08-27,대구,사과,10개,27700
2025-08-27,대구,배,10개,30400
2025-08-28,대구,배추,1포기,6660
2025-08-28,대구,시금치,100g,32500
2025-08-28,대구,상추,100g,15067
2025-08-28,대구,얼갈이배추,1kg,4880
2025-08-28,대구,오이,10개,13767
2025-08-28,대구,호박,1개,1860
2025-08-28,대구,토마토,1kg,8703
2025-08-28,대구,무,1개,2493
2025-08-28,대구,당근,1kg,4273
2025-08-28,대구,열무,1kg,4245
2025-08-28,대구,양파,1kg,2173
2025-08-28,대구,대파,1kg,3657
2025-08-28,대구,피망,100g,12567
2025-08-28,대구,파프리카,1개,2827
2025-08-28,대구,마늘,1kg,12387
2025-08-28,대구,브로콜리,1개,3160
2025-08-28,대구,사과,10개,27700
2025-08-28,대구,배,10개,31067
2025-08-29,대구,배추,1포기,6660
2025-08-29,대구,시금치,100g,32500
2025-08-29,대구,상추,100g,15067
2025-08-29,대구,얼갈이배추,1kg,4880
2025-08-29,대구,오이,10개,13400
2025-08-29,대구,호박,1개,1860
2025-08-29,대구,토마토,1kg,8703
2025-08-29,대구,무,1개,2493
2025-08-29,대구,당근,1kg,4273
2025-08-29,대구,열무,1kg,4245
2025-08-29,대구,양파,1kg,2173
2025-08-29,대구,대파,1kg,3613
2025-08-29,대구,피망,100g,12667
2025-08-29,대구,파프리카,1개,2547
2025-08-29,대구,마늘,1kg,12387
2025-08-29,대구,브로콜리,1개,3160
2025-08-29,대구,사과,10개,27700
2025-08-29,대구,배,10개,31067
2025-09-01,대구,배추,1포기,6660
2025-09-01,대구,시금치,100g,32500
2025-09-01,대구,상추,100g,15033
2025-09-01,대구,얼갈이배추,1kg,4880
2025-09-01,대구,오이,10개,13400
2025-09-01,대구,호박,1개,2027
2025-09-01,대구,토마토,1kg,8480
2025-09-01,대구,무,1개,2493
2025-09-01,대구,당근,1kg,3993
2025-09-01,대구,열무,1kg,4245
2025-09-01,대구,양파,1kg,2173
2025-09-01,대구,대파,1kg,3613
2025-09-01,대구,피망,100g,12667
2025-09-01,대구,파프리카,1개,2660
2025-09-01,대구,마늘,1kg,12387
2025-09-01,대구,브로콜리,1개,3547
2025-09-01,대구,사과,10개,27700
2025-09-01,대구,배,10개,31067
2025-09-02,대구,배추,1포기,6660
2025-09-02,대구,시금치,100g,32500
2025-09-02,대구,상추,100g,15867
2025-09-02,대구,얼갈이배추,1kg,4827
2025-09-02,대구,오이,10개,13400
2025-09-02,대구,호박,1개,1993
2025-09-02,대구,토마토,1kg,8480
2025-09-02,대구,무,1개,2493
2025-09-02,대구,당근,1kg,3993
2025-09-02,대구,열무,1kg,4160
2025-09-02,대구,양파,1kg,2173
2025-09-02,대구,대파,1kg,3613
2025-09-02,대구,피망,100g,12667
2025-09-02,대구,파프리카,1개,2660
2025-09-02,대구,마늘,1kg,13487
2025-09-02,대구,브로콜리,1개,3547
2025-09-02,대구,사과,10개,27700
2025-09-02,대구,배,10개,31067
2025-09-03,대구,배추,1포기,6660
2025-09-03,대구,시금치,100g,32500
2025-09-03,대구,상추,100g,15867
2025-09-03,대구,얼갈이배추,1kg,4827
2025-09-03,대구,오이,10개,13267
2025-09-03,대구,호박,1개,1993
2025-09-03,대구,토마토,1kg,8257
2025-09-03,대구,무,1개,2493
2025-09-03,대구,당근,1kg,3993
2025-09-03,대구,열무,1kg,4160
2025-09-03,대구,양파,1kg,2173
2025-09-03,대구,대파,1kg,3613
2025-09-03,대구,피망,100g,12667
2025-09-03,대구,파프리카,1개,2660
2025-09-03,대구,마늘,1kg,13487
2025-09-03,대구,브로콜리,1개,3660
2025-09-03,대구,사과,10개,27700
2025-09-03,대구,배,10개,31067
2025-09-04,대구,배추,1포기,6660
2025-09-04,대구,시금치,100g,33500
2025-09-04,대구,상추,100g,14900
2025-09-04,대구,얼갈이배추,1kg,4160
2025-09-04,대구,오이,10개,11743
2025-09-04,대구,호박,1개,1593
2025-09-04,대구,토마토,1kg,7923
2025-09-04,대구,무,1개,2160
2025-09-04,대구,당근,1kg,4073
2025-09-04,대구,열무,1kg,3660
2025-09-04,대구,양파,1kg,2117
2025-09-04,대구,대파,1kg,2713
2025-09-04,대구,피망,100g,12667
2025-09-04,대구,파프리카,1개,1967
2025-09-04,대구,마늘,1kg,10570
2025-09-04,대구,브로콜리,1개,3495
2025-09-04,대구,사과,10개,18350
2025-09-04,대구,배,10개,28733
2025-09-05,대구,배추,1포기,6660
2025-09-05,대구,시금치,100g,33500
2025-09-05,대구,상추,100g,15000
2025-09-05,대구,얼갈이배추,1kg,4213
2025-09-05,대구,오이,10개,11743
2025-09-05,대구,호박,1개,1577
2025-09-05,대구,토마토,1kg,7923
2025-09-05,대구,무,1개,2245
2025-09-05,대구,당근,1kg,4073
2025-09-05,대구,열무,1kg,3660
2025-09-05,대구,양파,1kg,2080
2025-09-05,대구,대파,1kg,2713
2025-09-05,대구,피망,100g,12667
2025-09-05,대구,파프리카,1개,1967
2025-09-05,대구,마늘,1kg,10570
2025-09-05,대구,브로콜리,1개,3990
2025-09-05,대구,사과,10개,33250
2025-09-05,대구,배,10개,28733
2025-09-08,대구,배추,1포기,6660
2025-09-08,대구,시금치,100g,33500
2025-09-08,대구,상추,100g,14233
2025-09-08,대구,얼갈이배추,1kg,4213
2025-09-08,대구,오이,10개,11743
2025-09-08,대구,호박,1개,1577
2025-09-08,대구,토마토,1kg,7923
2025-09-08,대구,무,1개,2245
2025-09-08,대구,당근,1kg,4073
2025-09-08,대구,열무,1kg,3660
2025-09-08,대구,양파,1kg,2080
2025-09-08,대구,대파,1kg,2713
2025-09-08,대구,피망,100g,12767
2025-09-08,대구,파프리카,1개,1967
2025-09-08,대구,마늘,1kg,10570
2025-09-08,대구,브로콜리,1개,3990
2025-09-08,대구,사과,10개,33250
2025-09-08,대구,배,10개,28733
2025-09-09,대구,배추,1포기,6993
2025-09-09,대구,시금치,100g,37900
2025-09-09,대구,상추,100g,14233
2025-09-09,대구,얼갈이배추,1kg,4270
2025-09-09,대구,오이,10개,11677
2025-09-09,대구,호박,1개,1643
2025-09-09,대구,토마토,1kg,7947
2025-09-09,대구,무,1개,2495
2025-09-09,대구,당근,1kg,4393
2025-09-09,대구,열무,1kg,3745
2025-09-09,대구,양파,1kg,2450
2025-09-09,대구,대파,1kg,3130
2025-09-09,대구,피망,100g,12833
2025-09-09,대구,파프리카,1개,2077
2025-09-09,대구,마늘,1kg,11653
2025-09-09,대구,브로콜리,1개,3990
2025-09-09,대구,사과,10개,33250
2025-09-09,대구,배,10개,28733
2025-09-10,대구,배추,1포기,6993
2025-09-10,대구,시금치,100g,37900
2025-09-10,대구,상추,100g,14233
2025-09-10,대구,얼갈이배추,1kg,4270
2025-09-10,대구,오이,10개,11677
2025-09-10,대구,호박,1개,1643
2025-09-10,대구,토마토,1kg,8257
2025-09-10,대구,무,1개,2327
2025-09-10,대구,당근,1kg,4393
2025-09-10,대구,열무,1kg,3745
2025-09-10,대구,양파,1kg,2450
2025-09-10,대구,대파,1kg,3130
2025-09-10,대구,피망,100g,12833
2025-09-10,대구,파프리카,1개,2077
2025-09-10,대구,마늘,1kg,11653
2025-09-10,대구,브로콜리,1개,3990
2025-09-10,대구,사과,10개,33250
2025-09-10,대구,배,10개,28733
2025-09-11,대구,배추,1포기,6993
2025-09-11,대구,시금치,100g,38900
2025-09-11,대구,상추,100g,15600
2025-09-11,대구,얼갈이배추,1kg,3937
2025-09-11,대구,오이,10개,12753
2025-09-11,대구,호박,1개,1510
2025-09-11,대구,토마토,1kg,7287
2025-09-11,대구,무,1개,2327
2025-09-11,대구,당근,1kg,4640
2025-09-11,대구,열무,1kg,3245
2025-09-11,대구,양파,1kg,1687
2025-09-11,대구,대파,1kg,3203
2025-09-11,대구,피망,100g,12767
2025-09-11,대구,파프리카,1개,2077
2025-09-11,대구,마늘,1kg,11220
2025-09-11,대구,브로콜리,1개,4240
2025-09-11,대구,사과,10개,28133
2025-09-11,대구,배,10개,26733
2025-09-12,대구,배추,1포기,6993
2025-09-12,대구,시금치,100g,38900
2025-09-12,대구,상추,100g,15600
2025-09-12,대구,얼갈이배추,1kg,3937
2025-09-12,대구,오이,10개,12753
2025-09-12,대구,호박,1개,1443
2025-09-12,대구,토마토,1kg,7287
2025-09-12,대구,무,1개,2293
2025-09-12,대구,당근,1kg,4640
2025-09-12,대구,열무,1kg,3245
2025-09-12,대구,양파,1kg,1687
2025-09-12,대구,대파,1kg,3203
2025-09-12,대구,피망,100g,12767
2025-09-12,대구,파프리카,1개,2077
2025-09-12,대구,마늘,1kg,11220
2025-09-12,대구,브로콜리,1개,4240
2025-09-12,대구,사과,10개,28133
2025-09-12,대구,배,10개,24150
2025-09-15,대구,배추,1포기,6593
2025-09-15,대구,시금치,100g,38900
2025-09-15,대구,상추,100g,14333
2025-09-15,대구,얼갈이배추,1kg,4160
2025-09-15,대구,오이,10개,12753
2025-09-15,대구,호박,1개,1510
2025-09-15,대구,토마토,1kg,7467
2025-09-15,대구,무,1개,2193
2025-09-15,대구,당근,1kg,4640
2025-09-15,대구,열무,1kg,3245
2025-09-15,대구,양파,1kg,2040
2025-09-15,대구,대파,1kg,3523
2025-09-15,대구,피망,100g,12767
2025-09-15,대구,파프리카,1개,2077
2025-09-15,대구,마늘,1kg,10320
2025-09-15,대구,브로콜리,1개,4240
2025-09-15,대구,사과,10개,27033
2025-09-15,대구,배,10개,19900
2025-09-16,대구,배추,1포기,6593
2025-09-16,대구,시금치,100g,38900
2025-09-16,대구,상추,100g,15900
2025-09-16,대구,얼갈이배추,1kg,4160
2025-09-16,대구,오이,10개,12843
2025-09-16,대구,호박,1개,1510
2025-09-16,대구,토마토,1kg,7687
2025-09-16,대구,무,1개,2193
2025-09-16,대구,당근,1kg,4640
2025-09-16,대구,열무,1kg,3245
2025-09-16,대구,양파,1kg,2353
2025-09-16,대구,대파,1kg,3523
2025-09-16,대구,피망,100g,13100
2025-09-16,대구,파프리카,1개,2077
2025-09-16,대구,마늘,1kg,9673
2025-09-16,대구,브로콜리,1개,4240
2025-09-16,대구,사과,10개,27033
2025-09-16,대구,배,10개,19900
2025-09-17,대구,배추,1포기,6593
2025-09-17,대구,시금치,100g,33833
2025-09-17,대구,상추,100g,15900
2025-09-17,대구,얼갈이배추,1kg,4160
2025-09-17,대구,오이,10개,12843
2025-09-17,대구,호박,1개,1560
2025-09-17,대구,토마토,1kg,7867
2025-09-17,대구,무,1개,2193
2025-09-17,대구,당근,1kg,4640
2025-09-17,대구,열무,1kg,3245
2025-09-17,대구,양파,1kg,2347
2025-09-17,대구,대파,1kg,3523
2025-09-17,대구,피망,100g,13167
2025-09-17,대구,파프리카,1개,2077
2025-09-17,대구,마늘,1kg,9673
2025-09-17,대구,브로콜리,1개,4240
2025-09-17,대구,사과,10개,27033
2025-09-17,대구,배,10개,40000
2025-09-18,대구,배추,1포기,7037
2025-09-18,대구,시금치,100g,33850
2025-09-18,대구,상추,100g,18133
2025-09-18,대구,얼갈이배추,1kg,4593
2025-09-18,대구,오이,10개,13177
2025-09-18,대구,호박,1개,1693
2025-09-18,대구,토마토,1kg,9187
2025-09-18,대구,무,1개,2193
2025-09-18,대구,당근,1kg,3713
2025-09-18,대구,열무,1kg,3895
2025-09-18,대구,양파,1kg,2160
2025-09-18,대구,대파,1kg,3483
2025-09-18,대구,피망,100g,14833
2025-09-18,대구,파프리카,1개,2077
2025-09-18,대구,마늘,1kg,9203
2025-09-18,대구,브로콜리,1개,3990
2025-09-18,대구,사과,10개,23667
2025-09-18,대구,배,10개,40000
2025-09-19,대구,배추,1포기,7037
2025-09-19,대구,시금치,100g,33850
2025-09-19,대구,상추,100g,18300
2025-09-19,대구,얼갈이배추,1kg,4593
2025-09-19,대구,오이,10개,13177
2025-09-19,대구,호박,1개,1693
2025-09-19,대구,토마토,1kg,8987
2025-09-19,대구,무,1개,2295
2025-09-19,대구,당근,1kg,3713
2025-09-19,대구,열무,1kg,3895
2025-09-19,대구,양파,1kg,2160
2025-09-19,대구,대파,1kg,3527
2025-09-19,대구,피망,100g,14833
2025-09-19,대구,파프리카,1개,2077
2025-09-19,대구,마늘,1kg,9203
2025-09-19,대구,브로콜리,1개,4240
2025-09-19,대구,사과,10개,25167
2025-09-19,대구,배,10개,35800
2025-09-22,대구,배추,1포기,7037
2025-09-22,대구,시금치,100g,33850
2025-09-22,대구,상추,100g,20067
2025-09-22,대구,얼갈이배추,1kg,4593
2025-09-22,대구,오이,10개,13177
2025-09-22,대구,호박,1개,1693
2025-09-22,대구,토마토,1kg,9453
2025-09-22,대구,무,1개,2295
2025-09-22,대구,당근,1kg,3713
2025-09-22,대구,열무,1kg,3810
2025-09-22,대구,양파,1kg,2160
2025-09-22,대구,대파,1kg,3527
2025-09-22,대구,피망,100g,14833
2025-09-22,대구,파프리카,1개,2077
2025-09-22,대구,마늘,1kg,9203
2025-09-22,대구,브로콜리,1개,4240
2025-09-22,대구,사과,10개,25167
2025-09-22,대구,배,10개,35800
2025-09-23,대구,배추,1포기,6170
2025-09-23,대구,시금치,100g,29433
2025-09-23,대구,상추,100g,20067
2025-09-23,대구,얼갈이배추,1kg,4593
2025-09-23,대구,오이,10개,13120
2025-09-23,대구,호박,1개,1593
2025-09-23,대구,토마토,1kg,9453
2025-09-23,대구,무,1개,2295
2025-09-23,대구,당근,1kg,3713
2025-09-23,대구,열무,1kg,3810
2025-09-23,대구,양파,1kg,1977
2025-09-23,대구,대파,1kg,3527
2025-09-23,대구,피망,100g,14833
2025-09-23,대구,파프리카,1개,2077
2025-09-23,대구,마늘,1kg,9043
2025-09-23,대구,브로콜리,1개,4240
2025-09-23,대구,사과,10개,25167
2025-09-23,대구,배,10개,35800
2025-09-24,대구,배추,1포기,6170
2025-09-24,대구,시금치,100g,29433
2025-09-24,대구,상추,100g,20067
2025-09-24,대구,얼갈이배추,1kg,4593
2025-09-24,대구,오이,10개,13120
2025-09-24,대구,호박,1개,1593
2025-09-24,대구,토마토,1kg,9453
2025-09-24,대구,무,1개,2295
2025-09-24,대구,당근,1kg,3713
2025-09-24,대구,열무,1kg,3725
2025-09-24,대구,양파,1kg,1977
2025-09-24,대구,대파,1kg,3527
2025-09-24,대구,피망,100g,14833
2025-09-24,대구,파프리카,1개,2077
2025-09-24,대구,마늘,1kg,9043
2025-09-24,대구,브로콜리,1개,4240
2025-09-24,대구,사과,10개,25167
2025-09-24,대구,배,10개,35800
2025-09-25,대구,배추,1포기,6170
2025-09-25,대구,시금치,100g,19867
2025-09-25,대구,상추,100g,20300
2025-09-25,대구,얼갈이배추,1kg,4827
2025-09-25,대구,오이,10개,13120
2025-09-25,대구,호박,1개,1593
2025-09-25,대구,토마토,1kg,10787
2025-09-25,대구,무,1개,2295
2025-09-25,대구,당근,1kg,3630
2025-09-25,대구,열무,1kg,4075
2025-09-25,대구,양파,1kg,1647
2025-09-25,대구,대파,1kg,3610
2025-09-25,대구,피망,100g,16500
2025-09-25,대구,파프리카,1개,2077
2025-09-25,대구,마늘,1kg,8397
2025-09-25,대구,브로콜리,1개,3990
2025-09-25,대구,사과,10개,25167
2025-09-25,대구,배,10개,31833
2025-09-26,대구,배추,1포기,6170
2025-09-26,대구,시금치,100g,20367
2025-09-26,대구,상추,100g,20300
2025-09-26,대구,얼갈이배추,1kg,4827
2025-09-26,대구,오이,10개,13120
2025-09-26,대구,호박,1개,1593
2025-09-26,대구,토마토,1kg,10787
2025-09-26,대구,무,1개,2295
2025-09-26,대구,당근,1kg,3630
2025-09-26,대구,열무,1kg,4075
2025-09-26,대구,양파,1kg,1647
2025-09-26,대구,대파,1kg,3610
2025-09-26,대구,피망,100g,16500
2025-09-26,대구,파프리카,1개,2077
2025-09-26,대구,마늘,1kg,8397
2025-09-26,대구,브로콜리,1개,3990
2025-09-26,대구,사과,10개,25167
2025-09-26,대구,배,10개,31833
2025-09-29,대구,배추,1포기,6427
2025-09-29,대구,시금치,100g,20367
2025-09-29,대구,상추,100g,20300
2025-09-29,대구,얼갈이배추,1kg,4770
2025-09-29,대구,오이,10개,13120
2025-09-29,대구,호박,1개,1960
2025-09-29,대구,토마토,1kg,10073
2025-09-29,대구,무,1개,2245
2025-09-29,대구,당근,1kg,3603
2025-09-29,대구,열무,1kg,4075
2025-09-29,대구,양파,1kg,1890
2025-09-29,대구,대파,1kg,3610
2025-09-29,대구,피망,100g,16500
2025-09-29,대구,파프리카,1개,2077
2025-09-29,대구,마늘,1kg,8397
2025-09-29,대구,브로콜리,1개,3990
2025-09-29,대구,사과,10개,24150
2025-09-29,대구,배,10개,34500
2025-09-30,대구,배추,1포기,6327
2025-09-30,대구,시금치,100g,21033
2025-09-30,대구,상추,100g,23300
2025-09-30,대구,얼갈이배추,1kg,4713
2025-09-30,대구,오이,10개,13253
2025-09-30,대구,호박,1개,1960
2025-09-30,대구,토마토,1kg,10073
2025-09-30,대구,무,1개,2245
2025-09-30,대구,당근,1kg,4160
2025-09-30,대구,열무,1kg,4075
2025-09-30,대구,양파,1kg,1890
2025-09-30,대구,대파,1kg,3610
2025-09-30,대구,피망,100g,16500
2025-09-30,대구,파프리카,1개,2577
2025-09-30,대구,마늘,1kg,9043
2025-09-30,대구,브로콜리,1개,3990
2025-09-30,대구,사과,10개,24150
2025-09-30,대구,배,10개,34500
2025-10-01,대구,배추,1포기,6427
2025-10-01,대구,시금치,100g,21033
2025-10-01,대구,상추,100g,23300
2025-10-01,대구,얼갈이배추,1kg,4713
2025-10-01,대구,오이,10개,13253
2025-10-01,대구,호박,1개,1960
2025-10-01,대구,토마토,1kg,9770
2025-10-01,대구,무,1개,2245
2025-10-01,대구,당근,1kg,4160
2025-10-01,대구,열무,1kg,4075
2025-10-01,대구,양파,1kg,1890
2025-10-01,대구,대파,1kg,3610
2025-10-01,대구,피망,100g,16500
2025-10-01,대구,파프리카,1개,2577
2025-10-01,대구,마늘,1kg,9043
2025-10-01,대구,브로콜리,1개,3245
2025-10-01,대구,사과,10개,21900
2025-10-01,대구,배,10개,34500
2025-10-02,대구,배추,1포기,6427
2025-10-02,대구,시금치,100g,21033
2025-10-02,대구,상추,100g,22533
2025-10-02,대구,얼갈이배추,1kg,4713
2025-10-02,대구,오이,10개,13253
2025-10-02,대구,호박,1개,1960
2025-10-02,대구,토마토,1kg,8770
2025-10-02,대구,무,1개,2245
2025-10-02,대구,당근,1kg,4363
2025-10-02,대구,열무,1kg,4075
2025-10-02,대구,양파,1kg,1890
2025-10-02,대구,대파,1kg,3610
2025-10-02,대구,피망,100g,16500
2025-10-02,대구,파프리카,1개,2213
2025-10-02,대구,마늘,1kg,9043
2025-10-02,대구,브로콜리,1개,3493
2025-10-02,대구,사과,10개,22500
2025-10-02,대구,배,10개,34500
2025-10-10,대구,배추,1포기,7827
2025-10-10,대구,시금치,100g,30350
2025-10-10,대구,상추,100g,21967
2025-10-10,대구,얼갈이배추,1kg,4713
2025-10-10,대구,오이,10개,12853
2025-10-10,대구,호박,1개,2293
2025-10-10,대구,토마토,1kg,7800
2025-10-10,대구,무,1개,3000
2025-10-10,대구,당근,1kg,4533
2025-10-10,대구,열무,1kg,4075
2025-10-10,대구,양파,1kg,1837
2025-10-10,대구,대파,1kg,3610
2025-10-10,대구,피망,100g,16500
2025-10-10,대구,파프리카,1개,2253
2025-10-10,대구,마늘,1kg,10563
2025-10-10,대구,브로콜리,1개,3160
2025-10-10,대구,사과,10개,25900
2025-10-10,대구,배,10개,39950
2025-10-13,대구,배추,1포기,7827
2025-10-13,대구,시금치,100g,30350
2025-10-13,대구,상추,100g,21967
2025-10-13,대구,얼갈이배추,1kg,4327
2025-10-13,대구,오이,10개,12853
2025-10-13,대구,호박,1개,2000
2025-10-13,대구,토마토,1kg,7467
2025-10-13,대구,무,1개,3000
2025-10-13,대구,당근,1kg,4533
2025-10-13,대구,열무,1kg,3660
2025-10-13,대구,양파,1kg,1837
2025-10-13,대구,대파,1kg,3610
2025-10-13,대구,피망,100g,16500
2025-10-13,대구,파프리카,1개,2253
2025-10-13,대구,마늘,1kg,10563
2025-10-13,대구,브로콜리,1개,3160
2025-10-13,대구,배,10개,39950
2025-10-14,대구,배추,1포기,7380
2025-10-14,대구,시금치,100g,28600
2025-10-14,대구,상추,100g,20367
2025-10-14,대구,얼갈이배추,1kg,4327
2025-10-14,대구,오이,10개,12543
2025-10-14,대구,호박,1개,2000
2025-10-14,대구,토마토,1kg,7467
2025-10-14,대구,무,1개,2645
2025-10-14,대구,당근,1kg,4533
2025-10-14,대구,열무,1kg,3660
2025-10-14,대구,양파,1kg,2207
2025-10-14,대구,대파,1kg,3697
2025-10-14,대구,피망,100g,16600
2025-10-14,대구,파프리카,1개,2213
2025-10-14,대구,마늘,1kg,10563
2025-10-14,대구,브로콜리,1개,3493
2025-10-14,대구,사과,10개,25900
2025-10-14,대구,배,10개,39950
2025-10-15,대구,배추,1포기,7047
2025-10-15,대구,시금치,100g,28600
2025-10-15,대구,상추,100g,21133
2025-10-15,대구,얼갈이배추,1kg,4327
2025-10-15,대구,오이,10개,12543
2025-10-15,대구,호박,1개,2000
2025-10-15,대구,토마토,1kg,7467
2025-10-15,대구,무,1개,2645
2025-10-15,대구,당근,1kg,4533
2025-10-15,대구,열무,1kg,3660
2025-10-15,대구,양파,1kg,2207
2025-10-15,대구,대파,1kg,3697
2025-10-15,대구,피망,100g,16600
2025-10-15,대구,파프리카,1개,2300
2025-10-15,대구,마늘,1kg,10563
2025-10-15,대구,브로콜리,1개,3493
2025-10-15,대구,사과,10개,28367
2025-10-15,대구,배,10개,39950
2025-10-16,대구,배추,1포기,6547
2025-10-16,대구,시금치,100g,19750
2025-10-16,대구,상추,100g,14250
2025-10-16,대구,얼갈이배추,1kg,3993
2025-10-16,대구,오이,10개,11977
2025-10-16,대구,호박,1개,1633
2025-10-16,대구,토마토,1kg,7333
2025-10-16,대구,무,1개,2645
2025-10-16,대구,당근,1kg,4497
2025-10-16,대구,열무,1kg,3660
2025-10-16,대구,양파,1kg,2207
2025-10-16,대구,대파,1kg,4083
2025-10-16,대구,피망,100g,15933
2025-10-16,대구,파프리카,1개,2300
2025-10-16,대구,마늘,1kg,10820
2025-10-16,대구,브로콜리,1개,3327
2025-10-16,대구,사과,10개,31600
2025-10-16,대구,배,10개,33200
2025-10-17,대구,배추,1포기,6547
2025-10-17,대구,시금치,100g,14907
2025-10-17,대구,상추,100g,13283
2025-10-17,대구,얼갈이배추,1kg,3993
2025-10-17,대구,오이,10개,11977
2025-10-17,대구,호박,1개,1633
2025-10-17,대구,토마토,1kg,7290
2025-10-17,대구,무,1개,3000
2025-10-17,대구,당근,1kg,4330
2025-10-17,대구,열무,1kg,3660
2025-10-17,대구,양파,1kg,2020
2025-10-17,대구,대파,1kg,3793
2025-10-17,대구,피망,100g,15933
2025-10-17,대구,파프리카,1개,2300
2025-10-17,대구,마늘,1kg,10180
2025-10-17,대구,브로콜리,1개,3327
2025-10-17,대구,사과,10개,31600
2025-10-17,대구,배,10개,33200
2025-10-20,대구,배추,1포기,6437
2025-10-20,대구,시금치,100g,14907
2025-10-20,대구,상추,100g,18133
2025-10-20,대구,얼갈이배추,1kg,3993
2025-10-20,대구,오이,10개,13000
2025-10-20,대구,호박,1개,1937
2025-10-20,대구,토마토,1kg,7780
2025-10-20,대구,무,1개,2495
2025-10-20,대구,당근,1kg,4330
2025-10-20,대구,열무,1kg,3745
2025-10-20,대구,양파,1kg,2207
2025-10-20,대구,대파,1kg,4043
2025-10-20,대구,피망,100g,15933
2025-10-20,대구,파프리카,1개,2300
2025-10-20,대구,마늘,1kg,10820
2025-10-20,대구,브로콜리,1개,3327
2025-10-20,대구,사과,10개,32600
2025-10-20,대구,배,10개,31700
2025-10-21,대구,배추,1포기,6437
2025-10-21,대구,시금치,100g,14907
2025-10-21,대구,상추,100g,19400
2025-10-21,대구,얼갈이배추,1kg,3993
2025-10-21,대구,오이,10개,13333
2025-10-21,대구,호박,1개,1993
2025-10-21,대구,토마토,1kg,7780
2025-10-21,대구,무,1개,2427
2025-10-21,대구,당근,1kg,4330
2025-10-21,대구,열무,1kg,3825
2025-10-21,대구,양파,1kg,2207
2025-10-21,대구,대파,1kg,4043
2025-10-21,대구,피망,100g,15933
2025-10-21,대구,파프리카,1개,2300
2025-10-21,대구,마늘,1kg,10820
2025-10-21,대구,브로콜리,1개,3327
2025-10-21,대구,사과,10개,31600
2025-10-21,대구,배,10개,31700
2025-10-22,대구,배추,1포기,6437
2025-10-22,대구,시금치,100g,13573
2025-10-22,대구,상추,100g,19467
2025-10-22,대구,얼갈이배추,1kg,4047
2025-10-22,대구,오이,10개,13333
2025-10-22,대구,호박,1개,1993
2025-10-22,대구,토마토,1kg,7780
2025-10-22,대구,무,1개,2427
2025-10-22,대구,당근,1kg,4330
2025-10-22,대구,열무,1kg,3825
2025-10-22,대구,양파,1kg,2207
2025-10-22,대구,대파,1kg,4043
2025-10-22,대구,피망,100g,15833
2025-10-22,대구,파프리카,1개,2300
2025-10-22,대구,마늘,1kg,10820
2025-10-22,대구,브로콜리,1개,3410
2025-10-22,대구,사과,10개,31600
2025-10-22,대구,배,10개,31700
2025-10-23,대구,배추,1포기,6770
2025-10-23,대구,시금치,100g,10243
2025-10-23,대구,상추,100g,16367
2025-10-23,대구,얼갈이배추,1kg,3713
2025-10-23,대구,오이,10개,14733
2025-10-23,대구,호박,1개,2093
2025-10-23,대구,토마토,1kg,9437
2025-10-23,대구,무,1개,2595
2025-10-23,대구,당근,1kg,3603
2025-10-23,대구,열무,1kg,3325
2025-10-23,대구,양파,1kg,1993
2025-10-23,대구,대파,1kg,4143
2025-10-23,대구,피망,100g,18167
2025-10-23,대구,파프리카,1개,2300
2025-10-23,대구,마늘,1kg,11220
2025-10-23,대구,브로콜리,1개,2910
2025-10-23,대구,사과,10개,30500
2025-10-23,대구,배,10개,38300
2025-10-24,대구,배추,1포기,6770
2025-10-24,대구,시금치,100g,10323
2025-10-24,대구,상추,100g,15567
2025-10-24,대구,얼갈이배추,1kg,3993
2025-10-24,대구,오이,10개,14733
2025-10-24,대구,호박,1개,2260
2025-10-24,대구,토마토,1kg,9323
2025-10-24,대구,무,1개,2595
2025-10-24,대구,당근,1kg,3603
2025-10-24,대구,열무,1kg,3575
2025-10-24,대구,양파,1kg,1900
2025-10-24,대구,대파,1kg,3793
2025-10-24,대구,피망,100g,18167
2025-10-24,대구,파프리카,1개,2300
2025-10-24,대구,마늘,1kg,10580
2025-10-24,대구,브로콜리,1개,2910
2025-10-24,대구,사과,10개,29350
2025-10-24,대구,배,10개,37500
2025-10-27,대구,배추,1포기,6547
2025-10-27,대구,시금치,100g,9157
2025-10-27,대구,상추,100g,16000
2025-10-27,대구,얼갈이배추,1kg,3993
2025-10-27,대구,오이,10개,15067
2025-10-27,대구,호박,1개,2260
2025-10-27,대구,토마토,1kg,9323
2025-10-27,대구,무,1개,2595
2025-10-27,대구,당근,1kg,3603
2025-10-27,대구,열무,1kg,3575
2025-10-27,대구,양파,1kg,1907
2025-10-27,대구,대파,1kg,3793
2025-10-27,대구,피망,100g,18100
2025-10-27,대구,파프리카,1개,2300
2025-10-27,대구,마늘,1kg,10580
2025-10-27,대구,브로콜리,1개,2993
2025-10-27,대구,사과,10개,29350
2025-10-27,대구,배,10개,37500
2025-07-30,광주,배추,1포기,5193
2025-07-30,광주,시금치,100g,25333
2025-07-30,광주,상추,100g,12053
2025-07-30,광주,얼갈이배추,1kg,4630
2025-07-30,광주,오이,10개,7600
2025-07-30,광주,호박,1개,1434
2025-07-30,광주,토마토,1kg,5553
2025-07-30,광주,무,1개,3160
2025-07-30,광주,당근,1kg,2740
2025-07-30,광주,열무,1kg,5187
2025-07-30,광주,양파,1kg,2267
2025-07-30,광주,대파,1kg,3360
2025-07-30,광주,피망,100g,12433
2025-07-30,광주,파프리카,1개,1237
2025-07-30,광주,마늘,1kg,12033
2025-07-30,광주,브로콜리,1개,2577
2025-07-30,광주,사과,10개,27667
2025-07-30,광주,배,10개,45150
2025-07-31,광주,배추,1포기,6077
2025-07-31,광주,시금치,100g,18867
2025-07-31,광주,상추,100g,15367
2025-07-31,광주,얼갈이배추,1kg,4630
2025-07-31,광주,오이,10개,16600
2025-07-31,광주,호박,1개,1370
2025-07-31,광주,토마토,1kg,7233
2025-07-31,광주,무,1개,3160
2025-07-31,광주,당근,1kg,2880
2025-07-31,광주,열무,1kg,4535
2025-07-31,광주,양파,1kg,2173
2025-07-31,광주,대파,1kg,3340
2025-07-31,광주,피망,100g,11600
2025-07-31,광주,파프리카,1개,1370
2025-07-31,광주,마늘,1kg,12700
2025-07-31,광주,브로콜리,1개,2577
2025-07-31,광주,사과,10개,29700
2025-07-31,광주,배,10개,45150
2025-08-01,광주,배추,1포기,6077
2025-08-01,광주,시금치,100g,18867
2025-08-01,광주,상추,100g,15367
2025-08-01,광주,얼갈이배추,1kg,4660
2025-08-01,광주,오이,10개,16600
2025-08-01,광주,호박,1개,1370
2025-08-01,광주,토마토,1kg,8067
2025-08-01,광주,무,1개,2975
2025-08-01,광주,당근,1kg,2880
2025-08-01,광주,열무,1kg,4700
2025-08-01,광주,양파,1kg,2173
2025-08-01,광주,대파,1kg,3340
2025-08-01,광주,피망,100g,11600
2025-08-01,광주,파프리카,1개,1370
2025-08-01,광주,마늘,1kg,12700
2025-08-01,광주,브로콜리,1개,2577
2025-08-01,광주,사과,10개,29700
2025-08-01,광주,배,10개,45150
2025-08-04,광주,배추,1포기,6160
2025-08-04,광주,시금치,100g,18867
2025-08-04,광주,상추,100g,14467
2025-08-04,광주,얼갈이배추,1kg,4687
2025-08-04,광주,오이,10개,16600
2025-08-04,광주,호박,1개,1370
2025-08-04,광주,토마토,1kg,8067
2025-08-04,광주,무,1개,2975
2025-08-04,광주,당근,1kg,2880
2025-08-04,광주,열무,1kg,4870
2025-08-04,광주,양파,1kg,2173
2025-08-04,광주,대파,1kg,3340
2025-08-04,광주,피망,100g,11600
2025-08-04,광주,파프리카,1개,1370
2025-08-04,광주,마늘,1kg,12700
2025-08-04,광주,브로콜리,1개,2577
2025-08-04,광주,사과,10개,29700
2025-08-04,광주,배,10개,45150
2025-08-05,광주,배추,1포기,6450
2025-08-05,광주,시금치,100g,18867
2025-08-05,광주,상추,100g,15267
2025-08-05,광주,얼갈이배추,1kg,5020
2025-08-05,광주,오이,10개,16600
2025-08-05,광주,호박,1개,1370
2025-08-05,광주,토마토,1kg,8067
2025-08-05,광주,무,1개,2975
2025-08-05,광주,당근,1kg,2880
2025-08-05,광주,열무,1kg,4785
2025-08-05,광주,양파,1kg,2173
2025-08-05,광주,대파,1kg,3340
2025-08-05,광주,피망,100g,11600
2025-08-05,광주,파프리카,1개,1370
2025-08-05,광주,마늘,1kg,12700
2025-08-05,광주,브로콜리,1개,2577
2025-08-05,광주,사과,10개,30367
2025-08-05,광주,배,10개,45150
2025-08-06,광주,배추,1포기,6577
2025-08-06,광주,시금치,100g,18867
2025-08-06,광주,상추,100g,15400
2025-08-06,광주,얼갈이배추,1kg,4937
2025-08-06,광주,오이,10개,16600
2025-08-06,광주,호박,1개,1370
2025-08-06,광주,토마토,1kg,8067
2025-08-06,광주,무,1개,2975
2025-08-06,광주,당근,1kg,2880
2025-08-06,광주,열무,1kg,4785
2025-08-06,광주,양파,1kg,2173
2025-08-06,광주,대파,1kg,3340
2025-08-06,광주,피망,100g,11600
2025-08-06,광주,파프리카,1개,1370
2025-08-06,광주,마늘,1kg,12700
2025-08-06,광주,브로콜리,1개,2577
2025-08-06,광주,사과,10개,32433
2025-08-06,광주,배,10개,45150
2025-08-07,광주,배추,1포기,6910
2025-08-07,광주,시금치,100g,25333
2025-08-07,광주,상추,100g,16967
2025-08-07,광주,얼갈이배추,1kg,4880
2025-08-07,광주,오이,10개,16600
2025-08-07,광주,호박,1개,1370
2025-08-07,광주,토마토,1kg,6863
2025-08-07,광주,무,1개,2880
2025-08-07,광주,당근,1kg,4000
2025-08-07,광주,열무,1kg,4495
2025-08-07,광주,양파,1kg,2213
2025-08-07,광주,대파,1kg,4007
2025-08-07,광주,피망,100g,11100
2025-08-07,광주,파프리카,1개,1703
2025-08-07,광주,마늘,1kg,11383
2025-08-07,광주,브로콜리,1개,2120
2025-08-07,광주,사과,10개,32433
2025-08-07,광주,배,10개,40150
2025-08-08,광주,배추,1포기,6910
2025-08-08,광주,시금치,100g,25333
2025-08-08,광주,상추,100g,16967
2025-08-08,광주,얼갈이배추,1kg,4770
2025-08-08,광주,오이,10개,16600
2025-08-08,광주,호박,1개,1370
2025-08-08,광주,토마토,1kg,6470
2025-08-08,광주,무,1개,2880
2025-08-08,광주,당근,1kg,4000
2025-08-08,광주,열무,1kg,4245
2025-08-08,광주,양파,1kg,2213
2025-08-08,광주,대파,1kg,3943
2025-08-08,광주,피망,100g,11100
2025-08-08,광주,파프리카,1개,1703
2025-08-08,광주,마늘,1kg,11383
2025-08-08,광주,브로콜리,1개,2245
2025-08-08,광주,사과,10개,32967
2025-08-08,광주,배,10개,38100
2025-08-11,광주,배추,1포기,6910
2025-08-11,광주,시금치,100g,25333
2025-08-11,광주,상추,100g,16967
2025-08-11,광주,얼갈이배추,1kg,4770
2025-08-11,광주,오이,10개,16600
2025-08-11,광주,호박,1개,1370
2025-08-11,광주,토마토,1kg,6553
2025-08-11,광주,무,1개,2880
2025-08-11,광주,당근,1kg,4000
2025-08-11,광주,열무,1kg,4120
2025-08-11,광주,양파,1kg,2213
2025-08-11,광주,대파,1kg,4007
2025-08-11,광주,피망,100g,11100
2025-08-11,광주,파프리카,1개,1570
2025-08-11,광주,마늘,1kg,11383
2025-08-11,광주,브로콜리,1개,2245
2025-08-11,광주,사과,10개,32967
2025-08-11,광주,배,10개,38100
2025-08-12,광주,배추,1포기,7450
2025-08-12,광주,시금치,100g,25333
2025-08-12,광주,상추,100g,16967
2025-08-12,광주,얼갈이배추,1kg,4770
2025-08-12,광주,오이,10개,19900
2025-08-12,광주,호박,1개,1370
2025-08-12,광주,토마토,1kg,6553
2025-08-12,광주,무,1개,2827
2025-08-12,광주,당근,1kg,4000
2025-08-12,광주,열무,1kg,4035
2025-08-12,광주,양파,1kg,2213
2025-08-12,광주,대파,1kg,4067
2025-08-12,광주,피망,100g,11100
2025-08-12,광주,파프리카,1개,1633
2025-08-12,광주,마늘,1kg,11383
2025-08-12,광주,브로콜리,1개,2245
2025-08-12,광주,사과,10개,31867
2025-08-12,광주,배,10개,38100
2025-08-13,광주,배추,1포기,7450
2025-08-13,광주,시금치,100g,25333
2025-08-13,광주,상추,100g,16967
2025-08-13,광주,얼갈이배추,1kg,4770
2025-08-13,광주,오이,10개,19900
2025-08-13,광주,호박,1개,1370
2025-08-13,광주,토마토,1kg,6553
2025-08-13,광주,무,1개,2827
2025-08-13,광주,당근,1kg,4000
2025-08-13,광주,열무,1kg,4035
2025-08-13,광주,양파,1kg,2213
2025-08-13,광주,대파,1kg,4067
2025-08-13,광주,피망,100g,11100
2025-08-13,광주,파프리카,1개,1637
2025-08-13,광주,마늘,1kg,11383
2025-08-13,광주,브로콜리,1개,2993
2025-08-13,광주,사과,10개,33367
2025-08-13,광주,배,10개,32650
2025-08-14,광주,배추,1포기,7700
2025-08-14,광주,시금치,100g,16200
2025-08-14,광주,상추,100g,16733
2025-08-14,광주,얼갈이배추,1kg,4380
2025-08-14,광주,오이,10개,19900
2025-08-14,광주,호박,1개,1270
2025-08-14,광주,토마토,1kg,6373
2025-08-14,광주,무,1개,2995
2025-08-14,광주,당근,1kg,3550
2025-08-14,광주,열무,1kg,3410
2025-08-14,광주,양파,1kg,2490
2025-08-14,광주,대파,1kg,3780
2025-08-14,광주,피망,100g,9283
2025-08-14,광주,파프리카,1개,1937
2025-08-14,광주,마늘,1kg,11367
2025-08-14,광주,브로콜리,1개,3160
2025-08-14,광주,사과,10개,34600
2025-08-14,광주,배,10개,32650
2025-08-18,광주,배추,1포기,7577
2025-08-18,광주,시금치,100g,25333
2025-08-18,광주,상추,100g,15167
2025-08-18,광주,얼갈이배추,1kg,4437
2025-08-18,광주,오이,10개,19900
2025-08-18,광주,호박,1개,1370
2025-08-18,광주,토마토,1kg,6540
2025-08-18,광주,무,1개,2993
2025-08-18,광주,당근,1kg,3550
2025-08-18,광주,열무,1kg,3575
2025-08-18,광주,양파,1kg,2547
2025-08-18,광주,대파,1kg,3780
2025-08-18,광주,피망,100g,9283
2025-08-18,광주,파프리카,1개,2170
2025-08-18,광주,마늘,1kg,11367
2025-08-18,광주,브로콜리,1개,3160
2025-08-18,광주,사과,10개,33300
2025-08-18,광주,배,10개,32650
2025-08-19,광주,배추,1포기,7367
2025-08-19,광주,시금치,100g,25333
2025-08-19,광주,상추,100g,15833
2025-08-19,광주,얼갈이배추,1kg,4547
2025-08-19,광주,오이,10개,19900
2025-08-19,광주,호박,1개,1370
2025-08-19,광주,토마토,1kg,6540
2025-08-19,광주,무,1개,2993
2025-08-19,광주,당근,1kg,3550
2025-08-19,광주,열무,1kg,3700
2025-08-19,광주,양파,1kg,2547
2025-08-19,광주,대파,1kg,3780
2025-08-19,광주,피망,100g,9283
2025-08-19,광주,파프리카,1개,2170
2025-08-19,광주,마늘,1kg,11367
2025-08-19,광주,브로콜리,1개,3160
2025-08-19,광주,사과,10개,33300
2025-08-19,광주,배,10개,32900
2025-08-20,광주,배추,1포기,7367
2025-08-20,광주,시금치,100g,25333
2025-08-20,광주,상추,100g,16500
2025-08-20,광주,얼갈이배추,1kg,4630
2025-08-20,광주,오이,10개,19900
2025-08-20,광주,호박,1개,1370
2025-08-20,광주,토마토,1kg,6540
2025-08-20,광주,무,1개,2993
2025-08-20,광주,당근,1kg,3550
2025-08-20,광주,열무,1kg,3745
2025-08-20,광주,양파,1kg,2547
2025-08-20,광주,대파,1kg,3780
2025-08-20,광주,피망,100g,9283
2025-08-20,광주,파프리카,1개,2193
2025-08-20,광주,마늘,1kg,11367
2025-08-20,광주,브로콜리,1개,3160
2025-08-20,광주,사과,10개,33300
2025-08-20,광주,배,10개,36150
2025-08-21,광주,배추,1포기,6700
2025-08-21,광주,시금치,100g,25500
2025-08-21,광주,상추,100g,17067
2025-08-21,광주,얼갈이배추,1kg,5047
2025-08-21,광주,오이,10개,19900
2025-08-21,광주,호박,1개,1770
2025-08-21,광주,토마토,1kg,7243
2025-08-21,광주,무,1개,2660
2025-08-21,광주,당근,1kg,3827
2025-08-21,광주,열무,1kg,4410
2025-08-21,광주,양파,1kg,2547
2025-08-21,광주,대파,1kg,3867
2025-08-21,광주,피망,100g,10450
2025-08-21,광주,파프리카,1개,2627
2025-08-21,광주,마늘,1kg,12033
2025-08-21,광주,브로콜리,1개,3327
2025-08-21,광주,사과,10개,33300
2025-08-21,광주,배,10개,33100
2025-08-22,광주,배추,1포기,6700
2025-08-22,광주,시금치,100g,25500
2025-08-22,광주,상추,100g,17167
2025-08-22,광주,얼갈이배추,1kg,5020
2025-08-22,광주,오이,10개,19900
2025-08-22,광주,호박,1개,1770
2025-08-22,광주,토마토,1kg,8560
2025-08-22,광주,무,1개,2660
2025-08-22,광주,당근,1kg,3687
2025-08-22,광주,열무,1kg,4410
2025-08-22,광주,양파,1kg,2547
2025-08-22,광주,대파,1kg,3867
2025-08-22,광주,피망,100g,10450
2025-08-22,광주,파프리카,1개,2647
2025-08-22,광주,마늘,1kg,12033
2025-08-22,광주,브로콜리,1개,2745
2025-08-22,광주,사과,10개,33300
2025-08-22,광주,배,10개,33100
2025-08-25,광주,배추,1포기,6700
2025-08-25,광주,시금치,100g,25500
2025-08-25,광주,상추,100g,16367
2025-08-25,광주,얼갈이배추,1kg,5020
2025-08-25,광주,오이,10개,19900
2025-08-25,광주,호박,1개,1770
2025-08-25,광주,토마토,1kg,8560
2025-08-25,광주,무,1개,2660
2025-08-25,광주,당근,1kg,3827
2025-08-25,광주,열무,1kg,4410
2025-08-25,광주,양파,1kg,2547
2025-08-25,광주,대파,1kg,3867
2025-08-25,광주,피망,100g,10280
2025-08-25,광주,파프리카,1개,2480
2025-08-25,광주,마늘,1kg,12033
2025-08-25,광주,브로콜리,1개,2745
2025-08-25,광주,사과,10개,33300
2025-08-25,광주,배,10개,33100
2025-08-26,광주,배추,1포기,6700
2025-08-26,광주,시금치,100g,25500
2025-08-26,광주,상추,100g,16367
2025-08-26,광주,얼갈이배추,1kg,5020
2025-08-26,광주,오이,10개,19900
2025-08-26,광주,호박,1개,1880
2025-08-26,광주,토마토,1kg,8560
2025-08-26,광주,무,1개,2770
2025-08-26,광주,당근,1kg,3827
2025-08-26,광주,열무,1kg,4075
2025-08-26,광주,양파,1kg,2547
2025-08-26,광주,대파,1kg,3867
2025-08-26,광주,피망,100g,10283
2025-08-26,광주,파프리카,1개,2593
2025-08-26,광주,마늘,1kg,12033
2025-08-26,광주,브로콜리,1개,2745
2025-08-26,광주,사과,10개,25000
2025-08-26,광주,배,10개,33100
2025-08-27,광주,배추,1포기,6700
2025-08-27,광주,시금치,100g,26167
2025-08-27,광주,상추,100g,16600
2025-08-27,광주,얼갈이배추,1kg,5047
2025-08-27,광주,오이,10개,19900
2025-08-27,광주,호박,1개,1993
2025-08-27,광주,토마토,1kg,8560
2025-08-27,광주,무,1개,2770
2025-08-27,광주,당근,1kg,3827
2025-08-27,광주,열무,1kg,3950
2025-08-27,광주,양파,1kg,2547
2025-08-27,광주,대파,1kg,3867
2025-08-27,광주,피망,100g,10283
2025-08-27,광주,파프리카,1개,2593
2025-08-27,광주,마늘,1kg,12033
2025-08-27,광주,브로콜리,1개,2995
2025-08-27,광주,사과,10개,25000
2025-08-27,광주,배,10개,33100
2025-08-28,광주,배추,1포기,6783
2025-08-28,광주,시금치,100g,26167
2025-08-28,광주,상추,100g,15800
2025-08-28,광주,얼갈이배추,1kg,5047
2025-08-28,광주,오이,10개,19900
2025-08-28,광주,호박,1개,1993
2025-08-28,광주,토마토,1kg,8893
2025-08-28,광주,무,1개,2437
2025-08-28,광주,당근,1kg,3883
2025-08-28,광주,열무,1kg,3950
2025-08-28,광주,양파,1kg,2657
2025-08-28,광주,대파,1kg,3590
2025-08-28,광주,피망,100g,12433
2025-08-28,광주,파프리카,1개,2427
2025-08-28,광주,마늘,1kg,14033
2025-08-28,광주,브로콜리,1개,3245
2025-08-28,광주,사과,10개,25000
2025-08-28,광주,배,10개,34100
2025-08-29,광주,배추,1포기,6783
2025-08-29,광주,시금치,100g,26167
2025-08-29,광주,상추,100g,15800
2025-08-29,광주,얼갈이배추,1kg,5047
2025-08-29,광주,오이,10개,19900
2025-08-29,광주,호박,1개,1993
2025-08-29,광주,토마토,1kg,8893
2025-08-29,광주,무,1개,2437
2025-08-29,광주,당근,1kg,3380
2025-08-29,광주,열무,1kg,4035
2025-08-29,광주,양파,1kg,2657
2025-08-29,광주,대파,1kg,3590
2025-08-29,광주,피망,100g,12433
2025-08-29,광주,파프리카,1개,2427
2025-08-29,광주,마늘,1kg,14033
2025-08-29,광주,브로콜리,1개,3245
2025-08-29,광주,사과,10개,25000
2025-08-29,광주,배,10개,34100
2025-09-01,광주,배추,1포기,6783
2025-09-01,광주,시금치,100g,26167
2025-09-01,광주,상추,100g,15367
2025-09-01,광주,얼갈이배추,1kg,5047
2025-09-01,광주,오이,10개,19900
2025-09-01,광주,호박,1개,2160
2025-09-01,광주,토마토,1kg,8893
2025-09-01,광주,무,1개,2437
2025-09-01,광주,당근,1kg,3603
2025-09-01,광주,열무,1kg,4035
2025-09-01,광주,양파,1kg,2657
2025-09-01,광주,대파,1kg,3590
2025-09-01,광주,피망,100g,12433
2025-09-01,광주,파프리카,1개,2427
2025-09-01,광주,마늘,1kg,14033
2025-09-01,광주,브로콜리,1개,3245
2025-09-01,광주,사과,10개,25000
2025-09-01,광주,배,10개,33833
2025-09-02,광주,배추,1포기,6660
2025-09-02,광주,시금치,100g,25967
2025-09-02,광주,상추,100g,16167
2025-09-02,광주,얼갈이배추,1kg,5047
2025-09-02,광주,오이,10개,19900
2025-09-02,광주,호박,1개,2160
2025-09-02,광주,토마토,1kg,8893
2025-09-02,광주,무,1개,2437
2025-09-02,광주,당근,1kg,3603
2025-09-02,광주,열무,1kg,4035
2025-09-02,광주,양파,1kg,2657
2025-09-02,광주,대파,1kg,3590
2025-09-02,광주,피망,100g,12433
2025-09-02,광주,파프리카,1개,2427
2025-09-02,광주,마늘,1kg,14033
2025-09-02,광주,브로콜리,1개,3245
2025-09-02,광주,사과,10개,18500
2025-09-02,광주,배,10개,33833
2025-09-03,광주,배추,1포기,6797
2025-09-03,광주,시금치,100g,25967
2025-09-03,광주,상추,100g,16367
2025-09-03,광주,얼갈이배추,1kg,5047
2025-09-03,광주,오이,10개,19900
2025-09-03,광주,호박,1개,2103
2025-09-03,광주,토마토,1kg,8603
2025-09-03,광주,무,1개,2437
2025-09-03,광주,당근,1kg,3603
2025-09-03,광주,열무,1kg,3910
2025-09-03,광주,양파,1kg,2657
2025-09-03,광주,대파,1kg,3590
2025-09-03,광주,피망,100g,12433
2025-09-03,광주,파프리카,1개,2427
2025-09-03,광주,마늘,1kg,14033
2025-09-03,광주,브로콜리,1개,3245
2025-09-03,광주,사과,10개,18500
2025-09-03,광주,배,10개,33833
2025-09-04,광주,배추,1포기,6797
2025-09-04,광주,시금치,100g,26833
2025-09-04,광주,상추,100g,15267
2025-09-04,광주,얼갈이배추,1kg,4380
2025-09-04,광주,오이,10개,13300
2025-09-04,광주,호박,1개,1703
2025-09-04,광주,토마토,1kg,8270
2025-09-04,광주,무,1개,2160
2025-09-04,광주,당근,1kg,3770
2025-09-04,광주,열무,1kg,3450
2025-09-04,광주,양파,1kg,2600
2025-09-04,광주,대파,1kg,2770
2025-09-04,광주,피망,100g,12433
2025-09-04,광주,파프리카,1개,1760
2025-09-04,광주,마늘,1kg,11117
2025-09-04,광주,브로콜리,1개,3493
2025-09-04,광주,사과,10개,18500
2025-09-04,광주,배,10개,32167
2025-09-05,광주,배추,1포기,6797
2025-09-05,광주,시금치,100g,26833
2025-09-05,광주,상추,100g,15167
2025-09-05,광주,얼갈이배추,1kg,4380
2025-09-05,광주,오이,10개,13300
2025-09-05,광주,호박,1개,1703
2025-09-05,광주,토마토,1kg,8270
2025-09-05,광주,무,1개,2160
2025-09-05,광주,당근,1kg,3770
2025-09-05,광주,열무,1kg,3450
2025-09-05,광주,양파,1kg,2563
2025-09-05,광주,대파,1kg,2770
2025-09-05,광주,피망,100g,12433
2025-09-05,광주,파프리카,1개,1760
2025-09-05,광주,마늘,1kg,11117
2025-09-05,광주,브로콜리,1개,3493
2025-09-05,광주,사과,10개,35400
2025-09-05,광주,배,10개,32167
2025-09-08,광주,배추,1포기,6797
2025-09-08,광주,시금치,100g,26833
2025-09-08,광주,상추,100g,15267
2025-09-08,광주,얼갈이배추,1kg,4353
2025-09-08,광주,오이,10개,13300
2025-09-08,광주,호박,1개,1770
2025-09-08,광주,토마토,1kg,8187
2025-09-08,광주,무,1개,2495
2025-09-08,광주,당근,1kg,4060
2025-09-08,광주,열무,1kg,3450
2025-09-08,광주,양파,1kg,2990
2025-09-08,광주,대파,1kg,3213
2025-09-08,광주,피망,100g,12433
2025-09-08,광주,파프리카,1개,1803
2025-09-08,광주,마늘,1kg,12200
2025-09-08,광주,브로콜리,1개,3493
2025-09-08,광주,사과,10개,31600
2025-09-08,광주,배,10개,32167
2025-09-09,광주,배추,1포기,7130
2025-09-09,광주,시금치,100g,28933
2025-09-09,광주,상추,100g,15267
2025-09-09,광주,얼갈이배추,1kg,4353
2025-09-09,광주,오이,10개,13300
2025-09-09,광주,호박,1개,1770
2025-09-09,광주,토마토,1kg,8187
2025-09-09,광주,무,1개,2495
2025-09-09,광주,당근,1kg,4060
2025-09-09,광주,열무,1kg,3370
2025-09-09,광주,양파,1kg,2990
2025-09-09,광주,대파,1kg,3213
2025-09-09,광주,피망,100g,12433
2025-09-09,광주,파프리카,1개,1780
2025-09-09,광주,마늘,1kg,12200
2025-09-09,광주,브로콜리,1개,3493
2025-09-09,광주,사과,10개,31600
2025-09-09,광주,배,10개,32167
2025-09-10,광주,배추,1포기,6993
2025-09-10,광주,시금치,100g,29767
2025-09-10,광주,상추,100g,15267
2025-09-10,광주,얼갈이배추,1kg,4297
2025-09-10,광주,오이,10개,13300
2025-09-10,광주,호박,1개,1770
2025-09-10,광주,토마토,1kg,8103
2025-09-10,광주,무,1개,2495
2025-09-10,광주,당근,1kg,4060
2025-09-10,광주,열무,1kg,3285
2025-09-10,광주,양파,1kg,2990
2025-09-10,광주,대파,1kg,3580
2025-09-10,광주,피망,100g,12433
2025-09-10,광주,파프리카,1개,1780
2025-09-10,광주,마늘,1kg,12200
2025-09-10,광주,브로콜리,1개,3493
2025-09-10,광주,사과,10개,31600
2025-09-10,광주,배,10개,32167
2025-09-11,광주,배추,1포기,6853
2025-09-11,광주,시금치,100g,30433
2025-09-11,광주,상추,100g,16733
2025-09-11,광주,얼갈이배추,1kg,3963
2025-09-11,광주,오이,10개,16600
2025-09-11,광주,호박,1개,1580
2025-09-11,광주,토마토,1kg,7133
2025-09-11,광주,무,1개,2327
2025-09-11,광주,당근,1kg,4250
2025-09-11,광주,열무,1kg,2785
2025-09-11,광주,양파,1kg,1917
2025-09-11,광주,대파,1kg,3547
2025-09-11,광주,피망,100g,12433
2025-09-11,광주,파프리카,1개,1847
2025-09-11,광주,마늘,1kg,11767
2025-09-11,광주,브로콜리,1개,3660
2025-09-11,광주,사과,10개,27033
2025-09-11,광주,배,10개,29500
2025-09-12,광주,배추,1포기,6770
2025-09-12,광주,시금치,100g,31267
2025-09-12,광주,상추,100g,16733
2025-09-12,광주,얼갈이배추,1kg,3937
2025-09-12,광주,오이,10개,16600
2025-09-12,광주,호박,1개,1513
2025-09-12,광주,토마토,1kg,7133
2025-09-12,광주,무,1개,2293
2025-09-12,광주,당근,1kg,4250
2025-09-12,광주,열무,1kg,2785
2025-09-12,광주,양파,1kg,2230
2025-09-12,광주,대파,1kg,3490
2025-09-12,광주,피망,100g,12433
2025-09-12,광주,파프리카,1개,1847
2025-09-12,광주,마늘,1kg,11767
2025-09-12,광주,브로콜리,1개,3660
2025-09-12,광주,사과,10개,27033
2025-09-12,광주,배,10개,29500
2025-09-15,광주,배추,1포기,6230
2025-09-15,광주,시금치,100g,31267
2025-09-15,광주,상추,100g,15467
2025-09-15,광주,얼갈이배추,1kg,3880
2025-09-15,광주,오이,10개,16600
2025-09-15,광주,호박,1개,1580
2025-09-15,광주,토마토,1kg,7133
2025-09-15,광주,무,1개,2295
2025-09-15,광주,당근,1kg,4250
2025-09-15,광주,열무,1kg,2785
2025-09-15,광주,양파,1kg,2497
2025-09-15,광주,대파,1kg,3490
2025-09-15,광주,피망,100g,12433
2025-09-15,광주,파프리카,1개,1847
2025-09-15,광주,마늘,1kg,10867
2025-09-15,광주,브로콜리,1개,3660
2025-09-15,광주,사과,10개,27033
2025-09-15,광주,배,10개,31600
2025-09-16,광주,배추,1포기,6230
2025-09-16,광주,시금치,100g,31267
2025-09-16,광주,상추,100g,16267
2025-09-16,광주,얼갈이배추,1kg,3880
2025-09-16,광주,오이,10개,16600
2025-09-16,광주,호박,1개,1580
2025-09-16,광주,토마토,1kg,7257
2025-09-16,광주,무,1개,2193
2025-09-16,광주,당근,1kg,4250
2025-09-16,광주,열무,1kg,2785
2025-09-16,광주,양파,1kg,2583
2025-09-16,광주,대파,1kg,3490
2025-09-16,광주,피망,100g,12433
2025-09-16,광주,파프리카,1개,1847
2025-09-16,광주,마늘,1kg,10867
2025-09-16,광주,브로콜리,1개,3660
2025-09-16,광주,사과,10개,26600
2025-09-16,광주,배,10개,31600
2025-09-17,광주,배추,1포기,6230
2025-09-17,광주,시금치,100g,31267
2025-09-17,광주,상추,100g,16600
2025-09-17,광주,얼갈이배추,1kg,3910
2025-09-17,광주,오이,10개,16600
2025-09-17,광주,호박,1개,1580
2025-09-17,광주,토마토,1kg,7257
2025-09-17,광주,무,1개,2137
2025-09-17,광주,당근,1kg,4250
2025-09-17,광주,열무,1kg,2785
2025-09-17,광주,양파,1kg,2583
2025-09-17,광주,대파,1kg,3490
2025-09-17,광주,피망,100g,12433
2025-09-17,광주,파프리카,1개,1847
2025-09-17,광주,마늘,1kg,10220
2025-09-17,광주,브로콜리,1개,3660
2025-09-17,광주,사과,10개,24950
2025-09-17,광주,배,10개,31600
2025-09-18,광주,배추,1포기,6703
2025-09-18,광주,시금치,100g,29167
2025-09-18,광주,상추,100g,19067
2025-09-18,광주,얼갈이배추,1kg,4427
2025-09-18,광주,오이,10개,16600
2025-09-18,광주,호박,1개,1770
2025-09-18,광주,토마토,1kg,8703
2025-09-18,광주,무,1개,2137
2025-09-18,광주,당근,1kg,3323
2025-09-18,광주,열무,1kg,3520
2025-09-18,광주,양파,1kg,2397
2025-09-18,광주,대파,1kg,3490
2025-09-18,광주,피망,100g,14100
2025-09-18,광주,파프리카,1개,1980
2025-09-18,광주,마늘,1kg,9750
2025-09-18,광주,브로콜리,1개,3577
2025-09-18,광주,사과,10개,26000
2025-09-18,광주,배,10개,29367
2025-09-19,광주,배추,1포기,6480
2025-09-19,광주,시금치,100g,29167
2025-09-19,광주,상추,100g,19067
2025-09-19,광주,얼갈이배추,1kg,4427
2025-09-19,광주,오이,10개,16600
2025-09-19,광주,호박,1개,1770
2025-09-19,광주,토마토,1kg,8703
2025-09-19,광주,무,1개,2137
2025-09-19,광주,당근,1kg,3323
2025-09-19,광주,열무,1kg,3520
2025-09-19,광주,양파,1kg,2397
2025-09-19,광주,대파,1kg,3603
2025-09-19,광주,피망,100g,14100
2025-09-19,광주,파프리카,1개,1980
2025-09-19,광주,마늘,1kg,9750
2025-09-19,광주,브로콜리,1개,3577
2025-09-19,광주,사과,10개,26000
2025-09-19,광주,배,10개,29367
2025-09-22,광주,배추,1포기,5703
2025-09-22,광주,시금치,100g,28333
2025-09-22,광주,상추,100g,19067
2025-09-22,광주,얼갈이배추,1kg,4453
2025-09-22,광주,오이,10개,16600
2025-09-22,광주,호박,1개,1637
2025-09-22,광주,토마토,1kg,8703
2025-09-22,광주,무,1개,1890
2025-09-22,광주,당근,1kg,3490
2025-09-22,광주,열무,1kg,3520
2025-09-22,광주,양파,1kg,2213
2025-09-22,광주,대파,1kg,3603
2025-09-22,광주,피망,100g,14100
2025-09-22,광주,파프리카,1개,1980
2025-09-22,광주,마늘,1kg,9590
2025-09-22,광주,브로콜리,1개,3577
2025-09-22,광주,사과,10개,26000
2025-09-22,광주,배,10개,29367
2025-09-23,광주,배추,1포기,5810
2025-09-23,광주,시금치,100g,27700
2025-09-23,광주,상추,100g,19067
2025-09-23,광주,얼갈이배추,1kg,4397
2025-09-23,광주,오이,10개,16600
2025-09-23,광주,호박,1개,1637
2025-09-23,광주,토마토,1kg,8703
2025-09-23,광주,무,1개,2210
2025-09-23,광주,당근,1kg,3490
2025-09-23,광주,열무,1kg,3520
2025-09-23,광주,양파,1kg,2213
2025-09-23,광주,대파,1kg,3603
2025-09-23,광주,피망,100g,14100
2025-09-23,광주,파프리카,1개,1980
2025-09-23,광주,마늘,1kg,9590
2025-09-23,광주,브로콜리,1개,3577
2025-09-23,광주,사과,10개,26000
2025-09-23,광주,배,10개,29367
2025-09-24,광주,배추,1포기,5810
2025-09-24,광주,시금치,100g,27700
2025-09-24,광주,상추,100g,19067
2025-09-24,광주,얼갈이배추,1kg,4397
2025-09-24,광주,오이,10개,16600
2025-09-24,광주,호박,1개,1637
2025-09-24,광주,토마토,1kg,8703
2025-09-24,광주,무,1개,2210
2025-09-24,광주,당근,1kg,3490
2025-09-24,광주,열무,1kg,3520
2025-09-24,광주,양파,1kg,2213
2025-09-24,광주,대파,1kg,3603
2025-09-24,광주,피망,100g,14100
2025-09-24,광주,파프리카,1개,1980
2025-09-24,광주,마늘,1kg,9590
2025-09-24,광주,브로콜리,1개,3577
2025-09-24,광주,사과,10개,26000
2025-09-24,광주,배,10개,31033
2025-09-25,광주,배추,1포기,5977
2025-09-25,광주,시금치,100g,17300
2025-09-25,광주,상추,100g,19300
2025-09-25,광주,얼갈이배추,1kg,4630
2025-09-25,광주,오이,10개,16600
2025-09-25,광주,호박,1개,1637
2025-09-25,광주,토마토,1kg,10243
2025-09-25,광주,무,1개,2210
2025-09-25,광주,당근,1kg,3407
2025-09-25,광주,열무,1kg,3870
2025-09-25,광주,양파,1kg,1883
2025-09-25,광주,대파,1kg,3603
2025-09-25,광주,피망,100g,15767
2025-09-25,광주,파프리카,1개,1980
2025-09-25,광주,마늘,1kg,8943
2025-09-25,광주,브로콜리,1개,3120
2025-09-25,광주,사과,10개,25433
2025-09-25,광주,배,10개,28300
2025-09-26,광주,배추,1포기,6080
2025-09-26,광주,시금치,100g,18367
2025-09-26,광주,상추,100g,19300
2025-09-26,광주,얼갈이배추,1kg,4630
2025-09-26,광주,오이,10개,16600
2025-09-26,광주,호박,1개,1693
2025-09-26,광주,토마토,1kg,10243
2025-09-26,광주,무,1개,2210
2025-09-26,광주,당근,1kg,3407
2025-09-26,광주,열무,1kg,3870
2025-09-26,광주,양파,1kg,1883
2025-09-26,광주,대파,1kg,3603
2025-09-26,광주,피망,100g,15767
2025-09-26,광주,파프리카,1개,1980
2025-09-26,광주,마늘,1kg,8943
2025-09-26,광주,브로콜리,1개,3120
2025-09-26,광주,사과,10개,25433
2025-09-26,광주,배,10개,28300
2025-09-29,광주,배추,1포기,6460
2025-09-29,광주,시금치,100g,16767
2025-09-29,광주,상추,100g,19300
2025-09-29,광주,얼갈이배추,1kg,4577
2025-09-29,광주,오이,10개,16600
2025-09-29,광주,호박,1개,1793
2025-09-29,광주,토마토,1kg,10243
2025-09-29,광주,무,1개,2160
2025-09-29,광주,당근,1kg,3437
2025-09-29,광주,열무,1kg,3910
2025-09-29,광주,양파,1kg,2213
2025-09-29,광주,대파,1kg,3603
2025-09-29,광주,피망,100g,15767
2025-09-29,광주,파프리카,1개,1980
2025-09-29,광주,마늘,1kg,8943
2025-09-29,광주,브로콜리,1개,3577
2025-09-29,광주,사과,10개,28867
2025-09-29,광주,배,10개,31733
2025-09-30,광주,배추,1포기,6427
2025-09-30,광주,시금치,100g,18300
2025-09-30,광주,상추,100g,22300
2025-09-30,광주,얼갈이배추,1kg,4577
2025-09-30,광주,오이,10개,16600
2025-09-30,광주,호박,1개,1793
2025-09-30,광주,토마토,1kg,10243
2025-09-30,광주,무,1개,2160
2025-09-30,광주,당근,1kg,3993
2025-09-30,광주,열무,1kg,3910
2025-09-30,광주,양파,1kg,2213
2025-09-30,광주,대파,1kg,3603
2025-09-30,광주,피망,100g,15767
2025-09-30,광주,파프리카,1개,2147
2025-09-30,광주,마늘,1kg,9590
2025-09-30,광주,브로콜리,1개,3577
2025-09-30,광주,사과,10개,28867
2025-09-30,광주,배,10개,31733
2025-10-01,광주,배추,1포기,6527
2025-10-01,광주,시금치,100g,18300
2025-10-01,광주,상추,100g,22300
2025-10-01,광주,얼갈이배추,1kg,4577
2025-10-01,광주,오이,10개,16600
2025-10-01,광주,호박,1개,1793
2025-10-01,광주,토마토,1kg,9893
2025-10-01,광주,무,1개,2245
2025-10-01,광주,당근,1kg,4167
2025-10-01,광주,열무,1kg,3910
2025-10-01,광주,양파,1kg,2213
2025-10-01,광주,대파,1kg,3603
2025-10-01,광주,피망,100g,15767
2025-10-01,광주,파프리카,1개,2147
2025-10-01,광주,마늘,1kg,9590
2025-10-01,광주,브로콜리,1개,3577
2025-10-01,광주,사과,10개,28867
2025-10-01,광주,배,10개,31733
2025-10-02,광주,배추,1포기,6527
2025-10-02,광주,시금치,100g,18300
2025-10-02,광주,상추,100g,21533
2025-10-02,광주,얼갈이배추,1kg,4577
2025-10-02,광주,오이,10개,16600
2025-10-02,광주,호박,1개,1793
2025-10-02,광주,토마토,1kg,8893
2025-10-02,광주,무,1개,2245
2025-10-02,광주,당근,1kg,4167
2025-10-02,광주,열무,1kg,3910
2025-10-02,광주,양파,1kg,2213
2025-10-02,광주,대파,1kg,3603
2025-10-02,광주,피망,100g,15767
2025-10-02,광주,파프리카,1개,2270
2025-10-02,광주,마늘,1kg,9590
2025-10-02,광주,브로콜리,1개,3410
2025-10-02,광주,사과,10개,29267
2025-10-02,광주,배,10개,32433
2025-10-10,광주,배추,1포기,7033
2025-10-10,광주,시금치,100g,29650
2025-10-10,광주,상추,100g,20400
2025-10-10,광주,얼갈이배추,1kg,4577
2025-10-10,광주,오이,10개,16600
2025-10-10,광주,호박,1개,2070
2025-10-10,광주,토마토,1kg,7757
2025-10-10,광주,무,1개,2427
2025-10-10,광주,당근,1kg,3887
2025-10-10,광주,열무,1kg,3910
2025-10-10,광주,양파,1kg,2073
2025-10-10,광주,대파,1kg,3713
2025-10-10,광주,피망,100g,15767
2025-10-10,광주,파프리카,1개,2070
2025-10-10,광주,마늘,1kg,10650
2025-10-10,광주,브로콜리,1개,3120
2025-10-10,광주,사과,10개,30033
2025-10-10,광주,배,10개,36850
2025-10-13,광주,배추,1포기,6993
2025-10-13,광주,시금치,100g,24133
2025-10-13,광주,상추,100g,19833
2025-10-13,광주,얼갈이배추,1kg,4603
2025-10-13,광주,오이,10개,16600
2025-10-13,광주,호박,1개,1960
2025-10-13,광주,토마토,1kg,7757
2025-10-13,광주,무,1개,2427
2025-10-13,광주,당근,1kg,3773
2025-10-13,광주,열무,1kg,3910
2025-10-13,광주,양파,1kg,2270
2025-10-13,광주,대파,1kg,3780
2025-10-13,광주,피망,100g,15767
2025-10-13,광주,파프리카,1개,2070
2025-10-13,광주,마늘,1kg,11110
2025-10-13,광주,브로콜리,1개,3120
2025-10-13,광주,배,10개,36850
2025-10-14,광주,배추,1포기,6993
2025-10-14,광주,시금치,100g,22033
2025-10-14,광주,상추,100g,19833
2025-10-14,광주,얼갈이배추,1kg,4603
2025-10-14,광주,오이,10개,16600
2025-10-14,광주,호박,1개,1960
2025-10-14,광주,토마토,1kg,7757
2025-10-14,광주,무,1개,2427
2025-10-14,광주,당근,1kg,4223
2025-10-14,광주,열무,1kg,4075
2025-10-14,광주,양파,1kg,2437
2025-10-14,광주,대파,1kg,3780
2025-10-14,광주,피망,100g,15767
2025-10-14,광주,파프리카,1개,2070
2025-10-14,광주,마늘,1kg,11110
2025-10-14,광주,브로콜리,1개,3120
2025-10-14,광주,사과,10개,33100
2025-10-14,광주,배,10개,36850
2025-10-15,광주,배추,1포기,6567
2025-10-15,광주,시금치,100g,22033
2025-10-15,광주,상추,100g,19833
2025-10-15,광주,얼갈이배추,1kg,4603
2025-10-15,광주,오이,10개,16600
2025-10-15,광주,호박,1개,1960
2025-10-15,광주,토마토,1kg,7757
2025-10-15,광주,무,1개,2427
2025-10-15,광주,당근,1kg,4223
2025-10-15,광주,열무,1kg,4075
2025-10-15,광주,양파,1kg,2807
2025-10-15,광주,대파,1kg,3780
2025-10-15,광주,피망,100g,15767
2025-10-15,광주,파프리카,1개,2070
2025-10-15,광주,마늘,1kg,11110
2025-10-15,광주,브로콜리,1개,3327
2025-10-15,광주,사과,10개,33100
2025-10-15,광주,배,10개,36850
2025-10-16,광주,배추,1포기,6067
2025-10-16,광주,시금치,100g,13007
2025-10-16,광주,상추,100g,12950
2025-10-16,광주,얼갈이배추,1kg,4297
2025-10-16,광주,오이,10개,16600
2025-10-16,광주,호박,1개,1593
2025-10-16,광주,토마토,1kg,7403
2025-10-16,광주,무,1개,2645
2025-10-16,광주,당근,1kg,4217
2025-10-16,광주,열무,1kg,4075
2025-10-16,광주,양파,1kg,2807
2025-10-16,광주,대파,1kg,4097
2025-10-16,광주,피망,100g,15100
2025-10-16,광주,파프리카,1개,2033
2025-10-16,광주,마늘,1kg,11367
2025-10-16,광주,브로콜리,1개,3493
2025-10-16,광주,사과,10개,38300
2025-10-16,광주,배,10개,30100
2025-10-17,광주,배추,1포기,6067
2025-10-17,광주,시금치,100g,13007
2025-10-17,광주,상추,100g,11617
2025-10-17,광주,얼갈이배추,1kg,4297
2025-10-17,광주,오이,10개,16600
2025-10-17,광주,호박,1개,1593
2025-10-17,광주,토마토,1kg,7403
2025-10-17,광주,무,1개,2427
2025-10-17,광주,당근,1kg,4217
2025-10-17,광주,열무,1kg,4075
2025-10-17,광주,양파,1kg,2807
2025-10-17,광주,대파,1kg,3847
2025-10-17,광주,피망,100g,15100
2025-10-17,광주,파프리카,1개,2033
2025-10-17,광주,마늘,1kg,10727
2025-10-17,광주,브로콜리,1개,3493
2025-10-17,광주,사과,10개,31100
2025-10-17,광주,배,10개,30100
2025-10-20,광주,배추,1포기,5923
2025-10-20,광주,시금치,100g,12807
2025-10-20,광주,상추,100g,16300
2025-10-20,광주,얼갈이배추,1kg,4297
2025-10-20,광주,오이,10개,16600
2025-10-20,광주,호박,1개,1880
2025-10-20,광주,토마토,1kg,7403
2025-10-20,광주,무,1개,2427
2025-10-20,광주,당근,1kg,4217
2025-10-20,광주,열무,1kg,3995
2025-10-20,광주,양파,1kg,2807
2025-10-20,광주,대파,1kg,4043
2025-10-20,광주,피망,100g,15100
2025-10-20,광주,파프리카,1개,2160
2025-10-20,광주,마늘,1kg,11367
2025-10-20,광주,브로콜리,1개,3493
2025-10-20,광주,사과,10개,30950
2025-10-20,광주,배,10개,30100
2025-10-21,광주,배추,1포기,5817
2025-10-21,광주,시금치,100g,12807
2025-10-21,광주,상추,100g,18067
2025-10-21,광주,얼갈이배추,1kg,4297
2025-10-21,광주,오이,10개,16600
2025-10-21,광주,호박,1개,1880
2025-10-21,광주,토마토,1kg,7403
2025-10-21,광주,무,1개,2427
2025-10-21,광주,당근,1kg,4217
2025-10-21,광주,열무,1kg,3950
2025-10-21,광주,양파,1kg,2807
2025-10-21,광주,대파,1kg,4043
2025-10-21,광주,피망,100g,15100
2025-10-21,광주,파프리카,1개,2160
2025-10-21,광주,마늘,1kg,11367
2025-10-21,광주,브로콜리,1개,3493
2025-10-21,광주,사과,10개,32600
2025-10-21,광주,배,10개,29633
2025-10-22,광주,배추,1포기,5817
2025-10-22,광주,시금치,100g,12507
2025-10-22,광주,상추,100g,18067
2025-10-22,광주,얼갈이배추,1kg,4297
2025-10-22,광주,오이,10개,16600
2025-10-22,광주,호박,1개,1880
2025-10-22,광주,토마토,1kg,7403
2025-10-22,광주,무,1개,2427
2025-10-22,광주,당근,1kg,4217
2025-10-22,광주,열무,1kg,3870
2025-10-22,광주,양파,1kg,2807
2025-10-22,광주,대파,1kg,3987
2025-10-22,광주,피망,100g,15100
2025-10-22,광주,파프리카,1개,2160
2025-10-22,광주,마늘,1kg,11367
2025-10-22,광주,브로콜리,1개,3493
2025-10-22,광주,사과,10개,32600
2025-10-22,광주,배,10개,29633
2025-10-23,광주,배추,1포기,6110
2025-10-23,광주,시금치,100g,11690
2025-10-23,광주,상추,100g,14500
2025-10-23,광주,얼갈이배추,1kg,3963
2025-10-23,광주,오이,10개,18300
2025-10-23,광주,호박,1개,2037
2025-10-23,광주,토마토,1kg,9060
2025-10-23,광주,무,1개,2560
2025-10-23,광주,당근,1kg,3490
2025-10-23,광주,열무,1kg,3370
2025-10-23,광주,양파,1kg,2230
2025-10-23,광주,대파,1kg,3913
2025-10-23,광주,피망,100g,17433
2025-10-23,광주,파프리카,1개,2160
2025-10-23,광주,마늘,1kg,11767
2025-10-23,광주,브로콜리,1개,2995
2025-10-23,광주,사과,10개,27700
2025-10-23,광주,배,10개,35433
2025-10-24,광주,배추,1포기,6110
2025-10-24,광주,시금치,100g,11690
2025-10-24,광주,상추,100g,13700
2025-10-24,광주,얼갈이배추,1kg,3963
2025-10-24,광주,오이,10개,18300
2025-10-24,광주,호박,1개,2037
2025-10-24,광주,토마토,1kg,9060
2025-10-24,광주,무,1개,2560
2025-10-24,광주,당근,1kg,3490
2025-10-24,광주,열무,1kg,3370
2025-10-24,광주,양파,1kg,2137
2025-10-24,광주,대파,1kg,3667
2025-10-24,광주,피망,100g,17433
2025-10-24,광주,파프리카,1개,2160
2025-10-24,광주,마늘,1kg,11127
2025-10-24,광주,브로콜리,1개,2995
2025-10-24,광주,사과,10개,27700
2025-10-24,광주,배,10개,35433
2025-10-27,광주,배추,1포기,6110
2025-10-27,광주,시금치,100g,12507
2025-10-27,광주,상추,100g,14967
2025-10-27,광주,얼갈이배추,1kg,3963
2025-10-27,광주,오이,10개,18300
2025-10-27,광주,호박,1개,2037
2025-10-27,광주,토마토,1kg,9060
2025-10-27,광주,무,1개,2560
2025-10-27,광주,당근,1kg,3490
2025-10-27,광주,열무,1kg,3410
2025-10-27,광주,양파,1kg,2497
2025-10-27,광주,대파,1kg,3860
2025-10-27,광주,피망,100g,17433
2025-10-27,광주,파프리카,1개,2160
2025-10-27,광주,마늘,1kg,11767
2025-10-27,광주,브로콜리,1개,2995
2025-10-27,광주,사과,10개,27700
2025-10-27,광주,배,10개,35433
2025-07-30,대전,배추,1포기,4693
2025-07-30,대전,시금치,100g,26367
2025-07-30,대전,상추,100g,12887
2025-07-30,대전,얼갈이배추,1kg,5077
2025-07-30,대전,오이,10개,16600
2025-07-30,대전,호박,1개,1324
2025-07-30,대전,토마토,1kg,5873
2025-07-30,대전,무,1개,2620
2025-07-30,대전,당근,1kg,2477
2025-07-30,대전,열무,1kg,5070
2025-07-30,대전,양파,1kg,2170
2025-07-30,대전,대파,1kg,3247
2025-07-30,대전,피망,100g,16150
2025-07-30,대전,파프리카,1개,994
2025-07-30,대전,마늘,1kg,11567
2025-07-30,대전,브로콜리,1개,2547
2025-07-30,대전,사과,10개,25433
2025-07-30,대전,배,10개,46200
2025-07-31,대전,배추,1포기,5493
2025-07-31,대전,시금치,100g,21033
2025-07-31,대전,상추,100g,15200
2025-07-31,대전,얼갈이배추,1kg,5187
2025-07-31,대전,오이,10개,16600
2025-07-31,대전,호박,1개,1313
2025-07-31,대전,토마토,1kg,7427
2025-07-31,대전,무,1개,2620
2025-07-31,대전,당근,1kg,2617
2025-07-31,대전,열무,1kg,5070
2025-07-31,대전,양파,1kg,2077
2025-07-31,대전,대파,1kg,3267
2025-07-31,대전,피망,100g,14900
2025-07-31,대전,파프리카,1개,1260
2025-07-31,대전,마늘,1kg,12233
2025-07-31,대전,브로콜리,1개,2547
2025-07-31,대전,사과,10개,28133
2025-07-31,대전,배,10개,46200
2025-08-01,대전,배추,1포기,5493
2025-08-01,대전,시금치,100g,21033
2025-08-01,대전,상추,100g,15200
2025-08-01,대전,얼갈이배추,1kg,5187
2025-08-01,대전,오이,10개,16600
2025-08-01,대전,호박,1개,1313
2025-08-01,대전,토마토,1kg,8260
2025-08-01,대전,무,1개,2620
2025-08-01,대전,당근,1kg,2617
2025-08-01,대전,열무,1kg,5003
2025-08-01,대전,양파,1kg,2077
2025-08-01,대전,대파,1kg,3267
2025-08-01,대전,피망,100g,14900
2025-08-01,대전,파프리카,1개,1260
2025-08-01,대전,마늘,1kg,12233
2025-08-01,대전,브로콜리,1개,2547
2025-08-01,대전,사과,10개,28133
2025-08-01,대전,배,10개,46200
2025-08-04,대전,배추,1포기,6160
2025-08-04,대전,시금치,100g,21300
2025-08-04,대전,상추,100g,15200
2025-08-04,대전,얼갈이배추,1kg,4937
2025-08-04,대전,오이,10개,16600
2025-08-04,대전,호박,1개,1313
2025-08-04,대전,토마토,1kg,8260
2025-08-04,대전,무,1개,2770
2025-08-04,대전,당근,1kg,2617
2025-08-04,대전,열무,1kg,4910
2025-08-04,대전,양파,1kg,2103
2025-08-04,대전,대파,1kg,3417
2025-08-04,대전,피망,100g,14900
2025-08-04,대전,파프리카,1개,1260
2025-08-04,대전,마늘,1kg,12233
2025-08-04,대전,브로콜리,1개,2660
2025-08-04,대전,사과,10개,28133
2025-08-04,대전,배,10개,53300
2025-08-05,대전,배추,1포기,6493
2025-08-05,대전,시금치,100g,21300
2025-08-05,대전,상추,100g,15700
2025-08-05,대전,얼갈이배추,1kg,5213
2025-08-05,대전,오이,10개,16600
2025-08-05,대전,호박,1개,1313
2025-08-05,대전,토마토,1kg,8230
2025-08-05,대전,무,1개,2770
2025-08-05,대전,당근,1kg,2617
2025-08-05,대전,열무,1kg,5243
2025-08-05,대전,양파,1kg,2103
2025-08-05,대전,대파,1kg,3417
2025-08-05,대전,피망,100g,14900
2025-08-05,대전,파프리카,1개,1260
2025-08-05,대전,마늘,1kg,12233
2025-08-05,대전,브로콜리,1개,2770
2025-08-05,대전,사과,10개,28133
2025-08-05,대전,배,10개,34950
2025-08-06,대전,배추,1포기,6243
2025-08-06,대전,시금치,100g,22700
2025-08-06,대전,상추,100g,15700
2025-08-06,대전,얼갈이배추,1kg,5213
2025-08-06,대전,오이,10개,16600
2025-08-06,대전,호박,1개,1313
2025-08-06,대전,토마토,1kg,8230
2025-08-06,대전,무,1개,2705
2025-08-06,대전,당근,1kg,2617
2025-08-06,대전,열무,1kg,5243
2025-08-06,대전,양파,1kg,2103
2025-08-06,대전,대파,1kg,3417
2025-08-06,대전,피망,100g,14900
2025-08-06,대전,파프리카,1개,1480
2025-08-06,대전,마늘,1kg,12233
2025-08-06,대전,브로콜리,1개,2770
2025-08-06,대전,사과,10개,27300
2025-08-06,대전,배,10개,34950
2025-08-07,대전,배추,1포기,6700
2025-08-07,대전,시금치,100g,23100
2025-08-07,대전,상추,100g,17267
2025-08-07,대전,얼갈이배추,1kg,5213
2025-08-07,대전,오이,10개,16600
2025-08-07,대전,호박,1개,1313
2025-08-07,대전,토마토,1kg,7527
2025-08-07,대전,무,1개,2805
2025-08-07,대전,당근,1kg,3700
2025-08-07,대전,열무,1kg,5163
2025-08-07,대전,양파,1kg,2143
2025-08-07,대전,대파,1kg,4063
2025-08-07,대전,피망,100g,12400
2025-08-07,대전,파프리카,1개,1813
2025-08-07,대전,마늘,1kg,10917
2025-08-07,대전,브로콜리,1개,2410
2025-08-07,대전,사과,10개,27300
2025-08-07,대전,배,10개,31200
2025-08-08,대전,배추,1포기,6660
2025-08-08,대전,시금치,100g,27867
2025-08-08,대전,상추,100g,17267
2025-08-08,대전,얼갈이배추,1kg,5160
2025-08-08,대전,오이,10개,16600
2025-08-08,대전,호박,1개,1313
2025-08-08,대전,토마토,1kg,6677
2025-08-08,대전,무,1개,2870
2025-08-08,대전,당근,1kg,3700
2025-08-08,대전,열무,1kg,5023
2025-08-08,대전,양파,1kg,2143
2025-08-08,대전,대파,1kg,4063
2025-08-08,대전,피망,100g,12400
2025-08-08,대전,파프리카,1개,1813
2025-08-08,대전,마늘,1kg,10917
2025-08-08,대전,브로콜리,1개,2880
2025-08-08,대전,사과,10개,27300
2025-08-08,대전,배,10개,36150
2025-08-11,대전,배추,1포기,6660
2025-08-11,대전,시금치,100g,27867
2025-08-11,대전,상추,100g,17267
2025-08-11,대전,얼갈이배추,1kg,5160
2025-08-11,대전,오이,10개,16600
2025-08-11,대전,호박,1개,1313
2025-08-11,대전,토마토,1kg,6677
2025-08-11,대전,무,1개,2783
2025-08-11,대전,당근,1kg,3700
2025-08-11,대전,열무,1kg,5023
2025-08-11,대전,양파,1kg,2143
2025-08-11,대전,대파,1kg,4063
2025-08-11,대전,피망,100g,14150
2025-08-11,대전,파프리카,1개,1680
2025-08-11,대전,마늘,1kg,10917
2025-08-11,대전,브로콜리,1개,2880
2025-08-11,대전,사과,10개,27300
2025-08-11,대전,배,10개,36150
2025-08-12,대전,배추,1포기,7077
2025-08-12,대전,시금치,100g,27867
2025-08-12,대전,상추,100g,17267
2025-08-12,대전,얼갈이배추,1kg,5160
2025-08-12,대전,오이,10개,19900
2025-08-12,대전,호박,1개,1313
2025-08-12,대전,토마토,1kg,6677
2025-08-12,대전,무,1개,2783
2025-08-12,대전,당근,1kg,3700
2025-08-12,대전,열무,1kg,5023
2025-08-12,대전,양파,1kg,2143
2025-08-12,대전,대파,1kg,4023
2025-08-12,대전,피망,100g,14150
2025-08-12,대전,파프리카,1개,1743
2025-08-12,대전,마늘,1kg,10917
2025-08-12,대전,브로콜리,1개,3047
2025-08-12,대전,사과,10개,27300
2025-08-12,대전,배,10개,36150
2025-08-13,대전,배추,1포기,7077
2025-08-13,대전,시금치,100g,27867
2025-08-13,대전,상추,100g,17267
2025-08-13,대전,얼갈이배추,1kg,5187
2025-08-13,대전,오이,10개,19900
2025-08-13,대전,호박,1개,1313
2025-08-13,대전,토마토,1kg,6677
2025-08-13,대전,무,1개,2743
2025-08-13,대전,당근,1kg,3700
2025-08-13,대전,열무,1kg,5107
2025-08-13,대전,양파,1kg,2143
2025-08-13,대전,대파,1kg,4023
2025-08-13,대전,피망,100g,14150
2025-08-13,대전,파프리카,1개,1747
2025-08-13,대전,마늘,1kg,10917
2025-08-13,대전,브로콜리,1개,3047
2025-08-13,대전,사과,10개,27300
2025-08-13,대전,배,10개,36150
2025-08-14,대전,배추,1포기,7327
2025-08-14,대전,시금치,100g,29933
2025-08-14,대전,상추,100g,16500
2025-08-14,대전,얼갈이배추,1kg,4853
2025-08-14,대전,오이,10개,19900
2025-08-14,대전,호박,1개,1213
2025-08-14,대전,토마토,1kg,6497
2025-08-14,대전,무,1개,2910
2025-08-14,대전,당근,1kg,3047
2025-08-14,대전,열무,1kg,4773
2025-08-14,대전,양파,1kg,2420
2025-08-14,대전,대파,1kg,3863
2025-08-14,대전,피망,100g,11425
2025-08-14,대전,파프리카,1개,2047
2025-08-14,대전,마늘,1kg,10900
2025-08-14,대전,브로콜리,1개,3213
2025-08-14,대전,사과,10개,26600
2025-08-14,대전,배,10개,32400
2025-08-18,대전,배추,1포기,7327
2025-08-18,대전,시금치,100g,28933
2025-08-18,대전,상추,100g,16500
2025-08-18,대전,얼갈이배추,1kg,4880
2025-08-18,대전,오이,10개,19900
2025-08-18,대전,호박,1개,1370
2025-08-18,대전,토마토,1kg,6413
2025-08-18,대전,무,1개,2993
2025-08-18,대전,당근,1kg,3370
2025-08-18,대전,열무,1kg,4693
2025-08-18,대전,양파,1kg,2420
2025-08-18,대전,대파,1kg,3863
2025-08-18,대전,피망,100g,11425
2025-08-18,대전,파프리카,1개,2337
2025-08-18,대전,마늘,1kg,10900
2025-08-18,대전,브로콜리,1개,3213
2025-08-18,대전,사과,10개,28700
2025-08-18,대전,배,10개,32400
2025-08-19,대전,배추,1포기,7117
2025-08-19,대전,시금치,100g,28667
2025-08-19,대전,상추,100g,16600
2025-08-19,대전,얼갈이배추,1kg,4853
2025-08-19,대전,오이,10개,19900
2025-08-19,대전,호박,1개,1427
2025-08-19,대전,토마토,1kg,6413
2025-08-19,대전,무,1개,2993
2025-08-19,대전,당근,1kg,3507
2025-08-19,대전,열무,1kg,4693
2025-08-19,대전,양파,1kg,2460
2025-08-19,대전,대파,1kg,3880
2025-08-19,대전,피망,100g,11425
2025-08-19,대전,파프리카,1개,2337
2025-08-19,대전,마늘,1kg,10900
2025-08-19,대전,브로콜리,1개,3213
2025-08-19,대전,사과,10개,28700
2025-08-19,대전,배,10개,35900
2025-08-20,대전,배추,1포기,7077
2025-08-20,대전,시금치,100g,28667
2025-08-20,대전,상추,100g,17000
2025-08-20,대전,얼갈이배추,1kg,4853
2025-08-20,대전,오이,10개,19900
2025-08-20,대전,호박,1개,1427
2025-08-20,대전,토마토,1kg,6497
2025-08-20,대전,무,1개,2950
2025-08-20,대전,당근,1kg,3507
2025-08-20,대전,열무,1kg,4693
2025-08-20,대전,양파,1kg,2460
2025-08-20,대전,대파,1kg,3847
2025-08-20,대전,피망,100g,11425
2025-08-20,대전,파프리카,1개,2337
2025-08-20,대전,마늘,1kg,10900
2025-08-20,대전,브로콜리,1개,3270
2025-08-20,대전,사과,10개,28700
2025-08-20,대전,배,10개,33250
2025-08-21,대전,배추,1포기,6243
2025-08-21,대전,시금치,100g,28933
2025-08-21,대전,상추,100g,17233
2025-08-21,대전,얼갈이배추,1kg,5187
2025-08-21,대전,오이,10개,19900
2025-08-21,대전,호박,1개,1880
2025-08-21,대전,토마토,1kg,7200
2025-08-21,대전,무,1개,2783
2025-08-21,대전,당근,1kg,3647
2025-08-21,대전,열무,1kg,5133
2025-08-21,대전,양파,1kg,2460
2025-08-21,대전,대파,1kg,3847
2025-08-21,대전,피망,100g,9950
2025-08-21,대전,파프리카,1개,2937
2025-08-21,대전,마늘,1kg,11567
2025-08-21,대전,브로콜리,1개,3380
2025-08-21,대전,사과,10개,28700
2025-08-21,대전,배,10개,34267
2025-08-22,대전,배추,1포기,6410
2025-08-22,대전,시금치,100g,28933
2025-08-22,대전,상추,100g,17433
2025-08-22,대전,얼갈이배추,1kg,5187
2025-08-22,대전,오이,10개,19900
2025-08-22,대전,호박,1개,1993
2025-08-22,대전,토마토,1kg,8517
2025-08-22,대전,무,1개,2827
2025-08-22,대전,당근,1kg,3647
2025-08-22,대전,열무,1kg,5133
2025-08-22,대전,양파,1kg,2520
2025-08-22,대전,대파,1kg,3913
2025-08-22,대전,피망,100g,12925
2025-08-22,대전,파프리카,1개,3103
2025-08-22,대전,마늘,1kg,11567
2025-08-22,대전,브로콜리,1개,3380
2025-08-22,대전,사과,10개,26600
2025-08-22,대전,배,10개,37067
2025-08-25,대전,배추,1포기,6327
2025-08-25,대전,시금치,100g,28933
2025-08-25,대전,상추,100g,16933
2025-08-25,대전,얼갈이배추,1kg,5077
2025-08-25,대전,오이,10개,19900
2025-08-25,대전,호박,1개,1993
2025-08-25,대전,토마토,1kg,8433
2025-08-25,대전,무,1개,2827
2025-08-25,대전,당근,1kg,3647
2025-08-25,대전,열무,1kg,5133
2025-08-25,대전,양파,1kg,2520
2025-08-25,대전,대파,1kg,3847
2025-08-25,대전,피망,100g,12920
2025-08-25,대전,파프리카,1개,2937
2025-08-25,대전,마늘,1kg,11567
2025-08-25,대전,브로콜리,1개,3380
2025-08-25,대전,사과,10개,26600
2025-08-25,대전,배,10개,37067
2025-08-26,대전,배추,1포기,6243
2025-08-26,대전,시금치,100g,28933
2025-08-26,대전,상추,100g,16933
2025-08-26,대전,얼갈이배추,1kg,5103
2025-08-26,대전,오이,10개,19900
2025-08-26,대전,호박,1개,1993
2025-08-26,대전,토마토,1kg,8517
2025-08-26,대전,무,1개,2827
2025-08-26,대전,당근,1kg,3647
2025-08-26,대전,열무,1kg,5057
2025-08-26,대전,양파,1kg,2520
2025-08-26,대전,대파,1kg,3880
2025-08-26,대전,피망,100g,12925
2025-08-26,대전,파프리카,1개,3047
2025-08-26,대전,마늘,1kg,11567
2025-08-26,대전,브로콜리,1개,3437
2025-08-26,대전,사과,10개,26600
2025-08-26,대전,배,10개,34567
2025-08-27,대전,배추,1포기,6327
2025-08-27,대전,시금치,100g,28933
2025-08-27,대전,상추,100g,16933
2025-08-27,대전,얼갈이배추,1kg,5160
2025-08-27,대전,오이,10개,19900
2025-08-27,대전,호박,1개,1993
2025-08-27,대전,토마토,1kg,8517
2025-08-27,대전,무,1개,2743
2025-08-27,대전,당근,1kg,3647
2025-08-27,대전,열무,1kg,4977
2025-08-27,대전,양파,1kg,2520
2025-08-27,대전,대파,1kg,3880
2025-08-27,대전,피망,100g,12925
2025-08-27,대전,파프리카,1개,3047
2025-08-27,대전,마늘,1kg,11567
2025-08-27,대전,브로콜리,1개,3437
2025-08-27,대전,사과,10개,26600
2025-08-27,대전,배,10개,34567
2025-08-28,대전,배추,1포기,6410
2025-08-28,대전,시금치,100g,28933
2025-08-28,대전,상추,100g,15933
2025-08-28,대전,얼갈이배추,1kg,5353
2025-08-28,대전,오이,10개,19900
2025-08-28,대전,호박,1개,1993
2025-08-28,대전,토마토,1kg,8850
2025-08-28,대전,무,1개,2493
2025-08-28,대전,당근,1kg,3200
2025-08-28,대전,열무,1kg,4920
2025-08-28,대전,양파,1kg,2520
2025-08-28,대전,대파,1kg,3657
2025-08-28,대전,피망,100g,12400
2025-08-28,대전,파프리카,1개,2770
2025-08-28,대전,마늘,1kg,13567
2025-08-28,대전,브로콜리,1개,3603
2025-08-28,대전,사과,10개,30500
2025-08-28,대전,배,10개,35233
2025-08-29,대전,배추,1포기,6577
2025-08-29,대전,시금치,100g,28933
2025-08-29,대전,상추,100g,15933
2025-08-29,대전,얼갈이배추,1kg,5353
2025-08-29,대전,오이,10개,19900
2025-08-29,대전,호박,1개,1993
2025-08-29,대전,토마토,1kg,8850
2025-08-29,대전,무,1개,2493
2025-08-29,대전,당근,1kg,3200
2025-08-29,대전,열무,1kg,5000
2025-08-29,대전,양파,1kg,2560
2025-08-29,대전,대파,1kg,3657
2025-08-29,대전,피망,100g,16150
2025-08-29,대전,파프리카,1개,2770
2025-08-29,대전,마늘,1kg,12467
2025-08-29,대전,브로콜리,1개,3603
2025-08-29,대전,사과,10개,30500
2025-08-29,대전,배,10개,35233
2025-09-01,대전,배추,1포기,6160
2025-09-01,대전,시금치,100g,28933
2025-09-01,대전,상추,100g,15933
2025-09-01,대전,얼갈이배추,1kg,5327
2025-09-01,대전,오이,10개,19900
2025-09-01,대전,호박,1개,1993
2025-09-01,대전,토마토,1kg,8850
2025-09-01,대전,무,1개,2493
2025-09-01,대전,당근,1kg,3423
2025-09-01,대전,열무,1kg,5000
2025-09-01,대전,양파,1kg,2560
2025-09-01,대전,대파,1kg,3657
2025-09-01,대전,피망,100g,16150
2025-09-01,대전,파프리카,1개,2770
2025-09-01,대전,마늘,1kg,13567
2025-09-01,대전,브로콜리,1개,3603
2025-09-01,대전,사과,10개,30500
2025-09-01,대전,배,10개,35233
2025-09-02,대전,배추,1포기,6243
2025-09-02,대전,시금치,100g,28933
2025-09-02,대전,상추,100g,16733
2025-09-02,대전,얼갈이배추,1kg,5297
2025-09-02,대전,오이,10개,19900
2025-09-02,대전,호박,1개,2160
2025-09-02,대전,토마토,1kg,8850
2025-09-02,대전,무,1개,2493
2025-09-02,대전,당근,1kg,3423
2025-09-02,대전,열무,1kg,5000
2025-09-02,대전,양파,1kg,2560
2025-09-02,대전,대파,1kg,3657
2025-09-02,대전,피망,100g,16150
2025-09-02,대전,파프리카,1개,2770
2025-09-02,대전,마늘,1kg,13567
2025-09-02,대전,브로콜리,1개,3603
2025-09-02,대전,사과,10개,30500
2025-09-02,대전,배,10개,35233
2025-09-03,대전,배추,1포기,6827
2025-09-03,대전,시금치,100g,28933
2025-09-03,대전,상추,100g,16733
2025-09-03,대전,얼갈이배추,1kg,5297
2025-09-03,대전,오이,10개,19900
2025-09-03,대전,호박,1개,2160
2025-09-03,대전,토마토,1kg,8850
2025-09-03,대전,무,1개,2493
2025-09-03,대전,당근,1kg,3423
2025-09-03,대전,열무,1kg,5000
2025-09-03,대전,양파,1kg,2643
2025-09-03,대전,대파,1kg,3657
2025-09-03,대전,피망,100g,16150
2025-09-03,대전,파프리카,1개,2713
2025-09-03,대전,마늘,1kg,13567
2025-09-03,대전,브로콜리,1개,3603
2025-09-03,대전,사과,10개,29100
2025-09-03,대전,배,10개,35233
2025-09-04,대전,배추,1포기,6827
2025-09-04,대전,시금치,100g,29233
2025-09-04,대전,상추,100g,15433
2025-09-04,대전,얼갈이배추,1kg,4630
2025-09-04,대전,오이,10개,13300
2025-09-04,대전,호박,1개,1760
2025-09-04,대전,토마토,1kg,8517
2025-09-04,대전,무,1개,2245
2025-09-04,대전,당근,1kg,3590
2025-09-04,대전,열무,1kg,4333
2025-09-04,대전,양파,1kg,2587
2025-09-04,대전,대파,1kg,2757
2025-09-04,대전,피망,100g,16150
2025-09-04,대전,파프리카,1개,1993
2025-09-04,대전,마늘,1kg,10650
2025-09-04,대전,브로콜리,1개,3603
2025-09-04,대전,사과,10개,19000
2025-09-04,대전,배,10개,32900
2025-09-05,대전,배추,1포기,6910
2025-09-05,대전,시금치,100g,29233
2025-09-05,대전,상추,100g,15433
2025-09-05,대전,얼갈이배추,1kg,4630
2025-09-05,대전,오이,10개,13300
2025-09-05,대전,호박,1개,1760
2025-09-05,대전,토마토,1kg,8433
2025-09-05,대전,무,1개,2120
2025-09-05,대전,당근,1kg,3590
2025-09-05,대전,열무,1kg,4747
2025-09-05,대전,양파,1kg,2587
2025-09-05,대전,대파,1kg,2723
2025-09-05,대전,피망,100g,16150
2025-09-05,대전,파프리카,1개,1993
2025-09-05,대전,마늘,1kg,10650
2025-09-05,대전,브로콜리,1개,3603
2025-09-05,대전,사과,10개,36200
2025-09-05,대전,배,10개,32900
2025-09-08,대전,배추,1포기,6743
2025-09-08,대전,시금치,100g,29233
2025-09-08,대전,상추,100g,15433
2025-09-08,대전,얼갈이배추,1kg,4520
2025-09-08,대전,오이,10개,13300
2025-09-08,대전,호박,1개,1660
2025-09-08,대전,토마토,1kg,8267
2025-09-08,대전,무,1개,2430
2025-09-08,대전,당근,1kg,3853
2025-09-08,대전,열무,1kg,4560
2025-09-08,대전,양파,1kg,2920
2025-09-08,대전,대파,1kg,3167
2025-09-08,대전,피망,100g,16150
2025-09-08,대전,파프리카,1개,2037
2025-09-08,대전,마늘,1kg,11733
2025-09-08,대전,브로콜리,1개,3603
2025-09-08,대전,사과,10개,36800
2025-09-08,대전,배,10개,32333
2025-09-09,대전,배추,1포기,6827
2025-09-09,대전,시금치,100g,30233
2025-09-09,대전,상추,100g,15233
2025-09-09,대전,얼갈이배추,1kg,4520
2025-09-09,대전,오이,10개,13300
2025-09-09,대전,호박,1개,1660
2025-09-09,대전,토마토,1kg,8350
2025-09-09,대전,무,1개,2430
2025-09-09,대전,당근,1kg,3853
2025-09-09,대전,열무,1kg,4447
2025-09-09,대전,양파,1kg,2920
2025-09-09,대전,대파,1kg,3200
2025-09-09,대전,피망,100g,16150
2025-09-09,대전,파프리카,1개,2037
2025-09-09,대전,마늘,1kg,11733
2025-09-09,대전,브로콜리,1개,3603
2025-09-09,대전,사과,10개,36800
2025-09-09,대전,배,10개,32333
2025-09-10,대전,배추,1포기,6743
2025-09-10,대전,시금치,100g,30267
2025-09-10,대전,상추,100g,15633
2025-09-10,대전,얼갈이배추,1kg,4493
2025-09-10,대전,오이,10개,13300
2025-09-10,대전,호박,1개,1660
2025-09-10,대전,토마토,1kg,8350
2025-09-10,대전,무,1개,2430
2025-09-10,대전,당근,1kg,3853
2025-09-10,대전,열무,1kg,4393
2025-09-10,대전,양파,1kg,2920
2025-09-10,대전,대파,1kg,3167
2025-09-10,대전,피망,100g,16150
2025-09-10,대전,파프리카,1개,2093
2025-09-10,대전,마늘,1kg,11733
2025-09-10,대전,브로콜리,1개,3603
2025-09-10,대전,사과,10개,36800
2025-09-10,대전,배,10개,32333
2025-09-11,대전,배추,1포기,6743
2025-09-11,대전,시금치,100g,38900
2025-09-11,대전,상추,100g,17533
2025-09-11,대전,얼갈이배추,1kg,4213
2025-09-11,대전,오이,10개,16600
2025-09-11,대전,호박,1개,1527
2025-09-11,대전,토마토,1kg,7380
2025-09-11,대전,무,1개,2283
2025-09-11,대전,당근,1kg,4070
2025-09-11,대전,열무,1kg,4003
2025-09-11,대전,양파,1kg,1847
2025-09-11,대전,대파,1kg,3487
2025-09-11,대전,피망,100g,16150
2025-09-11,대전,파프리카,1개,2247
2025-09-11,대전,마늘,1kg,11300
2025-09-11,대전,브로콜리,1개,3410
2025-09-11,대전,사과,10개,29967
2025-09-11,대전,배,10개,30333
2025-09-12,대전,배추,1포기,6660
2025-09-12,대전,시금치,100g,38900
2025-09-12,대전,상추,100g,17300
2025-09-12,대전,얼갈이배추,1kg,4213
2025-09-12,대전,오이,10개,16600
2025-09-12,대전,호박,1개,1460
2025-09-12,대전,토마토,1kg,7380
2025-09-12,대전,무,1개,2250
2025-09-12,대전,당근,1kg,4070
2025-09-12,대전,열무,1kg,3920
2025-09-12,대전,양파,1kg,1847
2025-09-12,대전,대파,1kg,3503
2025-09-12,대전,피망,100g,16150
2025-09-12,대전,파프리카,1개,2247
2025-09-12,대전,마늘,1kg,11300
2025-09-12,대전,브로콜리,1개,3990
2025-09-12,대전,사과,10개,29967
2025-09-12,대전,배,10개,30333
2025-09-15,대전,배추,1포기,6177
2025-09-15,대전,시금치,100g,38900
2025-09-15,대전,상추,100g,16033
2025-09-15,대전,얼갈이배추,1kg,4243
2025-09-15,대전,오이,10개,16600
2025-09-15,대전,호박,1개,1527
2025-09-15,대전,토마토,1kg,7380
2025-09-15,대전,무,1개,2193
2025-09-15,대전,당근,1kg,4070
2025-09-15,대전,열무,1kg,3947
2025-09-15,대전,양파,1kg,2113
2025-09-15,대전,대파,1kg,3553
2025-09-15,대전,피망,100g,16150
2025-09-15,대전,파프리카,1개,2247
2025-09-15,대전,마늘,1kg,10400
2025-09-15,대전,브로콜리,1개,3990
2025-09-15,대전,사과,10개,28633
2025-09-15,대전,배,10개,19900
2025-09-16,대전,배추,1포기,6093
2025-09-16,대전,시금치,100g,38900
2025-09-16,대전,상추,100g,16833
2025-09-16,대전,얼갈이배추,1kg,4243
2025-09-16,대전,오이,10개,16600
2025-09-16,대전,호박,1개,1580
2025-09-16,대전,토마토,1kg,7380
2025-09-16,대전,무,1개,2193
2025-09-16,대전,당근,1kg,4070
2025-09-16,대전,열무,1kg,3977
2025-09-16,대전,양파,1kg,2113
2025-09-16,대전,대파,1kg,3553
2025-09-16,대전,피망,100g,16150
2025-09-16,대전,파프리카,1개,2247
2025-09-16,대전,마늘,1kg,9753
2025-09-16,대전,브로콜리,1개,3990
2025-09-16,대전,사과,10개,27800
2025-09-16,대전,배,10개,30000
2025-09-17,대전,배추,1포기,6010
2025-09-17,대전,시금치,100g,38900
2025-09-17,대전,상추,100g,16833
2025-09-17,대전,얼갈이배추,1kg,4160
2025-09-17,대전,오이,10개,16600
2025-09-17,대전,호박,1개,1637
2025-09-17,대전,토마토,1kg,7380
2025-09-17,대전,무,1개,2193
2025-09-17,대전,당근,1kg,4070
2025-09-17,대전,열무,1kg,3977
2025-09-17,대전,양파,1kg,2113
2025-09-17,대전,대파,1kg,3553
2025-09-17,대전,피망,100g,16150
2025-09-17,대전,파프리카,1개,2247
2025-09-17,대전,마늘,1kg,9753
2025-09-17,대전,브로콜리,1개,3990
2025-09-17,대전,사과,10개,27800
2025-09-17,대전,배,10개,30000
2025-09-18,대전,배추,1포기,5843
2025-09-18,대전,시금치,100g,36900
2025-09-18,대전,상추,100g,18633
2025-09-18,대전,얼갈이배추,1kg,4647
2025-09-18,대전,오이,10개,16600
2025-09-18,대전,호박,1개,1770
2025-09-18,대전,토마토,1kg,8700
2025-09-18,대전,무,1개,2295
2025-09-18,대전,당근,1kg,3143
2025-09-18,대전,열무,1kg,4353
2025-09-18,대전,양파,1kg,2327
2025-09-18,대전,대파,1kg,3573
2025-09-18,대전,피망,100g,18650
2025-09-18,대전,파프리카,1개,2380
2025-09-18,대전,마늘,1kg,9283
2025-09-18,대전,브로콜리,1개,3990
2025-09-18,대전,사과,10개,27800
2025-09-18,대전,배,10개,31033
2025-09-19,대전,배추,1포기,5895
2025-09-19,대전,시금치,100g,36900
2025-09-19,대전,상추,100g,18633
2025-09-19,대전,얼갈이배추,1kg,4647
2025-09-19,대전,오이,10개,16600
2025-09-19,대전,호박,1개,1770
2025-09-19,대전,토마토,1kg,8700
2025-09-19,대전,무,1개,2193
2025-09-19,대전,당근,1kg,3143
2025-09-19,대전,열무,1kg,4433
2025-09-19,대전,양파,1kg,2327
2025-09-19,대전,대파,1kg,3573
2025-09-19,대전,피망,100g,18650
2025-09-19,대전,파프리카,1개,2380
2025-09-19,대전,마늘,1kg,9283
2025-09-19,대전,브로콜리,1개,3990
2025-09-19,대전,사과,10개,27800
2025-09-19,대전,배,10개,32167
2025-09-22,대전,배추,1포기,5393
2025-09-22,대전,시금치,100g,36900
2025-09-22,대전,상추,100g,18433
2025-09-22,대전,얼갈이배추,1kg,4730
2025-09-22,대전,오이,10개,16600
2025-09-22,대전,호박,1개,1637
2025-09-22,대전,토마토,1kg,8783
2025-09-22,대전,무,1개,1947
2025-09-22,대전,당근,1kg,3143
2025-09-22,대전,열무,1kg,4270
2025-09-22,대전,양파,1kg,2143
2025-09-22,대전,대파,1kg,3573
2025-09-22,대전,피망,100g,18650
2025-09-22,대전,파프리카,1개,2380
2025-09-22,대전,마늘,1kg,9190
2025-09-22,대전,브로콜리,1개,3990
2025-09-22,대전,사과,10개,27800
2025-09-22,대전,배,10개,32167
2025-09-23,대전,배추,1포기,5477
2025-09-23,대전,시금치,100g,36900
2025-09-23,대전,상추,100g,19067
2025-09-23,대전,얼갈이배추,1kg,4730
2025-09-23,대전,오이,10개,16600
2025-09-23,대전,호박,1개,1693
2025-09-23,대전,토마토,1kg,9007
2025-09-23,대전,무,1개,1947
2025-09-23,대전,당근,1kg,3157
2025-09-23,대전,열무,1kg,4270
2025-09-23,대전,양파,1kg,2143
2025-09-23,대전,대파,1kg,3627
2025-09-23,대전,피망,100g,18650
2025-09-23,대전,파프리카,1개,2327
2025-09-23,대전,마늘,1kg,9190
2025-09-23,대전,브로콜리,1개,3990
2025-09-23,대전,사과,10개,27800
2025-09-23,대전,배,10개,32167
2025-09-24,대전,배추,1포기,5560
2025-09-24,대전,시금치,100g,36900
2025-09-24,대전,상추,100g,19067
2025-09-24,대전,얼갈이배추,1kg,4703
2025-09-24,대전,오이,10개,16600
2025-09-24,대전,호박,1개,1693
2025-09-24,대전,토마토,1kg,9007
2025-09-24,대전,무,1개,1947
2025-09-24,대전,당근,1kg,3157
2025-09-24,대전,열무,1kg,4297
2025-09-24,대전,양파,1kg,2143
2025-09-24,대전,대파,1kg,3627
2025-09-24,대전,피망,100g,18650
2025-09-24,대전,파프리카,1개,2270
2025-09-24,대전,마늘,1kg,9190
2025-09-24,대전,브로콜리,1개,4240
2025-09-24,대전,사과,10개,27400
2025-09-24,대전,배,10개,31833
2025-09-25,대전,배추,1포기,5477
2025-09-25,대전,시금치,100g,16500
2025-09-25,대전,상추,100g,19500
2025-09-25,대전,얼갈이배추,1kg,4937
2025-09-25,대전,오이,10개,16600
2025-09-25,대전,호박,1개,1637
2025-09-25,대전,토마토,1kg,10673
2025-09-25,대전,무,1개,1863
2025-09-25,대전,당근,1kg,3073
2025-09-25,대전,열무,1kg,4530
2025-09-25,대전,양파,1kg,1813
2025-09-25,대전,대파,1kg,3657
2025-09-25,대전,피망,100g,21150
2025-09-25,대전,파프리카,1개,2243
2025-09-25,대전,마늘,1kg,8543
2025-09-25,대전,브로콜리,1개,3990
2025-09-25,대전,사과,10개,27400
2025-09-25,대전,배,10개,31833
2025-09-26,대전,배추,1포기,5477
2025-09-26,대전,시금치,100g,16767
2025-09-26,대전,상추,100g,19300
2025-09-26,대전,얼갈이배추,1kg,4880
2025-09-26,대전,오이,10개,16600
2025-09-26,대전,호박,1개,1693
2025-09-26,대전,토마토,1kg,10673
2025-09-26,대전,무,1개,1863
2025-09-26,대전,당근,1kg,3073
2025-09-26,대전,열무,1kg,4670
2025-09-26,대전,양파,1kg,1813
2025-09-26,대전,대파,1kg,3657
2025-09-26,대전,피망,100g,21150
2025-09-26,대전,파프리카,1개,2243
2025-09-26,대전,마늘,1kg,8543
2025-09-26,대전,브로콜리,1개,3990
2025-09-26,대전,사과,10개,28233
2025-09-26,대전,배,10개,31833
2025-09-29,대전,배추,1포기,5510
2025-09-29,대전,시금치,100g,16767
2025-09-29,대전,상추,100g,19300
2025-09-29,대전,얼갈이배추,1kg,4880
2025-09-29,대전,오이,10개,16600
2025-09-29,대전,호박,1개,1793
2025-09-29,대전,토마토,1kg,10673
2025-09-29,대전,무,1개,2055
2025-09-29,대전,당근,1kg,2990
2025-09-29,대전,열무,1kg,4670
2025-09-29,대전,양파,1kg,2143
2025-09-29,대전,대파,1kg,3657
2025-09-29,대전,피망,100g,21150
2025-09-29,대전,파프리카,1개,2243
2025-09-29,대전,마늘,1kg,8543
2025-09-29,대전,브로콜리,1개,4240
2025-09-29,대전,사과,10개,30267
2025-09-29,대전,배,10개,34500
2025-09-30,대전,배추,1포기,5427
2025-09-30,대전,시금치,100g,17767
2025-09-30,대전,상추,100g,20067
2025-09-30,대전,얼갈이배추,1kg,4993
2025-09-30,대전,오이,10개,16600
2025-09-30,대전,호박,1개,1793
2025-09-30,대전,토마토,1kg,10673
2025-09-30,대전,무,1개,2055
2025-09-30,대전,당근,1kg,3557
2025-09-30,대전,열무,1kg,4670
2025-09-30,대전,양파,1kg,2143
2025-09-30,대전,대파,1kg,3627
2025-09-30,대전,피망,100g,21150
2025-09-30,대전,파프리카,1개,2327
2025-09-30,대전,마늘,1kg,9190
2025-09-30,대전,브로콜리,1개,4240
2025-09-30,대전,사과,10개,30267
2025-09-30,대전,배,10개,34500
2025-10-01,대전,배추,1포기,5427
2025-10-01,대전,시금치,100g,17767
2025-10-01,대전,상추,100g,22300
2025-10-01,대전,얼갈이배추,1kg,4993
2025-10-01,대전,오이,10개,16600
2025-10-01,대전,호박,1개,1793
2025-10-01,대전,토마토,1kg,10323
2025-10-01,대전,무,1개,2055
2025-10-01,대전,당근,1kg,3163
2025-10-01,대전,열무,1kg,4670
2025-10-01,대전,양파,1kg,2143
2025-10-01,대전,대파,1kg,3627
2025-10-01,대전,피망,100g,21150
2025-10-01,대전,파프리카,1개,2327
2025-10-01,대전,마늘,1kg,9190
2025-10-01,대전,브로콜리,1개,4240
2025-10-01,대전,사과,10개,30267
2025-10-01,대전,배,10개,34500
2025-10-02,대전,배추,1포기,5677
2025-10-02,대전,시금치,100g,17533
2025-10-02,대전,상추,100g,21533
2025-10-02,대전,얼갈이배추,1kg,4993
2025-10-02,대전,오이,10개,16600
2025-10-02,대전,호박,1개,1847
2025-10-02,대전,토마토,1kg,9323
2025-10-02,대전,무,1개,1787
2025-10-02,대전,당근,1kg,3667
2025-10-02,대전,열무,1kg,4750
2025-10-02,대전,양파,1kg,2143
2025-10-02,대전,대파,1kg,3627
2025-10-02,대전,피망,100g,21150
2025-10-02,대전,파프리카,1개,2327
2025-10-02,대전,마늘,1kg,9190
2025-10-02,대전,브로콜리,1개,3327
2025-10-02,대전,사과,10개,31600
2025-10-02,대전,배,10개,34500
2025-10-10,대전,배추,1포기,7077
2025-10-10,대전,시금치,100g,18467
2025-10-10,대전,상추,100g,20967
2025-10-10,대전,얼갈이배추,1kg,4937
2025-10-10,대전,오이,10개,16600
2025-10-10,대전,호박,1개,2180
2025-10-10,대전,토마토,1kg,8353
2025-10-10,대전,무,1개,2620
2025-10-10,대전,당근,1kg,3837
2025-10-10,대전,열무,1kg,4520
2025-10-10,대전,양파,1kg,2450
2025-10-10,대전,대파,1kg,3823
2025-10-10,대전,피망,100g,21150
2025-10-10,대전,파프리카,1개,2160
2025-10-10,대전,마늘,1kg,10250
2025-10-10,대전,브로콜리,1개,2993
2025-10-10,대전,사과,10개,33200
2025-10-10,대전,배,10개,37267
2025-10-13,대전,배추,1포기,6327
2025-10-13,대전,시금치,100g,17467
2025-10-13,대전,상추,100g,19567
2025-10-13,대전,얼갈이배추,1kg,4713
2025-10-13,대전,오이,10개,16600
2025-10-13,대전,호박,1개,2180
2025-10-13,대전,토마토,1kg,8353
2025-10-13,대전,무,1개,2455
2025-10-13,대전,당근,1kg,3897
2025-10-13,대전,열무,1kg,4437
2025-10-13,대전,양파,1kg,2450
2025-10-13,대전,대파,1kg,3713
2025-10-13,대전,피망,100g,21150
2025-10-13,대전,파프리카,1개,2157
2025-10-13,대전,마늘,1kg,10710
2025-10-13,대전,브로콜리,1개,2910
2025-10-13,대전,배,10개,37267
2025-10-14,대전,배추,1포기,6243
2025-10-14,대전,시금치,100g,16867
2025-10-14,대전,상추,100g,18667
2025-10-14,대전,얼갈이배추,1kg,4660
2025-10-14,대전,오이,10개,16600
2025-10-14,대전,호박,1개,2013
2025-10-14,대전,토마토,1kg,8243
2025-10-14,대전,무,1개,2520
2025-10-14,대전,당근,1kg,3897
2025-10-14,대전,열무,1kg,4437
2025-10-14,대전,양파,1kg,2450
2025-10-14,대전,대파,1kg,3797
2025-10-14,대전,피망,100g,21150
2025-10-14,대전,파프리카,1개,2033
2025-10-14,대전,마늘,1kg,10710
2025-10-14,대전,브로콜리,1개,3160
2025-10-14,대전,사과,10개,31767
2025-10-14,대전,배,10개,37267
2025-10-15,대전,배추,1포기,6160
2025-10-15,대전,시금치,100g,20467
2025-10-15,대전,상추,100g,18867
2025-10-15,대전,얼갈이배추,1kg,4603
2025-10-15,대전,오이,10개,16600
2025-10-15,대전,호박,1개,1960
2025-10-15,대전,토마토,1kg,7800
2025-10-15,대전,무,1개,2395
2025-10-15,대전,당근,1kg,3897
2025-10-15,대전,열무,1kg,4437
2025-10-15,대전,양파,1kg,2820
2025-10-15,대전,대파,1kg,3797
2025-10-15,대전,피망,100g,21150
2025-10-15,대전,파프리카,1개,2117
2025-10-15,대전,마늘,1kg,10710
2025-10-15,대전,브로콜리,1개,3243
2025-10-15,대전,사과,10개,34267
2025-10-15,대전,배,10개,37267
2025-10-16,대전,배추,1포기,5493
2025-10-16,대전,시금치,100g,12667
2025-10-16,대전,상추,100g,12183
2025-10-16,대전,얼갈이배추,1kg,3603
2025-10-16,대전,오이,10개,16600
2025-10-16,대전,호박,1개,1593
2025-10-16,대전,토마토,1kg,7447
2025-10-16,대전,무,1개,2455
2025-10-16,대전,당근,1kg,3330
2025-10-16,대전,열무,1kg,3437
2025-10-16,대전,양파,1kg,2820
2025-10-16,대전,대파,1kg,4147
2025-10-16,대전,피망,100g,20150
2025-10-16,대전,파프리카,1개,2117
2025-10-16,대전,마늘,1kg,10967
2025-10-16,대전,브로콜리,1개,3493
2025-10-16,대전,사과,10개,29900
2025-10-16,대전,배,10개,33200
2025-10-17,대전,배추,1포기,5660
2025-10-17,대전,시금치,100g,13100
2025-10-17,대전,상추,100g,11817
2025-10-17,대전,얼갈이배추,1kg,3603
2025-10-17,대전,오이,10개,16600
2025-10-17,대전,호박,1개,1593
2025-10-17,대전,토마토,1kg,7447
2025-10-17,대전,무,1개,2455
2025-10-17,대전,당근,1kg,3330
2025-10-17,대전,열무,1kg,3380
2025-10-17,대전,양파,1kg,2820
2025-10-17,대전,대파,1kg,4230
2025-10-17,대전,피망,100g,20150
2025-10-17,대전,파프리카,1개,2117
2025-10-17,대전,마늘,1kg,10327
2025-10-17,대전,브로콜리,1개,3577
2025-10-17,대전,사과,10개,29900
2025-10-17,대전,배,10개,33200
2025-10-20,대전,배추,1포기,5827
2025-10-20,대전,시금치,100g,13000
2025-10-20,대전,상추,100g,16500
2025-10-20,대전,얼갈이배추,1kg,4270
2025-10-20,대전,오이,10개,16600
2025-10-20,대전,호박,1개,1827
2025-10-20,대전,토마토,1kg,7447
2025-10-20,대전,무,1개,2455
2025-10-20,대전,당근,1kg,3330
2025-10-20,대전,열무,1kg,4103
2025-10-20,대전,양파,1kg,2820
2025-10-20,대전,대파,1kg,4277
2025-10-20,대전,피망,100g,20150
2025-10-20,대전,파프리카,1개,2107
2025-10-20,대전,마늘,1kg,10967
2025-10-20,대전,브로콜리,1개,3577
2025-10-20,대전,사과,10개,29900
2025-10-20,대전,배,10개,33200
2025-10-21,대전,배추,1포기,5827
2025-10-21,대전,시금치,100g,13000
2025-10-21,대전,상추,100g,18267
2025-10-21,대전,얼갈이배추,1kg,4270
2025-10-21,대전,오이,10개,16600
2025-10-21,대전,호박,1개,1827
2025-10-21,대전,토마토,1kg,7447
2025-10-21,대전,무,1개,2300
2025-10-21,대전,당근,1kg,3330
2025-10-21,대전,열무,1kg,4103
2025-10-21,대전,양파,1kg,2820
2025-10-21,대전,대파,1kg,4277
2025-10-21,대전,피망,100g,20150
2025-10-21,대전,파프리카,1개,2107
2025-10-21,대전,마늘,1kg,10967
2025-10-21,대전,브로콜리,1개,3577
2025-10-21,대전,사과,10개,31900
2025-10-21,대전,배,10개,33200
2025-10-22,대전,배추,1포기,5660
2025-10-22,대전,시금치,100g,13000
2025-10-22,대전,상추,100g,18267
2025-10-22,대전,얼갈이배추,1kg,4270
2025-10-22,대전,오이,10개,16600
2025-10-22,대전,호박,1개,1827
2025-10-22,대전,토마토,1kg,7447
2025-10-22,대전,무,1개,2300
2025-10-22,대전,당근,1kg,3330
2025-10-22,대전,열무,1kg,4130
2025-10-22,대전,양파,1kg,2820
2025-10-22,대전,대파,1kg,4277
2025-10-22,대전,피망,100g,20150
2025-10-22,대전,파프리카,1개,2107
2025-10-22,대전,마늘,1kg,10967
2025-10-22,대전,브로콜리,1개,3577
2025-10-22,대전,사과,10개,29900
2025-10-22,대전,배,10개,33200
2025-10-23,대전,배추,1포기,5993
2025-10-23,대전,시금치,100g,10157
2025-10-23,대전,상추,100g,15167
2025-10-23,대전,얼갈이배추,1kg,3937
2025-10-23,대전,오이,10개,18300
2025-10-23,대전,호박,1개,1927
2025-10-23,대전,토마토,1kg,9103
2025-10-23,대전,무,1개,2433
2025-10-23,대전,당근,1kg,3330
2025-10-23,대전,열무,1kg,3797
2025-10-23,대전,양파,1kg,2243
2025-10-23,대전,대파,1kg,4153
2025-10-23,대전,피망,100g,23650
2025-10-23,대전,파프리카,1개,2163
2025-10-23,대전,마늘,1kg,11367
2025-10-23,대전,브로콜리,1개,3077
2025-10-23,대전,사과,10개,22150
2025-10-23,대전,배,10개,37500
2025-10-24,대전,배추,1포기,5827
2025-10-24,대전,시금치,100g,10157
2025-10-24,대전,상추,100g,14567
2025-10-24,대전,얼갈이배추,1kg,3880
2025-10-24,대전,오이,10개,18300
2025-10-24,대전,호박,1개,1980
2025-10-24,대전,토마토,1kg,9103
2025-10-24,대전,무,1개,2393
2025-10-24,대전,당근,1kg,3330
2025-10-24,대전,열무,1kg,3880
2025-10-24,대전,양파,1kg,2150
2025-10-24,대전,대파,1kg,3847
2025-10-24,대전,피망,100g,23650
2025-10-24,대전,파프리카,1개,2163
2025-10-24,대전,마늘,1kg,10727
2025-10-24,대전,브로콜리,1개,2577
2025-10-24,대전,사과,10개,22150
2025-10-24,대전,배,10개,37500
2025-10-27,대전,배추,1포기,5827
2025-10-27,대전,시금치,100g,10640
2025-10-27,대전,상추,100g,16000
2025-10-27,대전,얼갈이배추,1kg,3827
2025-10-27,대전,오이,10개,18300
2025-10-27,대전,호박,1개,1967
2025-10-27,대전,토마토,1kg,9437
2025-10-27,대전,무,1개,2393
2025-10-27,대전,당근,1kg,3330
2025-10-27,대전,열무,1kg,4047
2025-10-27,대전,양파,1kg,2510
2025-10-27,대전,대파,1kg,4123
2025-10-27,대전,피망,100g,23650
2025-10-27,대전,파프리카,1개,2080
2025-10-27,대전,마늘,1kg,11367
2025-10-27,대전,브로콜리,1개,2493
2025-10-27,대전,사과,10개,22150
2025-10-27,대전,배,10개,36933
2025-10-28,부산,배추,1포기,6133
2025-10-28,부산,시금치,100g,11755
2025-10-28,부산,상추,100g,14933
2025-10-28,부산,얼갈이배추,1kg,3785
2025-10-28,부산,오이,10개,13025
2025-10-28,부산,호박,1개,2000
2025-10-28,부산,토마토,1kg,6385
2025-10-28,부산,무,1개,2443
2025-10-28,부산,당근,1kg,3860
2025-10-28,부산,열무,1kg,4010
2025-10-28,부산,양파,1kg,2318
2025-10-28,부산,대파,1kg,3623
2025-10-28,부산,피망,100g,12950
2025-10-28,부산,파프리카,1개,2175
2025-10-28,부산,마늘,1kg,11375
2025-10-28,부산,브로콜리,1개,3263
2025-10-28,부산,사과,10개,22675
2025-10-28,부산,배,10개,27350
2025-10-29,부산,배추,1포기,6138
2025-10-29,부산,시금치,100g,11755
2025-10-29,부산,상추,100g,14933
2025-10-29,부산,얼갈이배추,1kg,3785
2025-10-29,부산,오이,10개,13850
2025-10-29,부산,호박,1개,2143
2025-10-29,부산,토마토,1kg,8065
2025-10-29,부산,무,1개,2410
2025-10-29,부산,당근,1kg,3860
2025-10-29,부산,열무,1kg,3908
2025-10-29,부산,양파,1kg,2318
2025-10-29,부산,대파,1kg,3883
2025-10-29,부산,피망,100g,13575
2025-10-29,부산,파프리카,1개,2175
2025-10-29,부산,마늘,1kg,11375
2025-10-29,부산,브로콜리,1개,3263
2025-10-29,부산,사과,10개,22675
2025-10-29,부산,배,10개,29133
2025-10-30,부산,배추,1포기,3803
2025-10-30,부산,시금치,100g,10155
2025-10-30,부산,상추,100g,14433
2025-10-30,부산,얼갈이배추,1kg,3525
2025-10-30,부산,오이,10개,14775
2025-10-30,부산,호박,1개,2080
2025-10-30,부산,토마토,1kg,7740
2025-10-30,부산,무,1개,1685
2025-10-30,부산,당근,1kg,3008
2025-10-30,부산,열무,1kg,3340
2025-10-30,부산,양파,1kg,1790
2025-10-30,부산,대파,1kg,2880
2025-10-30,부산,피망,100g,12267
2025-10-30,부산,파프리카,1개,2210
2025-10-30,부산,마늘,1kg,8840
2025-10-30,부산,브로콜리,1개,3610
2025-10-30,부산,사과,10개,21350
2025-10-30,부산,배,10개,19650
2025-10-31,부산,배추,1포기,3803
2025-10-31,부산,시금치,100g,9980
2025-10-31,부산,상추,100g,14367
2025-10-31,부산,얼갈이배추,1kg,3525
2025-10-31,부산,오이,10개,14815
2025-10-31,부산,호박,1개,2080
2025-10-31,부산,토마토,1kg,7748
2025-10-31,부산,무,1개,1685
2025-10-31,부산,당근,1kg,3008
2025-10-31,부산,열무,1kg,3340
2025-10-31,부산,양파,1kg,1790
2025-10-31,부산,대파,1kg,2640
2025-10-31,부산,피망,100g,12267
2025-10-31,부산,파프리카,1개,2210
2025-10-31,부산,마늘,1kg,8840
2025-10-31,부산,브로콜리,1개,3610
2025-10-31,부산,사과,10개,21350
2025-10-31,부산,배,10개,19650
2025-11-03,부산,배추,1포기,3803
2025-11-03,부산,시금치,100g,10560
2025-11-03,부산,상추,100g,14367
2025-11-03,부산,얼갈이배추,1kg,3525
2025-11-03,부산,오이,10개,14900
2025-11-03,부산,호박,1개,2080
2025-11-03,부산,토마토,1kg,7773
2025-11-03,부산,무,1개,1685
2025-11-03,부산,당근,1kg,3008
2025-11-03,부산,열무,1kg,3360
2025-11-03,부산,양파,1kg,1658
2025-11-03,부산,대파,1kg,2640
2025-11-03,부산,피망,100g,11950
2025-11-03,부산,파프리카,1개,2210
2025-11-03,부산,마늘,1kg,8840
2025-11-03,부산,브로콜리,1개,3170
2025-11-03,부산,사과,10개,21350
2025-11-03,부산,배,10개,19650
2025-11-04,부산,배추,1포기,3803
2025-11-04,부산,시금치,100g,11490
2025-11-04,부산,상추,100g,14867
2025-11-04,부산,얼갈이배추,1kg,3710
2025-11-04,부산,오이,10개,15750
2025-11-04,부산,호박,1개,2293
2025-11-04,부산,토마토,1kg,8205
2025-11-04,부산,무,1개,1685
2025-11-04,부산,당근,1kg,3568
2025-11-04,부산,열무,1kg,3533
2025-11-04,부산,양파,1kg,1740
2025-11-04,부산,대파,1kg,2885
2025-11-04,부산,피망,100g,12600
2025-11-04,부산,파프리카,1개,2220
2025-11-04,부산,마늘,1kg,9835
2025-11-04,부산,브로콜리,1개,3330
2025-11-04,부산,사과,10개,26833
2025-11-04,부산,배,10개,20075
2025-11-05,부산,배추,1포기,3803
2025-11-05,부산,시금치,100g,11490
2025-11-05,부산,상추,100g,14867
2025-11-05,부산,얼갈이배추,1kg,3710
2025-11-05,부산,오이,10개,15675
2025-11-05,부산,호박,1개,2093
2025-11-05,부산,토마토,1kg,8205
2025-11-05,부산,무,1개,1685
2025-11-05,부산,당근,1kg,3255
2025-11-05,부산,열무,1kg,3533
2025-11-05,부산,양파,1kg,1740
2025-11-05,부산,대파,1kg,2860
2025-11-05,부산,피망,100g,12600
2025-11-05,부산,파프리카,1개,2220
2025-11-05,부산,마늘,1kg,9835
2025-11-05,부산,브로콜리,1개,3330
2025-11-05,부산,사과,10개,26833
2025-11-05,부산,배,10개,20650
2025-11-06,부산,배추,1포기,5310
2025-11-06,부산,시금치,100g,11365
2025-11-06,부산,상추,100g,14867
2025-11-06,부산,얼갈이배추,1kg,3710
2025-11-06,부산,오이,10개,15675
2025-11-06,부산,호박,1개,2293
2025-11-06,부산,토마토,1kg,9478
2025-11-06,부산,무,1개,1755
2025-11-06,부산,당근,1kg,3173
2025-11-06,부산,열무,1kg,3533
2025-11-06,부산,양파,1kg,1823
2025-11-06,부산,대파,1kg,2953
2025-11-06,부산,피망,100g,12600
2025-11-06,부산,파프리카,1개,1720
2025-11-06,부산,마늘,1kg,8960
2025-11-06,부산,브로콜리,1개,3330
2025-11-06,부산,사과,10개,22167
2025-11-06,부산,배,10개,20400
2025-11-07,부산,배추,1포기,5310
2025-11-07,부산,시금치,100g,11340
2025-11-07,부산,상추,100g,14867
2025-11-07,부산,얼갈이배추,1kg,3710
2025-11-07,부산,오이,10개,15675
2025-11-07,부산,호박,1개,2093
2025-11-07,부산,토마토,1kg,9520
2025-11-07,부산,무,1개,1755
2025-11-07,부산,당근,1kg,3173
2025-11-07,부산,열무,1kg,3533
2025-11-07,부산,양파,1kg,1740
2025-11-07,부산,대파,1kg,2953
2025-11-07,부산,피망,100g,12600
2025-11-07,부산,파프리카,1개,1720
2025-11-07,부산,마늘,1kg,8960
2025-11-07,부산,브로콜리,1개,3330
2025-11-07,부산,사과,10개,22000
2025-11-07,부산,배,10개,20325
2025-11-10,부산,배추,1포기,5310
2025-11-10,부산,시금치,100g,12600
2025-11-10,부산,상추,100g,14867
2025-11-10,부산,얼갈이배추,1kg,3693
2025-11-10,부산,오이,10개,14850
2025-11-10,부산,호박,1개,1968
2025-11-10,부산,토마토,1kg,9570
2025-11-10,부산,무,1개,1755
2025-11-10,부산,당근,1kg,3173
2025-11-10,부산,열무,1kg,3517
2025-11-10,부산,양파,1kg,1740
2025-11-10,부산,대파,1kg,2935
2025-11-10,부산,피망,100g,12600
2025-11-10,부산,파프리카,1개,1720
2025-11-10,부산,마늘,1kg,8960
2025-11-10,부산,브로콜리,1개,3330
2025-11-10,부산,사과,10개,22000
2025-11-10,부산,배,10개,20425
2025-11-11,부산,배추,1포기,4960
2025-11-11,부산,시금치,100g,13025
2025-11-11,부산,상추,100g,14400
2025-11-11,부산,얼갈이배추,1kg,3693
2025-11-11,부산,오이,10개,14850
2025-11-11,부산,호박,1개,1925
2025-11-11,부산,토마토,1kg,9570
2025-11-11,부산,무,1개,1590
2025-11-11,부산,당근,1kg,3173
2025-11-11,부산,열무,1kg,3517
2025-11-11,부산,양파,1kg,1740
2025-11-11,부산,대파,1kg,2935
2025-11-11,부산,피망,100g,12600
2025-11-11,부산,파프리카,1개,2035
2025-11-11,부산,마늘,1kg,8960
2025-11-11,부산,브로콜리,1개,3230
2025-11-11,부산,사과,10개,20850
2025-11-11,부산,배,10개,20275
2025-11-12,부산,배추,1포기,4960
2025-11-12,부산,시금치,100g,12550
2025-11-12,부산,상추,100g,14400
2025-11-12,부산,얼갈이배추,1kg,3590
2025-11-12,부산,오이,10개,14850
2025-11-12,부산,호박,1개,1833
2025-11-12,부산,토마토,1kg,9613
2025-11-12,부산,무,1개,1590
2025-11-12,부산,당근,1kg,3173
2025-11-12,부산,열무,1kg,3517
2025-11-12,부산,양파,1kg,1773
2025-11-12,부산,대파,1kg,2945
2025-11-12,부산,피망,100g,13225
2025-11-12,부산,파프리카,1개,2035
2025-11-12,부산,마늘,1kg,8960
2025-11-12,부산,브로콜리,1개,3813
2025-11-12,부산,사과,10개,20675
2025-11-12,부산,배,10개,20425
2025-11-13,부산,배추,1포기,3960
2025-11-13,부산,시금치,100g,12475
2025-11-13,부산,상추,100g,13733
2025-11-13,부산,얼갈이배추,1kg,3498
2025-11-13,부산,오이,10개,13075
2025-11-13,부산,호박,1개,1683
2025-11-13,부산,토마토,1kg,9528
2025-11-13,부산,무,1개,1790
2025-11-13,부산,당근,1kg,3173
2025-11-13,부산,열무,1kg,3517
2025-11-13,부산,양파,1kg,1788
2025-11-13,부산,대파,1kg,3158
2025-11-13,부산,피망,100g,14475
2025-11-13,부산,파프리카,1개,2185
2025-11-13,부산,마늘,1kg,8708
2025-11-13,부산,브로콜리,1개,3817
2025-11-13,부산,사과,10개,22067
2025-11-13,부산,배,10개,20600
2025-11-14,부산,배추,1포기,3960
2025-11-14,부산,시금치,100g,12925
2025-11-14,부산,상추,100g,13633
2025-11-14,부산,얼갈이배추,1kg,3498
2025-11-14,부산,오이,10개,13075
2025-11-14,부산,호박,1개,1643
2025-11-14,부산,토마토,1kg,9528
2025-11-14,부산,무,1개,1790
2025-11-14,부산,당근,1kg,3173
2025-11-14,부산,열무,1kg,3493
2025-11-14,부산,양파,1kg,1788
2025-11-14,부산,대파,1kg,3158
2025-11-14,부산,피망,100g,14475
2025-11-14,부산,파프리카,1개,2185
2025-11-14,부산,마늘,1kg,8708
2025-11-14,부산,브로콜리,1개,3817
2025-11-14,부산,사과,10개,22067
2025-11-14,부산,배,10개,20600
2025-11-17,부산,배추,1포기,4077
2025-11-17,부산,시금치,100g,12725
2025-11-17,부산,상추,100g,13567
2025-11-17,부산,얼갈이배추,1kg,3498
2025-11-17,부산,오이,10개,13075
2025-11-17,부산,호박,1개,1643
2025-11-17,부산,토마토,1kg,9520
2025-11-17,부산,무,1개,2020
2025-11-17,부산,당근,1kg,2923
2025-11-17,부산,열무,1kg,3493
2025-11-17,부산,양파,1kg,1788
2025-11-17,부산,대파,1kg,3173
2025-11-17,부산,피망,100g,14475
2025-11-17,부산,파프리카,1개,2185
2025-11-17,부산,마늘,1kg,8708
2025-11-17,부산,브로콜리,1개,3817
2025-11-17,부산,사과,10개,22067
2025-11-17,부산,배,10개,20600
2025-11-18,부산,배추,1포기,5660
2025-11-18,부산,시금치,100g,13450
2025-11-18,부산,상추,100g,13800
2025-11-18,부산,얼갈이배추,1kg,3343
2025-11-18,부산,오이,10개,13075
2025-11-18,부산,호박,1개,1758
2025-11-18,부산,토마토,1kg,9445
2025-11-18,부산,무,1개,2190
2025-11-18,부산,당근,1kg,2923
2025-11-18,부산,열무,1kg,3493
2025-11-18,부산,양파,1kg,1953
2025-11-18,부산,대파,1kg,3360
2025-11-18,부산,피망,100g,14475
2025-11-18,부산,파프리카,1개,2210
2025-11-18,부산,마늘,1kg,9525
2025-11-18,부산,브로콜리,1개,3830
2025-11-18,부산,사과,10개,23800
2025-11-18,부산,배,10개,21933
2025-11-19,부산,배추,1포기,5660
2025-11-19,부산,시금치,100g,13025
2025-11-19,부산,상추,100g,13800
2025-11-19,부산,얼갈이배추,1kg,3343
2025-11-19,부산,오이,10개,13033
2025-11-19,부산,호박,1개,1750
2025-11-19,부산,토마토,1kg,9428
2025-11-19,부산,무,1개,2103
2025-11-19,부산,당근,1kg,2913
2025-11-19,부산,열무,1kg,3493
2025-11-19,부산,양파,1kg,1953
2025-11-19,부산,대파,1kg,3373
2025-11-19,부산,피망,100g,14475
2025-11-19,부산,파프리카,1개,2225
2025-11-19,부산,마늘,1kg,8840
2025-11-19,부산,브로콜리,1개,3850
2025-11-19,부산,사과,10개,24800
2025-11-19,부산,배,10개,22033
2025-11-20,부산,배추,1포기,4080
2025-11-20,부산,시금치,100g,11955
2025-11-20,부산,상추,100g,12767
2025-11-20,부산,얼갈이배추,1kg,3273
2025-11-20,부산,오이,10개,13033
2025-11-20,부산,호박,1개,1643
2025-11-20,부산,토마토,1kg,8105
2025-11-20,부산,무,1개,2513
2025-11-20,부산,당근,1kg,2913
2025-11-20,부산,열무,1kg,3493
2025-11-20,부산,양파,1kg,1995
2025-11-20,부산,대파,1kg,3833
2025-11-20,부산,피망,100g,13850
2025-11-20,부산,파프리카,1개,1743
2025-11-20,부산,마늘,1kg,9275
2025-11-20,부산,브로콜리,1개,3350
2025-11-20,부산,사과,10개,23950
2025-11-20,부산,배,10개,24350
2025-11-21,부산,배추,1포기,4080
2025-11-21,부산,시금치,100g,12730
2025-11-21,부산,상추,100g,11000
2025-11-21,부산,얼갈이배추,1kg,3273
2025-11-21,부산,오이,10개,13033
2025-11-21,부산,호박,1개,1643
2025-11-21,부산,토마토,1kg,8105
2025-11-21,부산,무,1개,2515
2025-11-21,부산,당근,1kg,2913
2025-11-21,부산,열무,1kg,4210
2025-11-21,부산,양파,1kg,1995
2025-11-21,부산,대파,1kg,3800
2025-11-21,부산,피망,100g,13875
2025-11-21,부산,파프리카,1개,1750
2025-11-21,부산,마늘,1kg,9275
2025-11-21,부산,브로콜리,1개,3350
2025-11-21,부산,사과,10개,25450
2025-11-21,부산,배,10개,24350
2025-11-24,부산,배추,1포기,4080
2025-11-24,부산,시금치,100g,12330
2025-11-24,부산,상추,100g,11000
2025-11-24,부산,얼갈이배추,1kg,3273
2025-11-24,부산,오이,10개,13075
2025-11-24,부산,호박,1개,1643
2025-11-24,부산,토마토,1kg,8105
2025-11-24,부산,무,1개,2525
2025-11-24,부산,당근,1kg,2913
2025-11-24,부산,열무,1kg,4210
2025-11-24,부산,양파,1kg,1995
2025-11-24,부산,대파,1kg,3800
2025-11-24,부산,피망,100g,13925
2025-11-24,부산,파프리카,1개,1750
2025-11-24,부산,마늘,1kg,9275
2025-11-24,부산,브로콜리,1개,3350
2025-11-24,부산,사과,10개,25450
2025-11-24,부산,배,10개,24350
2025-11-25,부산,배추,1포기,4080
2025-11-25,부산,시금치,100g,12333
2025-11-25,부산,상추,100g,12100
2025-11-25,부산,얼갈이배추,1kg,3273
2025-11-25,부산,오이,10개,13075
2025-11-25,부산,호박,1개,1643
2025-11-25,부산,토마토,1kg,8085
2025-11-25,부산,무,1개,2525
2025-11-25,부산,당근,1kg,2913
2025-11-25,부산,열무,1kg,4210
2025-11-25,부산,양파,1kg,1995
2025-11-25,부산,대파,1kg,3800
2025-11-25,부산,피망,100g,13925
2025-11-25,부산,파프리카,1개,1743
2025-11-25,부산,마늘,1kg,9275
2025-11-25,부산,브로콜리,1개,3350
2025-11-25,부산,사과,10개,25450
2025-11-25,부산,배,10개,24350
2025-11-26,부산,배추,1포기,4080
2025-11-26,부산,시금치,100g,12330
2025-11-26,부산,상추,100g,12100
2025-11-26,부산,얼갈이배추,1kg,3428
2025-11-26,부산,오이,10개,13075
2025-11-26,부산,호박,1개,1643
2025-11-26,부산,토마토,1kg,8085
2025-11-26,부산,무,1개,2525
2025-11-26,부산,당근,1kg,3163
2025-11-26,부산,열무,1kg,4210
2025-11-26,부산,양파,1kg,1995
2025-11-26,부산,대파,1kg,3800
2025-11-26,부산,피망,100g,13925
2025-11-26,부산,파프리카,1개,1740
2025-11-26,부산,마늘,1kg,9585
2025-11-26,부산,브로콜리,1개,3350
2025-11-26,부산,사과,10개,23450
2025-11-26,부산,배,10개,24350
2025-11-27,부산,배추,1포기,4297
2025-11-27,부산,시금치,100g,9493
2025-11-27,부산,상추,100g,11300
2025-11-27,부산,얼갈이배추,1kg,3428
2025-11-27,부산,오이,10개,12800
2025-11-27,부산,호박,1개,1368
2025-11-27,부산,토마토,1kg,7695
2025-11-27,부산,무,1개,2525
2025-11-27,부산,당근,1kg,3383
2025-11-27,부산,열무,1kg,4210
2025-11-27,부산,양파,1kg,1838
2025-11-27,부산,대파,1kg,3313
2025-11-27,부산,피망,100g,13250
2025-11-27,부산,파프리카,1개,1677
2025-11-27,부산,마늘,1kg,9828
2025-11-27,부산,브로콜리,1개,3517
2025-11-27,부산,사과,10개,23300
2025-11-27,부산,배,10개,25600
2025-11-28,부산,배추,1포기,4387
2025-11-28,부산,시금치,100g,9368
2025-11-28,부산,상추,100g,11033
2025-11-28,부산,얼갈이배추,1kg,3428
2025-11-28,부산,오이,10개,12800
2025-11-28,부산,호박,1개,1368
2025-11-28,부산,토마토,1kg,7695
2025-11-28,부산,무,1개,2525
2025-11-28,부산,당근,1kg,3383
2025-11-28,부산,열무,1kg,4210
2025-11-28,부산,양파,1kg,1843
2025-11-28,부산,대파,1kg,3318
2025-11-28,부산,피망,100g,13200
2025-11-28,부산,파프리카,1개,1677
2025-11-28,부산,마늘,1kg,9928
2025-11-28,부산,브로콜리,1개,3517
2025-11-28,부산,사과,10개,23300
2025-11-28,부산,배,10개,25750
2025-12-01,부산,배추,1포기,4387
2025-12-01,부산,시금치,100g,10040
2025-12-01,부산,상추,100g,10967
2025-12-01,부산,얼갈이배추,1kg,3525
2025-12-01,부산,오이,10개,12715
2025-12-01,부산,호박,1개,1368
2025-12-01,부산,토마토,1kg,7620
2025-12-01,부산,무,1개,2665
2025-12-01,부산,당근,1kg,3383
2025-12-01,부산,열무,1kg,4185
2025-12-01,부산,양파,1kg,1843
2025-12-01,부산,대파,1kg,3318
2025-12-01,부산,피망,100g,13225
2025-12-01,부산,파프리카,1개,1710
2025-12-01,부산,마늘,1kg,9628
2025-12-01,부산,브로콜리,1개,3533
2025-12-01,부산,사과,10개,23300
2025-12-01,부산,배,10개,25750
2025-12-02,부산,배추,1포기,4387
2025-12-02,부산,시금치,100g,9600
2025-12-02,부산,상추,100g,10900
2025-12-02,부산,얼갈이배추,1kg,3400
2025-12-02,부산,오이,10개,12630
2025-12-02,부산,호박,1개,1343
2025-12-02,부산,토마토,1kg,6953
2025-12-02,부산,무,1개,2550
2025-12-02,부산,당근,1kg,3383
2025-12-02,부산,열무,1kg,4185
2025-12-02,부산,양파,1kg,2000
2025-12-02,부산,대파,1kg,3343
2025-12-02,부산,피망,100g,13225
2025-12-02,부산,파프리카,1개,1747
2025-12-02,부산,마늘,1kg,9928
2025-12-02,부산,브로콜리,1개,3533
2025-12-02,부산,사과,10개,25725
2025-12-02,부산,배,10개,25750
2025-12-03,부산,배추,1포기,4387
2025-12-03,부산,시금치,100g,9600
2025-12-03,부산,상추,100g,10867
2025-12-03,부산,얼갈이배추,1kg,3400
2025-12-03,부산,오이,10개,12630
2025-12-03,부산,호박,1개,1343
2025-12-03,부산,토마토,1kg,6953
2025-12-03,부산,무,1개,2558
2025-12-03,부산,당근,1kg,3383
2025-12-03,부산,열무,1kg,4185
2025-12-03,부산,양파,1kg,2000
2025-12-03,부산,대파,1kg,3343
2025-12-03,부산,피망,100g,13225
2025-12-03,부산,파프리카,1개,1747
2025-12-03,부산,마늘,1kg,9928
2025-12-03,부산,브로콜리,1개,3490
2025-12-03,부산,사과,10개,25725
2025-12-03,부산,배,10개,25750
2025-12-04,부산,배추,1포기,4163
2025-12-04,부산,시금치,100g,9853
2025-12-04,부산,상추,100g,10867
2025-12-04,부산,얼갈이배추,1kg,3243
2025-12-04,부산,오이,10개,12673
2025-12-04,부산,호박,1개,1493
2025-12-04,부산,토마토,1kg,6620
2025-12-04,부산,무,1개,2663
2025-12-04,부산,당근,1kg,3090
2025-12-04,부산,열무,1kg,4185
2025-12-04,부산,양파,1kg,2300
2025-12-04,부산,대파,1kg,3853
2025-12-04,부산,피망,100g,12613
2025-12-04,부산,파프리카,1개,1713
2025-12-04,부산,마늘,1kg,10648
2025-12-04,부산,브로콜리,1개,3333
2025-12-04,부산,사과,10개,26100
2025-12-04,부산,배,10개,28467
2025-12-08,부산,배추,1포기,4163
2025-12-08,부산,시금치,100g,9678
2025-12-08,부산,상추,100g,10867
2025-12-08,부산,얼갈이배추,1kg,3243
2025-12-08,부산,오이,10개,12673
2025-12-08,부산,호박,1개,1493
2025-12-08,부산,토마토,1kg,6620
2025-12-08,부산,무,1개,2663
2025-12-08,부산,당근,1kg,3090
2025-12-08,부산,열무,1kg,4185
2025-12-08,부산,양파,1kg,2300
2025-12-08,부산,대파,1kg,3853
2025-12-08,부산,피망,100g,12613
2025-12-08,부산,파프리카,1개,1725
2025-12-08,부산,마늘,1kg,10648
2025-12-08,부산,브로콜리,1개,3333
2025-12-08,부산,사과,10개,26200
2025-12-08,부산,배,10개,28467
2025-12-09,부산,배추,1포기,4028
2025-12-09,부산,시금치,100g,9628
2025-12-09,부산,상추,100g,10833
2025-12-09,부산,얼갈이배추,1kg,3243
2025-12-09,부산,오이,10개,12673
2025-12-09,부산,호박,1개,1493
2025-12-09,부산,토마토,1kg,6558
2025-12-09,부산,무,1개,2625
2025-12-09,부산,당근,1kg,3215
2025-12-09,부산,열무,1kg,4185
2025-12-09,부산,양파,1kg,2300
2025-12-09,부산,대파,1kg,3853
2025-12-09,부산,피망,100g,11363
2025-12-09,부산,파프리카,1개,1713
2025-12-09,부산,마늘,1kg,10773
2025-12-09,부산,브로콜리,1개,3373
2025-12-09,부산,사과,10개,26400
2025-12-09,부산,배,10개,28633
2025-12-10,부산,배추,1포기,4373
2025-12-10,부산,시금치,100g,10325
2025-12-10,부산,상추,100g,10833
2025-12-10,부산,얼갈이배추,1kg,3058
2025-12-10,부산,오이,10개,12673
2025-12-10,부산,호박,1개,1593
2025-12-10,부산,토마토,1kg,6308
2025-12-10,부산,무,1개,2618
2025-12-10,부산,당근,1kg,3215
2025-12-10,부산,열무,1kg,4185
2025-12-10,부산,양파,1kg,2300
2025-12-10,부산,대파,1kg,3853
2025-12-10,부산,피망,100g,10363
2025-12-10,부산,파프리카,1개,1723
2025-12-10,부산,마늘,1kg,10773
2025-12-10,부산,브로콜리,1개,3373
2025-12-10,부산,사과,10개,25250
2025-12-10,부산,배,10개,29700
2025-12-11,부산,배추,1포기,4373
2025-12-11,부산,시금치,100g,8753
2025-12-11,부산,상추,100g,10833
2025-12-11,부산,얼갈이배추,1kg,3180
2025-12-11,부산,오이,10개,12758
2025-12-11,부산,호박,1개,1740
2025-12-11,부산,토마토,1kg,6065
2025-12-11,부산,무,1개,2618
2025-12-11,부산,당근,1kg,3450
2025-12-11,부산,열무,1kg,4185
2025-12-11,부산,양파,1kg,2300
2025-12-11,부산,대파,1kg,3870
2025-12-11,부산,피망,100g,9738
2025-12-11,부산,파프리카,1개,1723
2025-12-11,부산,마늘,1kg,10973
2025-12-11,부산,브로콜리,1개,2847
2025-12-11,부산,사과,10개,25325
2025-12-11,부산,배,10개,26733
2025-12-12,부산,배추,1포기,4673
2025-12-12,부산,시금치,100g,9803
2025-12-12,부산,상추,100g,10057
2025-12-12,부산,얼갈이배추,1kg,3140
2025-12-12,부산,오이,10개,12758
2025-12-12,부산,호박,1개,1740
2025-12-12,부산,토마토,1kg,6065
2025-12-12,부산,무,1개,2618
2025-12-12,부산,당근,1kg,3450
2025-12-12,부산,열무,1kg,4185
2025-12-12,부산,양파,1kg,2300
2025-12-12,부산,대파,1kg,4013
2025-12-12,부산,피망,100g,9738
2025-12-12,부산,파프리카,1개,1723
2025-12-12,부산,마늘,1kg,10473
2025-12-12,부산,브로콜리,1개,2847
2025-12-12,부산,사과,10개,25325
2025-12-12,부산,배,10개,26733
2025-12-15,부산,배추,1포기,4373
2025-12-15,부산,시금치,100g,8333
2025-12-15,부산,상추,100g,10833
2025-12-15,부산,얼갈이배추,1kg,3140
2025-12-15,부산,오이,10개,12758
2025-12-15,부산,호박,1개,1740
2025-12-15,부산,토마토,1kg,6050
2025-12-15,부산,무,1개,2618
2025-12-15,부산,당근,1kg,3450
2025-12-15,부산,열무,1kg,4185
2025-12-15,부산,양파,1kg,2300
2025-12-15,부산,대파,1kg,4045
2025-12-15,부산,피망,100g,9738
2025-12-15,부산,파프리카,1개,1727
2025-12-15,부산,마늘,1kg,11355
2025-12-15,부산,브로콜리,1개,2863
2025-12-15,부산,사과,10개,25525
2025-12-15,부산,배,10개,26733
2025-12-16,부산,배추,1포기,4330
2025-12-16,부산,시금치,100g,9343
2025-12-16,부산,상추,100g,10833
2025-12-16,부산,얼갈이배추,1kg,3140
2025-12-16,부산,오이,10개,13258
2025-12-16,부산,호박,1개,1740
2025-12-16,부산,토마토,1kg,6050
2025-12-16,부산,무,1개,2618
2025-12-16,부산,당근,1kg,3450
2025-12-16,부산,열무,1kg,4185
2025-12-16,부산,양파,1kg,2300
2025-12-16,부산,대파,1kg,4045
2025-12-16,부산,피망,100g,9738
2025-12-16,부산,파프리카,1개,1727
2025-12-16,부산,마늘,1kg,11355
2025-12-16,부산,브로콜리,1개,2863
2025-12-16,부산,사과,10개,25525
2025-12-16,부산,배,10개,29900
2025-12-17,부산,배추,1포기,4710
2025-12-17,부산,시금치,100g,9343
2025-12-17,부산,상추,100g,10833
2025-12-17,부산,얼갈이배추,1kg,3140
2025-12-17,부산,오이,10개,13258
2025-12-17,부산,호박,1개,1740
2025-12-17,부산,토마토,1kg,6050
2025-12-17,부산,무,1개,2308
2025-12-17,부산,당근,1kg,3450
2025-12-17,부산,열무,1kg,4185
2025-12-17,부산,양파,1kg,2300
2025-12-17,부산,대파,1kg,4028
2025-12-17,부산,피망,100g,9738
2025-12-17,부산,파프리카,1개,1727
2025-12-17,부산,마늘,1kg,11355
2025-12-17,부산,브로콜리,1개,2867
2025-12-17,부산,사과,10개,25525
2025-12-17,부산,배,10개,29900
2025-12-18,부산,배추,1포기,4897
2025-12-18,부산,시금치,100g,8495
2025-12-18,부산,상추,100g,10867
2025-12-18,부산,얼갈이배추,1kg,3293
2025-12-18,부산,오이,10개,13258
2025-12-18,부산,호박,1개,1493
2025-12-18,부산,토마토,1kg,6075
2025-12-18,부산,무,1개,2380
2025-12-18,부산,당근,1kg,2988
2025-12-18,부산,열무,1kg,4185
2025-12-18,부산,양파,1kg,2060
2025-12-18,부산,대파,1kg,4235
2025-12-18,부산,피망,100g,10363
2025-12-18,부산,파프리카,1개,1460
2025-12-18,부산,마늘,1kg,9270
2025-12-18,부산,브로콜리,1개,3090
2025-12-18,부산,사과,10개,24800
2025-12-18,부산,배,10개,24600
2025-12-19,부산,배추,1포기,5170
2025-12-19,부산,시금치,100g,8495
2025-12-19,부산,상추,100g,10867
2025-12-19,부산,얼갈이배추,1kg,3293
2025-12-19,부산,오이,10개,13258
2025-12-19,부산,호박,1개,1493
2025-12-19,부산,토마토,1kg,6075
2025-12-19,부산,무,1개,2183
2025-12-19,부산,당근,1kg,2975
2025-12-19,부산,열무,1kg,4220
2025-12-19,부산,양파,1kg,2063
2025-12-19,부산,대파,1kg,4235
2025-12-19,부산,피망,100g,10363
2025-12-19,부산,파프리카,1개,1460
2025-12-19,부산,마늘,1kg,9270
2025-12-19,부산,브로콜리,1개,3117
2025-12-19,부산,사과,10개,24800
2025-12-19,부산,배,10개,24600
2025-12-22,부산,배추,1포기,5170
2025-12-22,부산,시금치,100g,8495
2025-12-22,부산,상추,100g,10867
2025-12-22,부산,얼갈이배추,1kg,3418
2025-12-22,부산,오이,10개,13300
2025-12-22,부산,호박,1개,1643
2025-12-22,부산,토마토,1kg,6063
2025-12-22,부산,무,1개,2183
2025-12-22,부산,당근,1kg,2975
2025-12-22,부산,열무,1kg,4220
2025-12-22,부산,양파,1kg,1910
2025-12-22,부산,대파,1kg,4250
2025-12-22,부산,피망,100g,10363
2025-12-22,부산,파프리카,1개,1460
2025-12-22,부산,마늘,1kg,9270
2025-12-22,부산,브로콜리,1개,3107
2025-12-22,부산,사과,10개,23825
2025-12-22,부산,배,10개,24600
2025-12-23,부산,배추,1포기,5170
2025-12-23,부산,시금치,100g,8495
2025-12-23,부산,상추,100g,10900
2025-12-23,부산,얼갈이배추,1kg,3425
2025-12-23,부산,오이,10개,13300
2025-12-23,부산,호박,1개,1643
2025-12-23,부산,토마토,1kg,6053
2025-12-23,부산,무,1개,2183
2025-12-23,부산,당근,1kg,2975
2025-12-23,부산,열무,1kg,4220
2025-12-23,부산,양파,1kg,1910
2025-12-23,부산,대파,1kg,4250
2025-12-23,부산,피망,100g,10388
2025-12-23,부산,파프리카,1개,1597
2025-12-23,부산,마늘,1kg,9270
2025-12-23,부산,브로콜리,1개,3107
2025-12-23,부산,사과,10개,23825
2025-12-23,부산,배,10개,24600
2025-12-24,부산,배추,1포기,4803
2025-12-24,부산,시금치,100g,9035
2025-12-24,부산,상추,100g,9950
2025-12-24,부산,얼갈이배추,1kg,3425
2025-12-24,부산,오이,10개,13925
2025-12-24,부산,호박,1개,1688
2025-12-24,부산,토마토,1kg,6053
2025-12-24,부산,무,1개,2380
2025-12-24,부산,당근,1kg,3200
2025-12-24,부산,열무,1kg,4220
2025-12-24,부산,양파,1kg,2153
2025-12-24,부산,대파,1kg,4250
2025-12-24,부산,피망,100g,10388
2025-12-24,부산,파프리카,1개,1633
2025-12-24,부산,마늘,1kg,9860
2025-12-24,부산,브로콜리,1개,3073
2025-12-24,부산,사과,10개,24325
2025-12-24,부산,배,10개,27367
2025-12-26,부산,배추,1포기,4803
2025-12-26,부산,시금치,100g,9275
2025-12-26,부산,상추,100g,9900
2025-12-26,부산,얼갈이배추,1kg,3425
2025-12-26,부산,오이,10개,14675
2025-12-26,부산,호박,1개,1683
2025-12-26,부산,토마토,1kg,6833
2025-12-26,부산,무,1개,2560
2025-12-26,부산,당근,1kg,2475
2025-12-26,부산,열무,1kg,4220
2025-12-26,부산,양파,1kg,2153
2025-12-26,부산,대파,1kg,4210
2025-12-26,부산,피망,100g,10975
2025-12-26,부산,파프리카,1개,1700
2025-12-26,부산,마늘,1kg,10190
2025-12-26,부산,브로콜리,1개,3063
2025-12-26,부산,사과,10개,25167
2025-12-26,부산,배,10개,24933
2025-12-29,부산,배추,1포기,4803
2025-12-29,부산,시금치,100g,9275
2025-12-29,부산,상추,100g,9900
2025-12-29,부산,얼갈이배추,1kg,3433
2025-12-29,부산,오이,10개,14675
2025-12-29,부산,호박,1개,1683
2025-12-29,부산,토마토,1kg,7015
2025-12-29,부산,무,1개,2560
2025-12-29,부산,당근,1kg,2455
2025-12-29,부산,열무,1kg,4220
2025-12-29,부산,양파,1kg,2160
2025-12-29,부산,대파,1kg,4210
2025-12-29,부산,피망,100g,10975
2025-12-29,부산,파프리카,1개,1700
2025-12-29,부산,마늘,1kg,10190
2025-12-29,부산,브로콜리,1개,2858
2025-12-29,부산,사과,10개,25167
2025-12-29,부산,배,10개,24933
2025-12-30,부산,배추,1포기,5010
2025-12-30,부산,시금치,100g,9275
2025-12-30,부산,상추,100g,10150
2025-12-30,부산,얼갈이배추,1kg,3433
2025-12-30,부산,오이,10개,15675
2025-12-30,부산,호박,1개,1783
2025-12-30,부산,토마토,1kg,6970
2025-12-30,부산,무,1개,2380
2025-12-30,부산,당근,1kg,2455
2025-12-30,부산,열무,1kg,4220
2025-12-30,부산,양파,1kg,2215
2025-12-30,부산,대파,1kg,4210
2025-12-30,부산,피망,100g,10975
2025-12-30,부산,파프리카,1개,1700
2025-12-30,부산,마늘,1kg,10845
2025-12-30,부산,브로콜리,1개,2868
2025-12-30,부산,사과,10개,26325
2025-12-30,부산,배,10개,26633
2025-12-31,부산,배추,1포기,5010
2025-12-31,부산,시금치,100g,9300
2025-12-31,부산,상추,100g,10300
2025-12-31,부산,얼갈이배추,1kg,3273
2025-12-31,부산,오이,10개,15850
2025-12-31,부산,호박,1개,1808
2025-12-31,부산,토마토,1kg,6970
2025-12-31,부산,무,1개,2380
2025-12-31,부산,당근,1kg,2580
2025-12-31,부산,열무,1kg,4220
2025-12-31,부산,양파,1kg,2355
2025-12-31,부산,대파,1kg,4278
2025-12-31,부산,피망,100g,11600
2025-12-31,부산,파프리카,1개,1600
2025-12-31,부산,마늘,1kg,11345
2025-12-31,부산,브로콜리,1개,2868
2025-12-31,부산,사과,10개,28325
2025-12-31,부산,배,10개,30167
2026-01-02,부산,배추,1포기,5060
2026-01-02,부산,시금치,100g,10050
2026-01-02,부산,상추,100g,10500
2026-01-02,부산,얼갈이배추,1kg,3273
2026-01-02,부산,오이,10개,16000
2026-01-02,부산,호박,1개,1733
2026-01-02,부산,토마토,1kg,6788
2026-01-02,부산,무,1개,2480
2026-01-02,부산,당근,1kg,3265
2026-01-02,부산,열무,1kg,4220
2026-01-02,부산,양파,1kg,2453
2026-01-02,부산,대파,1kg,4243
2026-01-02,부산,피망,100g,11600
2026-01-02,부산,파프리카,1개,1467
2026-01-02,부산,마늘,1kg,10915
2026-01-02,부산,브로콜리,1개,2793
2026-01-02,부산,사과,10개,28250
2026-01-02,부산,배,10개,28300
2026-01-05,부산,배추,1포기,5045
2026-01-05,부산,시금치,100g,8615
2026-01-05,부산,상추,100g,11050
2026-01-05,부산,얼갈이배추,1kg,3283
2026-01-05,부산,오이,10개,16350
2026-01-05,부산,호박,1개,1725
2026-01-05,부산,토마토,1kg,6538
2026-01-05,부산,무,1개,2230
2026-01-05,부산,당근,1kg,3265
2026-01-05,부산,열무,1kg,4245
2026-01-05,부산,양파,1kg,2465
2026-01-05,부산,대파,1kg,3930
2026-01-05,부산,피망,100g,11625
2026-01-05,부산,파프리카,1개,1467
2026-01-05,부산,마늘,1kg,10703
2026-01-05,부산,브로콜리,1개,2168
2026-01-05,부산,사과,10개,28250
2026-01-05,부산,배,10개,30167
2026-01-06,부산,배추,1포기,5050
2026-01-06,부산,시금치,100g,8615
2026-01-06,부산,상추,100g,11033
2026-01-06,부산,얼갈이배추,1kg,3513
2026-01-06,부산,오이,10개,16775
2026-01-06,부산,호박,1개,1775
2026-01-06,부산,토마토,1kg,6513
2026-01-06,부산,무,1개,2230
2026-01-06,부산,당근,1kg,3265
2026-01-06,부산,열무,1kg,4245
2026-01-06,부산,양파,1kg,2465
2026-01-06,부산,대파,1kg,3970
2026-01-06,부산,피망,100g,11625
2026-01-06,부산,파프리카,1개,1577
2026-01-06,부산,마늘,1kg,10703
2026-01-06,부산,브로콜리,1개,2243
2026-01-06,부산,사과,10개,26325
2026-01-06,부산,배,10개,30167
2026-01-07,부산,배추,1포기,5050
2026-01-07,부산,시금치,100g,8590
2026-01-07,부산,상추,100g,10767
2026-01-07,부산,얼갈이배추,1kg,3763
2026-01-07,부산,오이,10개,17025
2026-01-07,부산,호박,1개,1783
2026-01-07,부산,토마토,1kg,6488
2026-01-07,부산,무,1개,2230
2026-01-07,부산,당근,1kg,3265
2026-01-07,부산,열무,1kg,4245
2026-01-07,부산,양파,1kg,2465
2026-01-07,부산,대파,1kg,3970
2026-01-07,부산,피망,100g,11625
2026-01-07,부산,파프리카,1개,1577
2026-01-07,부산,마늘,1kg,10703
2026-01-07,부산,브로콜리,1개,2180
2026-01-07,부산,사과,10개,26325
2026-01-07,부산,배,10개,30167
2026-01-08,부산,배추,1포기,5175
2026-01-08,부산,시금치,100g,11645
2026-01-08,부산,상추,100g,12333
2026-01-08,부산,얼갈이배추,1kg,3763
2026-01-08,부산,오이,10개,17850
2026-01-08,부산,호박,1개,2033
2026-01-08,부산,토마토,1kg,6738
2026-01-08,부산,무,1개,2280
2026-01-08,부산,당근,1kg,3225
2026-01-08,부산,열무,1kg,4245
2026-01-08,부산,양파,1kg,2465
2026-01-08,부산,대파,1kg,4020
2026-01-08,부산,피망,100g,11625
2026-01-08,부산,파프리카,1개,1563
2026-01-08,부산,마늘,1kg,11415
2026-01-08,부산,브로콜리,1개,2193
2026-01-08,부산,사과,10개,26325
2026-01-08,부산,배,10개,30167
2026-01-09,부산,배추,1포기,5175
2026-01-09,부산,시금치,100g,11573
2026-01-09,부산,상추,100g,12333
2026-01-09,부산,얼갈이배추,1kg,3763
2026-01-09,부산,오이,10개,17025
2026-01-09,부산,호박,1개,2043
2026-01-09,부산,토마토,1kg,5903
2026-01-09,부산,무,1개,2280
2026-01-09,부산,당근,1kg,3225
2026-01-09,부산,열무,1kg,4245
2026-01-09,부산,양파,1kg,2353
2026-01-09,부산,대파,1kg,4020
2026-01-09,부산,피망,100g,12000
2026-01-09,부산,파프리카,1개,1563
2026-01-09,부산,마늘,1kg,10703
2026-01-09,부산,브로콜리,1개,2193
2026-01-09,부산,사과,10개,26325
2026-01-09,부산,배,10개,30167
2026-01-12,부산,배추,1포기,5175
2026-01-12,부산,시금치,100g,11570
2026-01-12,부산,상추,100g,12333
2026-01-12,부산,얼갈이배추,1kg,4028
2026-01-12,부산,오이,10개,17025
2026-01-12,부산,호박,1개,2043
2026-01-12,부산,토마토,1kg,5903
2026-01-12,부산,무,1개,2280
2026-01-12,부산,당근,1kg,3225
2026-01-12,부산,열무,1kg,4245
2026-01-12,부산,양파,1kg,2353
2026-01-12,부산,대파,1kg,4020
2026-01-12,부산,피망,100g,12000
2026-01-12,부산,파프리카,1개,1693
2026-01-12,부산,마늘,1kg,10703
2026-01-12,부산,브로콜리,1개,2268
2026-01-12,부산,사과,10개,26325
2026-01-12,부산,배,10개,30167
2026-01-13,부산,배추,1포기,5175
2026-01-13,부산,시금치,100g,11573
2026-01-13,부산,상추,100g,12333
2026-01-13,부산,얼갈이배추,1kg,4028
2026-01-13,부산,오이,10개,17025
2026-01-13,부산,호박,1개,2043
2026-01-13,부산,토마토,1kg,5903
2026-01-13,부산,무,1개,2280
2026-01-13,부산,당근,1kg,3225
2026-01-13,부산,열무,1kg,4245
2026-01-13,부산,양파,1kg,2465
2026-01-13,부산,대파,1kg,4020
2026-01-13,부산,피망,100g,12000
2026-01-13,부산,파프리카,1개,1693
2026-01-13,부산,마늘,1kg,10703
2026-01-13,부산,브로콜리,1개,2268
2026-01-13,부산,사과,10개,26325
2026-01-13,부산,배,10개,30167
2026-01-14,부산,배추,1포기,5175
2026-01-14,부산,시금치,100g,10098
2026-01-14,부산,상추,100g,12333
2026-01-14,부산,얼갈이배추,1kg,4028
2026-01-14,부산,오이,10개,19075
2026-01-14,부산,호박,1개,2093
2026-01-14,부산,토마토,1kg,6738
2026-01-14,부산,무,1개,2280
2026-01-14,부산,당근,1kg,2738
2026-01-14,부산,열무,1kg,4245
2026-01-14,부산,양파,1kg,2465
2026-01-14,부산,대파,1kg,4020
2026-01-14,부산,피망,100g,12000
2026-01-14,부산,파프리카,1개,1793
2026-01-14,부산,마늘,1kg,11415
2026-01-14,부산,브로콜리,1개,2268
2026-01-14,부산,사과,10개,26725
2026-01-14,부산,배,10개,30167
2026-01-15,부산,배추,1포기,5175
2026-01-15,부산,시금치,100g,11398
2026-01-15,부산,상추,100g,12500
2026-01-15,부산,얼갈이배추,1kg,4028
2026-01-15,부산,오이,10개,19075
2026-01-15,부산,호박,1개,2343
2026-01-15,부산,토마토,1kg,4978
2026-01-15,부산,무,1개,2255
2026-01-15,부산,당근,1kg,3225
2026-01-15,부산,열무,1kg,4245
2026-01-15,부산,양파,1kg,2208
2026-01-15,부산,대파,1kg,4200
2026-01-15,부산,피망,100g,12000
2026-01-15,부산,파프리카,1개,1660
2026-01-15,부산,마늘,1kg,10565
2026-01-15,부산,브로콜리,1개,2068
2026-01-15,부산,사과,10개,25725
2026-01-15,부산,배,10개,30833
2026-01-16,부산,배추,1포기,5175
2026-01-16,부산,시금치,100g,11398
2026-01-16,부산,상추,100g,12500
2026-01-16,부산,얼갈이배추,1kg,4028
2026-01-16,부산,오이,10개,19075
2026-01-16,부산,호박,1개,2450
2026-01-16,부산,토마토,1kg,4978
2026-01-16,부산,무,1개,2255
2026-01-16,부산,당근,1kg,3225
2026-01-16,부산,열무,1kg,4245
2026-01-16,부산,양파,1kg,2208
2026-01-16,부산,대파,1kg,3843
2026-01-16,부산,피망,100g,12000
2026-01-16,부산,파프리카,1개,1660
2026-01-16,부산,마늘,1kg,10565
2026-01-16,부산,브로콜리,1개,2080
2026-01-16,부산,사과,10개,25725
2026-01-16,부산,배,10개,30833
2026-01-19,부산,배추,1포기,5175
2026-01-19,부산,시금치,100g,11753
2026-01-19,부산,상추,100g,12500
2026-01-19,부산,얼갈이배추,1kg,4028
2026-01-19,부산,오이,10개,17825
2026-01-19,부산,호박,1개,2450
2026-01-19,부산,토마토,1kg,4978
2026-01-19,부산,무,1개,2255
2026-01-19,부산,당근,1kg,3225
2026-01-19,부산,열무,1kg,3995
2026-01-19,부산,양파,1kg,2208
2026-01-19,부산,대파,1kg,3843
2026-01-19,부산,피망,100g,12000
2026-01-19,부산,파프리카,1개,1660
2026-01-19,부산,마늘,1kg,10565
2026-01-19,부산,브로콜리,1개,2330
2026-01-19,부산,사과,10개,25725
2026-01-19,부산,배,10개,30833
2026-01-20,부산,배추,1포기,5175
2026-01-20,부산,시금치,100g,10868
2026-01-20,부산,상추,100g,12500
2026-01-20,부산,얼갈이배추,1kg,3637
2026-01-20,부산,오이,10개,17825
2026-01-20,부산,호박,1개,2450
2026-01-20,부산,토마토,1kg,4978
2026-01-20,부산,무,1개,2255
2026-01-20,부산,당근,1kg,3225
2026-01-20,부산,열무,1kg,3995
2026-01-20,부산,양파,1kg,2363
2026-01-20,부산,대파,1kg,3843
2026-01-20,부산,피망,100g,12000
2026-01-20,부산,파프리카,1개,1827
2026-01-20,부산,마늘,1kg,11065
2026-01-20,부산,브로콜리,1개,2330
2026-01-20,부산,사과,10개,26725
2026-01-20,부산,배,10개,30833
2026-01-21,부산,배추,1포기,5175
2026-01-21,부산,시금치,100g,10868
2026-01-21,부산,상추,100g,12500
2026-01-21,부산,얼갈이배추,1kg,3637
2026-01-21,부산,오이,10개,17825
2026-01-21,부산,호박,1개,2450
2026-01-21,부산,토마토,1kg,4978
2026-01-21,부산,무,1개,2255
2026-01-21,부산,당근,1kg,3225
2026-01-21,부산,열무,1kg,3995
2026-01-21,부산,양파,1kg,2363
2026-01-21,부산,대파,1kg,3843
2026-01-21,부산,피망,100g,13000
2026-01-21,부산,파프리카,1개,1810
2026-01-21,부산,마늘,1kg,11065
2026-01-21,부산,브로콜리,1개,2330
2026-01-21,부산,사과,10개,29200
2026-01-21,부산,배,10개,30833
2026-01-22,부산,배추,1포기,5133
2026-01-22,부산,시금치,100g,11045
2026-01-22,부산,상추,100g,13550
2026-01-22,부산,얼갈이배추,1kg,3637
2026-01-22,부산,오이,10개,17825
2026-01-22,부산,호박,1개,2200
2026-01-22,부산,토마토,1kg,5415
2026-01-22,부산,무,1개,2165
2026-01-22,부산,당근,1kg,3350
2026-01-22,부산,열무,1kg,3995
2026-01-22,부산,양파,1kg,2465
2026-01-22,부산,대파,1kg,3655
2026-01-22,부산,피망,100g,13600
2026-01-22,부산,파프리카,1개,1848
2026-01-22,부산,마늘,1kg,10548
2026-01-22,부산,브로콜리,1개,2680
2026-01-22,부산,사과,10개,28200
2026-01-22,부산,배,10개,28300
2026-01-23,부산,배추,1포기,5133
2026-01-23,부산,시금치,100g,11045
2026-01-23,부산,상추,100g,12367
2026-01-23,부산,얼갈이배추,1kg,3637
2026-01-23,부산,오이,10개,17825
2026-01-23,부산,호박,1개,2200
2026-01-23,부산,토마토,1kg,5415
2026-01-23,부산,무,1개,2165
2026-01-23,부산,당근,1kg,3350
2026-01-23,부산,열무,1kg,3995
2026-01-23,부산,양파,1kg,2410
2026-01-23,부산,대파,1kg,3820
2026-01-23,부산,피망,100g,14250
2026-01-23,부산,파프리카,1개,1848
2026-01-23,부산,마늘,1kg,10548
2026-01-23,부산,브로콜리,1개,2680
2026-01-23,부산,사과,10개,28200
2026-01-23,부산,배,10개,28300
2025-10-28,대구,배추,1포기,6547
2025-10-28,대구,시금치,100g,10773
2025-10-28,대구,상추,100g,16867
2025-10-28,대구,얼갈이배추,1kg,4160
2025-10-28,대구,오이,10개,14733
2025-10-28,대구,호박,1개,2260
2025-10-28,대구,토마토,1kg,9323
2025-10-28,대구,무,1개,2595
2025-10-28,대구,당근,1kg,3603
2025-10-28,대구,열무,1kg,3745
2025-10-28,대구,양파,1kg,2000
2025-10-28,대구,대파,1kg,4000
2025-10-28,대구,피망,100g,18100
2025-10-28,대구,파프리카,1개,2300
2025-10-28,대구,마늘,1kg,11220
2025-10-28,대구,브로콜리,1개,2993
2025-10-28,대구,사과,10개,26333
2025-10-28,대구,배,10개,37500
2025-10-29,대구,배추,1포기,6547
2025-10-29,대구,시금치,100g,13207
2025-10-29,대구,상추,100g,16867
2025-10-29,대구,얼갈이배추,1kg,4160
2025-10-29,대구,오이,10개,14733
2025-10-29,대구,호박,1개,2260
2025-10-29,대구,토마토,1kg,9323
2025-10-29,대구,무,1개,2560
2025-10-29,대구,당근,1kg,3603
2025-10-29,대구,열무,1kg,3745
2025-10-29,대구,양파,1kg,2267
2025-10-29,대구,대파,1kg,4000
2025-10-29,대구,피망,100g,18100
2025-10-29,대구,파프리카,1개,2380
2025-10-29,대구,마늘,1kg,11220
2025-10-29,대구,브로콜리,1개,2993
2025-10-29,대구,사과,10개,26333
2025-10-29,대구,배,10개,37500
2025-10-30,대구,배추,1포기,4270
2025-10-30,대구,시금치,100g,13600
2025-10-30,대구,상추,100g,18633
2025-10-30,대구,얼갈이배추,1kg,4493
2025-10-30,대구,오이,10개,15567
2025-10-30,대구,호박,1개,1993
2025-10-30,대구,토마토,1kg,8657
2025-10-30,대구,무,1개,2295
2025-10-30,대구,당근,1kg,4273
2025-10-30,대구,열무,1kg,4245
2025-10-30,대구,양파,1kg,1897
2025-10-30,대구,대파,1kg,2450
2025-10-30,대구,피망,100g,18100
2025-10-30,대구,파프리카,1개,2380
2025-10-30,대구,마늘,1kg,9160
2025-10-30,대구,브로콜리,1개,3493
2025-10-30,대구,사과,10개,50000
2025-10-30,대구,배,10개,28333
2025-10-31,대구,배추,1포기,4270
2025-10-31,대구,시금치,100g,13133
2025-10-31,대구,상추,100g,18633
2025-10-31,대구,얼갈이배추,1kg,4493
2025-10-31,대구,오이,10개,15567
2025-10-31,대구,호박,1개,2260
2025-10-31,대구,토마토,1kg,8523
2025-10-31,대구,무,1개,2295
2025-10-31,대구,당근,1kg,4273
2025-10-31,대구,열무,1kg,4245
2025-10-31,대구,양파,1kg,1897
2025-10-31,대구,대파,1kg,2450
2025-10-31,대구,피망,100g,18100
2025-10-31,대구,파프리카,1개,2213
2025-10-31,대구,마늘,1kg,9160
2025-10-31,대구,브로콜리,1개,2995
2025-10-31,대구,사과,10개,50000
2025-10-31,대구,배,10개,28333
2025-11-03,대구,배추,1포기,3710
2025-11-03,대구,시금치,100g,12833
2025-11-03,대구,상추,100g,18633
2025-11-03,대구,얼갈이배추,1kg,4493
2025-11-03,대구,오이,10개,15567
2025-11-03,대구,호박,1개,2193
2025-11-03,대구,토마토,1kg,8523
2025-11-03,대구,무,1개,2027
2025-11-03,대구,당근,1kg,4273
2025-11-03,대구,열무,1kg,4245
2025-11-03,대구,양파,1kg,1983
2025-11-03,대구,대파,1kg,3403
2025-11-03,대구,피망,100g,18433
2025-11-03,대구,파프리카,1개,2243
2025-11-03,대구,마늘,1kg,9160
2025-11-03,대구,브로콜리,1개,3493
2025-11-03,대구,사과,10개,41200
2025-11-03,대구,배,10개,28333
2025-11-04,대구,배추,1포기,3710
2025-11-04,대구,시금치,100g,12833
2025-11-04,대구,상추,100g,18633
2025-11-04,대구,얼갈이배추,1kg,4493
2025-11-04,대구,오이,10개,15567
2025-11-04,대구,호박,1개,2360
2025-11-04,대구,토마토,1kg,8523
2025-11-04,대구,무,1개,2027
2025-11-04,대구,당근,1kg,4273
2025-11-04,대구,열무,1kg,4245
2025-11-04,대구,양파,1kg,1983
2025-11-04,대구,대파,1kg,3403
2025-11-04,대구,피망,100g,18433
2025-11-04,대구,파프리카,1개,2243
2025-11-04,대구,마늘,1kg,9160
2025-11-04,대구,브로콜리,1개,3743
2025-11-04,대구,사과,10개,41200
2025-11-04,대구,배,10개,28333
2025-11-05,대구,배추,1포기,3710
2025-11-05,대구,시금치,100g,12833
2025-11-05,대구,상추,100g,18133
2025-11-05,대구,얼갈이배추,1kg,4493
2025-11-05,대구,오이,10개,15567
2025-11-05,대구,호박,1개,2193
2025-11-05,대구,토마토,1kg,8703
2025-11-05,대구,무,1개,2027
2025-11-05,대구,당근,1kg,4273
2025-11-05,대구,열무,1kg,4620
2025-11-05,대구,양파,1kg,1983
2025-11-05,대구,대파,1kg,3403
2025-11-05,대구,피망,100g,18600
2025-11-05,대구,파프리카,1개,2243
2025-11-05,대구,마늘,1kg,9160
2025-11-05,대구,브로콜리,1개,3743
2025-11-05,대구,사과,10개,34100
2025-11-05,대구,배,10개,28333
2025-11-06,대구,배추,1포기,5330
2025-11-06,대구,시금치,100g,13833
2025-11-06,대구,상추,100g,18767
2025-11-06,대구,얼갈이배추,1kg,4827
2025-11-06,대구,오이,10개,15500
2025-11-06,대구,호박,1개,2193
2025-11-06,대구,토마토,1kg,9400
2025-11-06,대구,무,1개,2027
2025-11-06,대구,당근,1kg,3050
2025-11-06,대구,열무,1kg,5120
2025-11-06,대구,양파,1kg,1983
2025-11-06,대구,대파,1kg,3277
2025-11-06,대구,피망,100g,18767
2025-11-06,대구,파프리카,1개,1743
2025-11-06,대구,마늘,1kg,9160
2025-11-06,대구,브로콜리,1개,3077
2025-11-06,대구,사과,10개,30467
2025-11-06,대구,배,10개,29633
2025-11-07,대구,배추,1포기,6000
2025-11-07,대구,시금치,100g,13833
2025-11-07,대구,상추,100g,18233
2025-11-07,대구,얼갈이배추,1kg,4827
2025-11-07,대구,오이,10개,15500
2025-11-07,대구,호박,1개,2160
2025-11-07,대구,토마토,1kg,9400
2025-11-07,대구,무,1개,2295
2025-11-07,대구,당근,1kg,3050
2025-11-07,대구,열무,1kg,5120
2025-11-07,대구,양파,1kg,1983
2025-11-07,대구,대파,1kg,3210
2025-11-07,대구,피망,100g,18767
2025-11-07,대구,파프리카,1개,1743
2025-11-07,대구,마늘,1kg,9160
2025-11-07,대구,브로콜리,1개,3077
2025-11-07,대구,사과,10개,28633
2025-11-07,대구,배,10개,29633
2025-11-10,대구,배추,1포기,6000
2025-11-10,대구,시금치,100g,13833
2025-11-10,대구,상추,100g,18233
2025-11-10,대구,얼갈이배추,1kg,4827
2025-11-10,대구,오이,10개,15500
2025-11-10,대구,호박,1개,2160
2025-11-10,대구,토마토,1kg,9400
2025-11-10,대구,무,1개,2295
2025-11-10,대구,당근,1kg,3050
2025-11-10,대구,열무,1kg,5120
2025-11-10,대구,양파,1kg,1983
2025-11-10,대구,대파,1kg,3210
2025-11-10,대구,피망,100g,18767
2025-11-10,대구,파프리카,1개,1743
2025-11-10,대구,마늘,1kg,9160
2025-11-10,대구,브로콜리,1개,3077
2025-11-10,대구,사과,10개,28633
2025-11-10,대구,배,10개,29633
2025-11-11,대구,배추,1포기,6000
2025-11-11,대구,시금치,100g,14867
2025-11-11,대구,상추,100g,19033
2025-11-11,대구,얼갈이배추,1kg,4827
2025-11-11,대구,오이,10개,15500
2025-11-11,대구,호박,1개,2160
2025-11-11,대구,토마토,1kg,9400
2025-11-11,대구,무,1개,2295
2025-11-11,대구,당근,1kg,4163
2025-11-11,대구,열무,1kg,5120
2025-11-11,대구,양파,1kg,1983
2025-11-11,대구,대파,1kg,3210
2025-11-11,대구,피망,100g,18767
2025-11-11,대구,파프리카,1개,1977
2025-11-11,대구,마늘,1kg,9160
2025-11-11,대구,브로콜리,1개,3907
2025-11-11,대구,사과,10개,26867
2025-11-11,대구,배,10개,29633
2025-11-12,대구,배추,1포기,6000
2025-11-12,대구,시금치,100g,14867
2025-11-12,대구,상추,100g,19033
2025-11-12,대구,얼갈이배추,1kg,4827
2025-11-12,대구,오이,10개,15500
2025-11-12,대구,호박,1개,2160
2025-11-12,대구,토마토,1kg,9400
2025-11-12,대구,무,1개,2295
2025-11-12,대구,당근,1kg,4163
2025-11-12,대구,열무,1kg,5120
2025-11-12,대구,양파,1kg,1983
2025-11-12,대구,대파,1kg,3210
2025-11-12,대구,피망,100g,18767
2025-11-12,대구,파프리카,1개,1977
2025-11-12,대구,마늘,1kg,9160
2025-11-12,대구,브로콜리,1개,3907
2025-11-12,대구,사과,10개,26867
2025-11-12,대구,배,10개,29633
2025-11-13,대구,배추,1포기,6000
2025-11-13,대구,시금치,100g,14900
2025-11-13,대구,상추,100g,15700
2025-11-13,대구,얼갈이배추,1kg,4160
2025-11-13,대구,오이,10개,14667
2025-11-13,대구,호박,1개,1893
2025-11-13,대구,토마토,1kg,9400
2025-11-13,대구,무,1개,3000
2025-11-13,대구,당근,1kg,3997
2025-11-13,대구,열무,1kg,4120
2025-11-13,대구,양파,1kg,1983
2025-11-13,대구,대파,1kg,3363
2025-11-13,대구,피망,100g,19600
2025-11-13,대구,파프리카,1개,2077
2025-11-13,대구,마늘,1kg,8637
2025-11-13,대구,브로콜리,1개,4077
2025-11-13,대구,사과,10개,29533
2025-11-13,대구,배,10개,26567
2025-11-14,대구,배추,1포기,6000
2025-11-14,대구,시금치,100g,14900
2025-11-14,대구,상추,100g,15700
2025-11-14,대구,얼갈이배추,1kg,4160
2025-11-14,대구,오이,10개,14667
2025-11-14,대구,호박,1개,1893
2025-11-14,대구,토마토,1kg,9400
2025-11-14,대구,무,1개,3000
2025-11-14,대구,당근,1kg,3997
2025-11-14,대구,열무,1kg,4120
2025-11-14,대구,양파,1kg,1983
2025-11-14,대구,대파,1kg,3363
2025-11-14,대구,피망,100g,19600
2025-11-14,대구,파프리카,1개,2077
2025-11-14,대구,마늘,1kg,8637
2025-11-14,대구,브로콜리,1개,4077
2025-11-14,대구,사과,10개,29533
2025-11-14,대구,배,10개,26567
2025-11-17,대구,배추,1포기,1960
2025-11-17,대구,시금치,100g,14067
2025-11-17,대구,상추,100g,13733
2025-11-17,대구,얼갈이배추,1kg,4160
2025-11-17,대구,오이,10개,14667
2025-11-17,대구,호박,1개,1643
2025-11-17,대구,토마토,1kg,9553
2025-11-17,대구,무,1개,1827
2025-11-17,대구,당근,1kg,3997
2025-11-17,대구,열무,1kg,3745
2025-11-17,대구,양파,1kg,1983
2025-11-17,대구,대파,1kg,3363
2025-11-17,대구,피망,100g,19600
2025-11-17,대구,파프리카,1개,2077
2025-11-17,대구,마늘,1kg,8917
2025-11-17,대구,브로콜리,1개,3620
2025-11-17,대구,사과,10개,29533
2025-11-17,대구,배,10개,26567
2025-11-18,대구,배추,1포기,3995
2025-11-18,대구,시금치,100g,14067
2025-11-18,대구,상추,100g,13733
2025-11-18,대구,얼갈이배추,1kg,4160
2025-11-18,대구,오이,10개,14400
2025-11-18,대구,호박,1개,1643
2025-11-18,대구,토마토,1kg,9553
2025-11-18,대구,무,1개,1827
2025-11-18,대구,당근,1kg,3997
2025-11-18,대구,열무,1kg,3745
2025-11-18,대구,양파,1kg,1983
2025-11-18,대구,대파,1kg,3363
2025-11-18,대구,피망,100g,19367
2025-11-18,대구,파프리카,1개,1993
2025-11-18,대구,마늘,1kg,8917
2025-11-18,대구,브로콜리,1개,3620
2025-11-18,대구,사과,10개,29533
2025-11-18,대구,배,10개,26567
2025-11-19,대구,배추,1포기,3995
2025-11-19,대구,시금치,100g,14067
2025-11-19,대구,상추,100g,13733
2025-11-19,대구,얼갈이배추,1kg,4077
2025-11-19,대구,오이,10개,14400
2025-11-19,대구,호박,1개,1643
2025-11-19,대구,토마토,1kg,9487
2025-11-19,대구,무,1개,1827
2025-11-19,대구,당근,1kg,3997
2025-11-19,대구,열무,1kg,3745
2025-11-19,대구,양파,1kg,1983
2025-11-19,대구,대파,1kg,3363
2025-11-19,대구,피망,100g,19367
2025-11-19,대구,파프리카,1개,1950
2025-11-19,대구,마늘,1kg,8917
2025-11-19,대구,브로콜리,1개,3620
2025-11-19,대구,사과,10개,29533
2025-11-19,대구,배,10개,26567
2025-11-20,대구,배추,1포기,3880
2025-11-20,대구,시금치,100g,11767
2025-11-20,대구,상추,100g,12800
2025-11-20,대구,얼갈이배추,1kg,4410
2025-11-20,대구,오이,10개,14400
2025-11-20,대구,호박,1개,1677
2025-11-20,대구,토마토,1kg,8487
2025-11-20,대구,무,1개,2745
2025-11-20,대구,당근,1kg,3327
2025-11-20,대구,열무,1kg,4245
2025-11-20,대구,양파,1kg,1630
2025-11-20,대구,대파,1kg,3903
2025-11-20,대구,피망,100g,16000
2025-11-20,대구,파프리카,1개,1683
2025-11-20,대구,마늘,1kg,10843
2025-11-20,대구,브로콜리,1개,3245
2025-11-20,대구,사과,10개,29533
2025-11-20,대구,배,10개,29900
2025-11-21,대구,배추,1포기,3880
2025-11-21,대구,시금치,100g,11933
2025-11-21,대구,상추,100g,11667
2025-11-21,대구,얼갈이배추,1kg,4410
2025-11-21,대구,오이,10개,14400
2025-11-21,대구,호박,1개,1677
2025-11-21,대구,토마토,1kg,8487
2025-11-21,대구,무,1개,2745
2025-11-21,대구,당근,1kg,3327
2025-11-21,대구,열무,1kg,4370
2025-11-21,대구,양파,1kg,1623
2025-11-21,대구,대파,1kg,3947
2025-11-21,대구,피망,100g,16033
2025-11-21,대구,파프리카,1개,1583
2025-11-21,대구,마늘,1kg,10843
2025-11-21,대구,브로콜리,1개,3660
2025-11-21,대구,사과,10개,28400
2025-11-21,대구,배,10개,29900
2025-11-24,대구,배추,1포기,3880
2025-11-24,대구,시금치,100g,11933
2025-11-24,대구,상추,100g,11667
2025-11-24,대구,얼갈이배추,1kg,4213
2025-11-24,대구,오이,10개,14400
2025-11-24,대구,호박,1개,1660
2025-11-24,대구,토마토,1kg,8487
2025-11-24,대구,무,1개,2745
2025-11-24,대구,당근,1kg,3327
2025-11-24,대구,열무,1kg,4370
2025-11-24,대구,양파,1kg,1623
2025-11-24,대구,대파,1kg,3947
2025-11-24,대구,피망,100g,15933
2025-11-24,대구,파프리카,1개,1583
2025-11-24,대구,마늘,1kg,10843
2025-11-24,대구,브로콜리,1개,3660
2025-11-24,대구,사과,10개,27300
2025-11-24,대구,배,10개,29900
2025-11-25,대구,배추,1포기,3880
2025-11-25,대구,시금치,100g,11933
2025-11-25,대구,상추,100g,12933
2025-11-25,대구,얼갈이배추,1kg,4213
2025-11-25,대구,오이,10개,14400
2025-11-25,대구,호박,1개,1660
2025-11-25,대구,토마토,1kg,8487
2025-11-25,대구,무,1개,2745
2025-11-25,대구,당근,1kg,3363
2025-11-25,대구,열무,1kg,4370
2025-11-25,대구,양파,1kg,1623
2025-11-25,대구,대파,1kg,3860
2025-11-25,대구,피망,100g,15933
2025-11-25,대구,파프리카,1개,1583
2025-11-25,대구,마늘,1kg,10843
2025-11-25,대구,브로콜리,1개,3660
2025-11-25,대구,사과,10개,27300
2025-11-25,대구,배,10개,29900
2025-11-26,대구,배추,1포기,3880
2025-11-26,대구,시금치,100g,11733
2025-11-26,대구,상추,100g,12933
2025-11-26,대구,얼갈이배추,1kg,4213
2025-11-26,대구,오이,10개,14400
2025-11-26,대구,호박,1개,1660
2025-11-26,대구,토마토,1kg,8487
2025-11-26,대구,무,1개,2660
2025-11-26,대구,당근,1kg,3250
2025-11-26,대구,열무,1kg,4370
2025-11-26,대구,양파,1kg,1623
2025-11-26,대구,대파,1kg,3860
2025-11-26,대구,피망,100g,15933
2025-11-26,대구,파프리카,1개,1580
2025-11-26,대구,마늘,1kg,9140
2025-11-26,대구,브로콜리,1개,3660
2025-11-26,대구,사과,10개,27300
2025-11-26,대구,배,10개,31233
2025-11-27,대구,배추,1포기,4430
2025-11-27,대구,시금치,100g,8737
2025-11-27,대구,상추,100g,12133
2025-11-27,대구,얼갈이배추,1kg,4397
2025-11-27,대구,오이,10개,14233
2025-11-27,대구,호박,1개,1493
2025-11-27,대구,토마토,1kg,8133
2025-11-27,대구,무,1개,2660
2025-11-27,대구,당근,1kg,3787
2025-11-27,대구,열무,1kg,3750
2025-11-27,대구,양파,1kg,1890
2025-11-27,대구,대파,1kg,3207
2025-11-27,대구,피망,100g,14933
2025-11-27,대구,파프리카,1개,1717
2025-11-27,대구,마늘,1kg,10767
2025-11-27,대구,브로콜리,1개,3527
2025-11-27,대구,사과,10개,28400
2025-11-27,대구,배,10개,31233
2025-11-28,대구,배추,1포기,4763
2025-11-28,대구,시금치,100g,8437
2025-11-28,대구,상추,100g,12133
2025-11-28,대구,얼갈이배추,1kg,4397
2025-11-28,대구,오이,10개,13820
2025-11-28,대구,호박,1개,1493
2025-11-28,대구,토마토,1kg,8133
2025-11-28,대구,무,1개,2660
2025-11-28,대구,당근,1kg,3787
2025-11-28,대구,열무,1kg,3750
2025-11-28,대구,양파,1kg,1890
2025-11-28,대구,대파,1kg,3207
2025-11-28,대구,피망,100g,14633
2025-11-28,대구,파프리카,1개,1717
2025-11-28,대구,마늘,1kg,10767
2025-11-28,대구,브로콜리,1개,3527
2025-11-28,대구,사과,10개,28400
2025-11-28,대구,배,10개,31233
2025-12-01,대구,배추,1포기,4983
2025-12-01,대구,시금치,100g,11467
2025-12-01,대구,상추,100g,12133
2025-12-01,대구,얼갈이배추,1kg,4397
2025-12-01,대구,오이,10개,13910
2025-12-01,대구,호박,1개,1527
2025-12-01,대구,토마토,1kg,8133
2025-12-01,대구,무,1개,2660
2025-12-01,대구,당근,1kg,3787
2025-12-01,대구,열무,1kg,3750
2025-12-01,대구,양파,1kg,1890
2025-12-01,대구,대파,1kg,3207
2025-12-01,대구,피망,100g,14633
2025-12-01,대구,파프리카,1개,1717
2025-12-01,대구,마늘,1kg,10900
2025-12-01,대구,브로콜리,1개,3527
2025-12-01,대구,사과,10개,28400
2025-12-01,대구,배,10개,29900
2025-12-02,대구,배추,1포기,4983
2025-12-02,대구,시금치,100g,11467
2025-12-02,대구,상추,100g,11667
2025-12-02,대구,얼갈이배추,1kg,4453
2025-12-02,대구,오이,10개,13910
2025-12-02,대구,호박,1개,1510
2025-12-02,대구,토마토,1kg,8133
2025-12-02,대구,무,1개,2660
2025-12-02,대구,당근,1kg,3787
2025-12-02,대구,열무,1kg,3750
2025-12-02,대구,양파,1kg,1890
2025-12-02,대구,대파,1kg,3207
2025-12-02,대구,피망,100g,14500
2025-12-02,대구,파프리카,1개,1717
2025-12-02,대구,마늘,1kg,10900
2025-12-02,대구,브로콜리,1개,3527
2025-12-02,대구,사과,10개,27400
2025-12-02,대구,배,10개,29900
2025-12-03,대구,배추,1포기,4983
2025-12-03,대구,시금치,100g,11467
2025-12-03,대구,상추,100g,11667
2025-12-03,대구,얼갈이배추,1kg,4453
2025-12-03,대구,오이,10개,14100
2025-12-03,대구,호박,1개,1510
2025-12-03,대구,토마토,1kg,7667
2025-12-03,대구,무,1개,2660
2025-12-03,대구,당근,1kg,3787
2025-12-03,대구,열무,1kg,3830
2025-12-03,대구,양파,1kg,1890
2025-12-03,대구,대파,1kg,3247
2025-12-03,대구,피망,100g,14500
2025-12-03,대구,파프리카,1개,1717
2025-12-03,대구,마늘,1kg,10900
2025-12-03,대구,브로콜리,1개,3527
2025-12-03,대구,사과,10개,27400
2025-12-03,대구,배,10개,29900
2025-12-04,대구,배추,1포기,5040
2025-12-04,대구,시금치,100g,11467
2025-12-04,대구,상추,100g,11300
2025-12-04,대구,얼갈이배추,1kg,4453
2025-12-04,대구,오이,10개,14100
2025-12-04,대구,호박,1개,1577
2025-12-04,대구,토마토,1kg,6667
2025-12-04,대구,무,1개,2727
2025-12-04,대구,당근,1kg,3047
2025-12-04,대구,열무,1kg,3830
2025-12-04,대구,양파,1kg,2073
2025-12-04,대구,대파,1kg,3197
2025-12-04,대구,피망,100g,12833
2025-12-04,대구,파프리카,1개,1850
2025-12-04,대구,마늘,1kg,11133
2025-12-04,대구,브로콜리,1개,3157
2025-12-04,대구,사과,10개,29233
2025-12-04,대구,배,10개,33933
2025-12-08,대구,배추,1포기,5040
2025-12-08,대구,시금치,100g,11367
2025-12-08,대구,상추,100g,11167
2025-12-08,대구,얼갈이배추,1kg,4453
2025-12-08,대구,오이,10개,14100
2025-12-08,대구,호박,1개,1577
2025-12-08,대구,토마토,1kg,6667
2025-12-08,대구,무,1개,2727
2025-12-08,대구,당근,1kg,3047
2025-12-08,대구,열무,1kg,3830
2025-12-08,대구,양파,1kg,2073
2025-12-08,대구,대파,1kg,3197
2025-12-08,대구,피망,100g,12833
2025-12-08,대구,파프리카,1개,1925
2025-12-08,대구,마늘,1kg,11133
2025-12-08,대구,브로콜리,1개,3157
2025-12-08,대구,사과,10개,30900
2025-12-08,대구,배,10개,33933
2025-12-09,대구,배추,1포기,5303
2025-12-09,대구,시금치,100g,10500
2025-12-09,대구,상추,100g,11167
2025-12-09,대구,얼갈이배추,1kg,4453
2025-12-09,대구,오이,10개,14100
2025-12-09,대구,호박,1개,1827
2025-12-09,대구,토마토,1kg,6500
2025-12-09,대구,무,1개,2893
2025-12-09,대구,당근,1kg,3503
2025-12-09,대구,열무,1kg,3830
2025-12-09,대구,양파,1kg,2073
2025-12-09,대구,대파,1kg,3863
2025-12-09,대구,피망,100g,12833
2025-12-09,대구,파프리카,1개,1850
2025-12-09,대구,마늘,1kg,11300
2025-12-09,대구,브로콜리,1개,3360
2025-12-09,대구,사과,10개,29233
2025-12-09,대구,배,10개,33950
2025-12-10,대구,배추,1포기,5303
2025-12-10,대구,시금치,100g,10167
2025-12-10,대구,상추,100g,11067
2025-12-10,대구,얼갈이배추,1kg,4510
2025-12-10,대구,오이,10개,14100
2025-12-10,대구,호박,1개,1827
2025-12-10,대구,토마토,1kg,6500
2025-12-10,대구,무,1개,2893
2025-12-10,대구,당근,1kg,3157
2025-12-10,대구,열무,1kg,3830
2025-12-10,대구,양파,1kg,2073
2025-12-10,대구,대파,1kg,3863
2025-12-10,대구,피망,100g,12833
2025-12-10,대구,파프리카,1개,1850
2025-12-10,대구,마늘,1kg,11300
2025-12-10,대구,브로콜리,1개,3360
2025-12-10,대구,사과,10개,29233
2025-12-10,대구,배,10개,33950
2025-12-11,대구,배추,1포기,5137
2025-12-11,대구,시금치,100g,8707
2025-12-11,대구,상추,100g,9933
2025-12-11,대구,얼갈이배추,1kg,4510
2025-12-11,대구,오이,10개,14043
2025-12-11,대구,호박,1개,1857
2025-12-11,대구,토마토,1kg,7970
2025-12-11,대구,무,1개,2893
2025-12-11,대구,당근,1kg,3323
2025-12-11,대구,열무,1kg,3830
2025-12-11,대구,양파,1kg,2073
2025-12-11,대구,대파,1kg,3900
2025-12-11,대구,피망,100g,12833
2025-12-11,대구,파프리카,1개,1817
2025-12-11,대구,마늘,1kg,11130
2025-12-11,대구,브로콜리,1개,2493
2025-12-11,대구,사과,10개,28400
2025-12-11,대구,배,10개,38300
2025-12-12,대구,배추,1포기,5303
2025-12-12,대구,시금치,100g,8807
2025-12-12,대구,상추,100g,9157
2025-12-12,대구,얼갈이배추,1kg,4510
2025-12-12,대구,오이,10개,14043
2025-12-12,대구,호박,1개,1857
2025-12-12,대구,토마토,1kg,7970
2025-12-12,대구,무,1개,2893
2025-12-12,대구,당근,1kg,3323
2025-12-12,대구,열무,1kg,3830
2025-12-12,대구,양파,1kg,2073
2025-12-12,대구,대파,1kg,3900
2025-12-12,대구,피망,100g,12767
2025-12-12,대구,파프리카,1개,1817
2025-12-12,대구,마늘,1kg,10463
2025-12-12,대구,브로콜리,1개,2493
2025-12-12,대구,사과,10개,28400
2025-12-12,대구,배,10개,36833
2025-12-15,대구,배추,1포기,5137
2025-12-15,대구,시금치,100g,9920
2025-12-15,대구,상추,100g,9933
2025-12-15,대구,얼갈이배추,1kg,4563
2025-12-15,대구,오이,10개,14043
2025-12-15,대구,호박,1개,1857
2025-12-15,대구,토마토,1kg,7970
2025-12-15,대구,무,1개,2893
2025-12-15,대구,당근,1kg,3323
2025-12-15,대구,열무,1kg,3830
2025-12-15,대구,양파,1kg,2073
2025-12-15,대구,대파,1kg,4223
2025-12-15,대구,피망,100g,12767
2025-12-15,대구,파프리카,1개,1817
2025-12-15,대구,마늘,1kg,11130
2025-12-15,대구,브로콜리,1개,2493
2025-12-15,대구,사과,10개,28400
2025-12-15,대구,배,10개,36833
2025-12-16,대구,배추,1포기,5137
2025-12-16,대구,시금치,100g,10087
2025-12-16,대구,상추,100g,9867
2025-12-16,대구,얼갈이배추,1kg,4563
2025-12-16,대구,오이,10개,14043
2025-12-16,대구,호박,1개,1857
2025-12-16,대구,토마토,1kg,7970
2025-12-16,대구,무,1개,2893
2025-12-16,대구,당근,1kg,3270
2025-12-16,대구,열무,1kg,3830
2025-12-16,대구,양파,1kg,2073
2025-12-16,대구,대파,1kg,4223
2025-12-16,대구,피망,100g,12767
2025-12-16,대구,파프리카,1개,1817
2025-12-16,대구,마늘,1kg,11130
2025-12-16,대구,브로콜리,1개,2493
2025-12-16,대구,사과,10개,28400
2025-12-16,대구,배,10개,36833
2025-12-17,대구,배추,1포기,5027
2025-12-17,대구,시금치,100g,10087
2025-12-17,대구,상추,100g,9867
2025-12-17,대구,얼갈이배추,1kg,4677
2025-12-17,대구,오이,10개,14267
2025-12-17,대구,호박,1개,1857
2025-12-17,대구,토마토,1kg,7970
2025-12-17,대구,무,1개,2827
2025-12-17,대구,당근,1kg,3270
2025-12-17,대구,열무,1kg,3830
2025-12-17,대구,양파,1kg,2073
2025-12-17,대구,대파,1kg,4223
2025-12-17,대구,피망,100g,12767
2025-12-17,대구,파프리카,1개,1817
2025-12-17,대구,마늘,1kg,11130
2025-12-17,대구,브로콜리,1개,2493
2025-12-17,대구,사과,10개,29650
2025-12-17,대구,배,10개,38300
2025-12-18,대구,배추,1포기,5827
2025-12-18,대구,시금치,100g,9833
2025-12-18,대구,상추,100g,9433
2025-12-18,대구,얼갈이배추,1kg,3973
2025-12-18,대구,오이,10개,14533
2025-12-18,대구,호박,1개,1660
2025-12-18,대구,토마토,1kg,6500
2025-12-18,대구,무,1개,2260
2025-12-18,대구,당근,1kg,3197
2025-12-18,대구,열무,1kg,3830
2025-12-18,대구,양파,1kg,1617
2025-12-18,대구,대파,1kg,4307
2025-12-18,대구,피망,100g,12767
2025-12-18,대구,파프리카,1개,1717
2025-12-18,대구,마늘,1kg,9010
2025-12-18,대구,브로콜리,1개,2493
2025-12-18,대구,사과,10개,32233
2025-12-18,대구,배,10개,31367
2025-12-19,대구,배추,1포기,5827
2025-12-19,대구,시금치,100g,9833
2025-12-19,대구,상추,100g,9433
2025-12-19,대구,얼갈이배추,1kg,3973
2025-12-19,대구,오이,10개,14533
2025-12-19,대구,호박,1개,1660
2025-12-19,대구,토마토,1kg,6500
2025-12-19,대구,무,1개,2260
2025-12-19,대구,당근,1kg,3197
2025-12-19,대구,열무,1kg,3830
2025-12-19,대구,양파,1kg,1617
2025-12-19,대구,대파,1kg,4307
2025-12-19,대구,피망,100g,12767
2025-12-19,대구,파프리카,1개,1717
2025-12-19,대구,마늘,1kg,9010
2025-12-19,대구,브로콜리,1개,2493
2025-12-19,대구,사과,10개,32233
2025-12-19,대구,배,10개,31367
2025-12-22,대구,배추,1포기,5827
2025-12-22,대구,시금치,100g,9900
2025-12-22,대구,상추,100g,9933
2025-12-22,대구,얼갈이배추,1kg,3973
2025-12-22,대구,오이,10개,14667
2025-12-22,대구,호박,1개,1660
2025-12-22,대구,토마토,1kg,6500
2025-12-22,대구,무,1개,2260
2025-12-22,대구,당근,1kg,3197
2025-12-22,대구,열무,1kg,3000
2025-12-22,대구,양파,1kg,1617
2025-12-22,대구,대파,1kg,4307
2025-12-22,대구,피망,100g,12767
2025-12-22,대구,파프리카,1개,1717
2025-12-22,대구,마늘,1kg,9010
2025-12-22,대구,브로콜리,1개,2493
2025-12-22,대구,사과,10개,32233
2025-12-22,대구,배,10개,31367
2025-12-23,대구,배추,1포기,5827
2025-12-23,대구,시금치,100g,10000
2025-12-23,대구,상추,100g,9933
2025-12-23,대구,얼갈이배추,1kg,3917
2025-12-23,대구,오이,10개,15667
2025-12-23,대구,호박,1개,1660
2025-12-23,대구,토마토,1kg,6500
2025-12-23,대구,무,1개,2260
2025-12-23,대구,당근,1kg,3197
2025-12-23,대구,열무,1kg,3000
2025-12-23,대구,양파,1kg,1617
2025-12-23,대구,대파,1kg,4267
2025-12-23,대구,피망,100g,12833
2025-12-23,대구,파프리카,1개,1843
2025-12-23,대구,마늘,1kg,9010
2025-12-23,대구,브로콜리,1개,2993
2025-12-23,대구,사과,10개,31167
2025-12-23,대구,배,10개,31367
2025-12-24,대구,배추,1포기,5827
2025-12-24,대구,시금치,100g,9687
2025-12-24,대구,상추,100g,9933
2025-12-24,대구,얼갈이배추,1kg,3917
2025-12-24,대구,오이,10개,15667
2025-12-24,대구,호박,1개,1660
2025-12-24,대구,토마토,1kg,6500
2025-12-24,대구,무,1개,2493
2025-12-24,대구,당근,1kg,3497
2025-12-24,대구,열무,1kg,3000
2025-12-24,대구,양파,1kg,1733
2025-12-24,대구,대파,1kg,4267
2025-12-24,대구,피망,100g,12833
2025-12-24,대구,파프리카,1개,1883
2025-12-24,대구,마늘,1kg,9797
2025-12-24,대구,브로콜리,1개,2993
2025-12-24,대구,사과,10개,30500
2025-12-24,대구,배,10개,34400
2025-12-26,대구,배추,1포기,5493
2025-12-26,대구,시금치,100g,8813
2025-12-26,대구,상추,100g,11733
2025-12-26,대구,얼갈이배추,1kg,4343
2025-12-26,대구,오이,10개,16900
2025-12-26,대구,호박,1개,1827
2025-12-26,대구,토마토,1kg,7550
2025-12-26,대구,무,1개,3000
2025-12-26,대구,당근,1kg,3103
2025-12-26,대구,열무,1kg,3000
2025-12-26,대구,양파,1kg,2087
2025-12-26,대구,대파,1kg,3820
2025-12-26,대구,피망,100g,14667
2025-12-26,대구,파프리카,1개,1817
2025-12-26,대구,마늘,1kg,11100
2025-12-26,대구,브로콜리,1개,2993
2025-12-26,대구,사과,10개,28500
2025-12-26,대구,배,10개,30067
2025-12-29,대구,배추,1포기,5493
2025-12-29,대구,시금치,100g,8813
2025-12-29,대구,상추,100g,11733
2025-12-29,대구,얼갈이배추,1kg,4343
2025-12-29,대구,오이,10개,17233
2025-12-29,대구,호박,1개,1827
2025-12-29,대구,토마토,1kg,7550
2025-12-29,대구,무,1개,2295
2025-12-29,대구,당근,1kg,3103
2025-12-29,대구,열무,1kg,3000
2025-12-29,대구,양파,1kg,2160
2025-12-29,대구,대파,1kg,3820
2025-12-29,대구,피망,100g,14667
2025-12-29,대구,파프리카,1개,1817
2025-12-29,대구,마늘,1kg,11100
2025-12-29,대구,브로콜리,1개,2993
2025-12-29,대구,사과,10개,28500
2025-12-29,대구,배,10개,30067
2025-12-30,대구,배추,1포기,5493
2025-12-30,대구,시금치,100g,8813
2025-12-30,대구,상추,100g,11733
2025-12-30,대구,얼갈이배추,1kg,4343
2025-12-30,대구,오이,10개,17567
2025-12-30,대구,호박,1개,1827
2025-12-30,대구,토마토,1kg,7550
2025-12-30,대구,무,1개,2295
2025-12-30,대구,당근,1kg,3060
2025-12-30,대구,열무,1kg,3000
2025-12-30,대구,양파,1kg,2160
2025-12-30,대구,대파,1kg,3820
2025-12-30,대구,피망,100g,14767
2025-12-30,대구,파프리카,1개,1817
2025-12-30,대구,마늘,1kg,11100
2025-12-30,대구,브로콜리,1개,2993
2025-12-30,대구,사과,10개,28500
2025-12-30,대구,배,10개,30067
2025-12-31,대구,배추,1포기,5493
2025-12-31,대구,시금치,100g,8813
2025-12-31,대구,상추,100g,11733
2025-12-31,대구,얼갈이배추,1kg,4343
2025-12-31,대구,오이,10개,17567
2025-12-31,대구,호박,1개,1827
2025-12-31,대구,토마토,1kg,7550
2025-12-31,대구,무,1개,2295
2025-12-31,대구,당근,1kg,3227
2025-12-31,대구,열무,1kg,3000
2025-12-31,대구,양파,1kg,2347
2025-12-31,대구,대파,1kg,3903
2025-12-31,대구,피망,100g,15600
2025-12-31,대구,파프리카,1개,1717
2025-12-31,대구,마늘,1kg,10933
2025-12-31,대구,브로콜리,1개,2993
2025-12-31,대구,사과,10개,30800
2025-12-31,대구,배,10개,32500
2026-01-02,대구,배추,1포기,5493
2026-01-02,대구,시금치,100g,9587
2026-01-02,대구,상추,100g,11933
2026-01-02,대구,얼갈이배추,1kg,4343
2026-01-02,대구,오이,10개,17567
2026-01-02,대구,호박,1개,1660
2026-01-02,대구,토마토,1kg,7550
2026-01-02,대구,무,1개,2745
2026-01-02,대구,당근,1kg,3493
2026-01-02,대구,열무,1kg,3000
2026-01-02,대구,양파,1kg,2260
2026-01-02,대구,대파,1kg,4170
2026-01-02,대구,피망,100g,14933
2026-01-02,대구,파프리카,1개,1450
2026-01-02,대구,마늘,1kg,10600
2026-01-02,대구,브로콜리,1개,2245
2026-01-02,대구,사과,10개,31300
2026-01-02,대구,배,10개,39067
2026-01-05,대구,배추,1포기,5493
2026-01-05,대구,시금치,100g,10153
2026-01-05,대구,상추,100g,14500
2026-01-05,대구,얼갈이배추,1kg,4510
2026-01-05,대구,오이,10개,17900
2026-01-05,대구,호박,1개,1993
2026-01-05,대구,토마토,1kg,7550
2026-01-05,대구,무,1개,2845
2026-01-05,대구,당근,1kg,3493
2026-01-05,대구,열무,1kg,3000
2026-01-05,대구,양파,1kg,2260
2026-01-05,대구,대파,1kg,4170
2026-01-05,대구,피망,100g,14933
2026-01-05,대구,파프리카,1개,1550
2026-01-05,대구,마늘,1kg,10600
2026-01-05,대구,브로콜리,1개,2995
2026-01-05,대구,사과,10개,31300
2026-01-05,대구,배,10개,39067
2026-01-06,대구,배추,1포기,5493
2026-01-06,대구,시금치,100g,10153
2026-01-06,대구,상추,100g,13700
2026-01-06,대구,얼갈이배추,1kg,4843
2026-01-06,대구,오이,10개,16900
2026-01-06,대구,호박,1개,2027
2026-01-06,대구,토마토,1kg,7550
2026-01-06,대구,무,1개,2845
2026-01-06,대구,당근,1kg,3493
2026-01-06,대구,열무,1kg,3000
2026-01-06,대구,양파,1kg,2260
2026-01-06,대구,대파,1kg,4170
2026-01-06,대구,피망,100g,14933
2026-01-06,대구,파프리카,1개,1510
2026-01-06,대구,마늘,1kg,10600
2026-01-06,대구,브로콜리,1개,2995
2026-01-06,대구,사과,10개,31300
2026-01-06,대구,배,10개,39067
2026-01-07,대구,배추,1포기,5493
2026-01-07,대구,시금치,100g,10253
2026-01-07,대구,상추,100g,13500
2026-01-07,대구,얼갈이배추,1kg,4843
2026-01-07,대구,오이,10개,17567
2026-01-07,대구,호박,1개,2027
2026-01-07,대구,토마토,1kg,7550
2026-01-07,대구,무,1개,2845
2026-01-07,대구,당근,1kg,3493
2026-01-07,대구,열무,1kg,3250
2026-01-07,대구,양파,1kg,2260
2026-01-07,대구,대파,1kg,4210
2026-01-07,대구,피망,100g,15000
2026-01-07,대구,파프리카,1개,1510
2026-01-07,대구,마늘,1kg,10600
2026-01-07,대구,브로콜리,1개,3160
2026-01-07,대구,사과,10개,31300
2026-01-07,대구,배,10개,39067
2026-01-08,대구,배추,1포기,5410
2026-01-08,대구,시금치,100g,11547
2026-01-08,대구,상추,100g,15900
2026-01-08,대구,얼갈이배추,1kg,4897
2026-01-08,대구,오이,10개,17567
2026-01-08,대구,호박,1개,2027
2026-01-08,대구,토마토,1kg,7550
2026-01-08,대구,무,1개,2595
2026-01-08,대구,당근,1kg,3493
2026-01-08,대구,열무,1kg,3250
2026-01-08,대구,양파,1kg,2300
2026-01-08,대구,대파,1kg,3710
2026-01-08,대구,피망,100g,17333
2026-01-08,대구,파프리카,1개,1777
2026-01-08,대구,마늘,1kg,10600
2026-01-08,대구,브로콜리,1개,2603
2026-01-08,대구,사과,10개,31500
2026-01-08,대구,배,10개,39067
2026-01-09,대구,배추,1포기,5437
2026-01-09,대구,시금치,100g,11547
2026-01-09,대구,상추,100g,15900
2026-01-09,대구,얼갈이배추,1kg,4897
2026-01-09,대구,오이,10개,17567
2026-01-09,대구,호박,1개,2027
2026-01-09,대구,토마토,1kg,7550
2026-01-09,대구,무,1개,2595
2026-01-09,대구,당근,1kg,3493
2026-01-09,대구,열무,1kg,3250
2026-01-09,대구,양파,1kg,2150
2026-01-09,대구,대파,1kg,3710
2026-01-09,대구,피망,100g,17333
2026-01-09,대구,파프리카,1개,1777
2026-01-09,대구,마늘,1kg,10600
2026-01-09,대구,브로콜리,1개,2603
2026-01-09,대구,사과,10개,31500
2026-01-09,대구,배,10개,39067
2026-01-12,대구,배추,1포기,5437
2026-01-12,대구,시금치,100g,11547
2026-01-12,대구,상추,100g,15233
2026-01-12,대구,얼갈이배추,1kg,4897
2026-01-12,대구,오이,10개,17567
2026-01-12,대구,호박,1개,2060
2026-01-12,대구,토마토,1kg,7483
2026-01-12,대구,무,1개,2595
2026-01-12,대구,당근,1kg,3493
2026-01-12,대구,열무,1kg,3500
2026-01-12,대구,양파,1kg,2150
2026-01-12,대구,대파,1kg,3670
2026-01-12,대구,피망,100g,17433
2026-01-12,대구,파프리카,1개,1777
2026-01-12,대구,마늘,1kg,10600
2026-01-12,대구,브로콜리,1개,2603
2026-01-12,대구,사과,10개,31500
2026-01-12,대구,배,10개,39067
2026-01-13,대구,배추,1포기,5437
2026-01-13,대구,시금치,100g,11547
2026-01-13,대구,상추,100g,15233
2026-01-13,대구,얼갈이배추,1kg,4897
2026-01-13,대구,오이,10개,18100
2026-01-13,대구,호박,1개,2060
2026-01-13,대구,토마토,1kg,7483
2026-01-13,대구,무,1개,2595
2026-01-13,대구,당근,1kg,3493
2026-01-13,대구,열무,1kg,3500
2026-01-13,대구,양파,1kg,2300
2026-01-13,대구,대파,1kg,3670
2026-01-13,대구,피망,100g,17433
2026-01-13,대구,파프리카,1개,1777
2026-01-13,대구,마늘,1kg,10600
2026-01-13,대구,브로콜리,1개,2603
2026-01-13,대구,사과,10개,31500
2026-01-13,대구,배,10개,39067
2026-01-14,대구,배추,1포기,5437
2026-01-14,대구,시금치,100g,11547
2026-01-14,대구,상추,100g,15233
2026-01-14,대구,얼갈이배추,1kg,4897
2026-01-14,대구,오이,10개,18100
2026-01-14,대구,호박,1개,2060
2026-01-14,대구,토마토,1kg,7483
2026-01-14,대구,무,1개,2595
2026-01-14,대구,당근,1kg,3493
2026-01-14,대구,열무,1kg,3500
2026-01-14,대구,양파,1kg,2300
2026-01-14,대구,대파,1kg,3710
2026-01-14,대구,피망,100g,17433
2026-01-14,대구,파프리카,1개,1777
2026-01-14,대구,마늘,1kg,10600
2026-01-14,대구,브로콜리,1개,2603
2026-01-14,대구,사과,10개,31500
2026-01-14,대구,배,10개,39067
2026-01-15,대구,배추,1포기,5327
2026-01-15,대구,시금치,100g,12023
2026-01-15,대구,상추,100g,15167
2026-01-15,대구,얼갈이배추,1kg,4603
2026-01-15,대구,오이,10개,17100
2026-01-15,대구,호박,1개,2393
2026-01-15,대구,토마토,1kg,6743
2026-01-15,대구,무,1개,2495
2026-01-15,대구,당근,1kg,3493
2026-01-15,대구,열무,1kg,3250
2026-01-15,대구,양파,1kg,2260
2026-01-15,대구,대파,1kg,3657
2026-01-15,대구,피망,100g,17433
2026-01-15,대구,파프리카,1개,1710
2026-01-15,대구,마늘,1kg,10133
2026-01-15,대구,브로콜리,1개,2770
2026-01-15,대구,사과,10개,34800
2026-01-15,대구,배,10개,40833
2026-01-16,대구,배추,1포기,5327
2026-01-16,대구,시금치,100g,12023
2026-01-16,대구,상추,100g,15167
2026-01-16,대구,얼갈이배추,1kg,4603
2026-01-16,대구,오이,10개,17100
2026-01-16,대구,호박,1개,2427
2026-01-16,대구,토마토,1kg,6743
2026-01-16,대구,무,1개,2495
2026-01-16,대구,당근,1kg,3493
2026-01-16,대구,열무,1kg,3250
2026-01-16,대구,양파,1kg,2260
2026-01-16,대구,대파,1kg,3657
2026-01-16,대구,피망,100g,17333
2026-01-16,대구,파프리카,1개,1710
2026-01-16,대구,마늘,1kg,10020
2026-01-16,대구,브로콜리,1개,2770
2026-01-16,대구,사과,10개,34800
2026-01-16,대구,배,10개,40833
2026-01-19,대구,배추,1포기,5437
2026-01-19,대구,시금치,100g,12023
2026-01-19,대구,상추,100g,15167
2026-01-19,대구,얼갈이배추,1kg,4660
2026-01-19,대구,오이,10개,16900
2026-01-19,대구,호박,1개,2427
2026-01-19,대구,토마토,1kg,6567
2026-01-19,대구,무,1개,2495
2026-01-19,대구,당근,1kg,3493
2026-01-19,대구,열무,1kg,3250
2026-01-19,대구,양파,1kg,2253
2026-01-19,대구,대파,1kg,3657
2026-01-19,대구,피망,100g,17333
2026-01-19,대구,파프리카,1개,1710
2026-01-19,대구,마늘,1kg,10020
2026-01-19,대구,브로콜리,1개,2770
2026-01-19,대구,사과,10개,28900
2026-01-19,대구,배,10개,39600
2026-01-20,대구,배추,1포기,5437
2026-01-20,대구,시금치,100g,12023
2026-01-20,대구,상추,100g,15167
2026-01-20,대구,얼갈이배추,1kg,4660
2026-01-20,대구,오이,10개,16900
2026-01-20,대구,호박,1개,2427
2026-01-20,대구,토마토,1kg,6567
2026-01-20,대구,무,1개,2495
2026-01-20,대구,당근,1kg,3493
2026-01-20,대구,열무,1kg,3250
2026-01-20,대구,양파,1kg,2253
2026-01-20,대구,대파,1kg,3657
2026-01-20,대구,피망,100g,17600
2026-01-20,대구,파프리카,1개,1710
2026-01-20,대구,마늘,1kg,10020
2026-01-20,대구,브로콜리,1개,2770
2026-01-20,대구,사과,10개,32733
2026-01-20,대구,배,10개,40833
2026-01-21,대구,배추,1포기,5437
2026-01-21,대구,시금치,100g,12257
2026-01-21,대구,상추,100g,15000
2026-01-21,대구,얼갈이배추,1kg,4660
2026-01-21,대구,오이,10개,16900
2026-01-21,대구,호박,1개,2427
2026-01-21,대구,토마토,1kg,6567
2026-01-21,대구,무,1개,2495
2026-01-21,대구,당근,1kg,3730
2026-01-21,대구,열무,1kg,3250
2026-01-21,대구,양파,1kg,2253
2026-01-21,대구,대파,1kg,3657
2026-01-21,대구,피망,100g,18000
2026-01-21,대구,파프리카,1개,1710
2026-01-21,대구,마늘,1kg,10020
2026-01-21,대구,브로콜리,1개,2660
2026-01-21,대구,사과,10개,30500
2026-01-21,대구,배,10개,38600
2026-01-22,대구,배추,1포기,5327
2026-01-22,대구,시금치,100g,12087
2026-01-22,대구,상추,100g,14867
2026-01-22,대구,얼갈이배추,1kg,4660
2026-01-22,대구,오이,10개,16900
2026-01-22,대구,호박,1개,2260
2026-01-22,대구,토마토,1kg,5927
2026-01-22,대구,무,1개,2495
2026-01-22,대구,당근,1kg,3730
2026-01-22,대구,열무,1kg,3250
2026-01-22,대구,양파,1kg,2253
2026-01-22,대구,대파,1kg,3660
2026-01-22,대구,피망,100g,20467
2026-01-22,대구,파프리카,1개,2043
2026-01-22,대구,마늘,1kg,9997
2026-01-22,대구,브로콜리,1개,2660
2026-01-22,대구,사과,10개,30500
2026-01-22,대구,배,10개,38600
2026-01-23,대구,배추,1포기,5327
2026-01-23,대구,시금치,100g,12187
2026-01-23,대구,상추,100g,14867
2026-01-23,대구,얼갈이배추,1kg,4770
2026-01-23,대구,오이,10개,16900
2026-01-23,대구,호박,1개,2260
2026-01-23,대구,토마토,1kg,5880
2026-01-23,대구,무,1개,2495
2026-01-23,대구,당근,1kg,3730
2026-01-23,대구,열무,1kg,3500
2026-01-23,대구,양파,1kg,2180
2026-01-23,대구,대파,1kg,3660
2026-01-23,대구,피망,100g,20500
2026-01-23,대구,파프리카,1개,2043
2026-01-23,대구,마늘,1kg,9997
2026-01-23,대구,브로콜리,1개,2713
2026-01-23,대구,사과,10개,30500
2026-01-23,대구,배,10개,38600
2025-10-28,광주,배추,1포기,6110
2025-10-28,광주,시금치,100g,12007
2025-10-28,광주,상추,100g,15167
2025-10-28,광주,얼갈이배추,1kg,4297
2025-10-28,광주,오이,10개,18300
2025-10-28,광주,호박,1개,2037
2025-10-28,광주,토마토,1kg,9060
2025-10-28,광주,무,1개,2560
2025-10-28,광주,당근,1kg,3490
2025-10-28,광주,열무,1kg,3410
2025-10-28,광주,양파,1kg,2497
2025-10-28,광주,대파,1kg,3860
2025-10-28,광주,피망,100g,17433
2025-10-28,광주,파프리카,1개,2160
2025-10-28,광주,마늘,1kg,11767
2025-10-28,광주,브로콜리,1개,2995
2025-10-28,광주,사과,10개,27700
2025-10-28,광주,배,10개,35433
2025-10-29,광주,배추,1포기,5950
2025-10-29,광주,시금치,100g,12007
2025-10-29,광주,상추,100g,15500
2025-10-29,광주,얼갈이배추,1kg,4297
2025-10-29,광주,오이,10개,18300
2025-10-29,광주,호박,1개,2037
2025-10-29,광주,토마토,1kg,9060
2025-10-29,광주,무,1개,2337
2025-10-29,광주,당근,1kg,3490
2025-10-29,광주,열무,1kg,3410
2025-10-29,광주,양파,1kg,2497
2025-10-29,광주,대파,1kg,3860
2025-10-29,광주,피망,100g,17433
2025-10-29,광주,파프리카,1개,2160
2025-10-29,광주,마늘,1kg,11767
2025-10-29,광주,브로콜리,1개,2995
2025-10-29,광주,사과,10개,33300
2025-10-29,광주,배,10개,35433
2025-10-30,광주,배추,1포기,3783
2025-10-30,광주,시금치,100g,11967
2025-10-30,광주,상추,100g,17933
2025-10-30,광주,얼갈이배추,1kg,4630
2025-10-30,광주,오이,10개,18300
2025-10-30,광주,호박,1개,1770
2025-10-30,광주,토마토,1kg,8393
2025-10-30,광주,무,1개,1803
2025-10-30,광주,당근,1kg,4160
2025-10-30,광주,열무,1kg,3910
2025-10-30,광주,양파,1kg,2127
2025-10-30,광주,대파,1kg,2423
2025-10-30,광주,피망,100g,17433
2025-10-30,광주,파프리카,1개,2160
2025-10-30,광주,마늘,1kg,9707
2025-10-30,광주,브로콜리,1개,2995
2025-10-30,광주,사과,10개,27850
2025-10-30,광주,배,10개,26267
2025-10-31,광주,배추,1포기,3783
2025-10-31,광주,시금치,100g,11967
2025-10-31,광주,상추,100g,18500
2025-10-31,광주,얼갈이배추,1kg,4630
2025-10-31,광주,오이,10개,18300
2025-10-31,광주,호박,1개,2203
2025-10-31,광주,토마토,1kg,8477
2025-10-31,광주,무,1개,1803
2025-10-31,광주,당근,1kg,4160
2025-10-31,광주,열무,1kg,3825
2025-10-31,광주,양파,1kg,2127
2025-10-31,광주,대파,1kg,2423
2025-10-31,광주,피망,100g,17433
2025-10-31,광주,파프리카,1개,1993
2025-10-31,광주,마늘,1kg,9707
2025-10-31,광주,브로콜리,1개,2995
2025-10-31,광주,사과,10개,27850
2025-10-31,광주,배,10개,26267
2025-11-03,광주,배추,1포기,3827
2025-11-03,광주,시금치,100g,11967
2025-11-03,광주,상추,100g,18733
2025-11-03,광주,얼갈이배추,1kg,4630
2025-11-03,광주,오이,10개,18300
2025-11-03,광주,호박,1개,2203
2025-11-03,광주,토마토,1kg,8477
2025-11-03,광주,무,1개,1803
2025-11-03,광주,당근,1kg,4160
2025-11-03,광주,열무,1kg,3825
2025-11-03,광주,양파,1kg,2213
2025-11-03,광주,대파,1kg,3377
2025-11-03,광주,피망,100g,17433
2025-11-03,광주,파프리카,1개,2157
2025-11-03,광주,마늘,1kg,9707
2025-11-03,광주,브로콜리,1개,2995
2025-11-03,광주,사과,10개,32850
2025-11-03,광주,배,10개,26267
2025-11-04,광주,배추,1포기,3827
2025-11-04,광주,시금치,100g,11967
2025-11-04,광주,상추,100g,18733
2025-11-04,광주,얼갈이배추,1kg,4630
2025-11-04,광주,오이,10개,18300
2025-11-04,광주,호박,1개,2313
2025-11-04,광주,토마토,1kg,8477
2025-11-04,광주,무,1개,1803
2025-11-04,광주,당근,1kg,4160
2025-11-04,광주,열무,1kg,3825
2025-11-04,광주,양파,1kg,2213
2025-11-04,광주,대파,1kg,3377
2025-11-04,광주,피망,100g,17433
2025-11-04,광주,파프리카,1개,2160
2025-11-04,광주,마늘,1kg,9707
2025-11-04,광주,브로콜리,1개,2995
2025-11-04,광주,사과,10개,29267
2025-11-04,광주,배,10개,26267
2025-11-05,광주,배추,1포기,3827
2025-11-05,광주,시금치,100g,11967
2025-11-05,광주,상추,100g,18167
2025-11-05,광주,얼갈이배추,1kg,4630
2025-11-05,광주,오이,10개,18300
2025-11-05,광주,호박,1개,2093
2025-11-05,광주,토마토,1kg,8477
2025-11-05,광주,무,1개,1803
2025-11-05,광주,당근,1kg,4050
2025-11-05,광주,열무,1kg,3825
2025-11-05,광주,양파,1kg,2213
2025-11-05,광주,대파,1kg,3377
2025-11-05,광주,피망,100g,17767
2025-11-05,광주,파프리카,1개,2160
2025-11-05,광주,마늘,1kg,9707
2025-11-05,광주,브로콜리,1개,2995
2025-11-05,광주,사과,10개,29267
2025-11-05,광주,배,10개,26267
2025-11-06,광주,배추,1포기,2973
2025-11-06,광주,시금치,100g,14500
2025-11-06,광주,상추,100g,19300
2025-11-06,광주,얼갈이배추,1kg,4963
2025-11-06,광주,오이,10개,18300
2025-11-06,광주,호박,1개,2093
2025-11-06,광주,토마토,1kg,9300
2025-11-06,광주,무,1개,1803
2025-11-06,광주,당근,1kg,2827
2025-11-06,광주,열무,1kg,4880
2025-11-06,광주,양파,1kg,2213
2025-11-06,광주,대파,1kg,3167
2025-11-06,광주,피망,100g,17767
2025-11-06,광주,파프리카,1개,1660
2025-11-06,광주,마늘,1kg,9707
2025-11-06,광주,브로콜리,1개,2995
2025-11-06,광주,사과,10개,26767
2025-11-06,광주,배,10개,27567
2025-11-07,광주,배추,1포기,3013
2025-11-07,광주,시금치,100g,14733
2025-11-07,광주,상추,100g,18167
2025-11-07,광주,얼갈이배추,1kg,4963
2025-11-07,광주,오이,10개,18300
2025-11-07,광주,호박,1개,2093
2025-11-07,광주,토마토,1kg,9300
2025-11-07,광주,무,1개,1803
2025-11-07,광주,당근,1kg,2993
2025-11-07,광주,열무,1kg,4880
2025-11-07,광주,양파,1kg,2213
2025-11-07,광주,대파,1kg,3167
2025-11-07,광주,피망,100g,17767
2025-11-07,광주,파프리카,1개,1660
2025-11-07,광주,마늘,1kg,9707
2025-11-07,광주,브로콜리,1개,2827
2025-11-07,광주,사과,10개,26767
2025-11-07,광주,배,10개,27833
2025-11-10,광주,배추,1포기,3057
2025-11-10,광주,시금치,100g,14733
2025-11-10,광주,상추,100g,18300
2025-11-10,광주,얼갈이배추,1kg,4910
2025-11-10,광주,오이,10개,18300
2025-11-10,광주,호박,1개,2093
2025-11-10,광주,토마토,1kg,9300
2025-11-10,광주,무,1개,1803
2025-11-10,광주,당근,1kg,3213
2025-11-10,광주,열무,1kg,4853
2025-11-10,광주,양파,1kg,2213
2025-11-10,광주,대파,1kg,3167
2025-11-10,광주,피망,100g,17767
2025-11-10,광주,파프리카,1개,1760
2025-11-10,광주,마늘,1kg,9707
2025-11-10,광주,브로콜리,1개,3657
2025-11-10,광주,사과,10개,26767
2025-11-10,광주,배,10개,27833
2025-11-11,광주,배추,1포기,3057
2025-11-11,광주,시금치,100g,14500
2025-11-11,광주,상추,100g,18300
2025-11-11,광주,얼갈이배추,1kg,4910
2025-11-11,광주,오이,10개,18300
2025-11-11,광주,호박,1개,2037
2025-11-11,광주,토마토,1kg,9300
2025-11-11,광주,무,1개,1803
2025-11-11,광주,당근,1kg,3213
2025-11-11,광주,열무,1kg,4853
2025-11-11,광주,양파,1kg,2213
2025-11-11,광주,대파,1kg,3167
2025-11-11,광주,피망,100g,17767
2025-11-11,광주,파프리카,1개,1757
2025-11-11,광주,마늘,1kg,9707
2025-11-11,광주,브로콜리,1개,3767
2025-11-11,광주,사과,10개,25000
2025-11-11,광주,배,10개,27833
2025-11-12,광주,배추,1포기,3057
2025-11-12,광주,시금치,100g,14300
2025-11-12,광주,상추,100g,18067
2025-11-12,광주,얼갈이배추,1kg,4853
2025-11-12,광주,오이,10개,18300
2025-11-12,광주,호박,1개,2037
2025-11-12,광주,토마토,1kg,9300
2025-11-12,광주,무,1개,1803
2025-11-12,광주,당근,1kg,3213
2025-11-12,광주,열무,1kg,4853
2025-11-12,광주,양파,1kg,2213
2025-11-12,광주,대파,1kg,3220
2025-11-12,광주,피망,100g,17767
2025-11-12,광주,파프리카,1개,1893
2025-11-12,광주,마늘,1kg,9707
2025-11-12,광주,브로콜리,1개,3767
2025-11-12,광주,사과,10개,25000
2025-11-12,광주,배,10개,27833
2025-11-13,광주,배추,1포기,2746
2025-11-13,광주,시금치,100g,14033
2025-11-13,광주,상추,100g,14733
2025-11-13,광주,얼갈이배추,1kg,4160
2025-11-13,광주,오이,10개,18300
2025-11-13,광주,호박,1개,1770
2025-11-13,광주,토마토,1kg,9300
2025-11-13,광주,무,1개,1910
2025-11-13,광주,당근,1kg,3213
2025-11-13,광주,열무,1kg,4187
2025-11-13,광주,양파,1kg,2213
2025-11-13,광주,대파,1kg,3363
2025-11-13,광주,피망,100g,18600
2025-11-13,광주,파프리카,1개,1993
2025-11-13,광주,마늘,1kg,8625
2025-11-13,광주,브로콜리,1개,3937
2025-11-13,광주,사과,10개,27667
2025-11-13,광주,배,10개,24767
2025-11-14,광주,배추,1포기,2746
2025-11-14,광주,시금치,100g,15500
2025-11-14,광주,상추,100g,14400
2025-11-14,광주,얼갈이배추,1kg,4160
2025-11-14,광주,오이,10개,18300
2025-11-14,광주,호박,1개,1770
2025-11-14,광주,토마토,1kg,9300
2025-11-14,광주,무,1개,2330
2025-11-14,광주,당근,1kg,3213
2025-11-14,광주,열무,1kg,4187
2025-11-14,광주,양파,1kg,2213
2025-11-14,광주,대파,1kg,3363
2025-11-14,광주,피망,100g,18600
2025-11-14,광주,파프리카,1개,1993
2025-11-14,광주,마늘,1kg,8625
2025-11-14,광주,브로콜리,1개,3937
2025-11-14,광주,사과,10개,27667
2025-11-14,광주,배,10개,24767
2025-11-17,광주,배추,1포기,3223
2025-11-17,광주,시금치,100g,15267
2025-11-17,광주,상추,100g,14300
2025-11-17,광주,얼갈이배추,1kg,4130
2025-11-17,광주,오이,10개,18300
2025-11-17,광주,호박,1개,1770
2025-11-17,광주,토마토,1kg,9383
2025-11-17,광주,무,1개,1494
2025-11-17,광주,당근,1kg,3490
2025-11-17,광주,열무,1kg,4160
2025-11-17,광주,양파,1kg,2213
2025-11-17,광주,대파,1kg,3363
2025-11-17,광주,피망,100g,18600
2025-11-17,광주,파프리카,1개,1993
2025-11-17,광주,마늘,1kg,9183
2025-11-17,광주,브로콜리,1개,3937
2025-11-17,광주,사과,10개,27667
2025-11-17,광주,배,10개,24767
2025-11-18,광주,배추,1포기,3930
2025-11-18,광주,시금치,100g,15267
2025-11-18,광주,상추,100g,14300
2025-11-18,광주,얼갈이배추,1kg,4130
2025-11-18,광주,오이,10개,18300
2025-11-18,광주,호박,1개,1770
2025-11-18,광주,토마토,1kg,9383
2025-11-18,광주,무,1개,1494
2025-11-18,광주,당근,1kg,3433
2025-11-18,광주,열무,1kg,4160
2025-11-18,광주,양파,1kg,2213
2025-11-18,광주,대파,1kg,3363
2025-11-18,광주,피망,100g,18600
2025-11-18,광주,파프리카,1개,1993
2025-11-18,광주,마늘,1kg,9183
2025-11-18,광주,브로콜리,1개,4047
2025-11-18,광주,사과,10개,27667
2025-11-18,광주,배,10개,24767
2025-11-19,광주,배추,1포기,3930
2025-11-19,광주,시금치,100g,15267
2025-11-19,광주,상추,100g,14300
2025-11-19,광주,얼갈이배추,1kg,4130
2025-11-19,광주,오이,10개,18300
2025-11-19,광주,호박,1개,1770
2025-11-19,광주,토마토,1kg,9383
2025-11-19,광주,무,1개,1494
2025-11-19,광주,당근,1kg,3433
2025-11-19,광주,열무,1kg,4160
2025-11-19,광주,양파,1kg,2213
2025-11-19,광주,대파,1kg,3477
2025-11-19,광주,피망,100g,18600
2025-11-19,광주,파프리카,1개,1993
2025-11-19,광주,마늘,1kg,9183
2025-11-19,광주,브로콜리,1개,4213
2025-11-19,광주,사과,10개,27667
2025-11-19,광주,배,10개,24900
2025-11-20,광주,배추,1포기,4190
2025-11-20,광주,시금치,100g,13900
2025-11-20,광주,상추,100g,13367
2025-11-20,광주,얼갈이배추,1kg,4463
2025-11-20,광주,오이,10개,18300
2025-11-20,광주,호박,1개,1803
2025-11-20,광주,토마토,1kg,8423
2025-11-20,광주,무,1개,2327
2025-11-20,광주,당근,1kg,2937
2025-11-20,광주,열무,1kg,3745
2025-11-20,광주,양파,1kg,1860
2025-11-20,광주,대파,1kg,4030
2025-11-20,광주,피망,100g,15233
2025-11-20,광주,파프리카,1개,1727
2025-11-20,광주,마늘,1kg,11110
2025-11-20,광주,브로콜리,1개,4047
2025-11-20,광주,사과,10개,27667
2025-11-20,광주,배,10개,29567
2025-11-21,광주,배추,1포기,4190
2025-11-21,광주,시금치,100g,13900
2025-11-21,광주,상추,100g,12267
2025-11-21,광주,얼갈이배추,1kg,4410
2025-11-21,광주,오이,10개,18300
2025-11-21,광주,호박,1개,1803
2025-11-21,광주,토마토,1kg,8423
2025-11-21,광주,무,1개,2327
2025-11-21,광주,당근,1kg,2937
2025-11-21,광주,열무,1kg,3745
2025-11-21,광주,양파,1kg,1860
2025-11-21,광주,대파,1kg,3943
2025-11-21,광주,피망,100g,15267
2025-11-21,광주,파프리카,1개,1627
2025-11-21,광주,마늘,1kg,11110
2025-11-21,광주,브로콜리,1개,4047
2025-11-21,광주,사과,10개,27667
2025-11-21,광주,배,10개,29567
2025-11-24,광주,배추,1포기,4035
2025-11-24,광주,시금치,100g,13900
2025-11-24,광주,상추,100g,13367
2025-11-24,광주,얼갈이배추,1kg,4410
2025-11-24,광주,오이,10개,18300
2025-11-24,광주,호박,1개,1747
2025-11-24,광주,토마토,1kg,8423
2025-11-24,광주,무,1개,2327
2025-11-24,광주,당근,1kg,2937
2025-11-24,광주,열무,1kg,3745
2025-11-24,광주,양파,1kg,1860
2025-11-24,광주,대파,1kg,3943
2025-11-24,광주,피망,100g,15267
2025-11-24,광주,파프리카,1개,1727
2025-11-24,광주,마늘,1kg,11110
2025-11-24,광주,브로콜리,1개,4047
2025-11-24,광주,사과,10개,27667
2025-11-24,광주,배,10개,29567
2025-11-25,광주,배추,1포기,4035
2025-11-25,광주,시금치,100g,13900
2025-11-25,광주,상추,100g,13367
2025-11-25,광주,얼갈이배추,1kg,4410
2025-11-25,광주,오이,10개,18300
2025-11-25,광주,호박,1개,1747
2025-11-25,광주,토마토,1kg,8423
2025-11-25,광주,무,1개,2327
2025-11-25,광주,당근,1kg,2937
2025-11-25,광주,열무,1kg,3745
2025-11-25,광주,양파,1kg,1860
2025-11-25,광주,대파,1kg,3943
2025-11-25,광주,피망,100g,15267
2025-11-25,광주,파프리카,1개,1727
2025-11-25,광주,마늘,1kg,11110
2025-11-25,광주,브로콜리,1개,4047
2025-11-25,광주,사과,10개,27667
2025-11-25,광주,배,10개,29567
2025-11-26,광주,배추,1포기,4035
2025-11-26,광주,시금치,100g,13900
2025-11-26,광주,상추,100g,13367
2025-11-26,광주,얼갈이배추,1kg,4410
2025-11-26,광주,오이,10개,18300
2025-11-26,광주,호박,1개,1693
2025-11-26,광주,토마토,1kg,8423
2025-11-26,광주,무,1개,2327
2025-11-26,광주,당근,1kg,2937
2025-11-26,광주,열무,1kg,3745
2025-11-26,광주,양파,1kg,1883
2025-11-26,광주,대파,1kg,3943
2025-11-26,광주,피망,100g,15267
2025-11-26,광주,파프리카,1개,1723
2025-11-26,광주,마늘,1kg,9407
2025-11-26,광주,브로콜리,1개,3880
2025-11-26,광주,사과,10개,27667
2025-11-26,광주,배,10개,29567
2025-11-27,광주,배추,1포기,4347
2025-11-27,광주,시금치,100g,8307
2025-11-27,광주,상추,100g,12567
2025-11-27,광주,얼갈이배추,1kg,4593
2025-11-27,광주,오이,10개,18300
2025-11-27,광주,호박,1개,1493
2025-11-27,광주,토마토,1kg,7070
2025-11-27,광주,무,1개,2327
2025-11-27,광주,당근,1kg,3627
2025-11-27,광주,열무,1kg,2410
2025-11-27,광주,양파,1kg,2150
2025-11-27,광주,대파,1kg,3310
2025-11-27,광주,피망,100g,14433
2025-11-27,광주,파프리카,1개,1760
2025-11-27,광주,마늘,1kg,11033
2025-11-27,광주,브로콜리,1개,3747
2025-11-27,광주,사과,10개,28767
2025-11-27,광주,배,10개,27400
2025-11-28,광주,배추,1포기,4347
2025-11-28,광주,시금치,100g,8307
2025-11-28,광주,상추,100g,12567
2025-11-28,광주,얼갈이배추,1kg,4593
2025-11-28,광주,오이,10개,18300
2025-11-28,광주,호박,1개,1493
2025-11-28,광주,토마토,1kg,7070
2025-11-28,광주,무,1개,2327
2025-11-28,광주,당근,1kg,3627
2025-11-28,광주,열무,1kg,2410
2025-11-28,광주,양파,1kg,2150
2025-11-28,광주,대파,1kg,3310
2025-11-28,광주,피망,100g,14433
2025-11-28,광주,파프리카,1개,1760
2025-11-28,광주,마늘,1kg,11033
2025-11-28,광주,브로콜리,1개,3747
2025-11-28,광주,사과,10개,28767
2025-11-28,광주,배,10개,27400
2025-12-01,광주,배추,1포기,4347
2025-12-01,광주,시금치,100g,11167
2025-12-01,광주,상추,100g,12567
2025-12-01,광주,얼갈이배추,1kg,4593
2025-12-01,광주,오이,10개,18300
2025-12-01,광주,호박,1개,1493
2025-12-01,광주,토마토,1kg,6903
2025-12-01,광주,무,1개,2380
2025-12-01,광주,당근,1kg,3627
2025-12-01,광주,열무,1kg,2500
2025-12-01,광주,양파,1kg,2237
2025-12-01,광주,대파,1kg,3310
2025-12-01,광주,피망,100g,14433
2025-12-01,광주,파프리카,1개,1827
2025-12-01,광주,마늘,1kg,11167
2025-12-01,광주,브로콜리,1개,3747
2025-12-01,광주,사과,10개,28767
2025-12-01,광주,배,10개,27400
2025-12-02,광주,배추,1포기,4347
2025-12-02,광주,시금치,100g,11167
2025-12-02,광주,상추,100g,12133
2025-12-02,광주,얼갈이배추,1kg,4593
2025-12-02,광주,오이,10개,18300
2025-12-02,광주,호박,1개,1493
2025-12-02,광주,토마토,1kg,6903
2025-12-02,광주,무,1개,2380
2025-12-02,광주,당근,1kg,3440
2025-12-02,광주,열무,1kg,2410
2025-12-02,광주,양파,1kg,2237
2025-12-02,광주,대파,1kg,3310
2025-12-02,광주,피망,100g,14433
2025-12-02,광주,파프리카,1개,1827
2025-12-02,광주,마늘,1kg,11167
2025-12-02,광주,브로콜리,1개,3693
2025-12-02,광주,사과,10개,28767
2025-12-02,광주,배,10개,27400
2025-12-03,광주,배추,1포기,4367
2025-12-03,광주,시금치,100g,11167
2025-12-03,광주,상추,100g,12133
2025-12-03,광주,얼갈이배추,1kg,4593
2025-12-03,광주,오이,10개,18300
2025-12-03,광주,호박,1개,1493
2025-12-03,광주,토마토,1kg,6903
2025-12-03,광주,무,1개,2380
2025-12-03,광주,당근,1kg,3440
2025-12-03,광주,열무,1kg,2410
2025-12-03,광주,양파,1kg,2237
2025-12-03,광주,대파,1kg,3310
2025-12-03,광주,피망,100g,14267
2025-12-03,광주,파프리카,1개,1760
2025-12-03,광주,마늘,1kg,11167
2025-12-03,광주,브로콜리,1개,3693
2025-12-03,광주,사과,10개,28767
2025-12-03,광주,배,10개,27400
2025-12-04,광주,배추,1포기,5320
2025-12-04,광주,시금치,100g,10933
2025-12-04,광주,상추,100g,11233
2025-12-04,광주,얼갈이배추,1kg,4703
2025-12-04,광주,오이,10개,18300
2025-12-04,광주,호박,1개,1593
2025-12-04,광주,토마토,1kg,6863
2025-12-04,광주,무,1개,2380
2025-12-04,광주,당근,1kg,2937
2025-12-04,광주,열무,1kg,2410
2025-12-04,광주,양파,1kg,2643
2025-12-04,광주,대파,1kg,3253
2025-12-04,광주,피망,100g,12600
2025-12-04,광주,파프리카,1개,1893
2025-12-04,광주,마늘,1kg,11400
2025-12-04,광주,브로콜리,1개,3323
2025-12-04,광주,사과,10개,28767
2025-12-04,광주,배,10개,31450
2025-12-08,광주,배추,1포기,4777
2025-12-08,광주,시금치,100g,10933
2025-12-08,광주,상추,100g,11233
2025-12-08,광주,얼갈이배추,1kg,4703
2025-12-08,광주,오이,10개,18300
2025-12-08,광주,호박,1개,1827
2025-12-08,광주,토마토,1kg,6697
2025-12-08,광주,무,1개,2547
2025-12-08,광주,당근,1kg,3047
2025-12-08,광주,열무,1kg,2410
2025-12-08,광주,양파,1kg,2643
2025-12-08,광주,대파,1kg,3787
2025-12-08,광주,피망,100g,12600
2025-12-08,광주,파프리카,1개,1893
2025-12-08,광주,마늘,1kg,11567
2025-12-08,광주,브로콜리,1개,3527
2025-12-08,광주,사과,10개,28767
2025-12-08,광주,배,10개,31450
2025-12-09,광주,배추,1포기,4797
2025-12-09,광주,시금치,100g,10833
2025-12-09,광주,상추,100g,11233
2025-12-09,광주,얼갈이배추,1kg,4703
2025-12-09,광주,오이,10개,18300
2025-12-09,광주,호박,1개,1827
2025-12-09,광주,토마토,1kg,6697
2025-12-09,광주,무,1개,2547
2025-12-09,광주,당근,1kg,3213
2025-12-09,광주,열무,1kg,2410
2025-12-09,광주,양파,1kg,2643
2025-12-09,광주,대파,1kg,3787
2025-12-09,광주,피망,100g,12600
2025-12-09,광주,파프리카,1개,1760
2025-12-09,광주,마늘,1kg,12133
2025-12-09,광주,브로콜리,1개,3527
2025-12-09,광주,사과,10개,28767
2025-12-09,광주,배,10개,31450
2025-12-10,광주,배추,1포기,4837
2025-12-10,광주,시금치,100g,10833
2025-12-10,광주,상추,100g,11233
2025-12-10,광주,얼갈이배추,1kg,4730
2025-12-10,광주,오이,10개,18300
2025-12-10,광주,호박,1개,1827
2025-12-10,광주,토마토,1kg,6613
2025-12-10,광주,무,1개,2547
2025-12-10,광주,당근,1kg,3213
2025-12-10,광주,열무,1kg,2500
2025-12-10,광주,양파,1kg,2643
2025-12-10,광주,대파,1kg,3787
2025-12-10,광주,피망,100g,12600
2025-12-10,광주,파프리카,1개,1760
2025-12-10,광주,마늘,1kg,12133
2025-12-10,광주,브로콜리,1개,3527
2025-12-10,광주,사과,10개,28767
2025-12-10,광주,배,10개,31450
2025-12-11,광주,배추,1포기,4670
2025-12-11,광주,시금치,100g,8593
2025-12-11,광주,상추,100g,10100
2025-12-11,광주,얼갈이배추,1kg,4160
2025-12-11,광주,오이,10개,18300
2025-12-11,광주,호박,1개,1857
2025-12-11,광주,토마토,1kg,6613
2025-12-11,광주,무,1개,2547
2025-12-11,광주,당근,1kg,3213
2025-12-11,광주,열무,1kg,2500
2025-12-11,광주,양파,1kg,2643
2025-12-11,광주,대파,1kg,3800
2025-12-11,광주,피망,100g,12600
2025-12-11,광주,파프리카,1개,1860
2025-12-11,광주,마늘,1kg,12133
2025-12-11,광주,브로콜리,1개,2660
2025-12-11,광주,사과,10개,28767
2025-12-11,광주,배,10개,31450
2025-12-12,광주,배추,1포기,4837
2025-12-12,광주,시금치,100g,8593
2025-12-12,광주,상추,100g,9557
2025-12-12,광주,얼갈이배추,1kg,4160
2025-12-12,광주,오이,10개,18300
2025-12-12,광주,호박,1개,1857
2025-12-12,광주,토마토,1kg,6613
2025-12-12,광주,무,1개,2547
2025-12-12,광주,당근,1kg,3213
2025-12-12,광주,열무,1kg,2500
2025-12-12,광주,양파,1kg,2643
2025-12-12,광주,대파,1kg,3800
2025-12-12,광주,피망,100g,12600
2025-12-12,광주,파프리카,1개,1860
2025-12-12,광주,마늘,1kg,11467
2025-12-12,광주,브로콜리,1개,2660
2025-12-12,광주,사과,10개,28767
2025-12-12,광주,배,10개,31450
2025-12-15,광주,배추,1포기,4650
2025-12-15,광주,시금치,100g,9373
2025-12-15,광주,상추,100g,10333
2025-12-15,광주,얼갈이배추,1kg,4620
2025-12-15,광주,오이,10개,18300
2025-12-15,광주,호박,1개,1857
2025-12-15,광주,토마토,1kg,6613
2025-12-15,광주,무,1개,2547
2025-12-15,광주,당근,1kg,3213
2025-12-15,광주,열무,1kg,2410
2025-12-15,광주,양파,1kg,2643
2025-12-15,광주,대파,1kg,4310
2025-12-15,광주,피망,100g,12600
2025-12-15,광주,파프리카,1개,1860
2025-12-15,광주,마늘,1kg,12133
2025-12-15,광주,브로콜리,1개,2660
2025-12-15,광주,사과,10개,28767
2025-12-15,광주,배,10개,31450
2025-12-16,광주,배추,1포기,4610
2025-12-16,광주,시금치,100g,9373
2025-12-16,광주,상추,100g,10333
2025-12-16,광주,얼갈이배추,1kg,4620
2025-12-16,광주,오이,10개,18300
2025-12-16,광주,호박,1개,1857
2025-12-16,광주,토마토,1kg,6613
2025-12-16,광주,무,1개,2547
2025-12-16,광주,당근,1kg,3213
2025-12-16,광주,열무,1kg,2410
2025-12-16,광주,양파,1kg,2643
2025-12-16,광주,대파,1kg,4310
2025-12-16,광주,피망,100g,12600
2025-12-16,광주,파프리카,1개,1860
2025-12-16,광주,마늘,1kg,12133
2025-12-16,광주,브로콜리,1개,2660
2025-12-16,광주,사과,10개,28767
2025-12-16,광주,배,10개,31450
2025-12-17,광주,배추,1포기,4040
2025-12-17,광주,시금치,100g,9373
2025-12-17,광주,상추,100g,10333
2025-12-17,광주,얼갈이배추,1kg,4620
2025-12-17,광주,오이,10개,18300
2025-12-17,광주,호박,1개,1857
2025-12-17,광주,토마토,1kg,6613
2025-12-17,광주,무,1개,2547
2025-12-17,광주,당근,1kg,3490
2025-12-17,광주,열무,1kg,2410
2025-12-17,광주,양파,1kg,2643
2025-12-17,광주,대파,1kg,4310
2025-12-17,광주,피망,100g,12600
2025-12-17,광주,파프리카,1개,1860
2025-12-17,광주,마늘,1kg,12133
2025-12-17,광주,브로콜리,1개,2660
2025-12-17,광주,사과,10개,28767
2025-12-17,광주,배,10개,31450
2025-12-18,광주,배추,1포기,5240
2025-12-18,광주,시금치,100g,9010
2025-12-18,광주,상추,100g,10000
2025-12-18,광주,얼갈이배추,1kg,3660
2025-12-18,광주,오이,10개,18300
2025-12-18,광주,호박,1개,1660
2025-12-18,광주,토마토,1kg,6613
2025-12-18,광주,무,1개,1980
2025-12-18,광주,당근,1kg,3140
2025-12-18,광주,열무,1kg,2410
2025-12-18,광주,양파,1kg,1877
2025-12-18,광주,대파,1kg,4423
2025-12-18,광주,피망,100g,12600
2025-12-18,광주,파프리카,1개,1760
2025-12-18,광주,마늘,1kg,11347
2025-12-18,광주,브로콜리,1개,2603
2025-12-18,광주,사과,10개,28767
2025-12-18,광주,배,10개,26800
2025-12-19,광주,배추,1포기,5410
2025-12-19,광주,시금치,100g,9010
2025-12-19,광주,상추,100g,10100
2025-12-19,광주,얼갈이배추,1kg,3917
2025-12-19,광주,오이,10개,18300
2025-12-19,광주,호박,1개,1660
2025-12-19,광주,토마토,1kg,6613
2025-12-19,광주,무,1개,1980
2025-12-19,광주,당근,1kg,3197
2025-12-19,광주,열무,1kg,2580
2025-12-19,광주,양파,1kg,1877
2025-12-19,광주,대파,1kg,4367
2025-12-19,광주,피망,100g,12600
2025-12-19,광주,파프리카,1개,1760
2025-12-19,광주,마늘,1kg,11347
2025-12-19,광주,브로콜리,1개,2547
2025-12-19,광주,사과,10개,28767
2025-12-19,광주,배,10개,26800
2025-12-22,광주,배추,1포기,5437
2025-12-22,광주,시금치,100g,9010
2025-12-22,광주,상추,100g,10100
2025-12-22,광주,얼갈이배추,1kg,3917
2025-12-22,광주,오이,10개,18300
2025-12-22,광주,호박,1개,1660
2025-12-22,광주,토마토,1kg,6613
2025-12-22,광주,무,1개,1980
2025-12-22,광주,당근,1kg,3197
2025-12-22,광주,열무,1kg,2580
2025-12-22,광주,양파,1kg,1877
2025-12-22,광주,대파,1kg,4367
2025-12-22,광주,피망,100g,12600
2025-12-22,광주,파프리카,1개,1893
2025-12-22,광주,마늘,1kg,11347
2025-12-22,광주,브로콜리,1개,3047
2025-12-22,광주,사과,10개,28767
2025-12-22,광주,배,10개,26800
2025-12-23,광주,배추,1포기,5437
2025-12-23,광주,시금치,100g,9010
2025-12-23,광주,상추,100g,10100
2025-12-23,광주,얼갈이배추,1kg,3917
2025-12-23,광주,오이,10개,18300
2025-12-23,광주,호박,1개,1660
2025-12-23,광주,토마토,1kg,6530
2025-12-23,광주,무,1개,1980
2025-12-23,광주,당근,1kg,3197
2025-12-23,광주,열무,1kg,2580
2025-12-23,광주,양파,1kg,1877
2025-12-23,광주,대파,1kg,4367
2025-12-23,광주,피망,100g,12600
2025-12-23,광주,파프리카,1개,1887
2025-12-23,광주,마늘,1kg,11347
2025-12-23,광주,브로콜리,1개,2993
2025-12-23,광주,사과,10개,28767
2025-12-23,광주,배,10개,26800
2025-12-24,광주,배추,1포기,5437
2025-12-24,광주,시금치,100g,9287
2025-12-24,광주,상추,100g,10000
2025-12-24,광주,얼갈이배추,1kg,3890
2025-12-24,광주,오이,10개,18300
2025-12-24,광주,호박,1개,1660
2025-12-24,광주,토마토,1kg,6530
2025-12-24,광주,무,1개,2075
2025-12-24,광주,당근,1kg,3383
2025-12-24,광주,열무,1kg,2580
2025-12-24,광주,양파,1kg,1993
2025-12-24,광주,대파,1kg,4367
2025-12-24,광주,피망,100g,12767
2025-12-24,광주,파프리카,1개,1927
2025-12-24,광주,마늘,1kg,12133
2025-12-24,광주,브로콜리,1개,2993
2025-12-24,광주,사과,10개,28100
2025-12-24,광주,배,10개,29833
2025-12-26,광주,배추,1포기,5243
2025-12-26,광주,시금치,100g,8513
2025-12-26,광주,상추,100g,11567
2025-12-26,광주,얼갈이배추,1kg,4077
2025-12-26,광주,오이,10개,18300
2025-12-26,광주,호박,1개,1880
2025-12-26,광주,토마토,1kg,7580
2025-12-26,광주,무,1개,2080
2025-12-26,광주,당근,1kg,2947
2025-12-26,광주,열무,1kg,2580
2025-12-26,광주,양파,1kg,2420
2025-12-26,광주,대파,1kg,3920
2025-12-26,광주,피망,100g,14433
2025-12-26,광주,파프리카,1개,1860
2025-12-26,광주,마늘,1kg,12133
2025-12-26,광주,브로콜리,1개,2993
2025-12-26,광주,사과,10개,27767
2025-12-26,광주,배,10개,28400
2025-12-29,광주,배추,1포기,5160
2025-12-29,광주,시금치,100g,8413
2025-12-29,광주,상추,100g,11667
2025-12-29,광주,얼갈이배추,1kg,4047
2025-12-29,광주,오이,10개,18300
2025-12-29,광주,호박,1개,1880
2025-12-29,광주,토마토,1kg,7580
2025-12-29,광주,무,1개,1875
2025-12-29,광주,당근,1kg,2947
2025-12-29,광주,열무,1kg,2580
2025-12-29,광주,양파,1kg,2420
2025-12-29,광주,대파,1kg,3920
2025-12-29,광주,피망,100g,14433
2025-12-29,광주,파프리카,1개,1860
2025-12-29,광주,마늘,1kg,12133
2025-12-29,광주,브로콜리,1개,2993
2025-12-29,광주,사과,10개,27767
2025-12-29,광주,배,10개,28400
2025-12-30,광주,배추,1포기,5160
2025-12-30,광주,시금치,100g,8413
2025-12-30,광주,상추,100g,12133
2025-12-30,광주,얼갈이배추,1kg,4047
2025-12-30,광주,오이,10개,18300
2025-12-30,광주,호박,1개,1880
2025-12-30,광주,토마토,1kg,7580
2025-12-30,광주,무,1개,1875
2025-12-30,광주,당근,1kg,2947
2025-12-30,광주,열무,1kg,2580
2025-12-30,광주,양파,1kg,2420
2025-12-30,광주,대파,1kg,3920
2025-12-30,광주,피망,100g,14433
2025-12-30,광주,파프리카,1개,1860
2025-12-30,광주,마늘,1kg,12133
2025-12-30,광주,브로콜리,1개,2993
2025-12-30,광주,사과,10개,27767
2025-12-30,광주,배,10개,28400
2025-12-31,광주,배추,1포기,5160
2025-12-31,광주,시금치,100g,8313
2025-12-31,광주,상추,100g,12233
2025-12-31,광주,얼갈이배추,1kg,4130
2025-12-31,광주,오이,10개,18300
2025-12-31,광주,호박,1개,1880
2025-12-31,광주,토마토,1kg,7580
2025-12-31,광주,무,1개,1875
2025-12-31,광주,당근,1kg,3113
2025-12-31,광주,열무,1kg,2580
2025-12-31,광주,양파,1kg,2607
2025-12-31,광주,대파,1kg,3873
2025-12-31,광주,피망,100g,15267
2025-12-31,광주,파프리카,1개,1760
2025-12-31,광주,마늘,1kg,11967
2025-12-31,광주,브로콜리,1개,2995
2025-12-31,광주,사과,10개,29100
2025-12-31,광주,배,10개,30833
2026-01-02,광주,배추,1포기,5117
2026-01-02,광주,시금치,100g,9087
2026-01-02,광주,상추,100g,12667
2026-01-02,광주,얼갈이배추,1kg,4313
2026-01-02,광주,오이,10개,18300
2026-01-02,광주,호박,1개,1713
2026-01-02,광주,토마토,1kg,7580
2026-01-02,광주,무,1개,2160
2026-01-02,광주,당근,1kg,3380
2026-01-02,광주,열무,1kg,2750
2026-01-02,광주,양파,1kg,2830
2026-01-02,광주,대파,1kg,4253
2026-01-02,광주,피망,100g,14600
2026-01-02,광주,파프리카,1개,1493
2026-01-02,광주,마늘,1kg,11300
2026-01-02,광주,브로콜리,1개,2245
2026-01-02,광주,사과,10개,29433
2026-01-02,광주,배,10개,34600
2026-01-05,광주,배추,1포기,5117
2026-01-05,광주,시금치,100g,9553
2026-01-05,광주,상추,100g,12767
2026-01-05,광주,얼갈이배추,1kg,4313
2026-01-05,광주,오이,10개,18300
2026-01-05,광주,호박,1개,1980
2026-01-05,광주,토마토,1kg,7580
2026-01-05,광주,무,1개,2660
2026-01-05,광주,당근,1kg,3380
2026-01-05,광주,열무,1kg,3160
2026-01-05,광주,양파,1kg,2830
2026-01-05,광주,대파,1kg,4367
2026-01-05,광주,피망,100g,14600
2026-01-05,광주,파프리카,1개,1593
2026-01-05,광주,마늘,1kg,11300
2026-01-05,광주,브로콜리,1개,2995
2026-01-05,광주,사과,10개,29433
2026-01-05,광주,배,10개,34600
2026-01-06,광주,배추,1포기,5117
2026-01-06,광주,시금치,100g,9553
2026-01-06,광주,상추,100g,12767
2026-01-06,광주,얼갈이배추,1kg,4730
2026-01-06,광주,오이,10개,18300
2026-01-06,광주,호박,1개,2037
2026-01-06,광주,토마토,1kg,7580
2026-01-06,광주,무,1개,2660
2026-01-06,광주,당근,1kg,3380
2026-01-06,광주,열무,1kg,3160
2026-01-06,광주,양파,1kg,2830
2026-01-06,광주,대파,1kg,4367
2026-01-06,광주,피망,100g,14600
2026-01-06,광주,파프리카,1개,1593
2026-01-06,광주,마늘,1kg,11300
2026-01-06,광주,브로콜리,1개,2995
2026-01-06,광주,사과,10개,30767
2026-01-06,광주,배,10개,34600
2026-01-07,광주,배추,1포기,5117
2026-01-07,광주,시금치,100g,9553
2026-01-07,광주,상추,100g,13000
2026-01-07,광주,얼갈이배추,1kg,4870
2026-01-07,광주,오이,10개,18300
2026-01-07,광주,호박,1개,2037
2026-01-07,광주,토마토,1kg,7497
2026-01-07,광주,무,1개,2660
2026-01-07,광주,당근,1kg,3380
2026-01-07,광주,열무,1kg,3330
2026-01-07,광주,양파,1kg,2830
2026-01-07,광주,대파,1kg,4367
2026-01-07,광주,피망,100g,14600
2026-01-07,광주,파프리카,1개,1593
2026-01-07,광주,마늘,1kg,11300
2026-01-07,광주,브로콜리,1개,3075
2026-01-07,광주,사과,10개,30767
2026-01-07,광주,배,10개,34600
2026-01-08,광주,배추,1포기,4950
2026-01-08,광주,시금치,100g,8160
2026-01-08,광주,상추,100g,15467
2026-01-08,광주,얼갈이배추,1kg,4870
2026-01-08,광주,오이,10개,18300
2026-01-08,광주,호박,1개,2037
2026-01-08,광주,토마토,1kg,7497
2026-01-08,광주,무,1개,2327
2026-01-08,광주,당근,1kg,3380
2026-01-08,광주,열무,1kg,3410
2026-01-08,광주,양파,1kg,2897
2026-01-08,광주,대파,1kg,3823
2026-01-08,광주,피망,100g,16933
2026-01-08,광주,파프리카,1개,1820
2026-01-08,광주,마늘,1kg,11967
2026-01-08,광주,브로콜리,1개,2603
2026-01-08,광주,사과,10개,30767
2026-01-08,광주,배,10개,34600
2026-01-09,광주,배추,1포기,4993
2026-01-09,광주,시금치,100g,10780
2026-01-09,광주,상추,100g,15467
2026-01-09,광주,얼갈이배추,1kg,4953
2026-01-09,광주,오이,10개,18300
2026-01-09,광주,호박,1개,2093
2026-01-09,광주,토마토,1kg,7497
2026-01-09,광주,무,1개,2327
2026-01-09,광주,당근,1kg,3380
2026-01-09,광주,열무,1kg,3410
2026-01-09,광주,양파,1kg,2410
2026-01-09,광주,대파,1kg,3710
2026-01-09,광주,피망,100g,16933
2026-01-09,광주,파프리카,1개,1820
2026-01-09,광주,마늘,1kg,11967
2026-01-09,광주,브로콜리,1개,2603
2026-01-09,광주,사과,10개,30767
2026-01-09,광주,배,10개,34600
2026-01-12,광주,배추,1포기,4993
2026-01-12,광주,시금치,100g,10780
2026-01-12,광주,상추,100g,15467
2026-01-12,광주,얼갈이배추,1kg,4980
2026-01-12,광주,오이,10개,18300
2026-01-12,광주,호박,1개,2093
2026-01-12,광주,토마토,1kg,7497
2026-01-12,광주,무,1개,2327
2026-01-12,광주,당근,1kg,3380
2026-01-12,광주,열무,1kg,3410
2026-01-12,광주,양파,1kg,2897
2026-01-12,광주,대파,1kg,3710
2026-01-12,광주,피망,100g,16933
2026-01-12,광주,파프리카,1개,1820
2026-01-12,광주,마늘,1kg,11967
2026-01-12,광주,브로콜리,1개,2603
2026-01-12,광주,사과,10개,30767
2026-01-12,광주,배,10개,34600
2026-01-13,광주,배추,1포기,4993
2026-01-13,광주,시금치,100g,10780
2026-01-13,광주,상추,100g,15467
2026-01-13,광주,얼갈이배추,1kg,4953
2026-01-13,광주,오이,10개,19900
2026-01-13,광주,호박,1개,2093
2026-01-13,광주,토마토,1kg,7497
2026-01-13,광주,무,1개,2160
2026-01-13,광주,당근,1kg,3383
2026-01-13,광주,열무,1kg,3160
2026-01-13,광주,양파,1kg,2907
2026-01-13,광주,대파,1kg,3710
2026-01-13,광주,피망,100g,16933
2026-01-13,광주,파프리카,1개,1820
2026-01-13,광주,마늘,1kg,11967
2026-01-13,광주,브로콜리,1개,2603
2026-01-13,광주,사과,10개,30767
2026-01-13,광주,배,10개,34600
2026-01-14,광주,배추,1포기,4993
2026-01-14,광주,시금치,100g,10780
2026-01-14,광주,상추,100g,15467
2026-01-14,광주,얼갈이배추,1kg,4953
2026-01-14,광주,오이,10개,19900
2026-01-14,광주,호박,1개,2093
2026-01-14,광주,토마토,1kg,7497
2026-01-14,광주,무,1개,2160
2026-01-14,광주,당근,1kg,3383
2026-01-14,광주,열무,1kg,3160
2026-01-14,광주,양파,1kg,2907
2026-01-14,광주,대파,1kg,3710
2026-01-14,광주,피망,100g,16933
2026-01-14,광주,파프리카,1개,1820
2026-01-14,광주,마늘,1kg,11967
2026-01-14,광주,브로콜리,1개,2547
2026-01-14,광주,사과,10개,30767
2026-01-14,광주,배,10개,34600
2026-01-15,광주,배추,1포기,4950
2026-01-15,광주,시금치,100g,11157
2026-01-15,광주,상추,100g,15633
2026-01-15,광주,얼갈이배추,1kg,4857
2026-01-15,광주,오이,10개,19900
2026-01-15,광주,호박,1개,2427
2026-01-15,광주,토마토,1kg,6800
2026-01-15,광주,무,1개,2327
2026-01-15,광주,당근,1kg,3383
2026-01-15,광주,열무,1kg,3330
2026-01-15,광주,양파,1kg,2840
2026-01-15,광주,대파,1kg,3487
2026-01-15,광주,피망,100g,16933
2026-01-15,광주,파프리카,1개,1753
2026-01-15,광주,마늘,1kg,11500
2026-01-15,광주,브로콜리,1개,2713
2026-01-15,광주,사과,10개,30600
2026-01-15,광주,배,10개,36933
2026-01-16,광주,배추,1포기,4950
2026-01-16,광주,시금치,100g,11157
2026-01-16,광주,상추,100g,15633
2026-01-16,광주,얼갈이배추,1kg,4830
2026-01-16,광주,오이,10개,19900
2026-01-16,광주,호박,1개,2427
2026-01-16,광주,토마토,1kg,6800
2026-01-16,광주,무,1개,2327
2026-01-16,광주,당근,1kg,3383
2026-01-16,광주,열무,1kg,3160
2026-01-16,광주,양파,1kg,2840
2026-01-16,광주,대파,1kg,3487
2026-01-16,광주,피망,100g,16933
2026-01-16,광주,파프리카,1개,1753
2026-01-16,광주,마늘,1kg,11500
2026-01-16,광주,브로콜리,1개,2713
2026-01-16,광주,사과,10개,30600
2026-01-16,광주,배,10개,36933
2026-01-19,광주,배추,1포기,4950
2026-01-19,광주,시금치,100g,11157
2026-01-19,광주,상추,100g,15400
2026-01-19,광주,얼갈이배추,1kg,4773
2026-01-19,광주,오이,10개,19900
2026-01-19,광주,호박,1개,2427
2026-01-19,광주,토마토,1kg,6800
2026-01-19,광주,무,1개,2327
2026-01-19,광주,당근,1kg,3383
2026-01-19,광주,열무,1kg,3160
2026-01-19,광주,양파,1kg,2840
2026-01-19,광주,대파,1kg,3487
2026-01-19,광주,피망,100g,16933
2026-01-19,광주,파프리카,1개,1753
2026-01-19,광주,마늘,1kg,11500
2026-01-19,광주,브로콜리,1개,2713
2026-01-19,광주,사과,10개,30600
2026-01-19,광주,배,10개,36933
2026-01-20,광주,배추,1포기,4950
2026-01-20,광주,시금치,100g,11157
2026-01-20,광주,상추,100g,15400
2026-01-20,광주,얼갈이배추,1kg,4717
2026-01-20,광주,오이,10개,19900
2026-01-20,광주,호박,1개,2427
2026-01-20,광주,토마토,1kg,6800
2026-01-20,광주,무,1개,2245
2026-01-20,광주,당근,1kg,3383
2026-01-20,광주,열무,1kg,3000
2026-01-20,광주,양파,1kg,2840
2026-01-20,광주,대파,1kg,3487
2026-01-20,광주,피망,100g,16933
2026-01-20,광주,파프리카,1개,1753
2026-01-20,광주,마늘,1kg,11500
2026-01-20,광주,브로콜리,1개,2713
2026-01-20,광주,사과,10개,30600
2026-01-20,광주,배,10개,36933
2026-01-21,광주,배추,1포기,4950
2026-01-21,광주,시금치,100g,11023
2026-01-21,광주,상추,100g,15400
2026-01-21,광주,얼갈이배추,1kg,4717
2026-01-21,광주,오이,10개,19900
2026-01-21,광주,호박,1개,2427
2026-01-21,광주,토마토,1kg,6800
2026-01-21,광주,무,1개,2245
2026-01-21,광주,당근,1kg,3383
2026-01-21,광주,열무,1kg,3000
2026-01-21,광주,양파,1kg,2840
2026-01-21,광주,대파,1kg,3487
2026-01-21,광주,피망,100g,16933
2026-01-21,광주,파프리카,1개,1753
2026-01-21,광주,마늘,1kg,11500
2026-01-21,광주,브로콜리,1개,2713
2026-01-21,광주,사과,10개,30600
2026-01-21,광주,배,10개,36933
2026-01-22,광주,배추,1포기,4950
2026-01-22,광주,시금치,100g,11020
2026-01-22,광주,상추,100g,15267
2026-01-22,광주,얼갈이배추,1kg,4717
2026-01-22,광주,오이,10개,19900
2026-01-22,광주,호박,1개,2260
2026-01-22,광주,토마토,1kg,6160
2026-01-22,광주,무,1개,2245
2026-01-22,광주,당근,1kg,3550
2026-01-22,광주,열무,1kg,3000
2026-01-22,광주,양파,1kg,2840
2026-01-22,광주,대파,1kg,3653
2026-01-22,광주,피망,100g,19433
2026-01-22,광주,파프리카,1개,2087
2026-01-22,광주,마늘,1kg,10810
2026-01-22,광주,브로콜리,1개,2713
2026-01-22,광주,사과,10개,31133
2026-01-22,광주,배,10개,36933
2026-01-23,광주,배추,1포기,4950
2026-01-23,광주,시금치,100g,11020
2026-01-23,광주,상추,100g,15267
2026-01-23,광주,얼갈이배추,1kg,4717
2026-01-23,광주,오이,10개,19900
2026-01-23,광주,호박,1개,2313
2026-01-23,광주,토마토,1kg,6160
2026-01-23,광주,무,1개,2245
2026-01-23,광주,당근,1kg,3550
2026-01-23,광주,열무,1kg,3000
2026-01-23,광주,양파,1kg,2767
2026-01-23,광주,대파,1kg,3653
2026-01-23,광주,피망,100g,19433
2026-01-23,광주,파프리카,1개,2087
2026-01-23,광주,마늘,1kg,10810
2026-01-23,광주,브로콜리,1개,2713
2026-01-23,광주,사과,10개,31700
2026-01-23,광주,배,10개,36933
2025-10-28,대전,배추,1포기,5743
2025-10-28,대전,시금치,100g,10440
2025-10-28,대전,상추,100g,15800
2025-10-28,대전,얼갈이배추,1kg,4187
2025-10-28,대전,오이,10개,18300
2025-10-28,대전,호박,1개,2050
2025-10-28,대전,토마토,1kg,9437
2025-10-28,대전,무,1개,2393
2025-10-28,대전,당근,1kg,3330
2025-10-28,대전,열무,1kg,4353
2025-10-28,대전,양파,1kg,2510
2025-10-28,대전,대파,1kg,4067
2025-10-28,대전,피망,100g,23650
2025-10-28,대전,파프리카,1개,2080
2025-10-28,대전,마늘,1kg,11367
2025-10-28,대전,브로콜리,1개,2993
2025-10-28,대전,사과,10개,22150
2025-10-28,대전,배,10개,36100
2025-10-29,대전,배추,1포기,5743
2025-10-29,대전,시금치,100g,10440
2025-10-29,대전,상추,100g,16200
2025-10-29,대전,얼갈이배추,1kg,4187
2025-10-29,대전,오이,10개,18300
2025-10-29,대전,호박,1개,2093
2025-10-29,대전,토마토,1kg,9437
2025-10-29,대전,무,1개,2393
2025-10-29,대전,당근,1kg,3330
2025-10-29,대전,열무,1kg,4353
2025-10-29,대전,양파,1kg,2510
2025-10-29,대전,대파,1kg,4010
2025-10-29,대전,피망,100g,23650
2025-10-29,대전,파프리카,1개,2080
2025-10-29,대전,마늘,1kg,11367
2025-10-29,대전,브로콜리,1개,2993
2025-10-29,대전,사과,10개,25000
2025-10-29,대전,배,10개,36100
2025-10-30,대전,배추,1포기,3660
2025-10-30,대전,시금치,100g,13267
2025-10-30,대전,상추,100g,18633
2025-10-30,대전,얼갈이배추,1kg,4520
2025-10-30,대전,오이,10개,18300
2025-10-30,대전,호박,1개,1827
2025-10-30,대전,토마토,1kg,8800
2025-10-30,대전,무,1개,1860
2025-10-30,대전,당근,1kg,3217
2025-10-30,대전,열무,1kg,4660
2025-10-30,대전,양파,1kg,2140
2025-10-30,대전,대파,1kg,2450
2025-10-30,대전,피망,100g,23650
2025-10-30,대전,파프리카,1개,2163
2025-10-30,대전,마늘,1kg,9307
2025-10-30,대전,브로콜리,1개,2870
2025-10-30,대전,사과,10개,25000
2025-10-30,대전,배,10개,26933
2025-10-31,대전,배추,1포기,3827
2025-10-31,대전,시금치,100g,13267
2025-10-31,대전,상추,100g,18233
2025-10-31,대전,얼갈이배추,1kg,4520
2025-10-31,대전,오이,10개,18300
2025-10-31,대전,호박,1개,2093
2025-10-31,대전,토마토,1kg,8800
2025-10-31,대전,무,1개,1900
2025-10-31,대전,당근,1kg,3217
2025-10-31,대전,열무,1kg,4660
2025-10-31,대전,양파,1kg,2183
2025-10-31,대전,대파,1kg,2450
2025-10-31,대전,피망,100g,23650
2025-10-31,대전,파프리카,1개,2160
2025-10-31,대전,마늘,1kg,9307
2025-10-31,대전,브로콜리,1개,2870
2025-10-31,대전,사과,10개,25000
2025-10-31,대전,배,10개,26933
2025-11-03,대전,배추,1포기,3827
2025-11-03,대전,시금치,100g,13067
2025-11-03,대전,상추,100g,18233
2025-11-03,대전,얼갈이배추,1kg,4493
2025-11-03,대전,오이,10개,18300
2025-11-03,대전,호박,1개,2093
2025-11-03,대전,토마토,1kg,8800
2025-11-03,대전,무,1개,1900
2025-11-03,대전,당근,1kg,3217
2025-11-03,대전,열무,1kg,4743
2025-11-03,대전,양파,1kg,2270
2025-11-03,대전,대파,1kg,2423
2025-11-03,대전,피망,100g,23650
2025-11-03,대전,파프리카,1개,2240
2025-11-03,대전,마늘,1kg,9307
2025-11-03,대전,브로콜리,1개,2995
2025-11-03,대전,사과,10개,23600
2025-11-03,대전,배,10개,26933
2025-11-04,대전,배추,1포기,3827
2025-11-04,대전,시금치,100g,13267
2025-11-04,대전,상추,100g,18000
2025-11-04,대전,얼갈이배추,1kg,4493
2025-11-04,대전,오이,10개,18300
2025-11-04,대전,호박,1개,2260
2025-11-04,대전,토마토,1kg,8800
2025-11-04,대전,무,1개,1860
2025-11-04,대전,당근,1kg,3217
2025-11-04,대전,열무,1kg,4797
2025-11-04,대전,양파,1kg,2270
2025-11-04,대전,대파,1kg,2740
2025-11-04,대전,피망,100g,23650
2025-11-04,대전,파프리카,1개,2243
2025-11-04,대전,마늘,1kg,9307
2025-11-04,대전,브로콜리,1개,3493
2025-11-04,대전,사과,10개,23600
2025-11-04,대전,배,10개,26933
2025-11-05,대전,배추,1포기,3827
2025-11-05,대전,시금치,100g,13267
2025-11-05,대전,상추,100g,18000
2025-11-05,대전,얼갈이배추,1kg,4493
2025-11-05,대전,오이,10개,18300
2025-11-05,대전,호박,1개,2093
2025-11-05,대전,토마토,1kg,8800
2025-11-05,대전,무,1개,1860
2025-11-05,대전,당근,1kg,3217
2025-11-05,대전,열무,1kg,4797
2025-11-05,대전,양파,1kg,2270
2025-11-05,대전,대파,1kg,3377
2025-11-05,대전,피망,100g,23650
2025-11-05,대전,파프리카,1개,2243
2025-11-05,대전,마늘,1kg,9307
2025-11-05,대전,브로콜리,1개,3493
2025-11-05,대전,사과,10개,23600
2025-11-05,대전,배,10개,27333
2025-11-06,대전,배추,1포기,5000
2025-11-06,대전,시금치,100g,15167
2025-11-06,대전,상추,100g,19133
2025-11-06,대전,얼갈이배추,1kg,4880
2025-11-06,대전,오이,10개,18300
2025-11-06,대전,호박,1개,2093
2025-11-06,대전,토마토,1kg,9497
2025-11-06,대전,무,1개,1817
2025-11-06,대전,당근,1kg,2660
2025-11-06,대전,열무,1kg,5130
2025-11-06,대전,양파,1kg,2270
2025-11-06,대전,대파,1kg,3167
2025-11-06,대전,피망,100g,23650
2025-11-06,대전,파프리카,1개,1660
2025-11-06,대전,마늘,1kg,9307
2025-11-06,대전,브로콜리,1개,2827
2025-11-06,대전,사과,10개,23267
2025-11-06,대전,배,10개,28633
2025-11-07,대전,배추,1포기,5000
2025-11-07,대전,시금치,100g,15167
2025-11-07,대전,상추,100g,18333
2025-11-07,대전,얼갈이배추,1kg,4880
2025-11-07,대전,오이,10개,18300
2025-11-07,대전,호박,1개,2093
2025-11-07,대전,토마토,1kg,9497
2025-11-07,대전,무,1개,1817
2025-11-07,대전,당근,1kg,2660
2025-11-07,대전,열무,1kg,5077
2025-11-07,대전,양파,1kg,2380
2025-11-07,대전,대파,1kg,3220
2025-11-07,대전,피망,100g,23650
2025-11-07,대전,파프리카,1개,1660
2025-11-07,대전,마늘,1kg,9307
2025-11-07,대전,브로콜리,1개,2827
2025-11-07,대전,사과,10개,21567
2025-11-07,대전,배,10개,28633
2025-11-10,대전,배추,1포기,5250
2025-11-10,대전,시금치,100g,14967
2025-11-10,대전,상추,100g,19133
2025-11-10,대전,얼갈이배추,1kg,4880
2025-11-10,대전,오이,10개,18300
2025-11-10,대전,호박,1개,2093
2025-11-10,대전,토마토,1kg,9497
2025-11-10,대전,무,1개,1817
2025-11-10,대전,당근,1kg,2880
2025-11-10,대전,열무,1kg,5077
2025-11-10,대전,양파,1kg,2380
2025-11-10,대전,대파,1kg,3220
2025-11-10,대전,피망,100g,23650
2025-11-10,대전,파프리카,1개,1527
2025-11-10,대전,마늘,1kg,9307
2025-11-10,대전,브로콜리,1개,2827
2025-11-10,대전,사과,10개,21567
2025-11-10,대전,배,10개,28633
2025-11-11,대전,배추,1포기,5000
2025-11-11,대전,시금치,100g,14767
2025-11-11,대전,상추,100g,18100
2025-11-11,대전,얼갈이배추,1kg,4770
2025-11-11,대전,오이,10개,18300
2025-11-11,대전,호박,1개,2010
2025-11-11,대전,토마토,1kg,9580
2025-11-11,대전,무,1개,1980
2025-11-11,대전,당근,1kg,2880
2025-11-11,대전,열무,1kg,4937
2025-11-11,대전,양파,1kg,2380
2025-11-11,대전,대파,1kg,3333
2025-11-11,대전,피망,100g,23650
2025-11-11,대전,파프리카,1개,1893
2025-11-11,대전,마늘,1kg,9307
2025-11-11,대전,브로콜리,1개,3657
2025-11-11,대전,사과,10개,23067
2025-11-11,대전,배,10개,28233
2025-11-12,대전,배추,1포기,4250
2025-11-12,대전,시금치,100g,14967
2025-11-12,대전,상추,100g,17900
2025-11-12,대전,얼갈이배추,1kg,4770
2025-11-12,대전,오이,10개,18300
2025-11-12,대전,호박,1개,1967
2025-11-12,대전,토마토,1kg,9580
2025-11-12,대전,무,1개,1980
2025-11-12,대전,당근,1kg,2880
2025-11-12,대전,열무,1kg,4937
2025-11-12,대전,양파,1kg,2380
2025-11-12,대전,대파,1kg,3277
2025-11-12,대전,피망,100g,23650
2025-11-12,대전,파프리카,1개,1893
2025-11-12,대전,마늘,1kg,9307
2025-11-12,대전,브로콜리,1개,3657
2025-11-12,대전,사과,10개,23067
2025-11-12,대전,배,10개,28233
2025-11-13,대전,배추,1포기,4750
2025-11-13,대전,시금치,100g,14867
2025-11-13,대전,상추,100g,14367
2025-11-13,대전,얼갈이배추,1kg,4103
2025-11-13,대전,오이,10개,18300
2025-11-13,대전,호박,1개,1660
2025-11-13,대전,토마토,1kg,9630
2025-11-13,대전,무,1개,2245
2025-11-13,대전,당근,1kg,3440
2025-11-13,대전,열무,1kg,4213
2025-11-13,대전,양파,1kg,2380
2025-11-13,대전,대파,1kg,3330
2025-11-13,대전,피망,100g,24900
2025-11-13,대전,파프리카,1개,1960
2025-11-13,대전,마늘,1kg,8803
2025-11-13,대전,브로콜리,1개,3827
2025-11-13,대전,사과,10개,25733
2025-11-13,대전,배,10개,25167
2025-11-14,대전,배추,1포기,4830
2025-11-14,대전,시금치,100g,15100
2025-11-14,대전,상추,100g,14233
2025-11-14,대전,얼갈이배추,1kg,4047
2025-11-14,대전,오이,10개,18300
2025-11-14,대전,호박,1개,1660
2025-11-14,대전,토마토,1kg,9713
2025-11-14,대전,무,1개,2345
2025-11-14,대전,당근,1kg,3550
2025-11-14,대전,열무,1kg,4297
2025-11-14,대전,양파,1kg,2380
2025-11-14,대전,대파,1kg,3447
2025-11-14,대전,피망,100g,24900
2025-11-14,대전,파프리카,1개,1960
2025-11-14,대전,마늘,1kg,8803
2025-11-14,대전,브로콜리,1개,3827
2025-11-14,대전,사과,10개,25733
2025-11-14,대전,배,10개,25167
2025-11-17,대전,배추,1포기,3057
2025-11-17,대전,시금치,100g,14967
2025-11-17,대전,상추,100g,14233
2025-11-17,대전,얼갈이배추,1kg,4077
2025-11-17,대전,오이,10개,18300
2025-11-17,대전,호박,1개,1660
2025-11-17,대전,토마토,1kg,9630
2025-11-17,대전,무,1개,1527
2025-11-17,대전,당근,1kg,3550
2025-11-17,대전,열무,1kg,4380
2025-11-17,대전,양파,1kg,2380
2025-11-17,대전,대파,1kg,3417
2025-11-17,대전,피망,100g,24900
2025-11-17,대전,파프리카,1개,1937
2025-11-17,대전,마늘,1kg,8803
2025-11-17,대전,브로콜리,1개,3827
2025-11-17,대전,사과,10개,25733
2025-11-17,대전,배,10개,25167
2025-11-18,대전,배추,1포기,3495
2025-11-18,대전,시금치,100g,14967
2025-11-18,대전,상추,100g,14233
2025-11-18,대전,얼갈이배추,1kg,4130
2025-11-18,대전,오이,10개,18300
2025-11-18,대전,호박,1개,1660
2025-11-18,대전,토마토,1kg,9547
2025-11-18,대전,무,1개,1527
2025-11-18,대전,당근,1kg,3550
2025-11-18,대전,열무,1kg,4270
2025-11-18,대전,양파,1kg,2380
2025-11-18,대전,대파,1kg,3500
2025-11-18,대전,피망,100g,24900
2025-11-18,대전,파프리카,1개,1937
2025-11-18,대전,마늘,1kg,8803
2025-11-18,대전,브로콜리,1개,3827
2025-11-18,대전,사과,10개,25733
2025-11-18,대전,배,10개,25167
2025-11-19,대전,배추,1포기,3495
2025-11-19,대전,시금치,100g,15100
2025-11-19,대전,상추,100g,14233
2025-11-19,대전,얼갈이배추,1kg,4130
2025-11-19,대전,오이,10개,18300
2025-11-19,대전,호박,1개,1660
2025-11-19,대전,토마토,1kg,9547
2025-11-19,대전,무,1개,1527
2025-11-19,대전,당근,1kg,3550
2025-11-19,대전,열무,1kg,4270
2025-11-19,대전,양파,1kg,2323
2025-11-19,대전,대파,1kg,3500
2025-11-19,대전,피망,100g,24900
2025-11-19,대전,파프리카,1개,1853
2025-11-19,대전,마늘,1kg,8803
2025-11-19,대전,브로콜리,1개,3827
2025-11-19,대전,사과,10개,25733
2025-11-19,대전,배,10개,25167
2025-11-20,대전,배추,1포기,3713
2025-11-20,대전,시금치,100g,14933
2025-11-20,대전,상추,100g,13300
2025-11-20,대전,얼갈이배추,1kg,4463
2025-11-20,대전,오이,10개,18300
2025-11-20,대전,호박,1개,1693
2025-11-20,대전,토마토,1kg,8547
2025-11-20,대전,무,1개,1977
2025-11-20,대전,당근,1kg,2880
2025-11-20,대전,열무,1kg,4603
2025-11-20,대전,양파,1kg,1970
2025-11-20,대전,대파,1kg,4153
2025-11-20,대전,피망,100g,19850
2025-11-20,대전,파프리카,1개,1693
2025-11-20,대전,마늘,1kg,10730
2025-11-20,대전,브로콜리,1개,3660
2025-11-20,대전,사과,10개,25733
2025-11-20,대전,배,10개,32233
2025-11-21,대전,배추,1포기,3880
2025-11-21,대전,시금치,100g,13567
2025-11-21,대전,상추,100g,12200
2025-11-21,대전,얼갈이배추,1kg,4463
2025-11-21,대전,오이,10개,18300
2025-11-21,대전,호박,1개,1693
2025-11-21,대전,토마토,1kg,8547
2025-11-21,대전,무,1개,2010
2025-11-21,대전,당근,1kg,2880
2025-11-21,대전,열무,1kg,4630
2025-11-21,대전,양파,1kg,1970
2025-11-21,대전,대파,1kg,4210
2025-11-21,대전,피망,100g,19900
2025-11-21,대전,파프리카,1개,1627
2025-11-21,대전,마늘,1kg,10730
2025-11-21,대전,브로콜리,1개,3660
2025-11-21,대전,사과,10개,25733
2025-11-21,대전,배,10개,32233
2025-11-24,대전,배추,1포기,3630
2025-11-24,대전,시금치,100g,12133
2025-11-24,대전,상추,100g,13200
2025-11-24,대전,얼갈이배추,1kg,4493
2025-11-24,대전,오이,10개,18300
2025-11-24,대전,호박,1개,1693
2025-11-24,대전,토마토,1kg,8130
2025-11-24,대전,무,1개,2560
2025-11-24,대전,당근,1kg,2880
2025-11-24,대전,열무,1kg,4493
2025-11-24,대전,양파,1kg,1970
2025-11-24,대전,대파,1kg,4100
2025-11-24,대전,피망,100g,19900
2025-11-24,대전,파프리카,1개,1693
2025-11-24,대전,마늘,1kg,10663
2025-11-24,대전,브로콜리,1개,3660
2025-11-24,대전,사과,10개,27267
2025-11-24,대전,배,10개,31400
2025-11-25,대전,배추,1포기,3683
2025-11-25,대전,시금치,100g,11700
2025-11-25,대전,상추,100g,13300
2025-11-25,대전,얼갈이배추,1kg,4493
2025-11-25,대전,오이,10개,18300
2025-11-25,대전,호박,1개,1693
2025-11-25,대전,토마토,1kg,8130
2025-11-25,대전,무,1개,2560
2025-11-25,대전,당근,1kg,2880
2025-11-25,대전,열무,1kg,4493
2025-11-25,대전,양파,1kg,1970
2025-11-25,대전,대파,1kg,4013
2025-11-25,대전,피망,100g,19900
2025-11-25,대전,파프리카,1개,1627
2025-11-25,대전,마늘,1kg,10663
2025-11-25,대전,브로콜리,1개,3660
2025-11-25,대전,사과,10개,27267
2025-11-25,대전,배,10개,31400
2025-11-26,대전,배추,1포기,3767
2025-11-26,대전,시금치,100g,11700
2025-11-26,대전,상추,100g,13300
2025-11-26,대전,얼갈이배추,1kg,4493
2025-11-26,대전,오이,10개,18300
2025-11-26,대전,호박,1개,1693
2025-11-26,대전,토마토,1kg,8020
2025-11-26,대전,무,1개,2593
2025-11-26,대전,당근,1kg,2880
2025-11-26,대전,열무,1kg,5490
2025-11-26,대전,양파,1kg,1970
2025-11-26,대전,대파,1kg,4040
2025-11-26,대전,피망,100g,19900
2025-11-26,대전,파프리카,1개,1627
2025-11-26,대전,마늘,1kg,8960
2025-11-26,대전,브로콜리,1개,3660
2025-11-26,대전,사과,10개,28600
2025-11-26,대전,배,10개,31400
2025-11-27,대전,배추,1포기,4660
2025-11-27,대전,시금치,100g,8390
2025-11-27,대전,상추,100g,9500
2025-11-27,대전,얼갈이배추,1kg,4493
2025-11-27,대전,오이,10개,18300
2025-11-27,대전,호박,1개,1527
2025-11-27,대전,토마토,1kg,6667
2025-11-27,대전,무,1개,2627
2025-11-27,대전,당근,1kg,3570
2025-11-27,대전,열무,1kg,5990
2025-11-27,대전,양파,1kg,2323
2025-11-27,대전,대파,1kg,3417
2025-11-27,대전,피망,100g,18650
2025-11-27,대전,파프리카,1개,1760
2025-11-27,대전,마늘,1kg,10587
2025-11-27,대전,브로콜리,1개,3527
2025-11-27,대전,사과,10개,33000
2025-11-27,대전,배,10개,29000
2025-11-28,대전,배추,1포기,4437
2025-11-28,대전,시금치,100g,8190
2025-11-28,대전,상추,100g,9400
2025-11-28,대전,얼갈이배추,1kg,4493
2025-11-28,대전,오이,10개,18300
2025-11-28,대전,호박,1개,1527
2025-11-28,대전,토마토,1kg,6667
2025-11-28,대전,무,1개,2660
2025-11-28,대전,당근,1kg,3570
2025-11-28,대전,열무,1kg,5990
2025-11-28,대전,양파,1kg,2103
2025-11-28,대전,대파,1kg,3417
2025-11-28,대전,피망,100g,18650
2025-11-28,대전,파프리카,1개,1760
2025-11-28,대전,마늘,1kg,10587
2025-11-28,대전,브로콜리,1개,3527
2025-11-28,대전,사과,10개,33000
2025-11-28,대전,배,10개,29000
2025-12-01,대전,배추,1포기,4187
2025-12-01,대전,시금치,100g,12453
2025-12-01,대전,상추,100g,9233
2025-12-01,대전,얼갈이배추,1kg,5490
2025-12-01,대전,오이,10개,18300
2025-12-01,대전,호박,1개,1527
2025-12-01,대전,토마토,1kg,6667
2025-12-01,대전,무,1개,2660
2025-12-01,대전,당근,1kg,3600
2025-12-01,대전,열무,1kg,5990
2025-12-01,대전,양파,1kg,2103
2025-12-01,대전,대파,1kg,3360
2025-12-01,대전,피망,100g,18650
2025-12-01,대전,파프리카,1개,1760
2025-12-01,대전,마늘,1kg,10720
2025-12-01,대전,브로콜리,1개,3527
2025-12-01,대전,사과,10개,29300
2025-12-01,대전,배,10개,29000
2025-12-02,대전,배추,1포기,4157
2025-12-02,대전,시금치,100g,12653
2025-12-02,대전,상추,100g,9233
2025-12-02,대전,얼갈이배추,1kg,5993
2025-12-02,대전,오이,10개,18300
2025-12-02,대전,호박,1개,1527
2025-12-02,대전,토마토,1kg,6610
2025-12-02,대전,무,1개,2660
2025-12-02,대전,당근,1kg,3413
2025-12-02,대전,열무,1kg,5990
2025-12-02,대전,양파,1kg,2103
2025-12-02,대전,대파,1kg,3303
2025-12-02,대전,피망,100g,18650
2025-12-02,대전,파프리카,1개,1760
2025-12-02,대전,마늘,1kg,10720
2025-12-02,대전,브로콜리,1개,3527
2025-12-02,대전,사과,10개,29300
2025-12-02,대전,배,10개,29000
2025-12-03,대전,배추,1포기,4047
2025-12-03,대전,시금치,100g,12453
2025-12-03,대전,상추,100g,9233
2025-12-03,대전,얼갈이배추,1kg,5993
2025-12-03,대전,오이,10개,18300
2025-12-03,대전,호박,1개,1527
2025-12-03,대전,토마토,1kg,6610
2025-12-03,대전,무,1개,2660
2025-12-03,대전,당근,1kg,3413
2025-12-03,대전,열무,1kg,5990
2025-12-03,대전,양파,1kg,2103
2025-12-03,대전,대파,1kg,3333
2025-12-03,대전,피망,100g,18650
2025-12-03,대전,파프리카,1개,1760
2025-12-03,대전,마늘,1kg,10720
2025-12-03,대전,브로콜리,1개,3527
2025-12-03,대전,사과,10개,29300
2025-12-03,대전,배,10개,29000
2025-12-04,대전,배추,1포기,5077
2025-12-04,대전,시금치,100g,12567
2025-12-04,대전,상추,100g,9233
2025-12-04,대전,얼갈이배추,1kg,4283
2025-12-04,대전,오이,10개,18300
2025-12-04,대전,호박,1개,1593
2025-12-04,대전,토마토,1kg,6693
2025-12-04,대전,무,1개,2660
2025-12-04,대전,당근,1kg,2910
2025-12-04,대전,열무,1kg,5990
2025-12-04,대전,양파,1kg,2510
2025-12-04,대전,대파,1kg,3350
2025-12-04,대전,피망,100g,12400
2025-12-04,대전,파프리카,1개,1727
2025-12-04,대전,마늘,1kg,10953
2025-12-04,대전,브로콜리,1개,3070
2025-12-04,대전,사과,10개,30467
2025-12-04,대전,배,10개,31700
2025-12-08,대전,배추,1포기,4553
2025-12-08,대전,시금치,100g,10367
2025-12-08,대전,상추,100g,9233
2025-12-08,대전,얼갈이배추,1kg,4283
2025-12-08,대전,오이,10개,18300
2025-12-08,대전,호박,1개,1827
2025-12-08,대전,토마토,1kg,6527
2025-12-08,대전,무,1개,2827
2025-12-08,대전,당근,1kg,3020
2025-12-08,대전,열무,1kg,5990
2025-12-08,대전,양파,1kg,2563
2025-12-08,대전,대파,1kg,4017
2025-12-08,대전,피망,100g,16150
2025-12-08,대전,파프리카,1개,1727
2025-12-08,대전,마늘,1kg,11120
2025-12-08,대전,브로콜리,1개,3375
2025-12-08,대전,사과,10개,29133
2025-12-08,대전,배,10개,31700
2025-12-09,대전,배추,1포기,4553
2025-12-09,대전,시금치,100g,10367
2025-12-09,대전,상추,100g,9233
2025-12-09,대전,얼갈이배추,1kg,4283
2025-12-09,대전,오이,10개,18300
2025-12-09,대전,호박,1개,1827
2025-12-09,대전,토마토,1kg,6527
2025-12-09,대전,무,1개,2827
2025-12-09,대전,당근,1kg,3020
2025-12-09,대전,열무,1kg,5990
2025-12-09,대전,양파,1kg,2510
2025-12-09,대전,대파,1kg,4017
2025-12-09,대전,피망,100g,16150
2025-12-09,대전,파프리카,1개,1727
2025-12-09,대전,마늘,1kg,11120
2025-12-09,대전,브로콜리,1개,3375
2025-12-09,대전,사과,10개,29133
2025-12-09,대전,배,10개,31700
2025-12-10,대전,배추,1포기,4637
2025-12-10,대전,시금치,100g,10733
2025-12-10,대전,상추,100g,9233
2025-12-10,대전,얼갈이배추,1kg,4283
2025-12-10,대전,오이,10개,18300
2025-12-10,대전,호박,1개,1827
2025-12-10,대전,토마토,1kg,6527
2025-12-10,대전,무,1개,2827
2025-12-10,대전,당근,1kg,3020
2025-12-10,대전,열무,1kg,5990
2025-12-10,대전,양파,1kg,2510
2025-12-10,대전,대파,1kg,4017
2025-12-10,대전,피망,100g,16150
2025-12-10,대전,파프리카,1개,1727
2025-12-10,대전,마늘,1kg,11120
2025-12-10,대전,브로콜리,1개,3375
2025-12-10,대전,사과,10개,29133
2025-12-10,대전,배,10개,31700
2025-12-11,대전,배추,1포기,4497
2025-12-11,대전,시금치,100g,9453
2025-12-11,대전,상추,100g,9400
2025-12-11,대전,얼갈이배추,1kg,4283
2025-12-11,대전,오이,10개,18300
2025-12-11,대전,호박,1개,1857
2025-12-11,대전,토마토,1kg,6527
2025-12-11,대전,무,1개,2827
2025-12-11,대전,당근,1kg,3187
2025-12-11,대전,열무,1kg,5990
2025-12-11,대전,양파,1kg,2510
2025-12-11,대전,대파,1kg,3917
2025-12-11,대전,피망,100g,16150
2025-12-11,대전,파프리카,1개,1727
2025-12-11,대전,마늘,1kg,10950
2025-12-11,대전,브로콜리,1개,2325
2025-12-11,대전,사과,10개,26633
2025-12-11,대전,배,10개,30600
2025-12-12,대전,배추,1포기,4610
2025-12-12,대전,시금치,100g,9453
2025-12-12,대전,상추,100g,8235
2025-12-12,대전,얼갈이배추,1kg,4283
2025-12-12,대전,오이,10개,18300
2025-12-12,대전,호박,1개,1857
2025-12-12,대전,토마토,1kg,6527
2025-12-12,대전,무,1개,2827
2025-12-12,대전,당근,1kg,3187
2025-12-12,대전,열무,1kg,5305
2025-12-12,대전,양파,1kg,2510
2025-12-12,대전,대파,1kg,3933
2025-12-12,대전,피망,100g,16150
2025-12-12,대전,파프리카,1개,1727
2025-12-12,대전,마늘,1kg,10283
2025-12-12,대전,브로콜리,1개,2547
2025-12-12,대전,사과,10개,26633
2025-12-12,대전,배,10개,30600
2025-12-15,대전,배추,1포기,4360
2025-12-15,대전,시금치,100g,10800
2025-12-15,대전,상추,100g,9400
2025-12-15,대전,얼갈이배추,1kg,4283
2025-12-15,대전,오이,10개,18300
2025-12-15,대전,호박,1개,1897
2025-12-15,대전,토마토,1kg,6527
2025-12-15,대전,무,1개,2827
2025-12-15,대전,당근,1kg,3187
2025-12-15,대전,열무,1kg,5305
2025-12-15,대전,양파,1kg,2510
2025-12-15,대전,대파,1kg,3917
2025-12-15,대전,피망,100g,16150
2025-12-15,대전,파프리카,1개,1727
2025-12-15,대전,마늘,1kg,10950
2025-12-15,대전,브로콜리,1개,2547
2025-12-15,대전,사과,10개,26633
2025-12-15,대전,배,10개,30600
2025-12-16,대전,배추,1포기,4360
2025-12-16,대전,시금치,100g,10800
2025-12-16,대전,상추,100g,9400
2025-12-16,대전,얼갈이배추,1kg,4283
2025-12-16,대전,오이,10개,18300
2025-12-16,대전,호박,1개,1897
2025-12-16,대전,토마토,1kg,6527
2025-12-16,대전,무,1개,2827
2025-12-16,대전,당근,1kg,3187
2025-12-16,대전,열무,1kg,5305
2025-12-16,대전,양파,1kg,2510
2025-12-16,대전,대파,1kg,3970
2025-12-16,대전,피망,100g,16150
2025-12-16,대전,파프리카,1개,1727
2025-12-16,대전,마늘,1kg,10950
2025-12-16,대전,브로콜리,1개,2547
2025-12-16,대전,사과,10개,26633
2025-12-16,대전,배,10개,30600
2025-12-17,대전,배추,1포기,4360
2025-12-17,대전,시금치,100g,10800
2025-12-17,대전,상추,100g,9400
2025-12-17,대전,얼갈이배추,1kg,4283
2025-12-17,대전,오이,10개,18300
2025-12-17,대전,호박,1개,1897
2025-12-17,대전,토마토,1kg,6527
2025-12-17,대전,무,1개,2827
2025-12-17,대전,당근,1kg,3187
2025-12-17,대전,열무,1kg,5305
2025-12-17,대전,양파,1kg,2510
2025-12-17,대전,대파,1kg,4413
2025-12-17,대전,피망,100g,16150
2025-12-17,대전,파프리카,1개,1727
2025-12-17,대전,마늘,1kg,10950
2025-12-17,대전,브로콜리,1개,2547
2025-12-17,대전,사과,10개,26633
2025-12-17,대전,배,10개,30600
2025-12-18,대전,배추,1포기,5160
2025-12-18,대전,시금치,100g,9920
2025-12-18,대전,상추,100g,9650
2025-12-18,대전,얼갈이배추,1kg,3617
2025-12-18,대전,오이,10개,18300
2025-12-18,대전,호박,1개,1700
2025-12-18,대전,토마토,1kg,6527
2025-12-18,대전,무,1개,2260
2025-12-18,대전,당근,1kg,2720
2025-12-18,대전,열무,1kg,5180
2025-12-18,대전,양파,1kg,1743
2025-12-18,대전,대파,1kg,4397
2025-12-18,대전,피망,100g,16150
2025-12-18,대전,파프리카,1개,1760
2025-12-18,대전,마늘,1kg,8830
2025-12-18,대전,브로콜리,1개,2547
2025-12-18,대전,사과,10개,28633
2025-12-18,대전,배,10개,26233
2025-12-19,대전,배추,1포기,5160
2025-12-19,대전,시금치,100g,9720
2025-12-19,대전,상추,100g,9650
2025-12-19,대전,얼갈이배추,1kg,3660
2025-12-19,대전,오이,10개,18300
2025-12-19,대전,호박,1개,1700
2025-12-19,대전,토마토,1kg,6527
2025-12-19,대전,무,1개,2260
2025-12-19,대전,당근,1kg,3113
2025-12-19,대전,열무,1kg,5180
2025-12-19,대전,양파,1kg,1743
2025-12-19,대전,대파,1kg,4397
2025-12-19,대전,피망,100g,16150
2025-12-19,대전,파프리카,1개,1760
2025-12-19,대전,마늘,1kg,8763
2025-12-19,대전,브로콜리,1개,2493
2025-12-19,대전,사과,10개,28633
2025-12-19,대전,배,10개,26233
2025-12-22,대전,배추,1포기,5160
2025-12-22,대전,시금치,100g,9520
2025-12-22,대전,상추,100g,10250
2025-12-22,대전,얼갈이배추,1kg,3660
2025-12-22,대전,오이,10개,18300
2025-12-22,대전,호박,1개,1660
2025-12-22,대전,토마토,1kg,6527
2025-12-22,대전,무,1개,2260
2025-12-22,대전,당근,1kg,3140
2025-12-22,대전,열무,1kg,5180
2025-12-22,대전,양파,1kg,1743
2025-12-22,대전,대파,1kg,4397
2025-12-22,대전,피망,100g,16150
2025-12-22,대전,파프리카,1개,1893
2025-12-22,대전,마늘,1kg,8830
2025-12-22,대전,브로콜리,1개,2993
2025-12-22,대전,사과,10개,28633
2025-12-22,대전,배,10개,26233
2025-12-23,대전,배추,1포기,5160
2025-12-23,대전,시금치,100g,9520
2025-12-23,대전,상추,100g,10050
2025-12-23,대전,얼갈이배추,1kg,3770
2025-12-23,대전,오이,10개,18300
2025-12-23,대전,호박,1개,1660
2025-12-23,대전,토마토,1kg,6787
2025-12-23,대전,무,1개,2193
2025-12-23,대전,당근,1kg,3113
2025-12-23,대전,열무,1kg,5180
2025-12-23,대전,양파,1kg,1630
2025-12-23,대전,대파,1kg,4397
2025-12-23,대전,피망,100g,16150
2025-12-23,대전,파프리카,1개,1887
2025-12-23,대전,마늘,1kg,8810
2025-12-23,대전,브로콜리,1개,2993
2025-12-23,대전,사과,10개,28633
2025-12-23,대전,배,10개,26633
2025-12-24,대전,배추,1포기,5160
2025-12-24,대전,시금치,100g,9900
2025-12-24,대전,상추,100g,10250
2025-12-24,대전,얼갈이배추,1kg,3770
2025-12-24,대전,오이,10개,18300
2025-12-24,대전,호박,1개,1660
2025-12-24,대전,토마토,1kg,6953
2025-12-24,대전,무,1개,2295
2025-12-24,대전,당근,1kg,3413
2025-12-24,대전,열무,1kg,5245
2025-12-24,대전,양파,1kg,1747
2025-12-24,대전,대파,1kg,4397
2025-12-24,대전,피망,100g,16150
2025-12-24,대전,파프리카,1개,1927
2025-12-24,대전,마늘,1kg,9597
2025-12-24,대전,브로콜리,1개,2995
2025-12-24,대전,사과,10개,28400
2025-12-24,대전,배,10개,31467
2025-12-26,대전,배추,1포기,5160
2025-12-26,대전,시금치,100g,9127
2025-12-26,대전,상추,100g,10450
2025-12-26,대전,얼갈이배추,1kg,4287
2025-12-26,대전,오이,10개,18300
2025-12-26,대전,호박,1개,1827
2025-12-26,대전,토마토,1kg,8003
2025-12-26,대전,무,1개,2245
2025-12-26,대전,당근,1kg,2977
2025-12-26,대전,열무,1kg,5245
2025-12-26,대전,양파,1kg,2100
2025-12-26,대전,대파,1kg,3897
2025-12-26,대전,피망,100g,12400
2025-12-26,대전,파프리카,1개,1860
2025-12-26,대전,마늘,1kg,10967
2025-12-26,대전,브로콜리,1개,2995
2025-12-26,대전,사과,10개,27733
2025-12-26,대전,배,10개,27133
2025-12-29,대전,배추,1포기,5160
2025-12-29,대전,시금치,100g,8593
2025-12-29,대전,상추,100g,10250
2025-12-29,대전,얼갈이배추,1kg,4397
2025-12-29,대전,오이,10개,18300
2025-12-29,대전,호박,1개,1950
2025-12-29,대전,토마토,1kg,8003
2025-12-29,대전,무,1개,1590
2025-12-29,대전,당근,1kg,2977
2025-12-29,대전,열무,1kg,5370
2025-12-29,대전,양파,1kg,2097
2025-12-29,대전,대파,1kg,3883
2025-12-29,대전,피망,100g,18650
2025-12-29,대전,파프리카,1개,1803
2025-12-29,대전,마늘,1kg,10967
2025-12-29,대전,브로콜리,1개,2993
2025-12-29,대전,사과,10개,27733
2025-12-29,대전,배,10개,27000
2025-12-30,대전,배추,1포기,5077
2025-12-30,대전,시금치,100g,8993
2025-12-30,대전,상추,100g,11500
2025-12-30,대전,얼갈이배추,1kg,4650
2025-12-30,대전,오이,10개,18300
2025-12-30,대전,호박,1개,1993
2025-12-30,대전,토마토,1kg,8103
2025-12-30,대전,무,1개,1590
2025-12-30,대전,당근,1kg,2933
2025-12-30,대전,열무,1kg,5495
2025-12-30,대전,양파,1kg,2113
2025-12-30,대전,대파,1kg,3883
2025-12-30,대전,피망,100g,18650
2025-12-30,대전,파프리카,1개,1737
2025-12-30,대전,마늘,1kg,10967
2025-12-30,대전,브로콜리,1개,2993
2025-12-30,대전,사과,10개,27733
2025-12-30,대전,배,10개,27000
2025-12-31,대전,배추,1포기,5077
2025-12-31,대전,시금치,100g,8993
2025-12-31,대전,상추,100g,11900
2025-12-31,대전,얼갈이배추,1kg,4650
2025-12-31,대전,오이,10개,18300
2025-12-31,대전,호박,1개,1993
2025-12-31,대전,토마토,1kg,8103
2025-12-31,대전,무,1개,1590
2025-12-31,대전,당근,1kg,3060
2025-12-31,대전,열무,1kg,5495
2025-12-31,대전,양파,1kg,2300
2025-12-31,대전,대파,1kg,3970
2025-12-31,대전,피망,100g,19900
2025-12-31,대전,파프리카,1개,1637
2025-12-31,대전,마늘,1kg,10800
2025-12-31,대전,브로콜리,1개,2993
2025-12-31,대전,사과,10개,29067
2025-12-31,대전,배,10개,30533
2026-01-02,대전,배추,1포기,5077
2026-01-02,대전,시금치,100g,11000
2026-01-02,대전,상추,100g,11900
2026-01-02,대전,얼갈이배추,1kg,4467
2026-01-02,대전,오이,10개,18300
2026-01-02,대전,호박,1개,1827
2026-01-02,대전,토마토,1kg,8103
2026-01-02,대전,무,1개,2490
2026-01-02,대전,당근,1kg,3327
2026-01-02,대전,열무,1kg,5495
2026-01-02,대전,양파,1kg,2523
2026-01-02,대전,대파,1kg,4110
2026-01-02,대전,피망,100g,18900
2026-01-02,대전,파프리카,1개,1437
2026-01-02,대전,마늘,1kg,10467
2026-01-02,대전,브로콜리,1개,2245
2026-01-02,대전,사과,10개,29067
2026-01-02,대전,배,10개,34300
2026-01-05,대전,배추,1포기,5160
2026-01-05,대전,시금치,100g,10233
2026-01-05,대전,상추,100g,12350
2026-01-05,대전,얼갈이배추,1kg,4547
2026-01-05,대전,오이,10개,18300
2026-01-05,대전,호박,1개,2093
2026-01-05,대전,토마토,1kg,8020
2026-01-05,대전,무,1개,2595
2026-01-05,대전,당근,1kg,3327
2026-01-05,대전,열무,1kg,5495
2026-01-05,대전,양파,1kg,2580
2026-01-05,대전,대파,1kg,4127
2026-01-05,대전,피망,100g,18900
2026-01-05,대전,파프리카,1개,1537
2026-01-05,대전,마늘,1kg,10467
2026-01-05,대전,브로콜리,1개,2245
2026-01-05,대전,사과,10개,29067
2026-01-05,대전,배,10개,34300
2026-01-06,대전,배추,1포기,5160
2026-01-06,대전,시금치,100g,10233
2026-01-06,대전,상추,100g,11700
2026-01-06,대전,얼갈이배추,1kg,4880
2026-01-06,대전,오이,10개,18300
2026-01-06,대전,호박,1개,2093
2026-01-06,대전,토마토,1kg,8020
2026-01-06,대전,무,1개,2595
2026-01-06,대전,당근,1kg,3327
2026-01-06,대전,열무,1kg,5495
2026-01-06,대전,양파,1kg,2580
2026-01-06,대전,대파,1kg,4127
2026-01-06,대전,피망,100g,18900
2026-01-06,대전,파프리카,1개,1537
2026-01-06,대전,마늘,1kg,10467
2026-01-06,대전,브로콜리,1개,2245
2026-01-06,대전,사과,10개,29067
2026-01-06,대전,배,10개,34300
2026-01-07,대전,배추,1포기,5160
2026-01-07,대전,시금치,100g,10333
2026-01-07,대전,상추,100g,11700
2026-01-07,대전,얼갈이배추,1kg,4880
2026-01-07,대전,오이,10개,18300
2026-01-07,대전,호박,1개,2093
2026-01-07,대전,토마토,1kg,7653
2026-01-07,대전,무,1개,2595
2026-01-07,대전,당근,1kg,3327
2026-01-07,대전,열무,1kg,5495
2026-01-07,대전,양파,1kg,2270
2026-01-07,대전,대파,1kg,4070
2026-01-07,대전,피망,100g,18900
2026-01-07,대전,파프리카,1개,1537
2026-01-07,대전,마늘,1kg,10467
2026-01-07,대전,브로콜리,1개,2243
2026-01-07,대전,사과,10개,29067
2026-01-07,대전,배,10개,34300
2026-01-08,대전,배추,1포기,4993
2026-01-08,대전,시금치,100g,9653
2026-01-08,대전,상추,100g,14050
2026-01-08,대전,얼갈이배추,1kg,4880
2026-01-08,대전,오이,10개,18300
2026-01-08,대전,호박,1개,2093
2026-01-08,대전,토마토,1kg,7653
2026-01-08,대전,무,1개,2345
2026-01-08,대전,당근,1kg,3327
2026-01-08,대전,열무,1kg,5495
2026-01-08,대전,양파,1kg,2647
2026-01-08,대전,대파,1kg,3703
2026-01-08,대전,피망,100g,22400
2026-01-08,대전,파프리카,1개,1803
2026-01-08,대전,마늘,1kg,10500
2026-01-08,대전,브로콜리,1개,2327
2026-01-08,대전,사과,10개,30733
2026-01-08,대전,배,10개,34300
2026-01-09,대전,배추,1포기,4993
2026-01-09,대전,시금치,100g,12020
2026-01-09,대전,상추,100g,14500
2026-01-09,대전,얼갈이배추,1kg,4880
2026-01-09,대전,오이,10개,18300
2026-01-09,대전,호박,1개,2093
2026-01-09,대전,토마토,1kg,7570
2026-01-09,대전,무,1개,2345
2026-01-09,대전,당근,1kg,3327
2026-01-09,대전,열무,1kg,5495
2026-01-09,대전,양파,1kg,2553
2026-01-09,대전,대파,1kg,3703
2026-01-09,대전,피망,100g,22400
2026-01-09,대전,파프리카,1개,1803
2026-01-09,대전,마늘,1kg,10467
2026-01-09,대전,브로콜리,1개,2327
2026-01-09,대전,사과,10개,30733
2026-01-09,대전,배,10개,34300
2026-01-12,대전,배추,1포기,4993
2026-01-12,대전,시금치,100g,12020
2026-01-12,대전,상추,100g,14500
2026-01-12,대전,얼갈이배추,1kg,4770
2026-01-12,대전,오이,10개,18300
2026-01-12,대전,호박,1개,2093
2026-01-12,대전,토마토,1kg,7570
2026-01-12,대전,무,1개,2345
2026-01-12,대전,당근,1kg,3327
2026-01-12,대전,열무,1kg,5495
2026-01-12,대전,양파,1kg,2367
2026-01-12,대전,대파,1kg,3703
2026-01-12,대전,피망,100g,22400
2026-01-12,대전,파프리카,1개,1803
2026-01-12,대전,마늘,1kg,10467
2026-01-12,대전,브로콜리,1개,2327
2026-01-12,대전,사과,10개,30733
2026-01-12,대전,배,10개,34300
2026-01-13,대전,배추,1포기,4993
2026-01-13,대전,시금치,100g,12020
2026-01-13,대전,상추,100g,14500
2026-01-13,대전,얼갈이배추,1kg,4770
2026-01-13,대전,오이,10개,19900
2026-01-13,대전,호박,1개,2093
2026-01-13,대전,토마토,1kg,7570
2026-01-13,대전,무,1개,2345
2026-01-13,대전,당근,1kg,3327
2026-01-13,대전,열무,1kg,5495
2026-01-13,대전,양파,1kg,2367
2026-01-13,대전,대파,1kg,3703
2026-01-13,대전,피망,100g,22400
2026-01-13,대전,파프리카,1개,1803
2026-01-13,대전,마늘,1kg,10467
2026-01-13,대전,브로콜리,1개,2327
2026-01-13,대전,사과,10개,30733
2026-01-13,대전,배,10개,34300
2026-01-14,대전,배추,1포기,4993
2026-01-14,대전,시금치,100g,12020
2026-01-14,대전,상추,100g,14500
2026-01-14,대전,얼갈이배추,1kg,4713
2026-01-14,대전,오이,10개,19900
2026-01-14,대전,호박,1개,2133
2026-01-14,대전,토마토,1kg,7570
2026-01-14,대전,무,1개,2345
2026-01-14,대전,당근,1kg,3327
2026-01-14,대전,열무,1kg,4995
2026-01-14,대전,양파,1kg,2367
2026-01-14,대전,대파,1kg,3737
2026-01-14,대전,피망,100g,22400
2026-01-14,대전,파프리카,1개,1803
2026-01-14,대전,마늘,1kg,10467
2026-01-14,대전,브로콜리,1개,2547
2026-01-14,대전,사과,10개,30733
2026-01-14,대전,배,10개,34300
2026-01-15,대전,배추,1포기,4993
2026-01-15,대전,시금치,100g,10867
2026-01-15,대전,상추,100g,14300
2026-01-15,대전,얼갈이배추,1kg,4713
2026-01-15,대전,오이,10개,19900
2026-01-15,대전,호박,1개,2467
2026-01-15,대전,토마토,1kg,6873
2026-01-15,대전,무,1개,2345
2026-01-15,대전,당근,1kg,3327
2026-01-15,대전,열무,1kg,4995
2026-01-15,대전,양파,1kg,2327
2026-01-15,대전,대파,1kg,3680
2026-01-15,대전,피망,100g,22400
2026-01-15,대전,파프리카,1개,1737
2026-01-15,대전,마늘,1kg,10000
2026-01-15,대전,브로콜리,1개,2713
2026-01-15,대전,사과,10개,31067
2026-01-15,대전,배,10개,36633
2026-01-16,대전,배추,1포기,4993
2026-01-16,대전,시금치,100g,10867
2026-01-16,대전,상추,100g,14300
2026-01-16,대전,얼갈이배추,1kg,4713
2026-01-16,대전,오이,10개,19900
2026-01-16,대전,호박,1개,2467
2026-01-16,대전,토마토,1kg,6290
2026-01-16,대전,무,1개,2345
2026-01-16,대전,당근,1kg,3327
2026-01-16,대전,열무,1kg,4995
2026-01-16,대전,양파,1kg,2327
2026-01-16,대전,대파,1kg,3660
2026-01-16,대전,피망,100g,22400
2026-01-16,대전,파프리카,1개,1737
2026-01-16,대전,마늘,1kg,10000
2026-01-16,대전,브로콜리,1개,2713
2026-01-16,대전,사과,10개,30400
2026-01-16,대전,배,10개,36633
2026-01-19,대전,배추,1포기,4993
2026-01-19,대전,시금치,100g,10867
2026-01-19,대전,상추,100g,14300
2026-01-19,대전,얼갈이배추,1kg,4603
2026-01-19,대전,오이,10개,19900
2026-01-19,대전,호박,1개,2467
2026-01-19,대전,토마토,1kg,6290
2026-01-19,대전,무,1개,2345
2026-01-19,대전,당근,1kg,3327
2026-01-19,대전,열무,1kg,4995
2026-01-19,대전,양파,1kg,2327
2026-01-19,대전,대파,1kg,3660
2026-01-19,대전,피망,100g,22400
2026-01-19,대전,파프리카,1개,1737
2026-01-19,대전,마늘,1kg,10000
2026-01-19,대전,브로콜리,1개,2713
2026-01-19,대전,사과,10개,30400
2026-01-19,대전,배,10개,38033
2026-01-20,대전,배추,1포기,4993
2026-01-20,대전,시금치,100g,10867
2026-01-20,대전,상추,100g,14300
2026-01-20,대전,얼갈이배추,1kg,4603
2026-01-20,대전,오이,10개,19900
2026-01-20,대전,호박,1개,2467
2026-01-20,대전,토마토,1kg,6290
2026-01-20,대전,무,1개,2345
2026-01-20,대전,당근,1kg,3330
2026-01-20,대전,열무,1kg,4995
2026-01-20,대전,양파,1kg,2327
2026-01-20,대전,대파,1kg,3660
2026-01-20,대전,피망,100g,22400
2026-01-20,대전,파프리카,1개,1737
2026-01-20,대전,마늘,1kg,10000
2026-01-20,대전,브로콜리,1개,2713
2026-01-20,대전,사과,10개,30400
2026-01-20,대전,배,10개,38033
2026-01-21,대전,배추,1포기,4993
2026-01-21,대전,시금치,100g,10867
2026-01-21,대전,상추,100g,14300
2026-01-21,대전,얼갈이배추,1kg,4713
2026-01-21,대전,오이,10개,19900
2026-01-21,대전,호박,1개,2467
2026-01-21,대전,토마토,1kg,6290
2026-01-21,대전,무,1개,2345
2026-01-21,대전,당근,1kg,3330
2026-01-21,대전,열무,1kg,4995
2026-01-21,대전,양파,1kg,2327
2026-01-21,대전,대파,1kg,3660
2026-01-21,대전,피망,100g,22400
2026-01-21,대전,파프리카,1개,1793
2026-01-21,대전,마늘,1kg,10000
2026-01-21,대전,브로콜리,1개,2713
2026-01-21,대전,사과,10개,30400
2026-01-21,대전,배,10개,38033
2026-01-22,대전,배추,1포기,4993
2026-01-22,대전,시금치,100g,11447
2026-01-22,대전,상추,100g,13700
2026-01-22,대전,얼갈이배추,1kg,4713
2026-01-22,대전,오이,10개,19900
2026-01-22,대전,호박,1개,2300
2026-01-22,대전,토마토,1kg,6233
2026-01-22,대전,무,1개,2345
2026-01-22,대전,당근,1kg,3497
2026-01-22,대전,열무,1kg,4995
2026-01-22,대전,양파,1kg,2327
2026-01-22,대전,대파,1kg,4123
2026-01-22,대전,피망,100g,26150
2026-01-22,대전,파프리카,1개,2057
2026-01-22,대전,마늘,1kg,9977
2026-01-22,대전,브로콜리,1개,2713
2026-01-22,대전,사과,10개,31067
2026-01-22,대전,배,10개,38033
2026-01-23,대전,배추,1포기,4993
2026-01-23,대전,시금치,100g,11653
2026-01-23,대전,상추,100g,15767
2026-01-23,대전,얼갈이배추,1kg,4713
2026-01-23,대전,오이,10개,19900
2026-01-23,대전,호박,1개,2300
2026-01-23,대전,토마토,1kg,6233
2026-01-23,대전,무,1개,2345
2026-01-23,대전,당근,1kg,3497
2026-01-23,대전,열무,1kg,4995
2026-01-23,대전,양파,1kg,2563
2026-01-23,대전,대파,1kg,3723
2026-01-23,대전,피망,100g,26150
2026-01-23,대전,파프리카,1개,2060
2026-01-23,대전,마늘,1kg,9977
2026-01-23,대전,브로콜리,1개,2713
2026-01-23,대전,사과,10개,29067
2026-01-23,대전,배,10개,38033
2026-01-26,부산,배추,1포기,5133
2026-01-26,부산,시금치,100g,11045
2026-01-26,부산,상추,100g,12367
2026-01-26,부산,얼갈이배추,1kg,4053
2026-01-26,부산,오이,10개,17825
2026-01-26,부산,호박,1개,2200
2026-01-26,부산,토마토,1kg,5390
2026-01-26,부산,무,1개,2165
2026-01-26,부산,당근,1kg,3085
2026-01-26,부산,열무,1kg,3995
2026-01-26,부산,양파,1kg,2410
2026-01-26,부산,대파,1kg,3988
2026-01-26,부산,피망,100g,14300
2026-01-26,부산,파프리카,1개,1848
2026-01-26,부산,마늘,1kg,10548
2026-01-26,부산,브로콜리,1개,2930
2026-01-26,부산,사과,10개,28200
2026-01-26,부산,배,10개,28300
2026-01-27,부산,배추,1포기,5133
2026-01-27,부산,시금치,100g,11048
2026-01-27,부산,상추,100g,12467
2026-01-27,부산,얼갈이배추,1kg,4080
2026-01-27,부산,오이,10개,17825
2026-01-27,부산,호박,1개,2208
2026-01-27,부산,토마토,1kg,5390
2026-01-27,부산,무,1개,2165
2026-01-27,부산,당근,1kg,3085
2026-01-27,부산,열무,1kg,3995
2026-01-27,부산,양파,1kg,2410
2026-01-27,부산,대파,1kg,3988
2026-01-27,부산,피망,100g,14375
2026-01-27,부산,파프리카,1개,1848
2026-01-27,부산,마늘,1kg,10548
2026-01-27,부산,브로콜리,1개,2913
2026-01-27,부산,사과,10개,29200
2026-01-27,부산,배,10개,28300
2026-01-28,부산,배추,1포기,5133
2026-01-28,부산,시금치,100g,12100
2026-01-28,부산,상추,100g,12467
2026-01-28,부산,얼갈이배추,1kg,4080
2026-01-28,부산,오이,10개,17825
2026-01-28,부산,호박,1개,2333
2026-01-28,부산,토마토,1kg,5590
2026-01-28,부산,무,1개,2037
2026-01-28,부산,당근,1kg,3350
2026-01-28,부산,열무,1kg,3995
2026-01-28,부산,양파,1kg,2308
2026-01-28,부산,대파,1kg,3988
2026-01-28,부산,피망,100g,14750
2026-01-28,부산,파프리카,1개,1910
2026-01-28,부산,마늘,1kg,11048
2026-01-28,부산,브로콜리,1개,2663
2026-01-28,부산,사과,10개,29200
2026-01-28,부산,배,10개,28300
2026-01-29,부산,배추,1포기,4898
2026-01-29,부산,시금치,100g,10808
2026-01-29,부산,상추,100g,12467
2026-01-29,부산,얼갈이배추,1kg,4090
2026-01-29,부산,오이,10개,16175
2026-01-29,부산,호박,1개,2233
2026-01-29,부산,토마토,1kg,5465
2026-01-29,부산,무,1개,1905
2026-01-29,부산,당근,1kg,3263
2026-01-29,부산,열무,1kg,3995
2026-01-29,부산,양파,1kg,2310
2026-01-29,부산,대파,1kg,3675
2026-01-29,부산,피망,100g,16800
2026-01-29,부산,파프리카,1개,1868
2026-01-29,부산,마늘,1kg,10650
2026-01-29,부산,브로콜리,1개,2188
2026-01-29,부산,사과,10개,26650
2026-01-29,부산,배,10개,28300
2026-01-30,부산,배추,1포기,4898
2026-01-30,부산,시금치,100g,10833
2026-01-30,부산,상추,100g,12467
2026-01-30,부산,얼갈이배추,1kg,4090
2026-01-30,부산,오이,10개,16175
2026-01-30,부산,호박,1개,2233
2026-01-30,부산,토마토,1kg,5465
2026-01-30,부산,무,1개,1905
2026-01-30,부산,당근,1kg,3263
2026-01-30,부산,열무,1kg,3985
2026-01-30,부산,양파,1kg,2310
2026-01-30,부산,대파,1kg,3675
2026-01-30,부산,피망,100g,16825
2026-01-30,부산,파프리카,1개,1843
2026-01-30,부산,마늘,1kg,10828
2026-01-30,부산,브로콜리,1개,2188
2026-01-30,부산,사과,10개,26650
2026-01-30,부산,배,10개,28300
2026-02-02,부산,배추,1포기,4898
2026-02-02,부산,시금치,100g,11415
2026-02-02,부산,상추,100g,12467
2026-02-02,부산,얼갈이배추,1kg,3985
2026-02-02,부산,오이,10개,16175
2026-02-02,부산,호박,1개,2233
2026-02-02,부산,토마토,1kg,5648
2026-02-02,부산,무,1개,2020
2026-02-02,부산,당근,1kg,3263
2026-02-02,부산,열무,1kg,3985
2026-02-02,부산,양파,1kg,2310
2026-02-02,부산,대파,1kg,3675
2026-02-02,부산,피망,100g,16825
2026-02-02,부산,파프리카,1개,1843
2026-02-02,부산,마늘,1kg,10828
2026-02-02,부산,브로콜리,1개,2188
2026-02-02,부산,사과,10개,26650
2026-02-02,부산,배,10개,28300
2026-02-03,부산,배추,1포기,4898
2026-02-03,부산,시금치,100g,12135
2026-02-03,부산,상추,100g,12467
2026-02-03,부산,얼갈이배추,1kg,4298
2026-02-03,부산,오이,10개,17000
2026-02-03,부산,호박,1개,2468
2026-02-03,부산,토마토,1kg,5805
2026-02-03,부산,무,1개,2070
2026-02-03,부산,당근,1kg,3390
2026-02-03,부산,열무,1kg,5490
2026-02-03,부산,양파,1kg,2465
2026-02-03,부산,대파,1kg,3853
2026-02-03,부산,피망,100g,17250
2026-02-03,부산,파프리카,1개,1998
2026-02-03,부산,마늘,1kg,10828
2026-02-03,부산,브로콜리,1개,2413
2026-02-03,부산,사과,10개,29925
2026-02-03,부산,배,10개,28300
2026-02-04,부산,배추,1포기,4898
2026-02-04,부산,시금치,100g,12135
2026-02-04,부산,상추,100g,12467
2026-02-04,부산,얼갈이배추,1kg,4298
2026-02-04,부산,오이,10개,17000
2026-02-04,부산,호박,1개,2468
2026-02-04,부산,토마토,1kg,5805
2026-02-04,부산,무,1개,2270
2026-02-04,부산,당근,1kg,3390
2026-02-04,부산,열무,1kg,5490
2026-02-04,부산,양파,1kg,2465
2026-02-04,부산,대파,1kg,3853
2026-02-04,부산,피망,100g,17250
2026-02-04,부산,파프리카,1개,1998
2026-02-04,부산,마늘,1kg,10828
2026-02-04,부산,브로콜리,1개,2413
2026-02-04,부산,사과,10개,28450
2026-02-04,부산,배,10개,28300
2026-02-05,부산,배추,1포기,4898
2026-02-05,부산,시금치,100g,12135
2026-02-05,부산,상추,100g,11667
2026-02-05,부산,얼갈이배추,1kg,4355
2026-02-05,부산,오이,10개,17825
2026-02-05,부산,호박,1개,2343
2026-02-05,부산,토마토,1kg,5518
2026-02-05,부산,무,1개,2270
2026-02-05,부산,당근,1kg,3390
2026-02-05,부산,열무,1kg,5490
2026-02-05,부산,양파,1kg,2310
2026-02-05,부산,대파,1kg,3635
2026-02-05,부산,피망,100g,17250
2026-02-05,부산,파프리카,1개,2098
2026-02-05,부산,마늘,1kg,10090
2026-02-05,부산,브로콜리,1개,2663
2026-02-05,부산,사과,10개,27150
2026-02-05,부산,배,10개,31500
2026-02-06,부산,배추,1포기,4898
2026-02-06,부산,시금치,100g,12135
2026-02-06,부산,상추,100g,12500
2026-02-06,부산,얼갈이배추,1kg,4355
2026-02-06,부산,오이,10개,17825
2026-02-06,부산,호박,1개,2343
2026-02-06,부산,토마토,1kg,5518
2026-02-06,부산,무,1개,2167
2026-02-06,부산,당근,1kg,3390
2026-02-06,부산,열무,1kg,5490
2026-02-06,부산,양파,1kg,2108
2026-02-06,부산,대파,1kg,3635
2026-02-06,부산,피망,100g,17875
2026-02-06,부산,파프리카,1개,2160
2026-02-06,부산,마늘,1kg,10090
2026-02-06,부산,브로콜리,1개,2663
2026-02-06,부산,사과,10개,28450
2026-02-06,부산,배,10개,33400
2026-02-09,부산,배추,1포기,5053
2026-02-09,부산,시금치,100g,12135
2026-02-09,부산,상추,100g,11667
2026-02-09,부산,얼갈이배추,1kg,4355
2026-02-09,부산,오이,10개,17825
2026-02-09,부산,호박,1개,2468
2026-02-09,부산,토마토,1kg,5518
2026-02-09,부산,무,1개,2167
2026-02-09,부산,당근,1kg,3390
2026-02-09,부산,열무,1kg,5490
2026-02-09,부산,양파,1kg,2263
2026-02-09,부산,대파,1kg,3635
2026-02-09,부산,피망,100g,17875
2026-02-09,부산,파프리카,1개,2160
2026-02-09,부산,마늘,1kg,10090
2026-02-09,부산,브로콜리,1개,2913
2026-02-09,부산,사과,10개,28450
2026-02-09,부산,배,10개,33400
2026-02-10,부산,배추,1포기,5053
2026-02-10,부산,시금치,100g,12060
2026-02-10,부산,상추,100g,11833
2026-02-10,부산,얼갈이배추,1kg,4355
2026-02-10,부산,오이,10개,17825
2026-02-10,부산,호박,1개,2508
2026-02-10,부산,토마토,1kg,5518
2026-02-10,부산,무,1개,2167
2026-02-10,부산,당근,1kg,3348
2026-02-10,부산,열무,1kg,5490
2026-02-10,부산,양파,1kg,2263
2026-02-10,부산,대파,1kg,3718
2026-02-10,부산,피망,100g,17875
2026-02-10,부산,파프리카,1개,2357
2026-02-10,부산,마늘,1kg,10803
2026-02-10,부산,브로콜리,1개,2943
2026-02-10,부산,사과,10개,28450
2026-02-10,부산,배,10개,33400
2026-02-11,부산,배추,1포기,5148
2026-02-11,부산,시금치,100g,12060
2026-02-11,부산,상추,100g,11833
2026-02-11,부산,얼갈이배추,1kg,4683
2026-02-11,부산,오이,10개,18325
2026-02-11,부산,호박,1개,2508
2026-02-11,부산,토마토,1kg,5825
2026-02-11,부산,무,1개,2167
2026-02-11,부산,당근,1kg,3348
2026-02-11,부산,열무,1kg,5490
2026-02-11,부산,양파,1kg,2263
2026-02-11,부산,대파,1kg,3718
2026-02-11,부산,피망,100g,18125
2026-02-11,부산,파프리카,1개,2357
2026-02-11,부산,마늘,1kg,10803
2026-02-11,부산,브로콜리,1개,2943
2026-02-11,부산,사과,10개,29950
2026-02-11,부산,배,10개,33400
2026-02-12,부산,배추,1포기,5273
2026-02-12,부산,시금치,100g,10960
2026-02-12,부산,상추,100g,11833
2026-02-12,부산,얼갈이배추,1kg,4717
2026-02-12,부산,오이,10개,17500
2026-02-12,부산,호박,1개,2508
2026-02-12,부산,토마토,1kg,5825
2026-02-12,부산,무,1개,2167
2026-02-12,부산,당근,1kg,3348
2026-02-12,부산,열무,1kg,5490
2026-02-12,부산,양파,1kg,2165
2026-02-12,부산,대파,1kg,4223
2026-02-12,부산,피망,100g,18125
2026-02-12,부산,파프리카,1개,2273
2026-02-12,부산,마늘,1kg,10063
2026-02-12,부산,브로콜리,1개,2993
2026-02-12,부산,사과,10개,30200
2026-02-12,부산,배,10개,31150
2026-02-13,부산,배추,1포기,5273
2026-02-13,부산,시금치,100g,10885
2026-02-13,부산,상추,100g,11833
2026-02-13,부산,얼갈이배추,1kg,4717
2026-02-13,부산,오이,10개,15000
2026-02-13,부산,호박,1개,2408
2026-02-13,부산,토마토,1kg,5825
2026-02-13,부산,무,1개,2167
2026-02-13,부산,당근,1kg,3348
2026-02-13,부산,열무,1kg,5490
2026-02-13,부산,양파,1kg,2165
2026-02-13,부산,대파,1kg,4223
2026-02-13,부산,피망,100g,18125
2026-02-13,부산,파프리카,1개,2273
2026-02-13,부산,마늘,1kg,10063
2026-02-13,부산,브로콜리,1개,2690
2026-02-13,부산,사과,10개,28900
2026-02-13,부산,배,10개,30700
2026-02-19,부산,배추,1포기,5273
2026-02-19,부산,시금치,100g,10885
2026-02-19,부산,상추,100g,11833
2026-02-19,부산,얼갈이배추,1kg,4717
2026-02-19,부산,오이,10개,15000
2026-02-19,부산,호박,1개,2408
2026-02-19,부산,토마토,1kg,5825
2026-02-19,부산,무,1개,2167
2026-02-19,부산,당근,1kg,3348
2026-02-19,부산,열무,1kg,5490
2026-02-19,부산,양파,1kg,2443
2026-02-19,부산,대파,1kg,4223
2026-02-19,부산,피망,100g,18125
2026-02-19,부산,파프리카,1개,2273
2026-02-19,부산,마늘,1kg,10063
2026-02-19,부산,브로콜리,1개,2690
2026-02-19,부산,사과,10개,28900
2026-02-19,부산,배,10개,30700
2026-02-20,부산,배추,1포기,5508
2026-02-20,부산,시금치,100g,11950
2026-02-20,부산,상추,100g,11833
2026-02-20,부산,얼갈이배추,1kg,4717
2026-02-20,부산,오이,10개,15000
2026-02-20,부산,호박,1개,2408
2026-02-20,부산,토마토,1kg,5700
2026-02-20,부산,무,1개,2480
2026-02-20,부산,당근,1kg,3513
2026-02-20,부산,열무,1kg,5490
2026-02-20,부산,양파,1kg,2645
2026-02-20,부산,대파,1kg,4045
2026-02-20,부산,피망,100g,18100
2026-02-20,부산,파프리카,1개,2480
2026-02-20,부산,마늘,1kg,10438
2026-02-20,부산,브로콜리,1개,3068
2026-02-20,부산,사과,10개,28900
2026-02-20,부산,배,10개,31767
2026-02-23,부산,배추,1포기,5508
2026-02-23,부산,시금치,100g,11575
2026-02-23,부산,상추,100g,11833
2026-02-23,부산,얼갈이배추,1kg,4717
2026-02-23,부산,오이,10개,17150
2026-02-23,부산,호박,1개,2368
2026-02-23,부산,토마토,1kg,5700
2026-02-23,부산,무,1개,2480
2026-02-23,부산,당근,1kg,3513
2026-02-23,부산,열무,1kg,5490
2026-02-23,부산,양파,1kg,2645
2026-02-23,부산,대파,1kg,3878
2026-02-23,부산,피망,100g,18375
2026-02-23,부산,파프리카,1개,2355
2026-02-23,부산,마늘,1kg,10438
2026-02-23,부산,브로콜리,1개,3068
2026-02-23,부산,사과,10개,27400
2026-02-23,부산,배,10개,31767
2026-02-24,부산,배추,1포기,5508
2026-02-24,부산,시금치,100g,11450
2026-02-24,부산,상추,100g,11833
2026-02-24,부산,얼갈이배추,1kg,4717
2026-02-24,부산,오이,10개,17000
2026-02-24,부산,호박,1개,2368
2026-02-24,부산,토마토,1kg,5700
2026-02-24,부산,무,1개,2480
2026-02-24,부산,당근,1kg,3513
2026-02-24,부산,열무,1kg,5490
2026-02-24,부산,양파,1kg,2508
2026-02-24,부산,대파,1kg,3878
2026-02-24,부산,피망,100g,18375
2026-02-24,부산,파프리카,1개,2355
2026-02-24,부산,마늘,1kg,10435
2026-02-24,부산,브로콜리,1개,3068
2026-02-24,부산,사과,10개,27400
2026-02-24,부산,배,10개,33800
2026-02-25,부산,배추,1포기,5508
2026-02-25,부산,시금치,100g,10725
2026-02-25,부산,상추,100g,11833
2026-02-25,부산,얼갈이배추,1kg,4290
2026-02-25,부산,오이,10개,17000
2026-02-25,부산,호박,1개,2243
2026-02-25,부산,토마토,1kg,5700
2026-02-25,부산,무,1개,2480
2026-02-25,부산,당근,1kg,3513
2026-02-25,부산,열무,1kg,5490
2026-02-25,부산,양파,1kg,2508
2026-02-25,부산,대파,1kg,4055
2026-02-25,부산,피망,100g,18375
2026-02-25,부산,파프리카,1개,2355
2026-02-25,부산,마늘,1kg,10810
2026-02-25,부산,브로콜리,1개,2818
2026-02-25,부산,사과,10개,27400
2026-02-25,부산,배,10개,33800
2026-02-26,부산,배추,1포기,5508
2026-02-26,부산,시금치,100g,10900
2026-02-26,부산,상추,100g,11033
2026-02-26,부산,얼갈이배추,1kg,4290
2026-02-26,부산,오이,10개,14525
2026-02-26,부산,호박,1개,2043
2026-02-26,부산,토마토,1kg,5653
2026-02-26,부산,무,1개,2480
2026-02-26,부산,당근,1kg,3513
2026-02-26,부산,열무,1kg,5490
2026-02-26,부산,양파,1kg,2508
2026-02-26,부산,대파,1kg,4183
2026-02-26,부산,피망,100g,17750
2026-02-26,부산,파프리카,1개,2355
2026-02-26,부산,마늘,1kg,10060
2026-02-26,부산,브로콜리,1개,2443
2026-02-26,부산,사과,10개,29400
2026-02-26,부산,배,10개,33800
2026-02-27,부산,배추,1포기,5508
2026-02-27,부산,시금치,100g,10475
2026-02-27,부산,상추,100g,10767
2026-02-27,부산,얼갈이배추,1kg,4280
2026-02-27,부산,오이,10개,13775
2026-02-27,부산,호박,1개,1933
2026-02-27,부산,토마토,1kg,5653
2026-02-27,부산,무,1개,2470
2026-02-27,부산,당근,1kg,3470
2026-02-27,부산,열무,1kg,5495
2026-02-27,부산,양파,1kg,2483
2026-02-27,부산,대파,1kg,4115
2026-02-27,부산,피망,100g,17700
2026-02-27,부산,파프리카,1개,2350
2026-02-27,부산,마늘,1kg,9308
2026-02-27,부산,브로콜리,1개,2468
2026-02-27,부산,사과,10개,32625
2026-02-27,부산,배,10개,33800
2026-03-03,부산,배추,1포기,5508
2026-03-03,부산,시금치,100g,11675
2026-03-03,부산,상추,100g,10767
2026-03-03,부산,얼갈이배추,1kg,4280
2026-03-03,부산,오이,10개,13775
2026-03-03,부산,호박,1개,1933
2026-03-03,부산,토마토,1kg,5653
2026-03-03,부산,무,1개,2470
2026-03-03,부산,당근,1kg,3470
2026-03-03,부산,열무,1kg,5495
2026-03-03,부산,양파,1kg,2483
2026-03-03,부산,대파,1kg,4115
2026-03-03,부산,피망,100g,17700
2026-03-03,부산,파프리카,1개,2350
2026-03-03,부산,마늘,1kg,11463
2026-03-03,부산,브로콜리,1개,2468
2026-03-03,부산,사과,10개,32625
2026-03-03,부산,배,10개,33800
2026-03-04,부산,배추,1포기,5508
2026-03-04,부산,시금치,100g,11675
2026-03-04,부산,상추,100g,10767
2026-03-04,부산,얼갈이배추,1kg,3877
2026-03-04,부산,오이,10개,14415
2026-03-04,부산,호박,1개,1900
2026-03-04,부산,토마토,1kg,5445
2026-03-04,부산,무,1개,2627
2026-03-04,부산,당근,1kg,3455
2026-03-04,부산,열무,1kg,5495
2026-03-04,부산,양파,1kg,2483
2026-03-04,부산,대파,1kg,4100
2026-03-04,부산,피망,100g,17700
2026-03-04,부산,파프리카,1개,2350
2026-03-04,부산,마늘,1kg,12213
2026-03-04,부산,브로콜리,1개,2433
2026-03-04,부산,사과,10개,32425
2026-03-04,부산,배,10개,35175
2026-03-05,부산,배추,1포기,5243
2026-03-05,부산,시금치,100g,10383
2026-03-05,부산,상추,100g,10700
2026-03-05,부산,얼갈이배추,1kg,3210
2026-03-05,부산,오이,10개,13590
2026-03-05,부산,호박,1개,1800
2026-03-05,부산,토마토,1kg,4895
2026-03-05,부산,무,1개,2490
2026-03-05,부산,당근,1kg,3455
2026-03-05,부산,열무,1kg,4745
2026-03-05,부산,양파,1kg,2478
2026-03-05,부산,대파,1kg,3955
2026-03-05,부산,피망,100g,16450
2026-03-05,부산,파프리카,1개,2200
2026-03-05,부산,마늘,1kg,12925
2026-03-05,부산,브로콜리,1개,1835
2026-03-05,부산,사과,10개,29933
2026-03-05,부산,배,10개,33600
2026-03-06,부산,배추,1포기,5243
2026-03-06,부산,시금치,100g,10333
2026-03-06,부산,상추,100g,10700
2026-03-06,부산,얼갈이배추,1kg,3210
2026-03-06,부산,오이,10개,13590
2026-03-06,부산,호박,1개,1800
2026-03-06,부산,토마토,1kg,5078
2026-03-06,부산,무,1개,2490
2026-03-06,부산,당근,1kg,3455
2026-03-06,부산,열무,1kg,4745
2026-03-06,부산,양파,1kg,2478
2026-03-06,부산,대파,1kg,3955
2026-03-06,부산,피망,100g,16450
2026-03-06,부산,파프리카,1개,2277
2026-03-06,부산,마늘,1kg,12925
2026-03-06,부산,브로콜리,1개,1828
2026-03-06,부산,사과,10개,29933
2026-03-06,부산,배,10개,33600
2026-03-09,부산,배추,1포기,5243
2026-03-09,부산,시금치,100g,10010
2026-03-09,부산,상추,100g,10700
2026-03-09,부산,얼갈이배추,1kg,3210
2026-03-09,부산,오이,10개,13590
2026-03-09,부산,호박,1개,1800
2026-03-09,부산,토마토,1kg,5628
2026-03-09,부산,무,1개,2490
2026-03-09,부산,당근,1kg,3455
2026-03-09,부산,열무,1kg,4660
2026-03-09,부산,양파,1kg,2478
2026-03-09,부산,대파,1kg,3955
2026-03-09,부산,피망,100g,16450
2026-03-09,부산,파프리카,1개,2277
2026-03-09,부산,마늘,1kg,12925
2026-03-09,부산,브로콜리,1개,1828
2026-03-09,부산,사과,10개,29933
2026-03-09,부산,배,10개,33600
2026-03-10,부산,배추,1포기,5243
2026-03-10,부산,시금치,100g,10010
2026-03-10,부산,상추,100g,10700
2026-03-10,부산,얼갈이배추,1kg,3210
2026-03-10,부산,오이,10개,13590
2026-03-10,부산,호박,1개,1800
2026-03-10,부산,토마토,1kg,5628
2026-03-10,부산,무,1개,2490
2026-03-10,부산,당근,1kg,3455
2026-03-10,부산,열무,1kg,4575
2026-03-10,부산,양파,1kg,2478
2026-03-10,부산,대파,1kg,3945
2026-03-10,부산,피망,100g,16450
2026-03-10,부산,파프리카,1개,2277
2026-03-10,부산,마늘,1kg,12925
2026-03-10,부산,브로콜리,1개,1828
2026-03-10,부산,사과,10개,29933
2026-03-10,부산,배,10개,33600
2026-03-11,부산,배추,1포기,5143
2026-03-11,부산,시금치,100g,9680
2026-03-11,부산,상추,100g,9933
2026-03-11,부산,얼갈이배추,1kg,3120
2026-03-11,부산,오이,10개,14050
2026-03-11,부산,호박,1개,1800
2026-03-11,부산,토마토,1kg,5628
2026-03-11,부산,무,1개,2370
2026-03-11,부산,당근,1kg,3438
2026-03-11,부산,열무,1kg,3410
2026-03-11,부산,양파,1kg,2478
2026-03-11,부산,대파,1kg,3945
2026-03-11,부산,피망,100g,16400
2026-03-11,부산,파프리카,1개,2233
2026-03-11,부산,마늘,1kg,12925
2026-03-11,부산,브로콜리,1개,2075
2026-03-11,부산,사과,10개,27900
2026-03-11,부산,배,10개,33500
2026-03-12,부산,배추,1포기,4483
2026-03-12,부산,시금치,100g,7495
2026-03-12,부산,상추,100g,8933
2026-03-12,부산,얼갈이배추,1kg,3340
2026-03-12,부산,오이,10개,13233
2026-03-12,부산,호박,1개,1603
2026-03-12,부산,토마토,1kg,5245
2026-03-12,부산,무,1개,2245
2026-03-12,부산,당근,1kg,3253
2026-03-12,부산,열무,1kg,3177
2026-03-12,부산,양파,1kg,2103
2026-03-12,부산,대파,1kg,3803
2026-03-12,부산,피망,100g,14775
2026-03-12,부산,파프리카,1개,1818
2026-03-12,부산,마늘,1kg,10985
2026-03-12,부산,브로콜리,1개,1800
2026-03-12,부산,사과,10개,27800
2026-03-12,부산,배,10개,27833
2026-03-13,부산,배추,1포기,4458
2026-03-13,부산,시금치,100g,7495
2026-03-13,부산,상추,100g,8800
2026-03-13,부산,얼갈이배추,1kg,3320
2026-03-13,부산,오이,10개,13233
2026-03-13,부산,호박,1개,1603
2026-03-13,부산,토마토,1kg,5245
2026-03-13,부산,무,1개,2230
2026-03-13,부산,당근,1kg,3253
2026-03-13,부산,열무,1kg,3177
2026-03-13,부산,양파,1kg,2088
2026-03-13,부산,대파,1kg,3803
2026-03-13,부산,피망,100g,14825
2026-03-13,부산,파프리카,1개,1815
2026-03-13,부산,마늘,1kg,10985
2026-03-13,부산,브로콜리,1개,1833
2026-03-13,부산,사과,10개,27800
2026-03-13,부산,배,10개,27833
2026-03-16,부산,배추,1포기,4458
2026-03-16,부산,시금치,100g,7495
2026-03-16,부산,상추,100g,8767
2026-03-16,부산,얼갈이배추,1kg,3307
2026-03-16,부산,오이,10개,13233
2026-03-16,부산,호박,1개,1603
2026-03-16,부산,토마토,1kg,5253
2026-03-16,부산,무,1개,2195
2026-03-16,부산,당근,1kg,3253
2026-03-16,부산,열무,1kg,3177
2026-03-16,부산,양파,1kg,2078
2026-03-16,부산,대파,1kg,3770
2026-03-16,부산,피망,100g,14850
2026-03-16,부산,파프리카,1개,1818
2026-03-16,부산,마늘,1kg,10985
2026-03-16,부산,브로콜리,1개,1833
2026-03-16,부산,사과,10개,27800
2026-03-16,부산,배,10개,27833
2026-03-17,부산,배추,1포기,4583
2026-03-17,부산,시금치,100g,7388
2026-03-17,부산,상추,100g,9100
2026-03-17,부산,얼갈이배추,1kg,3830
2026-03-17,부산,오이,10개,14450
2026-03-17,부산,호박,1개,1675
2026-03-17,부산,토마토,1kg,5023
2026-03-17,부산,무,1개,2320
2026-03-17,부산,당근,1kg,3378
2026-03-17,부산,열무,1kg,3557
2026-03-17,부산,양파,1kg,2225
2026-03-17,부산,대파,1kg,3693
2026-03-17,부산,피망,100g,16050
2026-03-17,부산,파프리카,1개,1943
2026-03-17,부산,마늘,1kg,11463
2026-03-17,부산,브로콜리,1개,1958
2026-03-17,부산,사과,10개,27600
2026-03-17,부산,배,10개,29333
2026-03-18,부산,배추,1포기,5083
2026-03-18,부산,시금치,100g,8120
2026-03-18,부산,상추,100g,9200
2026-03-18,부산,얼갈이배추,1kg,3387
2026-03-18,부산,오이,10개,13715
2026-03-18,부산,호박,1개,1818
2026-03-18,부산,토마토,1kg,5190
2026-03-18,부산,무,1개,2320
2026-03-18,부산,당근,1kg,3420
2026-03-18,부산,열무,1kg,3223
2026-03-18,부산,양파,1kg,2433
2026-03-18,부산,대파,1kg,4073
2026-03-18,부산,피망,100g,15800
2026-03-18,부산,파프리카,1개,1993
2026-03-18,부산,마늘,1kg,12175
2026-03-18,부산,브로콜리,1개,2200
2026-03-18,부산,사과,10개,28250
2026-03-18,부산,배,10개,31333
2026-03-19,부산,배추,1포기,4333
2026-03-19,부산,시금치,100g,7265
2026-03-19,부산,상추,100g,10225
2026-03-19,부산,얼갈이배추,1kg,3163
2026-03-19,부산,오이,10개,13715
2026-03-19,부산,호박,1개,1743
2026-03-19,부산,토마토,1kg,5180
2026-03-19,부산,무,1개,1580
2026-03-19,부산,당근,1kg,3420
2026-03-19,부산,열무,1kg,3157
2026-03-19,부산,양파,1kg,2075
2026-03-19,부산,대파,1kg,3728
2026-03-19,부산,피망,100g,15825
2026-03-19,부산,파프리카,1개,1863
2026-03-19,부산,마늘,1kg,11883
2026-03-19,부산,브로콜리,1개,2725
2026-03-19,부산,사과,10개,30175
2026-03-19,부산,배,10개,31333
2026-03-20,부산,배추,1포기,4333
2026-03-20,부산,시금치,100g,7265
2026-03-20,부산,상추,100g,10225
2026-03-20,부산,얼갈이배추,1kg,3153
2026-03-20,부산,오이,10개,13758
2026-03-20,부산,호박,1개,1758
2026-03-20,부산,토마토,1kg,5180
2026-03-20,부산,무,1개,1580
2026-03-20,부산,당근,1kg,3420
2026-03-20,부산,열무,1kg,3157
2026-03-20,부산,양파,1kg,1980
2026-03-20,부산,대파,1kg,3728
2026-03-20,부산,피망,100g,15825
2026-03-20,부산,파프리카,1개,1860
2026-03-20,부산,마늘,1kg,11883
2026-03-20,부산,브로콜리,1개,2725
2026-03-20,부산,사과,10개,30100
2026-03-20,부산,배,10개,31267
2026-03-23,부산,배추,1포기,4333
2026-03-23,부산,시금치,100g,7265
2026-03-23,부산,상추,100g,10225
2026-03-23,부산,얼갈이배추,1kg,3153
2026-03-23,부산,오이,10개,12575
2026-03-23,부산,호박,1개,1758
2026-03-23,부산,토마토,1kg,5180
2026-03-23,부산,무,1개,1580
2026-03-23,부산,당근,1kg,3420
2026-03-23,부산,열무,1kg,3157
2026-03-23,부산,양파,1kg,1980
2026-03-23,부산,대파,1kg,3728
2026-03-23,부산,피망,100g,15825
2026-03-23,부산,파프리카,1개,1863
2026-03-23,부산,마늘,1kg,12133
2026-03-23,부산,브로콜리,1개,2850
2026-03-23,부산,사과,10개,30100
2026-03-23,부산,배,10개,31267
2026-03-24,부산,배추,1포기,4325
2026-03-24,부산,시금치,100g,7268
2026-03-24,부산,상추,100g,10175
2026-03-24,부산,얼갈이배추,1kg,3153
2026-03-24,부산,오이,10개,12615
2026-03-24,부산,호박,1개,1750
2026-03-24,부산,토마토,1kg,5167
2026-03-24,부산,무,1개,1565
2026-03-24,부산,당근,1kg,3413
2026-03-24,부산,열무,1kg,3157
2026-03-24,부산,양파,1kg,1980
2026-03-24,부산,대파,1kg,3728
2026-03-24,부산,피망,100g,15825
2026-03-24,부산,파프리카,1개,1868
2026-03-24,부산,마늘,1kg,12090
2026-03-24,부산,브로콜리,1개,2843
2026-03-24,부산,사과,10개,30100
2026-03-24,부산,배,10개,31267
2026-03-25,부산,배추,1포기,4325
2026-03-25,부산,시금치,100g,7265
2026-03-25,부산,상추,100g,10175
2026-03-25,부산,얼갈이배추,1kg,3377
2026-03-25,부산,오이,10개,12615
2026-03-25,부산,호박,1개,1875
2026-03-25,부산,토마토,1kg,5157
2026-03-25,부산,무,1개,1790
2026-03-25,부산,당근,1kg,3395
2026-03-25,부산,열무,1kg,3323
2026-03-25,부산,양파,1kg,1913
2026-03-25,부산,대파,1kg,3548
2026-03-25,부산,피망,100g,15825
2026-03-25,부산,파프리카,1개,1943
2026-03-25,부산,마늘,1kg,12840
2026-03-25,부산,브로콜리,1개,2825
2026-03-25,부산,사과,10개,30100
2026-03-25,부산,배,10개,31267
2026-03-26,부산,배추,1포기,4575
2026-03-26,부산,시금치,100g,7403
2026-03-26,부산,상추,100g,10175
2026-03-26,부산,얼갈이배추,1kg,2953
2026-03-26,부산,오이,10개,10490
2026-03-26,부산,호박,1개,1500
2026-03-26,부산,토마토,1kg,4990
2026-03-26,부산,무,1개,1790
2026-03-26,부산,당근,1kg,3278
2026-03-26,부산,열무,1kg,3055
2026-03-26,부산,양파,1kg,1853
2026-03-26,부산,대파,1kg,3405
2026-03-26,부산,피망,100g,15825
2026-03-26,부산,파프리카,1개,1743
2026-03-26,부산,마늘,1kg,12840
2026-03-26,부산,브로콜리,1개,2475
2026-03-26,부산,사과,10개,30100
2026-03-26,부산,배,10개,31267
2026-03-27,부산,배추,1포기,4575
2026-03-27,부산,시금치,100g,7378
2026-03-27,부산,상추,100g,10175
2026-03-27,부산,얼갈이배추,1kg,2953
2026-03-27,부산,오이,10개,10490
2026-03-27,부산,호박,1개,1500
2026-03-27,부산,토마토,1kg,4990
2026-03-27,부산,무,1개,1790
2026-03-27,부산,당근,1kg,3278
2026-03-27,부산,열무,1kg,3055
2026-03-27,부산,양파,1kg,1843
2026-03-27,부산,대파,1kg,3380
2026-03-27,부산,피망,100g,15575
2026-03-27,부산,파프리카,1개,1743
2026-03-27,부산,마늘,1kg,12465
2026-03-27,부산,브로콜리,1개,2458
2026-03-27,부산,사과,10개,30000
2026-03-27,부산,배,10개,33233
2026-03-30,부산,배추,1포기,4575
2026-03-30,부산,시금치,100g,7905
2026-03-30,부산,상추,100g,10150
2026-03-30,부산,얼갈이배추,1kg,2990
2026-03-30,부산,오이,10개,10533
2026-03-30,부산,호박,1개,1508
2026-03-30,부산,토마토,1kg,4980
2026-03-30,부산,무,1개,1770
2026-03-30,부산,당근,1kg,3270
2026-03-30,부산,열무,1kg,3048
2026-03-30,부산,양파,1kg,1810
2026-03-30,부산,대파,1kg,3370
2026-03-30,부산,피망,100g,15550
2026-03-30,부산,파프리카,1개,1743
2026-03-30,부산,마늘,1kg,12465
2026-03-30,부산,브로콜리,1개,2433
2026-03-30,부산,사과,10개,29925
2026-03-30,부산,배,10개,33100
2026-03-31,부산,배추,1포기,4575
2026-03-31,부산,시금치,100g,7905
2026-03-31,부산,상추,100g,10150
2026-03-31,부산,얼갈이배추,1kg,3133
2026-03-31,부산,오이,10개,13875
2026-03-31,부산,호박,1개,1508
2026-03-31,부산,토마토,1kg,4967
2026-03-31,부산,무,1개,1515
2026-03-31,부산,당근,1kg,3263
2026-03-31,부산,열무,1kg,3115
2026-03-31,부산,양파,1kg,1803
2026-03-31,부산,대파,1kg,3363
2026-03-31,부산,피망,100g,15550
2026-03-31,부산,파프리카,1개,1783
2026-03-31,부산,마늘,1kg,12840
2026-03-31,부산,브로콜리,1개,2433
2026-03-31,부산,사과,10개,28000
2026-03-31,부산,배,10개,33100
2026-04-01,부산,배추,1포기,4568
2026-04-01,부산,시금치,100g,7895
2026-04-01,부산,상추,100g,10150
2026-04-01,부산,얼갈이배추,1kg,3133
2026-04-01,부산,오이,10개,13915
2026-04-01,부산,호박,1개,1508
2026-04-01,부산,토마토,1kg,4957
2026-04-01,부산,무,1개,1740
2026-04-01,부산,당근,1kg,3253
2026-04-01,부산,열무,1kg,3105
2026-04-01,부산,양파,1kg,1793
2026-04-01,부산,대파,1kg,3355
2026-04-01,부산,피망,100g,15550
2026-04-01,부산,파프리카,1개,1775
2026-04-01,부산,마늘,1kg,12840
2026-04-01,부산,브로콜리,1개,2433
2026-04-01,부산,사과,10개,27925
2026-04-01,부산,배,10개,33000
2026-04-02,부산,배추,1포기,4718
2026-04-02,부산,시금치,100g,8050
2026-04-02,부산,상추,100g,10150
2026-04-02,부산,얼갈이배추,1kg,2908
2026-04-02,부산,오이,10개,9790
2026-04-02,부산,호박,1개,1263
2026-04-02,부산,토마토,1kg,4957
2026-04-02,부산,무,1개,1720
2026-04-02,부산,당근,1kg,3268
2026-04-02,부산,열무,1kg,2848
2026-04-02,부산,양파,1kg,1785
2026-04-02,부산,대파,1kg,2845
2026-04-02,부산,피망,100g,15750
2026-04-02,부산,파프리카,1개,1550
2026-04-02,부산,마늘,1kg,11023
2026-04-02,부산,브로콜리,1개,2533
2026-04-02,부산,사과,10개,28675
2026-04-02,부산,배,10개,33000
2026-04-03,부산,배추,1포기,4593
2026-04-03,부산,시금치,100g,7688
2026-04-03,부산,상추,100g,10150
2026-04-03,부산,얼갈이배추,1kg,2898
2026-04-03,부산,오이,10개,9875
2026-04-03,부산,호박,1개,1380
2026-04-03,부산,토마토,1kg,5133
2026-04-03,부산,무,1개,1705
2026-04-03,부산,당근,1kg,3268
2026-04-03,부산,열무,1kg,2848
2026-04-03,부산,양파,1kg,1785
2026-04-03,부산,대파,1kg,2978
2026-04-03,부산,피망,100g,15775
2026-04-03,부산,파프리카,1개,1658
2026-04-03,부산,마늘,1kg,12090
2026-04-03,부산,브로콜리,1개,2675
2026-04-03,부산,사과,10개,28825
2026-04-03,부산,배,10개,33100
2026-04-06,부산,배추,1포기,4593
2026-04-06,부산,시금치,100g,8367
2026-04-06,부산,상추,100g,10150
2026-04-06,부산,얼갈이배추,1kg,3068
2026-04-06,부산,오이,10개,10740
2026-04-06,부산,호박,1개,1425
2026-04-06,부산,토마토,1kg,5133
2026-04-06,부산,무,1개,1705
2026-04-06,부산,당근,1kg,3260
2026-04-06,부산,열무,1kg,2935
2026-04-06,부산,양파,1kg,1778
2026-04-06,부산,대파,1kg,2970
2026-04-06,부산,피망,100g,15775
2026-04-06,부산,파프리카,1개,1658
2026-04-06,부산,마늘,1kg,12090
2026-04-06,부산,브로콜리,1개,2658
2026-04-06,부산,사과,10개,28825
2026-04-06,부산,배,10개,33100
2026-04-07,부산,배추,1포기,4593
2026-04-07,부산,시금치,100g,8817
2026-04-07,부산,상추,100g,10150
2026-04-07,부산,얼갈이배추,1kg,3148
2026-04-07,부산,오이,10개,11283
2026-04-07,부산,호박,1개,1425
2026-04-07,부산,토마토,1kg,5123
2026-04-07,부산,무,1개,1690
2026-04-07,부산,당근,1kg,3260
2026-04-07,부산,열무,1kg,3038
2026-04-07,부산,양파,1kg,1785
2026-04-07,부산,대파,1kg,2963
2026-04-07,부산,피망,100g,15775
2026-04-07,부산,파프리카,1개,1658
2026-04-07,부산,마늘,1kg,12083
2026-04-07,부산,브로콜리,1개,2658
2026-04-07,부산,사과,10개,28825
2026-04-07,부산,배,10개,33100
2026-04-08,부산,배추,1포기,4593
2026-04-08,부산,시금치,100g,8817
2026-04-08,부산,상추,100g,10150
2026-04-08,부산,얼갈이배추,1kg,3148
2026-04-08,부산,오이,10개,11200
2026-04-08,부산,호박,1개,1408
2026-04-08,부산,토마토,1kg,5080
2026-04-08,부산,무,1개,1670
2026-04-08,부산,당근,1kg,3243
2026-04-08,부산,열무,1kg,3038
2026-04-08,부산,양파,1kg,1785
2026-04-08,부산,대파,1kg,2963
2026-04-08,부산,피망,100g,15775
2026-04-08,부산,파프리카,1개,1643
2026-04-08,부산,마늘,1kg,12083
2026-04-08,부산,브로콜리,1개,2658
2026-04-08,부산,사과,10개,27075
2026-04-08,부산,배,10개,33100
2026-04-09,부산,배추,1포기,4693
2026-04-09,부산,시금치,100g,8817
2026-04-09,부산,상추,100g,10150
2026-04-09,부산,얼갈이배추,1kg,2890
2026-04-09,부산,오이,10개,8243
2026-04-09,부산,호박,1개,1300
2026-04-09,부산,토마토,1kg,4747
2026-04-09,부산,무,1개,1920
2026-04-09,부산,당근,1kg,3218
2026-04-09,부산,열무,1kg,2940
2026-04-09,부산,양파,1kg,2140
2026-04-09,부산,대파,1kg,2998
2026-04-09,부산,피망,100g,15775
2026-04-09,부산,파프리카,1개,1693
2026-04-09,부산,마늘,1kg,12825
2026-04-09,부산,브로콜리,1개,2643
2026-04-09,부산,사과,10개,26275
2026-04-09,부산,배,10개,32533
2026-04-10,부산,배추,1포기,4700
2026-04-10,부산,시금치,100g,8817
2026-04-10,부산,상추,100g,10150
2026-04-10,부산,얼갈이배추,1kg,2918
2026-04-10,부산,오이,10개,8243
2026-04-10,부산,호박,1개,1300
2026-04-10,부산,토마토,1kg,4747
2026-04-10,부산,무,1개,1940
2026-04-10,부산,당근,1kg,3230
2026-04-10,부산,열무,1kg,2950
2026-04-10,부산,양파,1kg,1863
2026-04-10,부산,대파,1kg,3358
2026-04-10,부산,피망,100g,15775
2026-04-10,부산,파프리카,1개,1693
2026-04-10,부산,마늘,1kg,12825
2026-04-10,부산,브로콜리,1개,2650
2026-04-10,부산,사과,10개,26275
2026-04-10,부산,배,10개,32533
2026-04-13,부산,배추,1포기,4700
2026-04-13,부산,시금치,100g,7928
2026-04-13,부산,상추,100g,10150
2026-04-13,부산,얼갈이배추,1kg,2910
2026-04-13,부산,오이,10개,9287
2026-04-13,부산,호박,1개,1260
2026-04-13,부산,토마토,1kg,4733
2026-04-13,부산,무,1개,1920
2026-04-13,부산,당근,1kg,3223
2026-04-13,부산,열무,1kg,2943
2026-04-13,부산,양파,1kg,1853
2026-04-13,부산,대파,1kg,3348
2026-04-13,부산,피망,100g,15775
2026-04-13,부산,파프리카,1개,1550
2026-04-13,부산,마늘,1kg,12825
2026-04-13,부산,브로콜리,1개,2668
2026-04-13,부산,사과,10개,26700
2026-04-13,부산,배,10개,32633
2026-04-14,부산,배추,1포기,4700
2026-04-14,부산,시금치,100g,7933
2026-04-14,부산,상추,100g,10125
2026-04-14,부산,얼갈이배추,1kg,2910
2026-04-14,부산,오이,10개,9287
2026-04-14,부산,호박,1개,1247
2026-04-14,부산,토마토,1kg,4733
2026-04-14,부산,무,1개,1920
2026-04-14,부산,당근,1kg,3223
2026-04-14,부산,열무,1kg,2943
2026-04-14,부산,양파,1kg,1843
2026-04-14,부산,대파,1kg,3340
2026-04-14,부산,피망,100g,15775
2026-04-14,부산,파프리카,1개,1550
2026-04-14,부산,마늘,1kg,12825
2026-04-14,부산,브로콜리,1개,2675
2026-04-14,부산,사과,10개,26700
2026-04-14,부산,배,10개,32633
2026-04-15,부산,배추,1포기,4700
2026-04-15,부산,시금치,100g,8263
2026-04-15,부산,상추,100g,10125
2026-04-15,부산,얼갈이배추,1kg,2910
2026-04-15,부산,오이,10개,8020
2026-04-15,부산,호박,1개,1403
2026-04-15,부산,토마토,1kg,4733
2026-04-15,부산,무,1개,1920
2026-04-15,부산,당근,1kg,3223
2026-04-15,부산,열무,1kg,3010
2026-04-15,부산,양파,1kg,1843
2026-04-15,부산,대파,1kg,3340
2026-04-15,부산,피망,100g,15775
2026-04-15,부산,파프리카,1개,1675
2026-04-15,부산,마늘,1kg,12825
2026-04-15,부산,브로콜리,1개,2800
2026-04-15,부산,사과,10개,28000
2026-04-15,부산,배,10개,31300
2026-04-16,부산,배추,1포기,4700
2026-04-16,부산,시금치,100g,7688
2026-04-16,부산,상추,100g,9067
2026-04-16,부산,얼갈이배추,1kg,2935
2026-04-16,부산,오이,10개,7120
2026-04-16,부산,호박,1개,1040
2026-04-16,부산,토마토,1kg,4650
2026-04-16,부산,무,1개,1413
2026-04-16,부산,당근,1kg,3348
2026-04-16,부산,열무,1kg,2320
2026-04-16,부산,양파,1kg,1843
2026-04-16,부산,대파,1kg,2623
2026-04-16,부산,피망,100g,13567
2026-04-16,부산,파프리카,1개,1403
2026-04-16,부산,마늘,1kg,11130
2026-04-16,부산,브로콜리,1개,2808
2026-04-16,부산,사과,10개,26175
2026-04-16,부산,배,10개,31200
2026-04-17,부산,배추,1포기,4700
2026-04-17,부산,시금치,100g,7958
2026-04-17,부산,상추,100g,9100
2026-04-17,부산,얼갈이배추,1kg,2935
2026-04-17,부산,오이,10개,7900
2026-04-17,부산,호박,1개,1007
2026-04-17,부산,토마토,1kg,4643
2026-04-17,부산,무,1개,1413
2026-04-17,부산,당근,1kg,3390
2026-04-17,부산,열무,1kg,2313
2026-04-17,부산,양파,1kg,1945
2026-04-17,부산,대파,1kg,2605
2026-04-17,부산,피망,100g,13567
2026-04-17,부산,파프리카,1개,1395
2026-04-17,부산,마늘,1kg,11130
2026-04-17,부산,브로콜리,1개,2825
2026-04-17,부산,사과,10개,26175
2026-04-17,부산,배,10개,31200
2026-04-20,부산,배추,1포기,4700
2026-04-20,부산,시금치,100g,7958
2026-04-20,부산,상추,100g,9133
2026-04-20,부산,얼갈이배추,1kg,2925
2026-04-20,부산,오이,10개,7787
2026-04-20,부산,호박,1개,1007
2026-04-20,부산,토마토,1kg,5240
2026-04-20,부산,무,1개,1413
2026-04-20,부산,당근,1kg,3405
2026-04-20,부산,열무,1kg,2313
2026-04-20,부산,양파,1kg,2033
2026-04-20,부산,대파,1kg,2598
2026-04-20,부산,피망,100g,13533
2026-04-20,부산,파프리카,1개,1395
2026-04-20,부산,마늘,1kg,11130
2026-04-20,부산,브로콜리,1개,2833
2026-04-20,부산,사과,10개,26100
2026-04-20,부산,배,10개,31200
2026-04-21,부산,배추,1포기,4700
2026-04-21,부산,시금치,100g,8410
2026-04-21,부산,상추,100g,9200
2026-04-21,부산,얼갈이배추,1kg,3070
2026-04-21,부산,오이,10개,8160
2026-04-21,부산,호박,1개,1280
2026-04-21,부산,토마토,1kg,5790
2026-04-21,부산,무,1개,1780
2026-04-21,부산,당근,1kg,3430
2026-04-21,부산,열무,1kg,2460
2026-04-21,부산,양파,1kg,2193
2026-04-21,부산,대파,1kg,2585
2026-04-21,부산,피망,100g,13567
2026-04-21,부산,파프리카,1개,1533
2026-04-21,부산,마늘,1kg,12110
2026-04-21,부산,브로콜리,1개,2833
2026-04-21,부산,사과,10개,28050
2026-04-21,부산,배,10개,32833
2026-04-22,부산,배추,1포기,4700
2026-04-22,부산,시금치,100g,8078
2026-04-22,부산,상추,100g,9200
2026-04-22,부산,얼갈이배추,1kg,3038
2026-04-22,부산,오이,10개,8050
2026-04-22,부산,호박,1개,1270
2026-04-22,부산,토마토,1kg,5823
2026-04-22,부산,무,1개,1780
2026-04-22,부산,당근,1kg,3473
2026-04-22,부산,열무,1kg,2460
2026-04-22,부산,양파,1kg,2193
2026-04-22,부산,대파,1kg,2568
2026-04-22,부산,피망,100g,13567
2026-04-22,부산,파프리카,1개,1525
2026-04-22,부산,마늘,1kg,12110
2026-04-22,부산,브로콜리,1개,2843
2026-04-22,부산,사과,10개,28050
2026-04-22,부산,배,10개,32833
2026-04-23,부산,배추,1포기,4575
2026-04-23,부산,시금치,100g,8620
2026-04-23,부산,상추,100g,9233
2026-04-23,부산,얼갈이배추,1kg,2873
2026-04-23,부산,오이,10개,6467
2026-04-23,부산,호박,1개,1043
2026-04-23,부산,토마토,1kg,4740
2026-04-23,부산,무,1개,1913
2026-04-23,부산,당근,1kg,3588
2026-04-23,부산,열무,1kg,2878
2026-04-23,부산,양파,1kg,2073
2026-04-23,부산,대파,1kg,2705
2026-04-23,부산,피망,100g,12733
2026-04-23,부산,파프리카,1개,1590
2026-04-23,부산,마늘,1kg,12150
2026-04-23,부산,브로콜리,1개,2843
2026-04-23,부산,사과,10개,26000
2026-04-23,부산,배,10개,29750
2026-04-24,부산,배추,1포기,4575
2026-04-24,부산,시금치,100g,8620
2026-04-24,부산,상추,100g,9233
2026-04-24,부산,얼갈이배추,1kg,2873
2026-04-24,부산,오이,10개,6467
2026-04-24,부산,호박,1개,1043
2026-04-24,부산,토마토,1kg,5008
2026-04-24,부산,무,1개,1913
2026-04-24,부산,당근,1kg,3588
2026-04-24,부산,열무,1kg,2878
2026-04-24,부산,양파,1kg,2073
2026-04-24,부산,대파,1kg,2705
2026-04-24,부산,피망,100g,12733
2026-04-24,부산,파프리카,1개,1593
2026-04-24,부산,마늘,1kg,12825
2026-04-24,부산,브로콜리,1개,2843
2026-04-24,부산,사과,10개,26000
2026-04-24,부산,배,10개,29750
2026-01-26,대구,배추,1포기,5327
2026-01-26,대구,시금치,100g,12187
2026-01-26,대구,상추,100g,14667
2026-01-26,대구,얼갈이배추,1kg,4770
2026-01-26,대구,오이,10개,16900
2026-01-26,대구,호박,1개,2260
2026-01-26,대구,토마토,1kg,5880
2026-01-26,대구,무,1개,2595
2026-01-26,대구,당근,1kg,3730
2026-01-26,대구,열무,1kg,3500
2026-01-26,대구,양파,1kg,2180
2026-01-26,대구,대파,1kg,3660
2026-01-26,대구,피망,100g,20667
2026-01-26,대구,파프리카,1개,2043
2026-01-26,대구,마늘,1kg,9997
2026-01-26,대구,브로콜리,1개,2713
2026-01-26,대구,사과,10개,30500
2026-01-26,대구,배,10개,38600
2026-01-27,대구,배추,1포기,5327
2026-01-27,대구,시금치,100g,12190
2026-01-27,대구,상추,100g,14667
2026-01-27,대구,얼갈이배추,1kg,4770
2026-01-27,대구,오이,10개,16700
2026-01-27,대구,호박,1개,2260
2026-01-27,대구,토마토,1kg,5880
2026-01-27,대구,무,1개,2595
2026-01-27,대구,당근,1kg,3730
2026-01-27,대구,열무,1kg,3500
2026-01-27,대구,양파,1kg,2253
2026-01-27,대구,대파,1kg,3660
2026-01-27,대구,피망,100g,21000
2026-01-27,대구,파프리카,1개,2043
2026-01-27,대구,마늘,1kg,9997
2026-01-27,대구,브로콜리,1개,2713
2026-01-27,대구,사과,10개,30500
2026-01-27,대구,배,10개,38600
2026-01-28,대구,배추,1포기,5327
2026-01-28,대구,시금치,100g,12187
2026-01-28,대구,상추,100g,14667
2026-01-28,대구,얼갈이배추,1kg,4770
2026-01-28,대구,오이,10개,16700
2026-01-28,대구,호박,1개,2260
2026-01-28,대구,토마토,1kg,5880
2026-01-28,대구,무,1개,2595
2026-01-28,대구,당근,1kg,3730
2026-01-28,대구,열무,1kg,3500
2026-01-28,대구,양파,1kg,2253
2026-01-28,대구,대파,1kg,3660
2026-01-28,대구,피망,100g,21000
2026-01-28,대구,파프리카,1개,2043
2026-01-28,대구,마늘,1kg,9997
2026-01-28,대구,브로콜리,1개,2660
2026-01-28,대구,사과,10개,30500
2026-01-28,대구,배,10개,38600
2026-01-29,대구,배추,1포기,5327
2026-01-29,대구,시금치,100g,13833
2026-01-29,대구,상추,100g,14667
2026-01-29,대구,얼갈이배추,1kg,5103
2026-01-29,대구,오이,10개,16700
2026-01-29,대구,호박,1개,2327
2026-01-29,대구,토마토,1kg,5760
2026-01-29,대구,무,1개,3200
2026-01-29,대구,당근,1kg,3730
2026-01-29,대구,열무,1kg,3500
2026-01-29,대구,양파,1kg,2253
2026-01-29,대구,대파,1kg,3393
2026-01-29,대구,피망,100g,25167
2026-01-29,대구,파프리카,1개,1977
2026-01-29,대구,마늘,1kg,11320
2026-01-29,대구,브로콜리,1개,2327
2026-01-29,대구,사과,10개,29833
2026-01-29,대구,배,10개,35550
2026-01-30,대구,배추,1포기,5437
2026-01-30,대구,시금치,100g,13833
2026-01-30,대구,상추,100g,14667
2026-01-30,대구,얼갈이배추,1kg,5103
2026-01-30,대구,오이,10개,16700
2026-01-30,대구,호박,1개,2327
2026-01-30,대구,토마토,1kg,5760
2026-01-30,대구,무,1개,3200
2026-01-30,대구,당근,1kg,3503
2026-01-30,대구,열무,1kg,3500
2026-01-30,대구,양파,1kg,2253
2026-01-30,대구,대파,1kg,3393
2026-01-30,대구,피망,100g,25267
2026-01-30,대구,파프리카,1개,1943
2026-01-30,대구,마늘,1kg,11320
2026-01-30,대구,브로콜리,1개,2327
2026-01-30,대구,사과,10개,31833
2026-01-30,대구,배,10개,35550
2026-02-02,대구,배추,1포기,5437
2026-02-02,대구,시금치,100g,13833
2026-02-02,대구,상추,100g,14667
2026-02-02,대구,얼갈이배추,1kg,5103
2026-02-02,대구,오이,10개,16700
2026-02-02,대구,호박,1개,2327
2026-02-02,대구,토마토,1kg,5760
2026-02-02,대구,무,1개,2595
2026-02-02,대구,당근,1kg,3503
2026-02-02,대구,열무,1kg,3500
2026-02-02,대구,양파,1kg,2253
2026-02-02,대구,대파,1kg,3393
2026-02-02,대구,피망,100g,25800
2026-02-02,대구,파프리카,1개,1943
2026-02-02,대구,마늘,1kg,11320
2026-02-02,대구,브로콜리,1개,2327
2026-02-02,대구,사과,10개,31833
2026-02-02,대구,배,10개,32100
2026-02-03,대구,배추,1포기,5437
2026-02-03,대구,시금치,100g,13933
2026-02-03,대구,상추,100g,14667
2026-02-03,대구,얼갈이배추,1kg,5103
2026-02-03,대구,오이,10개,16700
2026-02-03,대구,호박,1개,2327
2026-02-03,대구,토마토,1kg,5760
2026-02-03,대구,무,1개,2595
2026-02-03,대구,당근,1kg,3503
2026-02-03,대구,열무,1kg,3500
2026-02-03,대구,양파,1kg,2253
2026-02-03,대구,대파,1kg,3393
2026-02-03,대구,피망,100g,25800
2026-02-03,대구,파프리카,1개,1943
2026-02-03,대구,마늘,1kg,11320
2026-02-03,대구,브로콜리,1개,2327
2026-02-03,대구,사과,10개,31833
2026-02-03,대구,배,10개,32100
2026-02-04,대구,배추,1포기,5327
2026-02-04,대구,시금치,100g,13933
2026-02-04,대구,상추,100g,14667
2026-02-04,대구,얼갈이배추,1kg,5103
2026-02-04,대구,오이,10개,16700
2026-02-04,대구,호박,1개,2327
2026-02-04,대구,토마토,1kg,5760
2026-02-04,대구,무,1개,2595
2026-02-04,대구,당근,1kg,3503
2026-02-04,대구,열무,1kg,3500
2026-02-04,대구,양파,1kg,2253
2026-02-04,대구,대파,1kg,3393
2026-02-04,대구,피망,100g,25800
2026-02-04,대구,파프리카,1개,1943
2026-02-04,대구,마늘,1kg,11320
2026-02-04,대구,브로콜리,1개,2327
2026-02-04,대구,사과,10개,31833
2026-02-04,대구,배,10개,32100
2026-02-05,대구,배추,1포기,5327
2026-02-05,대구,시금치,100g,12420
2026-02-05,대구,상추,100g,13733
2026-02-05,대구,얼갈이배추,1kg,5103
2026-02-05,대구,오이,10개,16900
2026-02-05,대구,호박,1개,2493
2026-02-05,대구,토마토,1kg,5927
2026-02-05,대구,무,1개,2235
2026-02-05,대구,당근,1kg,3690
2026-02-05,대구,열무,1kg,3500
2026-02-05,대구,양파,1kg,2120
2026-02-05,대구,대파,1kg,3427
2026-02-05,대구,피망,100g,26133
2026-02-05,대구,파프리카,1개,1993
2026-02-05,대구,마늘,1kg,9670
2026-02-05,대구,브로콜리,1개,2160
2026-02-05,대구,사과,10개,30500
2026-02-05,대구,배,10개,34033
2026-02-06,대구,배추,1포기,5327
2026-02-06,대구,시금치,100g,12420
2026-02-06,대구,상추,100g,13733
2026-02-06,대구,얼갈이배추,1kg,5213
2026-02-06,대구,오이,10개,16900
2026-02-06,대구,호박,1개,2493
2026-02-06,대구,토마토,1kg,5927
2026-02-06,대구,무,1개,2235
2026-02-06,대구,당근,1kg,3690
2026-02-06,대구,열무,1kg,3500
2026-02-06,대구,양파,1kg,2253
2026-02-06,대구,대파,1kg,3427
2026-02-06,대구,피망,100g,26133
2026-02-06,대구,파프리카,1개,1993
2026-02-06,대구,마늘,1kg,9670
2026-02-06,대구,브로콜리,1개,2160
2026-02-06,대구,사과,10개,30500
2026-02-06,대구,배,10개,34033
2026-02-09,대구,배추,1포기,5327
2026-02-09,대구,시금치,100g,12857
2026-02-09,대구,상추,100g,13633
2026-02-09,대구,얼갈이배추,1kg,5160
2026-02-09,대구,오이,10개,16900
2026-02-09,대구,호박,1개,2527
2026-02-09,대구,토마토,1kg,5927
2026-02-09,대구,무,1개,2135
2026-02-09,대구,당근,1kg,3690
2026-02-09,대구,열무,1kg,3500
2026-02-09,대구,양파,1kg,2253
2026-02-09,대구,대파,1kg,3427
2026-02-09,대구,피망,100g,26133
2026-02-09,대구,파프리카,1개,1993
2026-02-09,대구,마늘,1kg,9670
2026-02-09,대구,브로콜리,1개,2270
2026-02-09,대구,사과,10개,30500
2026-02-09,대구,배,10개,34033
2026-02-10,대구,배추,1포기,5327
2026-02-10,대구,시금치,100g,13187
2026-02-10,대구,상추,100g,13633
2026-02-10,대구,얼갈이배추,1kg,5213
2026-02-10,대구,오이,10개,16900
2026-02-10,대구,호박,1개,2527
2026-02-10,대구,토마토,1kg,5927
2026-02-10,대구,무,1개,2135
2026-02-10,대구,당근,1kg,3967
2026-02-10,대구,열무,1kg,3750
2026-02-10,대구,양파,1kg,2253
2026-02-10,대구,대파,1kg,3427
2026-02-10,대구,피망,100g,25933
2026-02-10,대구,파프리카,1개,2493
2026-02-10,대구,마늘,1kg,9670
2026-02-10,대구,브로콜리,1개,2603
2026-02-10,대구,사과,10개,30500
2026-02-10,대구,배,10개,34033
2026-02-11,대구,배추,1포기,5327
2026-02-11,대구,시금치,100g,13187
2026-02-11,대구,상추,100g,13633
2026-02-11,대구,얼갈이배추,1kg,5213
2026-02-11,대구,오이,10개,16900
2026-02-11,대구,호박,1개,2527
2026-02-11,대구,토마토,1kg,5927
2026-02-11,대구,무,1개,2135
2026-02-11,대구,당근,1kg,3967
2026-02-11,대구,열무,1kg,3750
2026-02-11,대구,양파,1kg,2253
2026-02-11,대구,대파,1kg,3427
2026-02-11,대구,피망,100g,25933
2026-02-11,대구,파프리카,1개,2493
2026-02-11,대구,마늘,1kg,9670
2026-02-11,대구,브로콜리,1개,2603
2026-02-11,대구,사과,10개,30500
2026-02-11,대구,배,10개,34033
2026-02-12,대구,배추,1포기,5493
2026-02-12,대구,시금치,100g,11707
2026-02-12,대구,상추,100g,13633
2026-02-12,대구,얼갈이배추,1kg,5213
2026-02-12,대구,오이,10개,19267
2026-02-12,대구,호박,1개,2527
2026-02-12,대구,토마토,1kg,6010
2026-02-12,대구,무,1개,2745
2026-02-12,대구,당근,1kg,3967
2026-02-12,대구,열무,1kg,3750
2026-02-12,대구,양파,1kg,1977
2026-02-12,대구,대파,1kg,3997
2026-02-12,대구,피망,100g,29267
2026-02-12,대구,파프리카,1개,2593
2026-02-12,대구,마늘,1kg,9683
2026-02-12,대구,브로콜리,1개,2660
2026-02-12,대구,사과,10개,33833
2026-02-12,대구,배,10개,34700
2026-02-13,대구,배추,1포기,5493
2026-02-13,대구,시금치,100g,11707
2026-02-13,대구,상추,100g,13633
2026-02-13,대구,얼갈이배추,1kg,5213
2026-02-13,대구,오이,10개,19267
2026-02-13,대구,호박,1개,2527
2026-02-13,대구,토마토,1kg,6010
2026-02-13,대구,무,1개,2745
2026-02-13,대구,당근,1kg,3967
2026-02-13,대구,열무,1kg,3750
2026-02-13,대구,양파,1kg,1977
2026-02-13,대구,대파,1kg,3997
2026-02-13,대구,피망,100g,29267
2026-02-13,대구,파프리카,1개,2593
2026-02-13,대구,마늘,1kg,9683
2026-02-13,대구,브로콜리,1개,2660
2026-02-13,대구,사과,10개,33833
2026-02-13,대구,배,10개,34700
2026-02-19,대구,배추,1포기,5493
2026-02-19,대구,시금치,100g,15367
2026-02-19,대구,상추,100g,13633
2026-02-19,대구,얼갈이배추,1kg,5213
2026-02-19,대구,오이,10개,19267
2026-02-19,대구,호박,1개,2527
2026-02-19,대구,토마토,1kg,6010
2026-02-19,대구,무,1개,2745
2026-02-19,대구,당근,1kg,3967
2026-02-19,대구,열무,1kg,3750
2026-02-19,대구,양파,1kg,2517
2026-02-19,대구,대파,1kg,3943
2026-02-19,대구,피망,100g,29267
2026-02-19,대구,파프리카,1개,2593
2026-02-19,대구,마늘,1kg,9680
2026-02-19,대구,브로콜리,1개,2770
2026-02-19,대구,사과,10개,37833
2026-02-19,대구,배,10개,37000
2026-02-20,대구,배추,1포기,5493
2026-02-20,대구,시금치,100g,14867
2026-02-20,대구,상추,100g,12533
2026-02-20,대구,얼갈이배추,1kg,5213
2026-02-20,대구,오이,10개,19267
2026-02-20,대구,호박,1개,2393
2026-02-20,대구,토마토,1kg,5927
2026-02-20,대구,무,1개,2495
2026-02-20,대구,당근,1kg,3917
2026-02-20,대구,열무,1kg,3750
2026-02-20,대구,양파,1kg,2517
2026-02-20,대구,대파,1kg,3943
2026-02-20,대구,피망,100g,25933
2026-02-20,대구,파프리카,1개,2593
2026-02-20,대구,마늘,1kg,9680
2026-02-20,대구,브로콜리,1개,2770
2026-02-20,대구,사과,10개,35833
2026-02-20,대구,배,10개,39933
2026-02-23,대구,배추,1포기,5493
2026-02-23,대구,시금치,100g,14133
2026-02-23,대구,상추,100g,12533
2026-02-23,대구,얼갈이배추,1kg,5160
2026-02-23,대구,오이,10개,18733
2026-02-23,대구,호박,1개,2393
2026-02-23,대구,토마토,1kg,5993
2026-02-23,대구,무,1개,2495
2026-02-23,대구,당근,1kg,3917
2026-02-23,대구,열무,1kg,3250
2026-02-23,대구,양파,1kg,2517
2026-02-23,대구,대파,1kg,3943
2026-02-23,대구,피망,100g,25433
2026-02-23,대구,파프리카,1개,2800
2026-02-23,대구,마늘,1kg,9680
2026-02-23,대구,브로콜리,1개,2660
2026-02-23,대구,사과,10개,35833
2026-02-23,대구,배,10개,39933
2026-02-24,대구,배추,1포기,5660
2026-02-24,대구,시금치,100g,11267
2026-02-24,대구,상추,100g,12533
2026-02-24,대구,얼갈이배추,1kg,5160
2026-02-24,대구,오이,10개,18733
2026-02-24,대구,호박,1개,2393
2026-02-24,대구,토마토,1kg,5993
2026-02-24,대구,무,1개,2495
2026-02-24,대구,당근,1kg,3917
2026-02-24,대구,열무,1kg,3250
2026-02-24,대구,양파,1kg,2333
2026-02-24,대구,대파,1kg,3943
2026-02-24,대구,피망,100g,25433
2026-02-24,대구,파프리카,1개,2883
2026-02-24,대구,마늘,1kg,9680
2026-02-24,대구,브로콜리,1개,2660
2026-02-24,대구,사과,10개,35833
2026-02-24,대구,배,10개,39933
2026-02-25,대구,배추,1포기,5660
2026-02-25,대구,시금치,100g,11167
2026-02-25,대구,상추,100g,12267
2026-02-25,대구,얼갈이배추,1kg,5160
2026-02-25,대구,오이,10개,18733
2026-02-25,대구,호박,1개,2393
2026-02-25,대구,토마토,1kg,5993
2026-02-25,대구,무,1개,2495
2026-02-25,대구,당근,1kg,3917
2026-02-25,대구,열무,1kg,3250
2026-02-25,대구,양파,1kg,2333
2026-02-25,대구,대파,1kg,3943
2026-02-25,대구,피망,100g,25167
2026-02-25,대구,파프리카,1개,2883
2026-02-25,대구,마늘,1kg,9680
2026-02-25,대구,브로콜리,1개,2660
2026-02-25,대구,사과,10개,35833
2026-02-25,대구,배,10개,39933
2026-02-26,대구,배추,1포기,5660
2026-02-26,대구,시금치,100g,12487
2026-02-26,대구,상추,100g,9433
2026-02-26,대구,얼갈이배추,1kg,4493
2026-02-26,대구,오이,10개,14767
2026-02-26,대구,호박,1개,2127
2026-02-26,대구,토마토,1kg,5930
2026-02-26,대구,무,1개,3000
2026-02-26,대구,당근,1kg,3927
2026-02-26,대구,열무,1kg,3250
2026-02-26,대구,양파,1kg,2333
2026-02-26,대구,대파,1kg,3723
2026-02-26,대구,피망,100g,20167
2026-02-26,대구,파프리카,1개,2733
2026-02-26,대구,마늘,1kg,9680
2026-02-26,대구,브로콜리,1개,2660
2026-02-26,대구,사과,10개,33167
2026-02-26,대구,배,10개,39933
2026-02-27,대구,배추,1포기,5660
2026-02-27,대구,시금치,100g,12487
2026-02-27,대구,상추,100g,9433
2026-02-27,대구,얼갈이배추,1kg,4493
2026-02-27,대구,오이,10개,14767
2026-02-27,대구,호박,1개,2127
2026-02-27,대구,토마토,1kg,5597
2026-02-27,대구,무,1개,3000
2026-02-27,대구,당근,1kg,3927
2026-02-27,대구,열무,1kg,3250
2026-02-27,대구,양파,1kg,2333
2026-02-27,대구,대파,1kg,3723
2026-02-27,대구,피망,100g,20167
2026-02-27,대구,파프리카,1개,2357
2026-02-27,대구,마늘,1kg,9680
2026-02-27,대구,브로콜리,1개,2660
2026-02-27,대구,사과,10개,33167
2026-02-27,대구,배,10개,39933
2026-03-03,대구,배추,1포기,5660
2026-03-03,대구,시금치,100g,12320
2026-03-03,대구,상추,100g,10200
2026-03-03,대구,얼갈이배추,1kg,4437
2026-03-03,대구,오이,10개,14767
2026-03-03,대구,호박,1개,2127
2026-03-03,대구,토마토,1kg,5597
2026-03-03,대구,무,1개,3000
2026-03-03,대구,당근,1kg,3927
2026-03-03,대구,열무,1kg,3250
2026-03-03,대구,양파,1kg,2333
2026-03-03,대구,대파,1kg,3943
2026-03-03,대구,피망,100g,20167
2026-03-03,대구,파프리카,1개,2497
2026-03-03,대구,마늘,1kg,12553
2026-03-03,대구,브로콜리,1개,2660
2026-03-03,대구,사과,10개,29800
2026-03-03,대구,배,10개,39933
2026-03-04,대구,배추,1포기,5660
2026-03-04,대구,시금치,100g,12320
2026-03-04,대구,상추,100g,10200
2026-03-04,대구,얼갈이배추,1kg,4380
2026-03-04,대구,오이,10개,14767
2026-03-04,대구,호박,1개,2127
2026-03-04,대구,토마토,1kg,5663
2026-03-04,대구,무,1개,3000
2026-03-04,대구,당근,1kg,3927
2026-03-04,대구,열무,1kg,3000
2026-03-04,대구,양파,1kg,2333
2026-03-04,대구,대파,1kg,3943
2026-03-04,대구,피망,100g,20167
2026-03-04,대구,파프리카,1개,2457
2026-03-04,대구,마늘,1kg,12553
2026-03-04,대구,브로콜리,1개,2660
2026-03-04,대구,사과,10개,29800
2026-03-04,대구,배,10개,39950
2026-03-05,대구,배추,1포기,5327
2026-03-05,대구,시금치,100g,12120
2026-03-05,대구,상추,100g,11333
2026-03-05,대구,얼갈이배추,1kg,3713
2026-03-05,대구,오이,10개,15600
2026-03-05,대구,호박,1개,1927
2026-03-05,대구,토마토,1kg,5497
2026-03-05,대구,무,1개,3000
2026-03-05,대구,당근,1kg,3650
2026-03-05,대구,열무,1kg,3495
2026-03-05,대구,양파,1kg,2333
2026-03-05,대구,대파,1kg,3987
2026-03-05,대구,피망,100g,18500
2026-03-05,대구,파프리카,1개,2393
2026-03-05,대구,마늘,1kg,12553
2026-03-05,대구,브로콜리,1개,2493
2026-03-05,대구,사과,10개,32800
2026-03-05,대구,배,10개,39950
2026-03-06,대구,배추,1포기,5327
2026-03-06,대구,시금치,100g,12120
2026-03-06,대구,상추,100g,11167
2026-03-06,대구,얼갈이배추,1kg,3713
2026-03-06,대구,오이,10개,15933
2026-03-06,대구,호박,1개,1893
2026-03-06,대구,토마토,1kg,5497
2026-03-06,대구,무,1개,3000
2026-03-06,대구,당근,1kg,3650
2026-03-06,대구,열무,1kg,3370
2026-03-06,대구,양파,1kg,2333
2026-03-06,대구,대파,1kg,3947
2026-03-06,대구,피망,100g,18267
2026-03-06,대구,파프리카,1개,2350
2026-03-06,대구,마늘,1kg,12553
2026-03-06,대구,브로콜리,1개,2493
2026-03-06,대구,사과,10개,32800
2026-03-06,대구,배,10개,39950
2026-03-09,대구,배추,1포기,5327
2026-03-09,대구,시금치,100g,12020
2026-03-09,대구,상추,100g,11233
2026-03-09,대구,얼갈이배추,1kg,3660
2026-03-09,대구,오이,10개,15933
2026-03-09,대구,호박,1개,1893
2026-03-09,대구,토마토,1kg,5497
2026-03-09,대구,무,1개,3000
2026-03-09,대구,당근,1kg,3653
2026-03-09,대구,열무,1kg,3370
2026-03-09,대구,양파,1kg,2333
2026-03-09,대구,대파,1kg,3947
2026-03-09,대구,피망,100g,18167
2026-03-09,대구,파프리카,1개,2350
2026-03-09,대구,마늘,1kg,12553
2026-03-09,대구,브로콜리,1개,2493
2026-03-09,대구,사과,10개,32800
2026-03-09,대구,배,10개,39950
2026-03-10,대구,배추,1포기,5327
2026-03-10,대구,시금치,100g,12020
2026-03-10,대구,상추,100g,11233
2026-03-10,대구,얼갈이배추,1kg,3660
2026-03-10,대구,오이,10개,15933
2026-03-10,대구,호박,1개,1893
2026-03-10,대구,토마토,1kg,5430
2026-03-10,대구,무,1개,3000
2026-03-10,대구,당근,1kg,3650
2026-03-10,대구,열무,1kg,3370
2026-03-10,대구,양파,1kg,2333
2026-03-10,대구,대파,1kg,3947
2026-03-10,대구,피망,100g,18167
2026-03-10,대구,파프리카,1개,2350
2026-03-10,대구,마늘,1kg,12553
2026-03-10,대구,브로콜리,1개,2493
2026-03-10,대구,사과,10개,32500
2026-03-10,대구,배,10개,39950
2026-03-11,대구,배추,1포기,5327
2026-03-11,대구,시금치,100g,12020
2026-03-11,대구,상추,100g,11233
2026-03-11,대구,얼갈이배추,1kg,3660
2026-03-11,대구,오이,10개,15933
2026-03-11,대구,호박,1개,1893
2026-03-11,대구,토마토,1kg,5430
2026-03-11,대구,무,1개,3000
2026-03-11,대구,당근,1kg,3650
2026-03-11,대구,열무,1kg,3370
2026-03-11,대구,양파,1kg,2333
2026-03-11,대구,대파,1kg,3947
2026-03-11,대구,피망,100g,18167
2026-03-11,대구,파프리카,1개,2350
2026-03-11,대구,마늘,1kg,12553
2026-03-11,대구,브로콜리,1개,2493
2026-03-11,대구,사과,10개,32500
2026-03-11,대구,배,10개,39950
2026-03-12,대구,배추,1포기,5327
2026-03-12,대구,시금치,100g,10223
2026-03-12,대구,상추,100g,10100
2026-03-12,대구,얼갈이배추,1kg,3993
2026-03-12,대구,오이,10개,15933
2026-03-12,대구,호박,1개,1893
2026-03-12,대구,토마토,1kg,5493
2026-03-12,대구,무,1개,2495
2026-03-12,대구,당근,1kg,3930
2026-03-12,대구,열무,1kg,3870
2026-03-12,대구,양파,1kg,2333
2026-03-12,대구,대파,1kg,4080
2026-03-12,대구,피망,100g,19833
2026-03-12,대구,파프리카,1개,2117
2026-03-12,대구,마늘,1kg,12553
2026-03-12,대구,브로콜리,1개,2127
2026-03-12,대구,사과,10개,30500
2026-03-12,대구,배,10개,48250
2026-03-13,대구,배추,1포기,5327
2026-03-13,대구,시금치,100g,10157
2026-03-13,대구,상추,100g,10100
2026-03-13,대구,얼갈이배추,1kg,3880
2026-03-13,대구,오이,10개,15933
2026-03-13,대구,호박,1개,1893
2026-03-13,대구,토마토,1kg,5493
2026-03-13,대구,무,1개,2495
2026-03-13,대구,당근,1kg,3930
2026-03-13,대구,열무,1kg,3870
2026-03-13,대구,양파,1kg,2333
2026-03-13,대구,대파,1kg,4080
2026-03-13,대구,피망,100g,20000
2026-03-13,대구,파프리카,1개,2070
2026-03-13,대구,마늘,1kg,12553
2026-03-13,대구,브로콜리,1개,2127
2026-03-13,대구,사과,10개,30500
2026-03-13,대구,배,10개,43250
2026-03-16,대구,배추,1포기,5327
2026-03-16,대구,시금치,100g,10157
2026-03-16,대구,상추,100g,10100
2026-03-16,대구,얼갈이배추,1kg,3880
2026-03-16,대구,오이,10개,15467
2026-03-16,대구,호박,1개,1893
2026-03-16,대구,토마토,1kg,5493
2026-03-16,대구,무,1개,2495
2026-03-16,대구,당근,1kg,3930
2026-03-16,대구,열무,1kg,4057
2026-03-16,대구,양파,1kg,2330
2026-03-16,대구,대파,1kg,4037
2026-03-16,대구,피망,100g,20000
2026-03-16,대구,파프리카,1개,2033
2026-03-16,대구,마늘,1kg,12553
2026-03-16,대구,브로콜리,1개,2127
2026-03-16,대구,사과,10개,30500
2026-03-16,대구,배,10개,43250
2026-03-17,대구,배추,1포기,5327
2026-03-17,대구,시금치,100g,9990
2026-03-17,대구,상추,100g,10100
2026-03-17,대구,얼갈이배추,1kg,3880
2026-03-17,대구,오이,10개,15467
2026-03-17,대구,호박,1개,1893
2026-03-17,대구,토마토,1kg,5493
2026-03-17,대구,무,1개,2495
2026-03-17,대구,당근,1kg,3930
2026-03-17,대구,열무,1kg,4057
2026-03-17,대구,양파,1kg,2330
2026-03-17,대구,대파,1kg,4037
2026-03-17,대구,피망,100g,20000
2026-03-17,대구,파프리카,1개,2033
2026-03-17,대구,마늘,1kg,12553
2026-03-17,대구,브로콜리,1개,2127
2026-03-17,대구,사과,10개,30500
2026-03-17,대구,배,10개,43250
2026-03-18,대구,배추,1포기,5327
2026-03-18,대구,시금치,100g,9990
2026-03-18,대구,상추,100g,10100
2026-03-18,대구,얼갈이배추,1kg,3880
2026-03-18,대구,오이,10개,15467
2026-03-18,대구,호박,1개,1893
2026-03-18,대구,토마토,1kg,5493
2026-03-18,대구,무,1개,2495
2026-03-18,대구,당근,1kg,3930
2026-03-18,대구,열무,1kg,4057
2026-03-18,대구,양파,1kg,2290
2026-03-18,대구,대파,1kg,4037
2026-03-18,대구,피망,100g,20467
2026-03-18,대구,파프리카,1개,2033
2026-03-18,대구,마늘,1kg,12553
2026-03-18,대구,브로콜리,1개,2127
2026-03-18,대구,사과,10개,30500
2026-03-18,대구,배,10개,43250
2026-03-19,대구,배추,1포기,5327
2026-03-19,대구,시금치,100g,9167
2026-03-19,대구,상추,100g,9233
2026-03-19,대구,얼갈이배추,1kg,3880
2026-03-19,대구,오이,10개,15467
2026-03-19,대구,호박,1개,1893
2026-03-19,대구,토마토,1kg,5993
2026-03-19,대구,무,1개,2900
2026-03-19,대구,당근,1kg,3930
2026-03-19,대구,열무,1kg,3715
2026-03-19,대구,양파,1kg,2177
2026-03-19,대구,대파,1kg,4037
2026-03-19,대구,피망,100g,20500
2026-03-19,대구,파프리카,1개,2033
2026-03-19,대구,마늘,1kg,13220
2026-03-19,대구,브로콜리,1개,2603
2026-03-19,대구,사과,10개,32500
2026-03-19,대구,배,10개,43250
2026-03-20,대구,배추,1포기,5327
2026-03-20,대구,시금치,100g,8890
2026-03-20,대구,상추,100g,9133
2026-03-20,대구,얼갈이배추,1kg,3880
2026-03-20,대구,오이,10개,14777
2026-03-20,대구,호박,1개,1893
2026-03-20,대구,토마토,1kg,5993
2026-03-20,대구,무,1개,2445
2026-03-20,대구,당근,1kg,3930
2026-03-20,대구,열무,1kg,3715
2026-03-20,대구,양파,1kg,2177
2026-03-20,대구,대파,1kg,4037
2026-03-20,대구,피망,100g,20333
2026-03-20,대구,파프리카,1개,2030
2026-03-20,대구,마늘,1kg,13220
2026-03-20,대구,브로콜리,1개,2937
2026-03-20,대구,사과,10개,32500
2026-03-20,대구,배,10개,43250
2026-03-23,대구,배추,1포기,5327
2026-03-23,대구,시금치,100g,8960
2026-03-23,대구,상추,100g,9133
2026-03-23,대구,얼갈이배추,1kg,3880
2026-03-23,대구,오이,10개,14777
2026-03-23,대구,호박,1개,1893
2026-03-23,대구,토마토,1kg,5993
2026-03-23,대구,무,1개,2445
2026-03-23,대구,당근,1kg,3930
2026-03-23,대구,열무,1kg,3715
2026-03-23,대구,양파,1kg,2150
2026-03-23,대구,대파,1kg,4037
2026-03-23,대구,피망,100g,20100
2026-03-23,대구,파프리카,1개,2077
2026-03-23,대구,마늘,1kg,13220
2026-03-23,대구,브로콜리,1개,2937
2026-03-23,대구,사과,10개,32500
2026-03-23,대구,배,10개,43250
2026-03-24,대구,배추,1포기,5327
2026-03-24,대구,시금치,100g,8957
2026-03-24,대구,상추,100g,9133
2026-03-24,대구,얼갈이배추,1kg,3880
2026-03-24,대구,오이,10개,14777
2026-03-24,대구,호박,1개,1893
2026-03-24,대구,토마토,1kg,5993
2026-03-24,대구,무,1개,2900
2026-03-24,대구,당근,1kg,4267
2026-03-24,대구,열무,1kg,3715
2026-03-24,대구,양파,1kg,2150
2026-03-24,대구,대파,1kg,4037
2026-03-24,대구,피망,100g,20100
2026-03-24,대구,파프리카,1개,2077
2026-03-24,대구,마늘,1kg,13220
2026-03-24,대구,브로콜리,1개,2770
2026-03-24,대구,사과,10개,32500
2026-03-24,대구,배,10개,43250
2026-03-25,대구,배추,1포기,5327
2026-03-25,대구,시금치,100g,9887
2026-03-25,대구,상추,100g,9000
2026-03-25,대구,얼갈이배추,1kg,3880
2026-03-25,대구,오이,10개,14777
2026-03-25,대구,호박,1개,1893
2026-03-25,대구,토마토,1kg,5993
2026-03-25,대구,무,1개,2900
2026-03-25,대구,당근,1kg,4267
2026-03-25,대구,열무,1kg,3715
2026-03-25,대구,양파,1kg,2150
2026-03-25,대구,대파,1kg,4037
2026-03-25,대구,피망,100g,19933
2026-03-25,대구,파프리카,1개,2077
2026-03-25,대구,마늘,1kg,13220
2026-03-25,대구,브로콜리,1개,2770
2026-03-25,대구,사과,10개,32500
2026-03-25,대구,배,10개,43250
2026-03-26,대구,배추,1포기,4993
2026-03-26,대구,시금치,100g,7990
2026-03-26,대구,상추,100g,9433
2026-03-26,대구,얼갈이배추,1kg,3880
2026-03-26,대구,오이,10개,13943
2026-03-26,대구,호박,1개,1660
2026-03-26,대구,토마토,1kg,5827
2026-03-26,대구,무,1개,2900
2026-03-26,대구,당근,1kg,4207
2026-03-26,대구,열무,1kg,3715
2026-03-26,대구,양파,1kg,1973
2026-03-26,대구,대파,1kg,3507
2026-03-26,대구,피망,100g,19933
2026-03-26,대구,파프리카,1개,1867
2026-03-26,대구,마늘,1kg,13887
2026-03-26,대구,브로콜리,1개,2603
2026-03-26,대구,사과,10개,31833
2026-03-26,대구,배,10개,43250
2026-03-27,대구,배추,1포기,4993
2026-03-27,대구,시금치,100g,7890
2026-03-27,대구,상추,100g,9567
2026-03-27,대구,얼갈이배추,1kg,3880
2026-03-27,대구,오이,10개,13943
2026-03-27,대구,호박,1개,1660
2026-03-27,대구,토마토,1kg,5827
2026-03-27,대구,무,1개,2900
2026-03-27,대구,당근,1kg,4207
2026-03-27,대구,열무,1kg,3715
2026-03-27,대구,양파,1kg,1917
2026-03-27,대구,대파,1kg,3467
2026-03-27,대구,피망,100g,19600
2026-03-27,대구,파프리카,1개,1867
2026-03-27,대구,마늘,1kg,13887
2026-03-27,대구,브로콜리,1개,2603
2026-03-27,대구,사과,10개,31833
2026-03-27,대구,배,10개,43250
2026-03-30,대구,배추,1포기,4993
2026-03-30,대구,시금치,100g,8657
2026-03-30,대구,상추,100g,9567
2026-03-30,대구,얼갈이배추,1kg,3880
2026-03-30,대구,오이,10개,13943
2026-03-30,대구,호박,1개,1593
2026-03-30,대구,토마토,1kg,5827
2026-03-30,대구,무,1개,2900
2026-03-30,대구,당근,1kg,4207
2026-03-30,대구,열무,1kg,3715
2026-03-30,대구,양파,1kg,1917
2026-03-30,대구,대파,1kg,3467
2026-03-30,대구,피망,100g,19600
2026-03-30,대구,파프리카,1개,1867
2026-03-30,대구,마늘,1kg,13887
2026-03-30,대구,브로콜리,1개,2603
2026-03-30,대구,사과,10개,31833
2026-03-30,대구,배,10개,43250
2026-03-31,대구,배추,1포기,4993
2026-03-31,대구,시금치,100g,8657
2026-03-31,대구,상추,100g,9567
2026-03-31,대구,얼갈이배추,1kg,3880
2026-03-31,대구,오이,10개,13943
2026-03-31,대구,호박,1개,1593
2026-03-31,대구,토마토,1kg,5827
2026-03-31,대구,무,1개,2900
2026-03-31,대구,당근,1kg,4207
2026-03-31,대구,열무,1kg,3715
2026-03-31,대구,양파,1kg,1917
2026-03-31,대구,대파,1kg,3467
2026-03-31,대구,피망,100g,19667
2026-03-31,대구,파프리카,1개,1867
2026-03-31,대구,마늘,1kg,13887
2026-03-31,대구,브로콜리,1개,2603
2026-03-31,대구,사과,10개,31833
2026-03-31,대구,배,10개,43250
2026-04-01,대구,배추,1포기,4993
2026-04-01,대구,시금치,100g,8657
2026-04-01,대구,상추,100g,9433
2026-04-01,대구,얼갈이배추,1kg,3880
2026-04-01,대구,오이,10개,13943
2026-04-01,대구,호박,1개,1593
2026-04-01,대구,토마토,1kg,5827
2026-04-01,대구,무,1개,2395
2026-04-01,대구,당근,1kg,4207
2026-04-01,대구,열무,1kg,3590
2026-04-01,대구,양파,1kg,1917
2026-04-01,대구,대파,1kg,3467
2026-04-01,대구,피망,100g,19667
2026-04-01,대구,파프리카,1개,1867
2026-04-01,대구,마늘,1kg,13887
2026-04-01,대구,브로콜리,1개,2603
2026-04-01,대구,사과,10개,31833
2026-04-01,대구,배,10개,43250
2026-04-02,대구,배추,1포기,4993
2026-04-02,대구,시금치,100g,8657
2026-04-02,대구,상추,100g,9567
2026-04-02,대구,얼갈이배추,1kg,3770
2026-04-02,대구,오이,10개,12843
2026-04-02,대구,호박,1개,1627
2026-04-02,대구,토마토,1kg,5827
2026-04-02,대구,무,1개,2395
2026-04-02,대구,당근,1kg,3540
2026-04-02,대구,열무,1kg,3590
2026-04-02,대구,양파,1kg,1917
2026-04-02,대구,대파,1kg,3690
2026-04-02,대구,피망,100g,20000
2026-04-02,대구,파프리카,1개,1867
2026-04-02,대구,마늘,1kg,12553
2026-04-02,대구,브로콜리,1개,2437
2026-04-02,대구,사과,10개,34500
2026-04-02,대구,배,10개,43250
2026-04-03,대구,배추,1포기,4993
2026-04-03,대구,시금치,100g,8657
2026-04-03,대구,상추,100g,9567
2026-04-03,대구,얼갈이배추,1kg,3770
2026-04-03,대구,오이,10개,12843
2026-04-03,대구,호박,1개,1627
2026-04-03,대구,토마토,1kg,5827
2026-04-03,대구,무,1개,2395
2026-04-03,대구,당근,1kg,3327
2026-04-03,대구,열무,1kg,3590
2026-04-03,대구,양파,1kg,1917
2026-04-03,대구,대파,1kg,3690
2026-04-03,대구,피망,100g,20000
2026-04-03,대구,파프리카,1개,1867
2026-04-03,대구,마늘,1kg,12553
2026-04-03,대구,브로콜리,1개,2437
2026-04-03,대구,사과,10개,34500
2026-04-03,대구,배,10개,43250
2026-04-06,대구,배추,1포기,4880
2026-04-06,대구,시금치,100g,9210
2026-04-06,대구,상추,100g,9567
2026-04-06,대구,얼갈이배추,1kg,3713
2026-04-06,대구,오이,10개,12843
2026-04-06,대구,호박,1개,1627
2026-04-06,대구,토마토,1kg,5327
2026-04-06,대구,무,1개,2395
2026-04-06,대구,당근,1kg,3327
2026-04-06,대구,열무,1kg,3590
2026-04-06,대구,양파,1kg,1917
2026-04-06,대구,대파,1kg,3690
2026-04-06,대구,피망,100g,20000
2026-04-06,대구,파프리카,1개,1867
2026-04-06,대구,마늘,1kg,12553
2026-04-06,대구,브로콜리,1개,2437
2026-04-06,대구,사과,10개,34500
2026-04-06,대구,배,10개,43250
2026-04-07,대구,배추,1포기,4880
2026-04-07,대구,시금치,100g,9210
2026-04-07,대구,상추,100g,9567
2026-04-07,대구,얼갈이배추,1kg,3713
2026-04-07,대구,오이,10개,12843
2026-04-07,대구,호박,1개,1627
2026-04-07,대구,토마토,1kg,5327
2026-04-07,대구,무,1개,2395
2026-04-07,대구,당근,1kg,3493
2026-04-07,대구,열무,1kg,3590
2026-04-07,대구,양파,1kg,1815
2026-04-07,대구,대파,1kg,3690
2026-04-07,대구,피망,100g,20000
2026-04-07,대구,파프리카,1개,1867
2026-04-07,대구,마늘,1kg,12553
2026-04-07,대구,브로콜리,1개,2437
2026-04-07,대구,사과,10개,34500
2026-04-07,대구,배,10개,43250
2026-04-08,대구,배추,1포기,4880
2026-04-08,대구,시금치,100g,9210
2026-04-08,대구,상추,100g,9500
2026-04-08,대구,얼갈이배추,1kg,3713
2026-04-08,대구,오이,10개,12843
2026-04-08,대구,호박,1개,1627
2026-04-08,대구,토마토,1kg,5327
2026-04-08,대구,무,1개,2395
2026-04-08,대구,당근,1kg,3493
2026-04-08,대구,열무,1kg,3590
2026-04-08,대구,양파,1kg,1815
2026-04-08,대구,대파,1kg,3607
2026-04-08,대구,피망,100g,20433
2026-04-08,대구,파프리카,1개,1827
2026-04-08,대구,마늘,1kg,12553
2026-04-08,대구,브로콜리,1개,2437
2026-04-08,대구,사과,10개,34500
2026-04-08,대구,배,10개,43250
2026-04-09,대구,배추,1포기,4880
2026-04-09,대구,시금치,100g,9210
2026-04-09,대구,상추,100g,8850
2026-04-09,대구,얼갈이배추,1kg,3213
2026-04-09,대구,오이,10개,10965
2026-04-09,대구,호박,1개,1545
2026-04-09,대구,토마토,1kg,4773
2026-04-09,대구,무,1개,2395
2026-04-09,대구,당근,1kg,3300
2026-04-09,대구,열무,1kg,2620
2026-04-09,대구,양파,1kg,2370
2026-04-09,대구,대파,1kg,3827
2026-04-09,대구,피망,100g,23500
2026-04-09,대구,파프리카,1개,1827
2026-04-09,대구,마늘,1kg,13620
2026-04-09,대구,브로콜리,1개,2770
2026-04-09,대구,사과,10개,34500
2026-04-09,대구,배,10개,43250
2026-04-10,대구,배추,1포기,5213
2026-04-10,대구,시금치,100g,9210
2026-04-10,대구,상추,100g,8850
2026-04-10,대구,얼갈이배추,1kg,3213
2026-04-10,대구,오이,10개,10965
2026-04-10,대구,호박,1개,1545
2026-04-10,대구,토마토,1kg,4727
2026-04-10,대구,무,1개,2395
2026-04-10,대구,당근,1kg,3300
2026-04-10,대구,열무,1kg,2620
2026-04-10,대구,양파,1kg,1955
2026-04-10,대구,대파,1kg,3827
2026-04-10,대구,피망,100g,23500
2026-04-10,대구,파프리카,1개,1827
2026-04-10,대구,마늘,1kg,13567
2026-04-10,대구,브로콜리,1개,2770
2026-04-10,대구,사과,10개,34500
2026-04-10,대구,배,10개,43250
2026-04-13,대구,배추,1포기,5213
2026-04-13,대구,시금치,100g,9343
2026-04-13,대구,상추,100g,8850
2026-04-13,대구,얼갈이배추,1kg,3213
2026-04-13,대구,오이,10개,10465
2026-04-13,대구,호박,1개,1545
2026-04-13,대구,토마토,1kg,4727
2026-04-13,대구,무,1개,2345
2026-04-13,대구,당근,1kg,3300
2026-04-13,대구,열무,1kg,2495
2026-04-13,대구,양파,1kg,1955
2026-04-13,대구,대파,1kg,3827
2026-04-13,대구,피망,100g,23500
2026-04-13,대구,파프리카,1개,1827
2026-04-13,대구,마늘,1kg,13567
2026-04-13,대구,브로콜리,1개,2770
2026-04-13,대구,사과,10개,34500
2026-04-13,대구,배,10개,43250
2026-04-14,대구,배추,1포기,5213
2026-04-14,대구,시금치,100g,9643
2026-04-14,대구,상추,100g,8850
2026-04-14,대구,얼갈이배추,1kg,3213
2026-04-14,대구,오이,10개,10165
2026-04-14,대구,호박,1개,1525
2026-04-14,대구,토마토,1kg,4727
2026-04-14,대구,무,1개,2345
2026-04-14,대구,당근,1kg,3300
2026-04-14,대구,열무,1kg,2495
2026-04-14,대구,양파,1kg,1955
2026-04-14,대구,대파,1kg,3827
2026-04-14,대구,피망,100g,23333
2026-04-14,대구,파프리카,1개,1867
2026-04-14,대구,마늘,1kg,13567
2026-04-14,대구,브로콜리,1개,2770
2026-04-14,대구,사과,10개,32500
2026-04-14,대구,배,10개,43250
2026-04-15,대구,배추,1포기,5213
2026-04-15,대구,시금치,100g,9643
2026-04-15,대구,상추,100g,8750
2026-04-15,대구,얼갈이배추,1kg,3213
2026-04-15,대구,오이,10개,10165
2026-04-15,대구,호박,1개,1525
2026-04-15,대구,토마토,1kg,4727
2026-04-15,대구,무,1개,2345
2026-04-15,대구,당근,1kg,3300
2026-04-15,대구,열무,1kg,2495
2026-04-15,대구,양파,1kg,1955
2026-04-15,대구,대파,1kg,3827
2026-04-15,대구,피망,100g,23000
2026-04-15,대구,파프리카,1개,1867
2026-04-15,대구,마늘,1kg,13567
2026-04-15,대구,브로콜리,1개,2770
2026-04-15,대구,사과,10개,32500
2026-04-15,대구,배,10개,39950
2026-04-16,대구,배추,1포기,5213
2026-04-16,대구,시금치,100g,8887
2026-04-16,대구,상추,100g,9567
2026-04-16,대구,얼갈이배추,1kg,3213
2026-04-16,대구,오이,10개,10165
2026-04-16,대구,호박,1개,1275
2026-04-16,대구,토마토,1kg,4727
2026-04-16,대구,무,1개,2445
2026-04-16,대구,당근,1kg,3410
2026-04-16,대구,열무,1kg,2500
2026-04-16,대구,양파,1kg,1780
2026-04-16,대구,대파,1kg,3607
2026-04-16,대구,피망,100g,9500
2026-04-16,대구,파프리카,1개,1867
2026-04-16,대구,마늘,1kg,12500
2026-04-16,대구,브로콜리,1개,2770
2026-04-16,대구,사과,10개,33167
2026-04-16,대구,배,10개,39950
2026-04-17,대구,배추,1포기,5103
2026-04-17,대구,시금치,100g,9053
2026-04-17,대구,상추,100g,9767
2026-04-17,대구,얼갈이배추,1kg,3160
2026-04-17,대구,오이,10개,10165
2026-04-17,대구,호박,1개,1275
2026-04-17,대구,토마토,1kg,4727
2026-04-17,대구,무,1개,2445
2026-04-17,대구,당근,1kg,3410
2026-04-17,대구,열무,1kg,3245
2026-04-17,대구,양파,1kg,1780
2026-04-17,대구,대파,1kg,3580
2026-04-17,대구,피망,100g,9500
2026-04-17,대구,파프리카,1개,1867
2026-04-17,대구,마늘,1kg,12500
2026-04-17,대구,브로콜리,1개,2770
2026-04-17,대구,사과,10개,32500
2026-04-17,대구,배,10개,39950
2026-04-20,대구,배추,1포기,5103
2026-04-20,대구,시금치,100g,9053
2026-04-20,대구,상추,100g,9767
2026-04-20,대구,얼갈이배추,1kg,3160
2026-04-20,대구,오이,10개,10165
2026-04-20,대구,호박,1개,1275
2026-04-20,대구,토마토,1kg,5533
2026-04-20,대구,무,1개,2345
2026-04-20,대구,당근,1kg,3410
2026-04-20,대구,열무,1kg,3120
2026-04-20,대구,양파,1kg,2273
2026-04-20,대구,대파,1kg,3580
2026-04-20,대구,피망,100g,19700
2026-04-20,대구,파프리카,1개,1867
2026-04-20,대구,마늘,1kg,12500
2026-04-20,대구,브로콜리,1개,2770
2026-04-20,대구,사과,10개,33167
2026-04-20,대구,배,10개,39950
2026-04-21,대구,배추,1포기,5103
2026-04-21,대구,시금치,100g,9053
2026-04-21,대구,상추,100g,9767
2026-04-21,대구,얼갈이배추,1kg,3660
2026-04-21,대구,오이,10개,10165
2026-04-21,대구,호박,1개,1525
2026-04-21,대구,토마토,1kg,6087
2026-04-21,대구,무,1개,2700
2026-04-21,대구,당근,1kg,3410
2026-04-21,대구,열무,1kg,3120
2026-04-21,대구,양파,1kg,2273
2026-04-21,대구,대파,1kg,3580
2026-04-21,대구,피망,100g,19700
2026-04-21,대구,파프리카,1개,1867
2026-04-21,대구,마늘,1kg,12500
2026-04-21,대구,브로콜리,1개,2770
2026-04-21,대구,사과,10개,33167
2026-04-21,대구,배,10개,39950
2026-04-22,대구,배추,1포기,5103
2026-04-22,대구,시금치,100g,9053
2026-04-22,대구,상추,100g,9767
2026-04-22,대구,얼갈이배추,1kg,3660
2026-04-22,대구,오이,10개,10165
2026-04-22,대구,호박,1개,1525
2026-04-22,대구,토마토,1kg,6087
2026-04-22,대구,무,1개,2900
2026-04-22,대구,당근,1kg,3410
2026-04-22,대구,열무,1kg,3120
2026-04-22,대구,양파,1kg,2273
2026-04-22,대구,대파,1kg,3580
2026-04-22,대구,피망,100g,19700
2026-04-22,대구,파프리카,1개,1867
2026-04-22,대구,마늘,1kg,12500
2026-04-22,대구,브로콜리,1개,2770
2026-04-22,대구,사과,10개,33167
2026-04-22,대구,배,10개,39950
2026-04-23,대구,배추,1포기,4660
2026-04-23,대구,시금치,100g,8720
2026-04-23,대구,상추,100g,9767
2026-04-23,대구,얼갈이배추,1kg,3160
2026-04-23,대구,오이,10개,8950
2026-04-23,대구,호박,1개,1425
2026-04-23,대구,토마토,1kg,5400
2026-04-23,대구,무,1개,2900
2026-04-23,대구,당근,1kg,3693
2026-04-23,대구,열무,1kg,3245
2026-04-23,대구,양파,1kg,2050
2026-04-23,대구,대파,1kg,3137
2026-04-23,대구,피망,100g,16700
2026-04-23,대구,파프리카,1개,1810
2026-04-23,대구,마늘,1kg,13567
2026-04-23,대구,브로콜리,1개,2770
2026-04-23,대구,사과,10개,30800
2026-04-23,대구,배,10개,39950
2026-04-24,대구,배추,1포기,4660
2026-04-24,대구,시금치,100g,8720
2026-04-24,대구,상추,100g,9767
2026-04-24,대구,얼갈이배추,1kg,3160
2026-04-24,대구,오이,10개,8950
2026-04-24,대구,호박,1개,1425
2026-04-24,대구,토마토,1kg,5400
2026-04-24,대구,무,1개,2445
2026-04-24,대구,당근,1kg,3693
2026-04-24,대구,열무,1kg,2495
2026-04-24,대구,양파,1kg,2050
2026-04-24,대구,대파,1kg,3137
2026-04-24,대구,피망,100g,16700
2026-04-24,대구,파프리카,1개,1813
2026-04-24,대구,마늘,1kg,13567
2026-04-24,대구,브로콜리,1개,2770
2026-04-24,대구,사과,10개,30800
2026-04-24,대구,배,10개,39950
2026-01-26,광주,배추,1포기,4950
2026-01-26,광주,시금치,100g,11153
2026-01-26,광주,상추,100g,15033
2026-01-26,광주,얼갈이배추,1kg,4717
2026-01-26,광주,오이,10개,19900
2026-01-26,광주,호박,1개,2313
2026-01-26,광주,토마토,1kg,6160
2026-01-26,광주,무,1개,2075
2026-01-26,광주,당근,1kg,3550
2026-01-26,광주,열무,1kg,3000
2026-01-26,광주,양파,1kg,2840
2026-01-26,광주,대파,1kg,3653
2026-01-26,광주,피망,100g,19267
2026-01-26,광주,파프리카,1개,2087
2026-01-26,광주,마늘,1kg,10810
2026-01-26,광주,브로콜리,1개,2713
2026-01-26,광주,사과,10개,31533
2026-01-26,광주,배,10개,36933
2026-01-27,광주,배추,1포기,4950
2026-01-27,광주,시금치,100g,11153
2026-01-27,광주,상추,100g,15033
2026-01-27,광주,얼갈이배추,1kg,4717
2026-01-27,광주,오이,10개,19900
2026-01-27,광주,호박,1개,2313
2026-01-27,광주,토마토,1kg,6160
2026-01-27,광주,무,1개,2075
2026-01-27,광주,당근,1kg,3550
2026-01-27,광주,열무,1kg,3000
2026-01-27,광주,양파,1kg,2840
2026-01-27,광주,대파,1kg,3600
2026-01-27,광주,피망,100g,19100
2026-01-27,광주,파프리카,1개,2070
2026-01-27,광주,마늘,1kg,10810
2026-01-27,광주,브로콜리,1개,2713
2026-01-27,광주,사과,10개,31533
2026-01-27,광주,배,10개,36933
2026-01-28,광주,배추,1포기,4950
2026-01-28,광주,시금치,100g,11153
2026-01-28,광주,상추,100g,15033
2026-01-28,광주,얼갈이배추,1kg,4717
2026-01-28,광주,오이,10개,19900
2026-01-28,광주,호박,1개,2313
2026-01-28,광주,토마토,1kg,6160
2026-01-28,광주,무,1개,2075
2026-01-28,광주,당근,1kg,3550
2026-01-28,광주,열무,1kg,3000
2026-01-28,광주,양파,1kg,2840
2026-01-28,광주,대파,1kg,3600
2026-01-28,광주,피망,100g,19100
2026-01-28,광주,파프리카,1개,2070
2026-01-28,광주,마늘,1kg,10810
2026-01-28,광주,브로콜리,1개,2713
2026-01-28,광주,사과,10개,31533
2026-01-28,광주,배,10개,36933
2026-01-29,광주,배추,1포기,4950
2026-01-29,광주,시금치,100g,13367
2026-01-29,광주,상추,100g,15033
2026-01-29,광주,얼갈이배추,1kg,5067
2026-01-29,광주,오이,10개,19900
2026-01-29,광주,호박,1개,2380
2026-01-29,광주,토마토,1kg,6633
2026-01-29,광주,무,1개,2160
2026-01-29,광주,당근,1kg,3550
2026-01-29,광주,열무,1kg,3000
2026-01-29,광주,양파,1kg,2840
2026-01-29,광주,대파,1kg,3200
2026-01-29,광주,피망,100g,23267
2026-01-29,광주,파프리카,1개,2003
2026-01-29,광주,마늘,1kg,12133
2026-01-29,광주,브로콜리,1개,2380
2026-01-29,광주,사과,10개,31533
2026-01-29,광주,배,10개,35133
2026-01-30,광주,배추,1포기,4950
2026-01-30,광주,시금치,100g,12267
2026-01-30,광주,상추,100g,15033
2026-01-30,광주,얼갈이배추,1kg,5067
2026-01-30,광주,오이,10개,19900
2026-01-30,광주,호박,1개,2380
2026-01-30,광주,토마토,1kg,6633
2026-01-30,광주,무,1개,2160
2026-01-30,광주,당근,1kg,3323
2026-01-30,광주,열무,1kg,3000
2026-01-30,광주,양파,1kg,2840
2026-01-30,광주,대파,1kg,3200
2026-01-30,광주,피망,100g,23267
2026-01-30,광주,파프리카,1개,1970
2026-01-30,광주,마늘,1kg,12133
2026-01-30,광주,브로콜리,1개,2380
2026-01-30,광주,사과,10개,31533
2026-01-30,광주,배,10개,35133
2026-02-02,광주,배추,1포기,4950
2026-02-02,광주,시금치,100g,12267
2026-02-02,광주,상추,100g,15033
2026-02-02,광주,얼갈이배추,1kg,5067
2026-02-02,광주,오이,10개,19900
2026-02-02,광주,호박,1개,2380
2026-02-02,광주,토마토,1kg,6633
2026-02-02,광주,무,1개,2075
2026-02-02,광주,당근,1kg,3323
2026-02-02,광주,열무,1kg,3000
2026-02-02,광주,양파,1kg,2840
2026-02-02,광주,대파,1kg,3200
2026-02-02,광주,피망,100g,23267
2026-02-02,광주,파프리카,1개,1970
2026-02-02,광주,마늘,1kg,12133
2026-02-02,광주,브로콜리,1개,2380
2026-02-02,광주,사과,10개,31533
2026-02-02,광주,배,10개,32833
2026-02-03,광주,배추,1포기,4910
2026-02-03,광주,시금치,100g,12267
2026-02-03,광주,상추,100g,15033
2026-02-03,광주,얼갈이배추,1kg,5067
2026-02-03,광주,오이,10개,19900
2026-02-03,광주,호박,1개,2437
2026-02-03,광주,토마토,1kg,6633
2026-02-03,광주,무,1개,2075
2026-02-03,광주,당근,1kg,3323
2026-02-03,광주,열무,1kg,3000
2026-02-03,광주,양파,1kg,2840
2026-02-03,광주,대파,1kg,3200
2026-02-03,광주,피망,100g,23267
2026-02-03,광주,파프리카,1개,2027
2026-02-03,광주,마늘,1kg,12133
2026-02-03,광주,브로콜리,1개,2380
2026-02-03,광주,사과,10개,31533
2026-02-03,광주,배,10개,32833
2026-02-04,광주,배추,1포기,4910
2026-02-04,광주,시금치,100g,12267
2026-02-04,광주,상추,100g,14833
2026-02-04,광주,얼갈이배추,1kg,5067
2026-02-04,광주,오이,10개,19900
2026-02-04,광주,호박,1개,2437
2026-02-04,광주,토마토,1kg,6633
2026-02-04,광주,무,1개,2075
2026-02-04,광주,당근,1kg,3323
2026-02-04,광주,열무,1kg,3000
2026-02-04,광주,양파,1kg,2840
2026-02-04,광주,대파,1kg,3200
2026-02-04,광주,피망,100g,23267
2026-02-04,광주,파프리카,1개,2027
2026-02-04,광주,마늘,1kg,12133
2026-02-04,광주,브로콜리,1개,2380
2026-02-04,광주,사과,10개,31533
2026-02-04,광주,배,10개,32833
2026-02-05,광주,배추,1포기,4910
2026-02-05,광주,시금치,100g,11153
2026-02-05,광주,상추,100g,14033
2026-02-05,광주,얼갈이배추,1kg,5067
2026-02-05,광주,오이,10개,19900
2026-02-05,광주,호박,1개,2603
2026-02-05,광주,토마토,1kg,6800
2026-02-05,광주,무,1개,1715
2026-02-05,광주,당근,1kg,3323
2026-02-05,광주,열무,1kg,3000
2026-02-05,광주,양파,1kg,2397
2026-02-05,광주,대파,1kg,3410
2026-02-05,광주,피망,100g,23267
2026-02-05,광주,파프리카,1개,1993
2026-02-05,광주,마늘,1kg,10817
2026-02-05,광주,브로콜리,1개,2213
2026-02-05,광주,사과,10개,30533
2026-02-05,광주,배,10개,33500
2026-02-06,광주,배추,1포기,4910
2026-02-06,광주,시금치,100g,11153
2026-02-06,광주,상추,100g,14033
2026-02-06,광주,얼갈이배추,1kg,5067
2026-02-06,광주,오이,10개,19900
2026-02-06,광주,호박,1개,2603
2026-02-06,광주,토마토,1kg,6800
2026-02-06,광주,무,1개,1715
2026-02-06,광주,당근,1kg,3323
2026-02-06,광주,열무,1kg,3000
2026-02-06,광주,양파,1kg,2530
2026-02-06,광주,대파,1kg,3410
2026-02-06,광주,피망,100g,23267
2026-02-06,광주,파프리카,1개,1993
2026-02-06,광주,마늘,1kg,10817
2026-02-06,광주,브로콜리,1개,2213
2026-02-06,광주,사과,10개,30533
2026-02-06,광주,배,10개,33500
2026-02-09,광주,배추,1포기,4910
2026-02-09,광주,시금치,100g,11153
2026-02-09,광주,상추,100g,14033
2026-02-09,광주,얼갈이배추,1kg,5067
2026-02-09,광주,오이,10개,19900
2026-02-09,광주,호박,1개,2603
2026-02-09,광주,토마토,1kg,6800
2026-02-09,광주,무,1개,1715
2026-02-09,광주,당근,1kg,3323
2026-02-09,광주,열무,1kg,3000
2026-02-09,광주,양파,1kg,2530
2026-02-09,광주,대파,1kg,3410
2026-02-09,광주,피망,100g,23267
2026-02-09,광주,파프리카,1개,2493
2026-02-09,광주,마늘,1kg,10817
2026-02-09,광주,브로콜리,1개,2547
2026-02-09,광주,사과,10개,30600
2026-02-09,광주,배,10개,33500
2026-02-10,광주,배추,1포기,4910
2026-02-10,광주,시금치,100g,11153
2026-02-10,광주,상추,100g,13800
2026-02-10,광주,얼갈이배추,1kg,5097
2026-02-10,광주,오이,10개,19900
2026-02-10,광주,호박,1개,2603
2026-02-10,광주,토마토,1kg,6800
2026-02-10,광주,무,1개,1800
2026-02-10,광주,당근,1kg,3437
2026-02-10,광주,열무,1kg,3000
2026-02-10,광주,양파,1kg,2840
2026-02-10,광주,대파,1kg,3463
2026-02-10,광주,피망,100g,23267
2026-02-10,광주,파프리카,1개,2537
2026-02-10,광주,마늘,1kg,10817
2026-02-10,광주,브로콜리,1개,2453
2026-02-10,광주,사과,10개,30600
2026-02-10,광주,배,10개,31167
2026-02-11,광주,배추,1포기,4910
2026-02-11,광주,시금치,100g,11153
2026-02-11,광주,상추,100g,13800
2026-02-11,광주,얼갈이배추,1kg,5097
2026-02-11,광주,오이,10개,19900
2026-02-11,광주,호박,1개,2603
2026-02-11,광주,토마토,1kg,6800
2026-02-11,광주,무,1개,1800
2026-02-11,광주,당근,1kg,3713
2026-02-11,광주,열무,1kg,3000
2026-02-11,광주,양파,1kg,2840
2026-02-11,광주,대파,1kg,3463
2026-02-11,광주,피망,100g,23267
2026-02-11,광주,파프리카,1개,2537
2026-02-11,광주,마늘,1kg,10817
2026-02-11,광주,브로콜리,1개,2453
2026-02-11,광주,사과,10개,30600
2026-02-11,광주,배,10개,31167
2026-02-12,광주,배추,1포기,5077
2026-02-12,광주,시금치,100g,9707
2026-02-12,광주,상추,100g,13800
2026-02-12,광주,얼갈이배추,1kg,5097
2026-02-12,광주,오이,10개,19900
2026-02-12,광주,호박,1개,2603
2026-02-12,광주,토마토,1kg,6883
2026-02-12,광주,무,1개,2410
2026-02-12,광주,당근,1kg,3713
2026-02-12,광주,열무,1kg,3000
2026-02-12,광주,양파,1kg,2253
2026-02-12,광주,대파,1kg,3853
2026-02-12,광주,피망,100g,26600
2026-02-12,광주,파프리카,1개,2637
2026-02-12,광주,마늘,1kg,10163
2026-02-12,광주,브로콜리,1개,2435
2026-02-12,광주,사과,10개,34767
2026-02-12,광주,배,10개,36100
2026-02-13,광주,배추,1포기,5077
2026-02-13,광주,시금치,100g,9707
2026-02-13,광주,상추,100g,13800
2026-02-13,광주,얼갈이배추,1kg,5097
2026-02-13,광주,오이,10개,19900
2026-02-13,광주,호박,1개,2603
2026-02-13,광주,토마토,1kg,6883
2026-02-13,광주,무,1개,2410
2026-02-13,광주,당근,1kg,3713
2026-02-13,광주,열무,1kg,3000
2026-02-13,광주,양파,1kg,2253
2026-02-13,광주,대파,1kg,3853
2026-02-13,광주,피망,100g,26600
2026-02-13,광주,파프리카,1개,2637
2026-02-13,광주,마늘,1kg,10163
2026-02-13,광주,브로콜리,1개,2435
2026-02-13,광주,사과,10개,34767
2026-02-13,광주,배,10개,36100
2026-02-19,광주,배추,1포기,5077
2026-02-19,광주,시금치,100g,10700
2026-02-19,광주,상추,100g,13800
2026-02-19,광주,얼갈이배추,1kg,5097
2026-02-19,광주,오이,10개,19900
2026-02-19,광주,호박,1개,2603
2026-02-19,광주,토마토,1kg,6883
2026-02-19,광주,무,1개,2410
2026-02-19,광주,당근,1kg,3713
2026-02-19,광주,열무,1kg,3000
2026-02-19,광주,양파,1kg,3023
2026-02-19,광주,대파,1kg,3890
2026-02-19,광주,피망,100g,26600
2026-02-19,광주,파프리카,1개,2637
2026-02-19,광주,마늘,1kg,10160
2026-02-19,광주,브로콜리,1개,2620
2026-02-19,광주,사과,10개,32433
2026-02-19,광주,배,10개,38400
2026-02-20,광주,배추,1포기,5077
2026-02-20,광주,시금치,100g,12033
2026-02-20,광주,상추,100g,12700
2026-02-20,광주,얼갈이배추,1kg,4993
2026-02-20,광주,오이,10개,19900
2026-02-20,광주,호박,1개,2537
2026-02-20,광주,토마토,1kg,6800
2026-02-20,광주,무,1개,2160
2026-02-20,광주,당근,1kg,3663
2026-02-20,광주,열무,1kg,3000
2026-02-20,광주,양파,1kg,3023
2026-02-20,광주,대파,1kg,3890
2026-02-20,광주,피망,100g,23267
2026-02-20,광주,파프리카,1개,2637
2026-02-20,광주,마늘,1kg,10827
2026-02-20,광주,브로콜리,1개,2620
2026-02-20,광주,사과,10개,32100
2026-02-20,광주,배,10개,46867
2026-02-23,광주,배추,1포기,5117
2026-02-23,광주,시금치,100g,10500
2026-02-23,광주,상추,100g,12333
2026-02-23,광주,얼갈이배추,1kg,5020
2026-02-23,광주,오이,10개,19900
2026-02-23,광주,호박,1개,2593
2026-02-23,광주,토마토,1kg,6800
2026-02-23,광주,무,1개,1995
2026-02-23,광주,당근,1kg,3663
2026-02-23,광주,열무,1kg,3250
2026-02-23,광주,양파,1kg,2840
2026-02-23,광주,대파,1kg,3890
2026-02-23,광주,피망,100g,23600
2026-02-23,광주,파프리카,1개,2703
2026-02-23,광주,마늘,1kg,10827
2026-02-23,광주,브로콜리,1개,2583
2026-02-23,광주,사과,10개,31100
2026-02-23,광주,배,10개,38100
2026-02-24,광주,배추,1포기,5293
2026-02-24,광주,시금치,100g,10500
2026-02-24,광주,상추,100g,12333
2026-02-24,광주,얼갈이배추,1kg,5020
2026-02-24,광주,오이,10개,19900
2026-02-24,광주,호박,1개,2593
2026-02-24,광주,토마토,1kg,6700
2026-02-24,광주,무,1개,2075
2026-02-24,광주,당근,1kg,3663
2026-02-24,광주,열무,1kg,3250
2026-02-24,광주,양파,1kg,2983
2026-02-24,광주,대파,1kg,3890
2026-02-24,광주,피망,100g,23600
2026-02-24,광주,파프리카,1개,2703
2026-02-24,광주,마늘,1kg,10827
2026-02-24,광주,브로콜리,1개,2683
2026-02-24,광주,사과,10개,31100
2026-02-24,광주,배,10개,38100
2026-02-25,광주,배추,1포기,5293
2026-02-25,광주,시금치,100g,10500
2026-02-25,광주,상추,100g,12333
2026-02-25,광주,얼갈이배추,1kg,5020
2026-02-25,광주,오이,10개,19900
2026-02-25,광주,호박,1개,2593
2026-02-25,광주,토마토,1kg,6700
2026-02-25,광주,무,1개,2075
2026-02-25,광주,당근,1kg,3663
2026-02-25,광주,열무,1kg,3250
2026-02-25,광주,양파,1kg,2983
2026-02-25,광주,대파,1kg,3863
2026-02-25,광주,피망,100g,23600
2026-02-25,광주,파프리카,1개,2703
2026-02-25,광주,마늘,1kg,10827
2026-02-25,광주,브로콜리,1개,2683
2026-02-25,광주,사과,10개,31100
2026-02-25,광주,배,10개,38100
2026-02-26,광주,배추,1포기,5293
2026-02-26,광주,시금치,100g,10167
2026-02-26,광주,상추,100g,9167
2026-02-26,광주,얼갈이배추,1kg,4423
2026-02-26,광주,오이,10개,19900
2026-02-26,광주,호박,1개,2327
2026-02-26,광주,토마토,1kg,5997
2026-02-26,광주,무,1개,2330
2026-02-26,광주,당근,1kg,3830
2026-02-26,광주,열무,1kg,3250
2026-02-26,광주,양파,1kg,2973
2026-02-26,광주,대파,1kg,3627
2026-02-26,광주,피망,100g,18600
2026-02-26,광주,파프리카,1개,2637
2026-02-26,광주,마늘,1kg,10160
2026-02-26,광주,브로콜리,1개,2683
2026-02-26,광주,사과,10개,32933
2026-02-26,광주,배,10개,37700
2026-02-27,광주,배추,1포기,5283
2026-02-27,광주,시금치,100g,10033
2026-02-27,광주,상추,100g,9100
2026-02-27,광주,얼갈이배추,1kg,4423
2026-02-27,광주,오이,10개,19900
2026-02-27,광주,호박,1개,2327
2026-02-27,광주,토마토,1kg,5597
2026-02-27,광주,무,1개,2330
2026-02-27,광주,당근,1kg,3807
2026-02-27,광주,열무,1kg,3250
2026-02-27,광주,양파,1kg,2973
2026-02-27,광주,대파,1kg,3627
2026-02-27,광주,피망,100g,18600
2026-02-27,광주,파프리카,1개,2293
2026-02-27,광주,마늘,1kg,10160
2026-02-27,광주,브로콜리,1개,2683
2026-02-27,광주,사과,10개,32933
2026-02-27,광주,배,10개,37700
2026-03-03,광주,배추,1포기,5283
2026-03-03,광주,시금치,100g,12133
2026-03-03,광주,상추,100g,10000
2026-03-03,광주,얼갈이배추,1kg,4423
2026-03-03,광주,오이,10개,19900
2026-03-03,광주,호박,1개,2327
2026-03-03,광주,토마토,1kg,5597
2026-03-03,광주,무,1개,2330
2026-03-03,광주,당근,1kg,3807
2026-03-03,광주,열무,1kg,3250
2026-03-03,광주,양파,1kg,2973
2026-03-03,광주,대파,1kg,3847
2026-03-03,광주,피망,100g,18600
2026-03-03,광주,파프리카,1개,2433
2026-03-03,광주,마늘,1kg,13033
2026-03-03,광주,브로콜리,1개,2683
2026-03-03,광주,사과,10개,30267
2026-03-03,광주,배,10개,37700
2026-03-04,광주,배추,1포기,5283
2026-03-04,광주,시금치,100g,12067
2026-03-04,광주,상추,100g,10000
2026-03-04,광주,얼갈이배추,1kg,4423
2026-03-04,광주,오이,10개,19900
2026-03-04,광주,호박,1개,2247
2026-03-04,광주,토마토,1kg,5597
2026-03-04,광주,무,1개,2200
2026-03-04,광주,당근,1kg,3797
2026-03-04,광주,열무,1kg,3040
2026-03-04,광주,양파,1kg,2930
2026-03-04,광주,대파,1kg,3820
2026-03-04,광주,피망,100g,18767
2026-03-04,광주,파프리카,1개,2457
2026-03-04,광주,마늘,1kg,12933
2026-03-04,광주,브로콜리,1개,2683
2026-03-04,광주,사과,10개,30267
2026-03-04,광주,배,10개,37700
2026-03-05,광주,배추,1포기,4950
2026-03-05,광주,시금치,100g,10953
2026-03-05,광주,상추,100g,11067
2026-03-05,광주,얼갈이배추,1kg,3833
2026-03-05,광주,오이,10개,19900
2026-03-05,광주,호박,1개,2080
2026-03-05,광주,토마토,1kg,5430
2026-03-05,광주,무,1개,2095
2026-03-05,광주,당근,1kg,3403
2026-03-05,광주,열무,1kg,3515
2026-03-05,광주,양파,1kg,2930
2026-03-05,광주,대파,1kg,3863
2026-03-05,광주,피망,100g,17100
2026-03-05,광주,파프리카,1개,2393
2026-03-05,광주,마늘,1kg,13600
2026-03-05,광주,브로콜리,1개,2497
2026-03-05,광주,사과,10개,32267
2026-03-05,광주,배,10개,37700
2026-03-06,광주,배추,1포기,4950
2026-03-06,광주,시금치,100g,11053
2026-03-06,광주,상추,100g,11167
2026-03-06,광주,얼갈이배추,1kg,3833
2026-03-06,광주,오이,10개,19900
2026-03-06,광주,호박,1개,2080
2026-03-06,광주,토마토,1kg,5430
2026-03-06,광주,무,1개,2095
2026-03-06,광주,당근,1kg,3403
2026-03-06,광주,열무,1kg,3515
2026-03-06,광주,양파,1kg,2710
2026-03-06,광주,대파,1kg,3863
2026-03-06,광주,피망,100g,17100
2026-03-06,광주,파프리카,1개,2427
2026-03-06,광주,마늘,1kg,13600
2026-03-06,광주,브로콜리,1개,2497
2026-03-06,광주,사과,10개,32267
2026-03-06,광주,배,10개,37700
2026-03-09,광주,배추,1포기,4950
2026-03-09,광주,시금치,100g,10953
2026-03-09,광주,상추,100g,11067
2026-03-09,광주,얼갈이배추,1kg,3890
2026-03-09,광주,오이,10개,19900
2026-03-09,광주,호박,1개,2027
2026-03-09,광주,토마토,1kg,5430
2026-03-09,광주,무,1개,2095
2026-03-09,광주,당근,1kg,3437
2026-03-09,광주,열무,1kg,3515
2026-03-09,광주,양파,1kg,2930
2026-03-09,광주,대파,1kg,3863
2026-03-09,광주,피망,100g,17100
2026-03-09,광주,파프리카,1개,2427
2026-03-09,광주,마늘,1kg,13600
2026-03-09,광주,브로콜리,1개,2540
2026-03-09,광주,사과,10개,32267
2026-03-09,광주,배,10개,37700
2026-03-10,광주,배추,1포기,4950
2026-03-10,광주,시금치,100g,10853
2026-03-10,광주,상추,100g,11100
2026-03-10,광주,얼갈이배추,1kg,3890
2026-03-10,광주,오이,10개,19900
2026-03-10,광주,호박,1개,2013
2026-03-10,광주,토마토,1kg,5430
2026-03-10,광주,무,1개,1995
2026-03-10,광주,당근,1kg,3437
2026-03-10,광주,열무,1kg,3515
2026-03-10,광주,양파,1kg,2907
2026-03-10,광주,대파,1kg,3863
2026-03-10,광주,피망,100g,17100
2026-03-10,광주,파프리카,1개,2427
2026-03-10,광주,마늘,1kg,13600
2026-03-10,광주,브로콜리,1개,2550
2026-03-10,광주,사과,10개,32100
2026-03-10,광주,배,10개,37400
2026-03-11,광주,배추,1포기,4950
2026-03-11,광주,시금치,100g,10753
2026-03-11,광주,상추,100g,11000
2026-03-11,광주,얼갈이배추,1kg,3850
2026-03-11,광주,오이,10개,19900
2026-03-11,광주,호박,1개,1993
2026-03-11,광주,토마토,1kg,5430
2026-03-11,광주,무,1개,1995
2026-03-11,광주,당근,1kg,3437
2026-03-11,광주,열무,1kg,3515
2026-03-11,광주,양파,1kg,2907
2026-03-11,광주,대파,1kg,3863
2026-03-11,광주,피망,100g,17267
2026-03-11,광주,파프리카,1개,2427
2026-03-11,광주,마늘,1kg,13600
2026-03-11,광주,브로콜리,1개,2507
2026-03-11,광주,사과,10개,32100
2026-03-11,광주,배,10개,37400
2026-03-12,광주,배추,1포기,4950
2026-03-12,광주,시금치,100g,9723
2026-03-12,광주,상추,100g,9867
2026-03-12,광주,얼갈이배추,1kg,4020
2026-03-12,광주,오이,10개,19900
2026-03-12,광주,호박,1개,1993
2026-03-12,광주,토마토,1kg,5493
2026-03-12,광주,무,1개,1995
2026-03-12,광주,당근,1kg,3660
2026-03-12,광주,열무,1kg,4015
2026-03-12,광주,양파,1kg,2907
2026-03-12,광주,대파,1kg,4067
2026-03-12,광주,피망,100g,18933
2026-03-12,광주,파프리카,1개,2193
2026-03-12,광주,마늘,1kg,12933
2026-03-12,광주,브로콜리,1개,2073
2026-03-12,광주,사과,10개,29433
2026-03-12,광주,배,10개,36150
2026-03-13,광주,배추,1포기,4993
2026-03-13,광주,시금치,100g,9723
2026-03-13,광주,상추,100g,9867
2026-03-13,광주,얼갈이배추,1kg,4020
2026-03-13,광주,오이,10개,19900
2026-03-13,광주,호박,1개,1993
2026-03-13,광주,토마토,1kg,5443
2026-03-13,광주,무,1개,1995
2026-03-13,광주,당근,1kg,3660
2026-03-13,광주,열무,1kg,4015
2026-03-13,광주,양파,1kg,2907
2026-03-13,광주,대파,1kg,4067
2026-03-13,광주,피망,100g,18933
2026-03-13,광주,파프리카,1개,2187
2026-03-13,광주,마늘,1kg,12933
2026-03-13,광주,브로콜리,1개,2073
2026-03-13,광주,사과,10개,29433
2026-03-13,광주,배,10개,36150
2026-03-16,광주,배추,1포기,4993
2026-03-16,광주,시금치,100g,9757
2026-03-16,광주,상추,100g,9900
2026-03-16,광주,얼갈이배추,1kg,3993
2026-03-16,광주,오이,10개,19900
2026-03-16,광주,호박,1개,1970
2026-03-16,광주,토마토,1kg,5443
2026-03-16,광주,무,1개,2060
2026-03-16,광주,당근,1kg,3660
2026-03-16,광주,열무,1kg,3970
2026-03-16,광주,양파,1kg,2840
2026-03-16,광주,대파,1kg,4067
2026-03-16,광주,피망,100g,18933
2026-03-16,광주,파프리카,1개,2193
2026-03-16,광주,마늘,1kg,12933
2026-03-16,광주,브로콜리,1개,2073
2026-03-16,광주,사과,10개,29433
2026-03-16,광주,배,10개,36150
2026-03-17,광주,배추,1포기,4993
2026-03-17,광주,시금치,100g,9757
2026-03-17,광주,상추,100g,9967
2026-03-17,광주,얼갈이배추,1kg,3993
2026-03-17,광주,오이,10개,19900
2026-03-17,광주,호박,1개,1913
2026-03-17,광주,토마토,1kg,5443
2026-03-17,광주,무,1개,2110
2026-03-17,광주,당근,1kg,3997
2026-03-17,광주,열무,1kg,4123
2026-03-17,광주,양파,1kg,2840
2026-03-17,광주,대파,1kg,4067
2026-03-17,광주,피망,100g,18933
2026-03-17,광주,파프리카,1개,2193
2026-03-17,광주,마늘,1kg,12933
2026-03-17,광주,브로콜리,1개,2073
2026-03-17,광주,사과,10개,28600
2026-03-17,광주,배,10개,35600
2026-03-18,광주,배추,1포기,4993
2026-03-18,광주,시금치,100g,9723
2026-03-18,광주,상추,100g,9967
2026-03-18,광주,얼갈이배추,1kg,3993
2026-03-18,광주,오이,10개,19900
2026-03-18,광주,호박,1개,1847
2026-03-18,광주,토마토,1kg,5443
2026-03-18,광주,무,1개,2095
2026-03-18,광주,당근,1kg,3997
2026-03-18,광주,열무,1kg,4167
2026-03-18,광주,양파,1kg,2840
2026-03-18,광주,대파,1kg,4067
2026-03-18,광주,피망,100g,18933
2026-03-18,광주,파프리카,1개,2193
2026-03-18,광주,마늘,1kg,12867
2026-03-18,광주,브로콜리,1개,2073
2026-03-18,광주,사과,10개,28600
2026-03-18,광주,배,10개,35600
2026-03-19,광주,배추,1포기,4993
2026-03-19,광주,시금치,100g,8390
2026-03-19,광주,상추,100g,9100
2026-03-19,광주,얼갈이배추,1kg,3993
2026-03-19,광주,오이,10개,19900
2026-03-19,광주,호박,1개,1847
2026-03-19,광주,토마토,1kg,5943
2026-03-19,광주,무,1개,2095
2026-03-19,광주,당근,1kg,3997
2026-03-19,광주,열무,1kg,3535
2026-03-19,광주,양파,1kg,2497
2026-03-19,광주,대파,1kg,4020
2026-03-19,광주,피망,100g,18933
2026-03-19,광주,파프리카,1개,2193
2026-03-19,광주,마늘,1kg,13533
2026-03-19,광주,브로콜리,1개,2940
2026-03-19,광주,사과,10개,32600
2026-03-19,광주,배,10개,35600
2026-03-20,광주,배추,1포기,4950
2026-03-20,광주,시금치,100g,8357
2026-03-20,광주,상추,100g,9100
2026-03-20,광주,얼갈이배추,1kg,3993
2026-03-20,광주,오이,10개,19900
2026-03-20,광주,호박,1개,1803
2026-03-20,광주,토마토,1kg,6160
2026-03-20,광주,무,1개,2060
2026-03-20,광주,당근,1kg,3997
2026-03-20,광주,열무,1kg,3535
2026-03-20,광주,양파,1kg,2497
2026-03-20,광주,대파,1kg,3953
2026-03-20,광주,피망,100g,18933
2026-03-20,광주,파프리카,1개,2187
2026-03-20,광주,마늘,1kg,13533
2026-03-20,광주,브로콜리,1개,2940
2026-03-20,광주,사과,10개,32433
2026-03-20,광주,배,10개,34950
2026-03-23,광주,배추,1포기,4950
2026-03-23,광주,시금치,100g,11133
2026-03-23,광주,상추,100g,9100
2026-03-23,광주,얼갈이배추,1kg,3993
2026-03-23,광주,오이,10개,19900
2026-03-23,광주,호박,1개,1803
2026-03-23,광주,토마토,1kg,6160
2026-03-23,광주,무,1개,2060
2026-03-23,광주,당근,1kg,3997
2026-03-23,광주,열무,1kg,3535
2026-03-23,광주,양파,1kg,2497
2026-03-23,광주,대파,1kg,3953
2026-03-23,광주,피망,100g,18933
2026-03-23,광주,파프리카,1개,2193
2026-03-23,광주,마늘,1kg,13533
2026-03-23,광주,브로콜리,1개,2827
2026-03-23,광주,사과,10개,29100
2026-03-23,광주,배,10개,34950
2026-03-24,광주,배추,1포기,4950
2026-03-24,광주,시금치,100g,11133
2026-03-24,광주,상추,100g,9100
2026-03-24,광주,얼갈이배추,1kg,3937
2026-03-24,광주,오이,10개,19900
2026-03-24,광주,호박,1개,1803
2026-03-24,광주,토마토,1kg,6160
2026-03-24,광주,무,1개,2000
2026-03-24,광주,당근,1kg,3997
2026-03-24,광주,열무,1kg,3575
2026-03-24,광주,양파,1kg,2497
2026-03-24,광주,대파,1kg,3923
2026-03-24,광주,피망,100g,18933
2026-03-24,광주,파프리카,1개,2193
2026-03-24,광주,마늘,1kg,13500
2026-03-24,광주,브로콜리,1개,2843
2026-03-24,광주,사과,10개,29100
2026-03-24,광주,배,10개,34950
2026-03-25,광주,배추,1포기,4950
2026-03-25,광주,시금치,100g,11133
2026-03-25,광주,상추,100g,9100
2026-03-25,광주,얼갈이배추,1kg,3937
2026-03-25,광주,오이,10개,19900
2026-03-25,광주,호박,1개,1793
2026-03-25,광주,토마토,1kg,6160
2026-03-25,광주,무,1개,2000
2026-03-25,광주,당근,1kg,3997
2026-03-25,광주,열무,1kg,3575
2026-03-25,광주,양파,1kg,2487
2026-03-25,광주,대파,1kg,3923
2026-03-25,광주,피망,100g,18967
2026-03-25,광주,파프리카,1개,2160
2026-03-25,광주,마늘,1kg,13500
2026-03-25,광주,브로콜리,1개,2843
2026-03-25,광주,사과,10개,29100
2026-03-25,광주,배,10개,35350
2026-03-26,광주,배추,1포기,4597
2026-03-26,광주,시금치,100g,7790
2026-03-26,광주,상추,100g,9467
2026-03-26,광주,얼갈이배추,1kg,3937
2026-03-26,광주,오이,10개,19900
2026-03-26,광주,호박,1개,1593
2026-03-26,광주,토마토,1kg,5993
2026-03-26,광주,무,1개,2000
2026-03-26,광주,당근,1kg,4163
2026-03-26,광주,열무,1kg,3160
2026-03-26,광주,양파,1kg,2300
2026-03-26,광주,대파,1kg,3377
2026-03-26,광주,피망,100g,18967
2026-03-26,광주,파프리카,1개,1993
2026-03-26,광주,마늘,1kg,14167
2026-03-26,광주,브로콜리,1개,2687
2026-03-26,광주,사과,10개,30233
2026-03-26,광주,배,10개,35550
2026-03-27,광주,배추,1포기,4563
2026-03-27,광주,시금치,100g,7790
2026-03-27,광주,상추,100g,9467
2026-03-27,광주,얼갈이배추,1kg,3937
2026-03-27,광주,오이,10개,19900
2026-03-27,광주,호박,1개,1560
2026-03-27,광주,토마토,1kg,5993
2026-03-27,광주,무,1개,1995
2026-03-27,광주,당근,1kg,4163
2026-03-27,광주,열무,1kg,3160
2026-03-27,광주,양파,1kg,2243
2026-03-27,광주,대파,1kg,3323
2026-03-27,광주,피망,100g,18633
2026-03-27,광주,파프리카,1개,1993
2026-03-27,광주,마늘,1kg,14167
2026-03-27,광주,브로콜리,1개,2687
2026-03-27,광주,사과,10개,30533
2026-03-27,광주,배,10개,35900
2026-03-30,광주,배추,1포기,4563
2026-03-30,광주,시금치,100g,8590
2026-03-30,광주,상추,100g,9467
2026-03-30,광주,얼갈이배추,1kg,3853
2026-03-30,광주,오이,10개,19900
2026-03-30,광주,호박,1개,1493
2026-03-30,광주,토마토,1kg,5993
2026-03-30,광주,무,1개,1995
2026-03-30,광주,당근,1kg,4163
2026-03-30,광주,열무,1kg,3880
2026-03-30,광주,양파,1kg,2243
2026-03-30,광주,대파,1kg,3323
2026-03-30,광주,피망,100g,18633
2026-03-30,광주,파프리카,1개,1993
2026-03-30,광주,마늘,1kg,14167
2026-03-30,광주,브로콜리,1개,2687
2026-03-30,광주,사과,10개,30533
2026-03-30,광주,배,10개,35900
2026-03-31,광주,배추,1포기,4563
2026-03-31,광주,시금치,100g,8523
2026-03-31,광주,상추,100g,9533
2026-03-31,광주,얼갈이배추,1kg,3937
2026-03-31,광주,오이,10개,19900
2026-03-31,광주,호박,1개,1493
2026-03-31,광주,토마토,1kg,5993
2026-03-31,광주,무,1개,1995
2026-03-31,광주,당근,1kg,4163
2026-03-31,광주,열무,1kg,4215
2026-03-31,광주,양파,1kg,2243
2026-03-31,광주,대파,1kg,3323
2026-03-31,광주,피망,100g,18433
2026-03-31,광주,파프리카,1개,1993
2026-03-31,광주,마늘,1kg,14167
2026-03-31,광주,브로콜리,1개,2750
2026-03-31,광주,사과,10개,30533
2026-03-31,광주,배,10개,35900
2026-04-01,광주,배추,1포기,4597
2026-04-01,광주,시금치,100g,8390
2026-04-01,광주,상추,100g,9467
2026-04-01,광주,얼갈이배추,1kg,4047
2026-04-01,광주,오이,10개,19900
2026-04-01,광주,호박,1개,1503
2026-04-01,광주,토마토,1kg,5993
2026-04-01,광주,무,1개,1995
2026-04-01,광주,당근,1kg,4163
2026-04-01,광주,열무,1kg,4215
2026-04-01,광주,양파,1kg,2243
2026-04-01,광주,대파,1kg,3323
2026-04-01,광주,피망,100g,18433
2026-04-01,광주,파프리카,1개,1993
2026-04-01,광주,마늘,1kg,14167
2026-04-01,광주,브로콜리,1개,2673
2026-04-01,광주,사과,10개,30533
2026-04-01,광주,배,10개,35900
2026-04-02,광주,배추,1포기,4597
2026-04-02,광주,시금치,100g,8390
2026-04-02,광주,상추,100g,9467
2026-04-02,광주,얼갈이배추,1kg,4193
2026-04-02,광주,오이,10개,10450
2026-04-02,광주,호박,1개,1570
2026-04-02,광주,토마토,1kg,5910
2026-04-02,광주,무,1개,1995
2026-04-02,광주,당근,1kg,3327
2026-04-02,광주,열무,1kg,4215
2026-04-02,광주,양파,1kg,2220
2026-04-02,광주,대파,1kg,3477
2026-04-02,광주,피망,100g,18800
2026-04-02,광주,파프리카,1개,1970
2026-04-02,광주,마늘,1kg,12833
2026-04-02,광주,브로콜리,1개,2507
2026-04-02,광주,사과,10개,33200
2026-04-02,광주,배,10개,36900
2026-04-03,광주,배추,1포기,4597
2026-04-03,광주,시금치,100g,8423
2026-04-03,광주,상추,100g,9533
2026-04-03,광주,얼갈이배추,1kg,4140
2026-04-03,광주,오이,10개,10450
2026-04-03,광주,호박,1개,1593
2026-04-03,광주,토마토,1kg,5910
2026-04-03,광주,무,1개,1995
2026-04-03,광주,당근,1kg,3327
2026-04-03,광주,열무,1kg,3920
2026-04-03,광주,양파,1kg,2220
2026-04-03,광주,대파,1kg,3477
2026-04-03,광주,피망,100g,18800
2026-04-03,광주,파프리카,1개,1970
2026-04-03,광주,마늘,1kg,12833
2026-04-03,광주,브로콜리,1개,2597
2026-04-03,광주,사과,10개,34200
2026-04-03,광주,배,10개,36900
2026-04-06,광주,배추,1포기,4617
2026-04-06,광주,시금치,100g,8457
2026-04-06,광주,상추,100g,9567
2026-04-06,광주,얼갈이배추,1kg,4140
2026-04-06,광주,오이,10개,9627
2026-04-06,광주,호박,1개,1570
2026-04-06,광주,토마토,1kg,5410
2026-04-06,광주,무,1개,1995
2026-04-06,광주,당근,1kg,3493
2026-04-06,광주,열무,1kg,3920
2026-04-06,광주,양파,1kg,2220
2026-04-06,광주,대파,1kg,3477
2026-04-06,광주,피망,100g,18800
2026-04-06,광주,파프리카,1개,1970
2026-04-06,광주,마늘,1kg,12833
2026-04-06,광주,브로콜리,1개,2603
2026-04-06,광주,사과,10개,33200
2026-04-06,광주,배,10개,36900
2026-04-07,광주,배추,1포기,4617
2026-04-07,광주,시금치,100g,10700
2026-04-07,광주,상추,100g,9467
2026-04-07,광주,얼갈이배추,1kg,4057
2026-04-07,광주,오이,10개,9570
2026-04-07,광주,호박,1개,1680
2026-04-07,광주,토마토,1kg,5327
2026-04-07,광주,무,1개,1995
2026-04-07,광주,당근,1kg,3493
2026-04-07,광주,열무,1kg,3795
2026-04-07,광주,양파,1kg,2220
2026-04-07,광주,대파,1kg,3477
2026-04-07,광주,피망,100g,18667
2026-04-07,광주,파프리카,1개,1970
2026-04-07,광주,마늘,1kg,12833
2026-04-07,광주,브로콜리,1개,2580
2026-04-07,광주,사과,10개,32633
2026-04-07,광주,배,10개,34800
2026-04-08,광주,배추,1포기,4617
2026-04-08,광주,시금치,100g,10700
2026-04-08,광주,상추,100g,9467
2026-04-08,광주,얼갈이배추,1kg,4057
2026-04-08,광주,오이,10개,9570
2026-04-08,광주,호박,1개,1680
2026-04-08,광주,토마토,1kg,5327
2026-04-08,광주,무,1개,1995
2026-04-08,광주,당근,1kg,3493
2026-04-08,광주,열무,1kg,3795
2026-04-08,광주,양파,1kg,1920
2026-04-08,광주,대파,1kg,3477
2026-04-08,광주,피망,100g,18867
2026-04-08,광주,파프리카,1개,1893
2026-04-08,광주,마늘,1kg,12833
2026-04-08,광주,브로콜리,1개,2580
2026-04-08,광주,사과,10개,33033
2026-04-08,광주,배,10개,37300
2026-04-09,광주,배추,1포기,4617
2026-04-09,광주,시금치,100g,8677
2026-04-09,광주,상추,100g,9467
2026-04-09,광주,얼갈이배추,1kg,3500
2026-04-09,광주,오이,10개,8905
2026-04-09,광주,호박,1개,1625
2026-04-09,광주,토마토,1kg,4773
2026-04-09,광주,무,1개,1995
2026-04-09,광주,당근,1kg,4017
2026-04-09,광주,열무,1kg,2825
2026-04-09,광주,양파,1kg,2525
2026-04-09,광주,대파,1kg,3743
2026-04-09,광주,피망,100g,22200
2026-04-09,광주,파프리카,1개,1893
2026-04-09,광주,마늘,1kg,13900
2026-04-09,광주,브로콜리,1개,2913
2026-04-09,광주,사과,10개,31033
2026-04-09,광주,배,10개,37300
2026-04-10,광주,배추,1포기,4950
2026-04-10,광주,시금치,100g,8577
2026-04-10,광주,상추,100g,9333
2026-04-10,광주,얼갈이배추,1kg,3500
2026-04-10,광주,오이,10개,7655
2026-04-10,광주,호박,1개,1560
2026-04-10,광주,토마토,1kg,4773
2026-04-10,광주,무,1개,1995
2026-04-10,광주,당근,1kg,3337
2026-04-10,광주,열무,1kg,2660
2026-04-10,광주,양파,1kg,2095
2026-04-10,광주,대파,1kg,3743
2026-04-10,광주,피망,100g,22300
2026-04-10,광주,파프리카,1개,1860
2026-04-10,광주,마늘,1kg,13933
2026-04-10,광주,브로콜리,1개,2937
2026-04-10,광주,사과,10개,31033
2026-04-10,광주,배,10개,37300
2026-04-13,광주,배추,1포기,4950
2026-04-13,광주,시금치,100g,8577
2026-04-13,광주,상추,100g,9633
2026-04-13,광주,얼갈이배추,1kg,3500
2026-04-13,광주,오이,10개,8740
2026-04-13,광주,호박,1개,1410
2026-04-13,광주,토마토,1kg,4773
2026-04-13,광주,무,1개,1995
2026-04-13,광주,당근,1kg,3337
2026-04-13,광주,열무,1kg,2495
2026-04-13,광주,양파,1kg,2490
2026-04-13,광주,대파,1kg,3743
2026-04-13,광주,피망,100g,21967
2026-04-13,광주,파프리카,1개,1827
2026-04-13,광주,마늘,1kg,14000
2026-04-13,광주,브로콜리,1개,2937
2026-04-13,광주,사과,10개,31033
2026-04-13,광주,배,10개,36000
2026-04-14,광주,배추,1포기,4950
2026-04-14,광주,시금치,100g,8743
2026-04-14,광주,상추,100g,9700
2026-04-14,광주,얼갈이배추,1kg,3443
2026-04-14,광주,오이,10개,8100
2026-04-14,광주,호박,1개,1410
2026-04-14,광주,토마토,1kg,4687
2026-04-14,광주,무,1개,1995
2026-04-14,광주,당근,1kg,3337
2026-04-14,광주,열무,1kg,2450
2026-04-14,광주,양파,1kg,2490
2026-04-14,광주,대파,1kg,3743
2026-04-14,광주,피망,100g,21967
2026-04-14,광주,파프리카,1개,1827
2026-04-14,광주,마늘,1kg,14000
2026-04-14,광주,브로콜리,1개,2887
2026-04-14,광주,사과,10개,31033
2026-04-14,광주,배,10개,36000
2026-04-15,광주,배추,1포기,4950
2026-04-15,광주,시금치,100g,8810
2026-04-15,광주,상추,100g,9700
2026-04-15,광주,얼갈이배추,1kg,3387
2026-04-15,광주,오이,10개,8045
2026-04-15,광주,호박,1개,1410
2026-04-15,광주,토마토,1kg,4670
2026-04-15,광주,무,1개,1995
2026-04-15,광주,당근,1kg,3313
2026-04-15,광주,열무,1kg,2370
2026-04-15,광주,양파,1kg,1950
2026-04-15,광주,대파,1kg,3743
2026-04-15,광주,피망,100g,21933
2026-04-15,광주,파프리카,1개,1827
2026-04-15,광주,마늘,1kg,14000
2026-04-15,광주,브로콜리,1개,2840
2026-04-15,광주,사과,10개,31033
2026-04-15,광주,배,10개,33600
2026-04-16,광주,배추,1포기,4950
2026-04-16,광주,시금치,100g,7753
2026-04-16,광주,상추,100g,9333
2026-04-16,광주,얼갈이배추,1kg,3660
2026-04-16,광주,오이,10개,7015
2026-04-16,광주,호박,1개,1160
2026-04-16,광주,토마토,1kg,5200
2026-04-16,광주,무,1개,2000
2026-04-16,광주,당근,1kg,4177
2026-04-16,광주,열무,1kg,2250
2026-04-16,광주,양파,1kg,1380
2026-04-16,광주,대파,1kg,3543
2026-04-16,광주,피망,100g,17950
2026-04-16,광주,파프리카,1개,1827
2026-04-16,광주,마늘,1kg,12933
2026-04-16,광주,브로콜리,1개,2840
2026-04-16,광주,사과,10개,31700
2026-04-16,광주,배,10개,33600
2026-04-17,광주,배추,1포기,4950
2026-04-17,광주,시금치,100g,7753
2026-04-17,광주,상추,100g,9367
2026-04-17,광주,얼갈이배추,1kg,3660
2026-04-17,광주,오이,10개,6865
2026-04-17,광주,호박,1개,1160
2026-04-17,광주,토마토,1kg,5180
2026-04-17,광주,무,1개,2000
2026-04-17,광주,당근,1kg,4177
2026-04-17,광주,열무,1kg,2250
2026-04-17,광주,양파,1kg,1330
2026-04-17,광주,대파,1kg,3543
2026-04-17,광주,피망,100g,17950
2026-04-17,광주,파프리카,1개,1827
2026-04-17,광주,마늘,1kg,12933
2026-04-17,광주,브로콜리,1개,2840
2026-04-17,광주,사과,10개,31033
2026-04-17,광주,배,10개,33600
2026-04-20,광주,배추,1포기,4950
2026-04-20,광주,시금치,100g,7753
2026-04-20,광주,상추,100g,9367
2026-04-20,광주,얼갈이배추,1kg,3660
2026-04-20,광주,오이,10개,6865
2026-04-20,광주,호박,1개,1410
2026-04-20,광주,토마토,1kg,5180
2026-04-20,광주,무,1개,2000
2026-04-20,광주,당근,1kg,4177
2026-04-20,광주,열무,1kg,2250
2026-04-20,광주,양파,1kg,2213
2026-04-20,광주,대파,1kg,3543
2026-04-20,광주,피망,100g,17950
2026-04-20,광주,파프리카,1개,1827
2026-04-20,광주,마늘,1kg,12933
2026-04-20,광주,브로콜리,1개,2840
2026-04-20,광주,사과,10개,31033
2026-04-20,광주,배,10개,33600
2026-04-21,광주,배추,1포기,4117
2026-04-21,광주,시금치,100g,7753
2026-04-21,광주,상추,100g,9367
2026-04-21,광주,얼갈이배추,1kg,3770
2026-04-21,광주,오이,10개,6865
2026-04-21,광주,호박,1개,1410
2026-04-21,광주,토마토,1kg,5847
2026-04-21,광주,무,1개,2000
2026-04-21,광주,당근,1kg,4177
2026-04-21,광주,열무,1kg,3120
2026-04-21,광주,양파,1kg,2213
2026-04-21,광주,대파,1kg,3543
2026-04-21,광주,피망,100g,17950
2026-04-21,광주,파프리카,1개,1827
2026-04-21,광주,마늘,1kg,12933
2026-04-21,광주,브로콜리,1개,2840
2026-04-21,광주,사과,10개,31700
2026-04-21,광주,배,10개,41750
2026-04-22,광주,배추,1포기,4117
2026-04-22,광주,시금치,100g,8053
2026-04-22,광주,상추,100g,9633
2026-04-22,광주,얼갈이배추,1kg,3840
2026-04-22,광주,오이,10개,7250
2026-04-22,광주,호박,1개,1410
2026-04-22,광주,토마토,1kg,5847
2026-04-22,광주,무,1개,2000
2026-04-22,광주,당근,1kg,4200
2026-04-22,광주,열무,1kg,3035
2026-04-22,광주,양파,1kg,2130
2026-04-22,광주,대파,1kg,3543
2026-04-22,광주,피망,100g,18650
2026-04-22,광주,파프리카,1개,1827
2026-04-22,광주,마늘,1kg,12833
2026-04-22,광주,브로콜리,1개,2807
2026-04-22,광주,사과,10개,31700
2026-04-22,광주,배,10개,41750
2026-04-23,광주,배추,1포기,4117
2026-04-23,광주,시금치,100g,7553
2026-04-23,광주,상추,100g,9500
2026-04-23,광주,얼갈이배추,1kg,3367
2026-04-23,광주,오이,10개,7545
2026-04-23,광주,호박,1개,1310
2026-04-23,광주,토마토,1kg,5070
2026-04-23,광주,무,1개,1995
2026-04-23,광주,당근,1kg,4200
2026-04-23,광주,열무,1kg,2160
2026-04-23,광주,양파,1kg,1907
2026-04-23,광주,대파,1kg,3210
2026-04-23,광주,피망,100g,16150
2026-04-23,광주,파프리카,1개,1827
2026-04-23,광주,마늘,1kg,13900
2026-04-23,광주,브로콜리,1개,2620
2026-04-23,광주,사과,10개,30367
2026-04-23,광주,배,10개,41750
2026-04-24,광주,배추,1포기,4117
2026-04-24,광주,시금치,100g,7553
2026-04-24,광주,상추,100g,9467
2026-04-24,광주,얼갈이배추,1kg,3367
2026-04-24,광주,오이,10개,7875
2026-04-24,광주,호박,1개,1310
2026-04-24,광주,토마토,1kg,5070
2026-04-24,광주,무,1개,1995
2026-04-24,광주,당근,1kg,4200
2026-04-24,광주,열무,1kg,2160
2026-04-24,광주,양파,1kg,1907
2026-04-24,광주,대파,1kg,3210
2026-04-24,광주,피망,100g,16150
2026-04-24,광주,파프리카,1개,1827
2026-04-24,광주,마늘,1kg,13900
2026-04-24,광주,브로콜리,1개,2620
2026-04-24,광주,사과,10개,30700
2026-04-24,광주,배,10개,41950
2026-01-26,대전,배추,1포기,4993
2026-01-26,대전,시금치,100g,12020
2026-01-26,대전,상추,100g,15767
2026-01-26,대전,얼갈이배추,1kg,4713
2026-01-26,대전,오이,10개,19900
2026-01-26,대전,호박,1개,2300
2026-01-26,대전,토마토,1kg,6233
2026-01-26,대전,무,1개,2345
2026-01-26,대전,당근,1kg,3497
2026-01-26,대전,열무,1kg,4995
2026-01-26,대전,양파,1kg,2327
2026-01-26,대전,대파,1kg,3723
2026-01-26,대전,피망,100g,26150
2026-01-26,대전,파프리카,1개,2060
2026-01-26,대전,마늘,1kg,9977
2026-01-26,대전,브로콜리,1개,2713
2026-01-26,대전,사과,10개,29067
2026-01-26,대전,배,10개,39100
2026-01-27,대전,배추,1포기,4993
2026-01-27,대전,시금치,100g,12020
2026-01-27,대전,상추,100g,15767
2026-01-27,대전,얼갈이배추,1kg,4713
2026-01-27,대전,오이,10개,19900
2026-01-27,대전,호박,1개,2300
2026-01-27,대전,토마토,1kg,6233
2026-01-27,대전,무,1개,2345
2026-01-27,대전,당근,1kg,3497
2026-01-27,대전,열무,1kg,4995
2026-01-27,대전,양파,1kg,2327
2026-01-27,대전,대파,1kg,3690
2026-01-27,대전,피망,100g,26150
2026-01-27,대전,파프리카,1개,2170
2026-01-27,대전,마늘,1kg,9977
2026-01-27,대전,브로콜리,1개,2660
2026-01-27,대전,사과,10개,29067
2026-01-27,대전,배,10개,40350
2026-01-28,대전,배추,1포기,4993
2026-01-28,대전,시금치,100g,12020
2026-01-28,대전,상추,100g,15767
2026-01-28,대전,얼갈이배추,1kg,4713
2026-01-28,대전,오이,10개,19900
2026-01-28,대전,호박,1개,2300
2026-01-28,대전,토마토,1kg,6233
2026-01-28,대전,무,1개,2345
2026-01-28,대전,당근,1kg,3497
2026-01-28,대전,열무,1kg,4995
2026-01-28,대전,양파,1kg,2327
2026-01-28,대전,대파,1kg,3690
2026-01-28,대전,피망,100g,26150
2026-01-28,대전,파프리카,1개,2170
2026-01-28,대전,마늘,1kg,9977
2026-01-28,대전,브로콜리,1개,2660
2026-01-28,대전,사과,10개,29067
2026-01-28,대전,배,10개,40350
2026-01-29,대전,배추,1포기,4993
2026-01-29,대전,시금치,100g,13133
2026-01-29,대전,상추,100g,15500
2026-01-29,대전,얼갈이배추,1kg,5047
2026-01-29,대전,오이,10개,19900
2026-01-29,대전,호박,1개,2410
2026-01-29,대전,토마토,1kg,6067
2026-01-29,대전,무,1개,2245
2026-01-29,대전,당근,1kg,3497
2026-01-29,대전,열무,1kg,5490
2026-01-29,대전,양파,1kg,2637
2026-01-29,대전,대파,1kg,3383
2026-01-29,대전,피망,100g,32400
2026-01-29,대전,파프리카,1개,2170
2026-01-29,대전,마늘,1kg,11300
2026-01-29,대전,브로콜리,1개,2327
2026-01-29,대전,사과,10개,29067
2026-01-29,대전,배,10개,37650
2026-01-30,대전,배추,1포기,4993
2026-01-30,대전,시금치,100g,13133
2026-01-30,대전,상추,100g,15500
2026-01-30,대전,얼갈이배추,1kg,5047
2026-01-30,대전,오이,10개,19900
2026-01-30,대전,호박,1개,2450
2026-01-30,대전,토마토,1kg,6067
2026-01-30,대전,무,1개,2245
2026-01-30,대전,당근,1kg,3270
2026-01-30,대전,열무,1kg,5490
2026-01-30,대전,양파,1kg,2637
2026-01-30,대전,대파,1kg,3350
2026-01-30,대전,피망,100g,32400
2026-01-30,대전,파프리카,1개,2303
2026-01-30,대전,마늘,1kg,11300
2026-01-30,대전,브로콜리,1개,2327
2026-01-30,대전,사과,10개,29067
2026-01-30,대전,배,10개,37650
2026-02-02,대전,배추,1포기,4993
2026-02-02,대전,시금치,100g,13967
2026-02-02,대전,상추,100g,15500
2026-02-02,대전,얼갈이배추,1kg,5047
2026-02-02,대전,오이,10개,19900
2026-02-02,대전,호박,1개,2367
2026-02-02,대전,토마토,1kg,6067
2026-02-02,대전,무,1개,2500
2026-02-02,대전,당근,1kg,3270
2026-02-02,대전,열무,1kg,5490
2026-02-02,대전,양파,1kg,2637
2026-02-02,대전,대파,1kg,3423
2026-02-02,대전,피망,100g,32400
2026-02-02,대전,파프리카,1개,2357
2026-02-02,대전,마늘,1kg,11300
2026-02-02,대전,브로콜리,1개,2327
2026-02-02,대전,사과,10개,29067
2026-02-02,대전,배,10개,34200
2026-02-03,대전,배추,1포기,4993
2026-02-03,대전,시금치,100g,13967
2026-02-03,대전,상추,100g,15200
2026-02-03,대전,얼갈이배추,1kg,5187
2026-02-03,대전,오이,10개,19900
2026-02-03,대전,호박,1개,2410
2026-02-03,대전,토마토,1kg,6067
2026-02-03,대전,무,1개,2245
2026-02-03,대전,당근,1kg,3270
2026-02-03,대전,열무,1kg,5490
2026-02-03,대전,양파,1kg,2637
2026-02-03,대전,대파,1kg,3370
2026-02-03,대전,피망,100g,32400
2026-02-03,대전,파프리카,1개,2360
2026-02-03,대전,마늘,1kg,11300
2026-02-03,대전,브로콜리,1개,2327
2026-02-03,대전,사과,10개,28700
2026-02-03,대전,배,10개,36300
2026-02-04,대전,배추,1포기,4993
2026-02-04,대전,시금치,100g,13967
2026-02-04,대전,상추,100g,15200
2026-02-04,대전,얼갈이배추,1kg,5187
2026-02-04,대전,오이,10개,19900
2026-02-04,대전,호박,1개,2410
2026-02-04,대전,토마토,1kg,6067
2026-02-04,대전,무,1개,2245
2026-02-04,대전,당근,1kg,3270
2026-02-04,대전,열무,1kg,5490
2026-02-04,대전,양파,1kg,2327
2026-02-04,대전,대파,1kg,3370
2026-02-04,대전,피망,100g,32400
2026-02-04,대전,파프리카,1개,2360
2026-02-04,대전,마늘,1kg,11300
2026-02-04,대전,브로콜리,1개,2327
2026-02-04,대전,사과,10개,28700
2026-02-04,대전,배,10개,36300
2026-02-05,대전,배추,1포기,4993
2026-02-05,대전,시금치,100g,13200
2026-02-05,대전,상추,100g,14400
2026-02-05,대전,얼갈이배추,1kg,5187
2026-02-05,대전,오이,10개,19900
2026-02-05,대전,호박,1개,2577
2026-02-05,대전,토마토,1kg,6233
2026-02-05,대전,무,1개,1885
2026-02-05,대전,당근,1kg,3270
2026-02-05,대전,열무,1kg,5490
2026-02-05,대전,양파,1kg,2193
2026-02-05,대전,대파,1kg,3420
2026-02-05,대전,피망,100g,32400
2026-02-05,대전,파프리카,1개,2327
2026-02-05,대전,마늘,1kg,9650
2026-02-05,대전,브로콜리,1개,2160
2026-02-05,대전,사과,10개,28700
2026-02-05,대전,배,10개,36833
2026-02-06,대전,배추,1포기,4993
2026-02-06,대전,시금치,100g,13200
2026-02-06,대전,상추,100g,14400
2026-02-06,대전,얼갈이배추,1kg,5327
2026-02-06,대전,오이,10개,19900
2026-02-06,대전,호박,1개,2617
2026-02-06,대전,토마토,1kg,6233
2026-02-06,대전,무,1개,1885
2026-02-06,대전,당근,1kg,3270
2026-02-06,대전,열무,1kg,5490
2026-02-06,대전,양파,1kg,2327
2026-02-06,대전,대파,1kg,3420
2026-02-06,대전,피망,100g,32400
2026-02-06,대전,파프리카,1개,2327
2026-02-06,대전,마늘,1kg,9650
2026-02-06,대전,브로콜리,1개,2160
2026-02-06,대전,사과,10개,28700
2026-02-06,대전,배,10개,36833
2026-02-09,대전,배추,1포기,4993
2026-02-09,대전,시금치,100g,13200
2026-02-09,대전,상추,100g,14400
2026-02-09,대전,얼갈이배추,1kg,5380
2026-02-09,대전,오이,10개,19900
2026-02-09,대전,호박,1개,2700
2026-02-09,대전,토마토,1kg,6233
2026-02-09,대전,무,1개,1935
2026-02-09,대전,당근,1kg,3270
2026-02-09,대전,열무,1kg,5490
2026-02-09,대전,양파,1kg,2327
2026-02-09,대전,대파,1kg,3487
2026-02-09,대전,피망,100g,32400
2026-02-09,대전,파프리카,1개,2693
2026-02-09,대전,마늘,1kg,9683
2026-02-09,대전,브로콜리,1개,2547
2026-02-09,대전,사과,10개,28700
2026-02-09,대전,배,10개,36833
2026-02-10,대전,배추,1포기,4993
2026-02-10,대전,시금치,100g,13200
2026-02-10,대전,상추,100g,14400
2026-02-10,대전,얼갈이배추,1kg,5380
2026-02-10,대전,오이,10개,19900
2026-02-10,대전,호박,1개,2700
2026-02-10,대전,토마토,1kg,6233
2026-02-10,대전,무,1개,1935
2026-02-10,대전,당근,1kg,3270
2026-02-10,대전,열무,1kg,5490
2026-02-10,대전,양파,1kg,2327
2026-02-10,대전,대파,1kg,3470
2026-02-10,대전,피망,100g,32400
2026-02-10,대전,파프리카,1개,2693
2026-02-10,대전,마늘,1kg,9683
2026-02-10,대전,브로콜리,1개,2547
2026-02-10,대전,사과,10개,30367
2026-02-10,대전,배,10개,38500
2026-02-11,대전,배추,1포기,4993
2026-02-11,대전,시금치,100g,13200
2026-02-11,대전,상추,100g,14400
2026-02-11,대전,얼갈이배추,1kg,5380
2026-02-11,대전,오이,10개,19900
2026-02-11,대전,호박,1개,2700
2026-02-11,대전,토마토,1kg,6233
2026-02-11,대전,무,1개,1935
2026-02-11,대전,당근,1kg,3270
2026-02-11,대전,열무,1kg,5490
2026-02-11,대전,양파,1kg,2327
2026-02-11,대전,대파,1kg,3470
2026-02-11,대전,피망,100g,32400
2026-02-11,대전,파프리카,1개,2803
2026-02-11,대전,마늘,1kg,9683
2026-02-11,대전,브로콜리,1개,2547
2026-02-11,대전,사과,10개,30367
2026-02-11,대전,배,10개,38500
2026-02-12,대전,배추,1포기,5160
2026-02-12,대전,시금치,100g,11373
2026-02-12,대전,상추,100g,14400
2026-02-12,대전,얼갈이배추,1kg,5380
2026-02-12,대전,오이,10개,19900
2026-02-12,대전,호박,1개,2633
2026-02-12,대전,토마토,1kg,6317
2026-02-12,대전,무,1개,2600
2026-02-12,대전,당근,1kg,3270
2026-02-12,대전,열무,1kg,5490
2026-02-12,대전,양파,1kg,2110
2026-02-12,대전,대파,1kg,4040
2026-02-12,대전,피망,100g,37400
2026-02-12,대전,파프리카,1개,3037
2026-02-12,대전,마늘,1kg,9697
2026-02-12,대전,브로콜리,1개,2660
2026-02-12,대전,사과,10개,33700
2026-02-12,대전,배,10개,39167
2026-02-13,대전,배추,1포기,5160
2026-02-13,대전,시금치,100g,11373
2026-02-13,대전,상추,100g,14400
2026-02-13,대전,얼갈이배추,1kg,5380
2026-02-13,대전,오이,10개,19900
2026-02-13,대전,호박,1개,2633
2026-02-13,대전,토마토,1kg,6317
2026-02-13,대전,무,1개,2595
2026-02-13,대전,당근,1kg,3547
2026-02-13,대전,열무,1kg,5490
2026-02-13,대전,양파,1kg,2110
2026-02-13,대전,대파,1kg,4040
2026-02-13,대전,피망,100g,37400
2026-02-13,대전,파프리카,1개,3037
2026-02-13,대전,마늘,1kg,9697
2026-02-13,대전,브로콜리,1개,2660
2026-02-13,대전,사과,10개,33700
2026-02-13,대전,배,10개,39167
2026-02-19,대전,배추,1포기,5160
2026-02-19,대전,시금치,100g,12350
2026-02-19,대전,상추,100g,14400
2026-02-19,대전,얼갈이배추,1kg,5380
2026-02-19,대전,오이,10개,19900
2026-02-19,대전,호박,1개,2633
2026-02-19,대전,토마토,1kg,6317
2026-02-19,대전,무,1개,2595
2026-02-19,대전,당근,1kg,3547
2026-02-19,대전,열무,1kg,5490
2026-02-19,대전,양파,1kg,2880
2026-02-19,대전,대파,1kg,4040
2026-02-19,대전,피망,100g,37400
2026-02-19,대전,파프리카,1개,3037
2026-02-19,대전,마늘,1kg,9697
2026-02-19,대전,브로콜리,1개,2770
2026-02-19,대전,사과,10개,35033
2026-02-19,대전,배,10개,41467
2026-02-20,대전,배추,1포기,5077
2026-02-20,대전,시금치,100g,12700
2026-02-20,대전,상추,100g,12767
2026-02-20,대전,얼갈이배추,1kg,5213
2026-02-20,대전,오이,10개,19900
2026-02-20,대전,호박,1개,2427
2026-02-20,대전,토마토,1kg,6233
2026-02-20,대전,무,1개,2245
2026-02-20,대전,당근,1kg,3497
2026-02-20,대전,열무,1kg,5490
2026-02-20,대전,양파,1kg,2650
2026-02-20,대전,대파,1kg,3973
2026-02-20,대전,피망,100g,32400
2026-02-20,대전,파프리카,1개,2927
2026-02-20,대전,마늘,1kg,9693
2026-02-20,대전,브로콜리,1개,2603
2026-02-20,대전,사과,10개,31033
2026-02-20,대전,배,10개,44400
2026-02-23,대전,배추,1포기,4993
2026-02-23,대전,시금치,100g,11267
2026-02-23,대전,상추,100g,12767
2026-02-23,대전,얼갈이배추,1kg,4963
2026-02-23,대전,오이,10개,19900
2026-02-23,대전,호박,1개,2427
2026-02-23,대전,토마토,1kg,6067
2026-02-23,대전,무,1개,2295
2026-02-23,대전,당근,1kg,3497
2026-02-23,대전,열무,1kg,5490
2026-02-23,대전,양파,1kg,2467
2026-02-23,대전,대파,1kg,3973
2026-02-23,대전,피망,100g,32400
2026-02-23,대전,파프리카,1개,2927
2026-02-23,대전,마늘,1kg,9693
2026-02-23,대전,브로콜리,1개,2547
2026-02-23,대전,사과,10개,29367
2026-02-23,대전,배,10개,40500
2026-02-24,대전,배추,1포기,5160
2026-02-24,대전,시금치,100g,11033
2026-02-24,대전,상추,100g,12767
2026-02-24,대전,얼갈이배추,1kg,4937
2026-02-24,대전,오이,10개,19900
2026-02-24,대전,호박,1개,2427
2026-02-24,대전,토마토,1kg,5983
2026-02-24,대전,무,1개,2295
2026-02-24,대전,당근,1kg,3497
2026-02-24,대전,열무,1kg,5490
2026-02-24,대전,양파,1kg,2467
2026-02-24,대전,대파,1kg,3973
2026-02-24,대전,피망,100g,32400
2026-02-24,대전,파프리카,1개,2703
2026-02-24,대전,마늘,1kg,9693
2026-02-24,대전,브로콜리,1개,2547
2026-02-24,대전,사과,10개,29367
2026-02-24,대전,배,10개,40500
2026-02-25,대전,배추,1포기,5243
2026-02-25,대전,시금치,100g,11033
2026-02-25,대전,상추,100g,12767
2026-02-25,대전,얼갈이배추,1kg,4827
2026-02-25,대전,오이,10개,19900
2026-02-25,대전,호박,1개,2427
2026-02-25,대전,토마토,1kg,5983
2026-02-25,대전,무,1개,2295
2026-02-25,대전,당근,1kg,3453
2026-02-25,대전,열무,1kg,4285
2026-02-25,대전,양파,1kg,2467
2026-02-25,대전,대파,1kg,3973
2026-02-25,대전,피망,100g,32400
2026-02-25,대전,파프리카,1개,2703
2026-02-25,대전,마늘,1kg,9693
2026-02-25,대전,브로콜리,1개,2547
2026-02-25,대전,사과,10개,29367
2026-02-25,대전,배,10개,40500
2026-02-26,대전,배추,1포기,5243
2026-02-26,대전,시금치,100g,12420
2026-02-26,대전,상추,100g,9633
2026-02-26,대전,얼갈이배추,1kg,4160
2026-02-26,대전,오이,10개,19900
2026-02-26,대전,호박,1개,2160
2026-02-26,대전,토마토,1kg,5920
2026-02-26,대전,무,1개,2600
2026-02-26,대전,당근,1kg,3620
2026-02-26,대전,열무,1kg,4285
2026-02-26,대전,양파,1kg,2467
2026-02-26,대전,대파,1kg,3743
2026-02-26,대전,피망,100g,24900
2026-02-26,대전,파프리카,1개,2580
2026-02-26,대전,마늘,1kg,9693
2026-02-26,대전,브로콜리,1개,2547
2026-02-26,대전,사과,10개,28700
2026-02-26,대전,배,10개,40500
2026-02-27,대전,배추,1포기,5243
2026-02-27,대전,시금치,100g,10487
2026-02-27,대전,상추,100g,9633
2026-02-27,대전,얼갈이배추,1kg,4160
2026-02-27,대전,오이,10개,19900
2026-02-27,대전,호박,1개,2160
2026-02-27,대전,토마토,1kg,5587
2026-02-27,대전,무,1개,2600
2026-02-27,대전,당근,1kg,3620
2026-02-27,대전,열무,1kg,4285
2026-02-27,대전,양파,1kg,2467
2026-02-27,대전,대파,1kg,3743
2026-02-27,대전,피망,100g,24900
2026-02-27,대전,파프리카,1개,2150
2026-02-27,대전,마늘,1kg,9693
2026-02-27,대전,브로콜리,1개,2547
2026-02-27,대전,사과,10개,28700
2026-02-27,대전,배,10개,40500
2026-03-03,대전,배추,1포기,5160
2026-03-03,대전,시금치,100g,11187
2026-03-03,대전,상추,100g,10000
2026-03-03,대전,얼갈이배추,1kg,4077
2026-03-03,대전,오이,10개,19900
2026-03-03,대전,호박,1개,2160
2026-03-03,대전,토마토,1kg,5587
2026-03-03,대전,무,1개,2600
2026-03-03,대전,당근,1kg,3580
2026-03-03,대전,열무,1kg,4160
2026-03-03,대전,양파,1kg,2467
2026-03-03,대전,대파,1kg,3930
2026-03-03,대전,피망,100g,24900
2026-03-03,대전,파프리카,1개,2290
2026-03-03,대전,마늘,1kg,12567
2026-03-03,대전,브로콜리,1개,2493
2026-03-03,대전,사과,10개,30700
2026-03-03,대전,배,10개,39233
2026-03-04,대전,배추,1포기,5160
2026-03-04,대전,시금치,100g,11187
2026-03-04,대전,상추,100g,10000
2026-03-04,대전,얼갈이배추,1kg,4077
2026-03-04,대전,오이,10개,19900
2026-03-04,대전,호박,1개,2160
2026-03-04,대전,토마토,1kg,5587
2026-03-04,대전,무,1개,2600
2026-03-04,대전,당근,1kg,3580
2026-03-04,대전,열무,1kg,4160
2026-03-04,대전,양파,1kg,2467
2026-03-04,대전,대파,1kg,3930
2026-03-04,대전,피망,100g,24900
2026-03-04,대전,파프리카,1개,2290
2026-03-04,대전,마늘,1kg,12567
2026-03-04,대전,브로콜리,1개,2493
2026-03-04,대전,사과,10개,30700
2026-03-04,대전,배,10개,39233
2026-03-05,대전,배추,1포기,4827
2026-03-05,대전,시금치,100g,11187
2026-03-05,대전,상추,100g,11133
2026-03-05,대전,얼갈이배추,1kg,3410
2026-03-05,대전,오이,10개,19900
2026-03-05,대전,호박,1개,1993
2026-03-05,대전,토마토,1kg,5420
2026-03-05,대전,무,1개,2600
2026-03-05,대전,당근,1kg,3187
2026-03-05,대전,열무,1kg,3410
2026-03-05,대전,양파,1kg,2697
2026-03-05,대전,대파,1kg,3930
2026-03-05,대전,피망,100g,22400
2026-03-05,대전,파프리카,1개,2227
2026-03-05,대전,마늘,1kg,12567
2026-03-05,대전,브로콜리,1개,2327
2026-03-05,대전,사과,10개,32267
2026-03-05,대전,배,10개,37200
2026-03-06,대전,배추,1포기,4743
2026-03-06,대전,시금치,100g,10987
2026-03-06,대전,상추,100g,11133
2026-03-06,대전,얼갈이배추,1kg,3437
2026-03-06,대전,오이,10개,19900
2026-03-06,대전,호박,1개,1993
2026-03-06,대전,토마토,1kg,5670
2026-03-06,대전,무,1개,2600
2026-03-06,대전,당근,1kg,3187
2026-03-06,대전,열무,1kg,3160
2026-03-06,대전,양파,1kg,2477
2026-03-06,대전,대파,1kg,3897
2026-03-06,대전,피망,100g,22400
2026-03-06,대전,파프리카,1개,2227
2026-03-06,대전,마늘,1kg,12567
2026-03-06,대전,브로콜리,1개,2327
2026-03-06,대전,사과,10개,32267
2026-03-06,대전,배,10개,37200
2026-03-09,대전,배추,1포기,4660
2026-03-09,대전,시금치,100g,10753
2026-03-09,대전,상추,100g,11133
2026-03-09,대전,얼갈이배추,1kg,3493
2026-03-09,대전,오이,10개,19900
2026-03-09,대전,호박,1개,1993
2026-03-09,대전,토마토,1kg,5670
2026-03-09,대전,무,1개,2400
2026-03-09,대전,당근,1kg,3103
2026-03-09,대전,열무,1kg,3837
2026-03-09,대전,양파,1kg,2467
2026-03-09,대전,대파,1kg,3863
2026-03-09,대전,피망,100g,22400
2026-03-09,대전,파프리카,1개,2227
2026-03-09,대전,마늘,1kg,12567
2026-03-09,대전,브로콜리,1개,2327
2026-03-09,대전,사과,10개,32267
2026-03-09,대전,배,10개,37200
2026-03-10,대전,배추,1포기,4743
2026-03-10,대전,시금치,100g,10987
2026-03-10,대전,상추,100g,11133
2026-03-10,대전,얼갈이배추,1kg,3437
2026-03-10,대전,오이,10개,19900
2026-03-10,대전,호박,1개,1993
2026-03-10,대전,토마토,1kg,5670
2026-03-10,대전,무,1개,2400
2026-03-10,대전,당근,1kg,3103
2026-03-10,대전,열무,1kg,3837
2026-03-10,대전,양파,1kg,2467
2026-03-10,대전,대파,1kg,3863
2026-03-10,대전,피망,100g,22400
2026-03-10,대전,파프리카,1개,2227
2026-03-10,대전,마늘,1kg,12567
2026-03-10,대전,브로콜리,1개,2380
2026-03-10,대전,사과,10개,32267
2026-03-10,대전,배,10개,37200
2026-03-11,대전,배추,1포기,4743
2026-03-11,대전,시금치,100g,10987
2026-03-11,대전,상추,100g,11133
2026-03-11,대전,얼갈이배추,1kg,3380
2026-03-11,대전,오이,10개,19900
2026-03-11,대전,호박,1개,1993
2026-03-11,대전,토마토,1kg,5670
2026-03-11,대전,무,1개,2200
2026-03-11,대전,당근,1kg,3103
2026-03-11,대전,열무,1kg,3837
2026-03-11,대전,양파,1kg,2467
2026-03-11,대전,대파,1kg,3863
2026-03-11,대전,피망,100g,22400
2026-03-11,대전,파프리카,1개,2227
2026-03-11,대전,마늘,1kg,12567
2026-03-11,대전,브로콜리,1개,2380
2026-03-11,대전,사과,10개,32267
2026-03-11,대전,배,10개,37200
2026-03-12,대전,배추,1포기,4743
2026-03-12,대전,시금치,100g,8890
2026-03-12,대전,상추,100g,10000
2026-03-12,대전,얼갈이배추,1kg,3713
2026-03-12,대전,오이,10개,19900
2026-03-12,대전,호박,1개,1993
2026-03-12,대전,토마토,1kg,5733
2026-03-12,대전,무,1개,2000
2026-03-12,대전,당근,1kg,3327
2026-03-12,대전,열무,1kg,4363
2026-03-12,대전,양파,1kg,2467
2026-03-12,대전,대파,1kg,3997
2026-03-12,대전,피망,100g,24900
2026-03-12,대전,파프리카,1개,1960
2026-03-12,대전,마늘,1kg,12567
2026-03-12,대전,브로콜리,1개,2013
2026-03-12,대전,사과,10개,32700
2026-03-12,대전,배,10개,34500
2026-03-13,대전,배추,1포기,4660
2026-03-13,대전,시금치,100g,8890
2026-03-13,대전,상추,100g,10000
2026-03-13,대전,얼갈이배추,1kg,3770
2026-03-13,대전,오이,10개,19900
2026-03-13,대전,호박,1개,1993
2026-03-13,대전,토마토,1kg,5733
2026-03-13,대전,무,1개,1995
2026-03-13,대전,당근,1kg,3327
2026-03-13,대전,열무,1kg,4363
2026-03-13,대전,양파,1kg,2467
2026-03-13,대전,대파,1kg,3997
2026-03-13,대전,피망,100g,24900
2026-03-13,대전,파프리카,1개,1953
2026-03-13,대전,마늘,1kg,12500
2026-03-13,대전,브로콜리,1개,2070
2026-03-13,대전,사과,10개,31600
2026-03-13,대전,배,10개,34500
2026-03-16,대전,배추,1포기,4660
2026-03-16,대전,시금치,100g,8890
2026-03-16,대전,상추,100g,10000
2026-03-16,대전,얼갈이배추,1kg,3827
2026-03-16,대전,오이,10개,19900
2026-03-16,대전,호박,1개,1993
2026-03-16,대전,토마토,1kg,5733
2026-03-16,대전,무,1개,1995
2026-03-16,대전,당근,1kg,3327
2026-03-16,대전,열무,1kg,4280
2026-03-16,대전,양파,1kg,2467
2026-03-16,대전,대파,1kg,3997
2026-03-16,대전,피망,100g,24900
2026-03-16,대전,파프리카,1개,1960
2026-03-16,대전,마늘,1kg,12500
2026-03-16,대전,브로콜리,1개,2127
2026-03-16,대전,사과,10개,31033
2026-03-16,대전,배,10개,34500
2026-03-17,대전,배추,1포기,4660
2026-03-17,대전,시금치,100g,8890
2026-03-17,대전,상추,100g,10267
2026-03-17,대전,얼갈이배추,1kg,3827
2026-03-17,대전,오이,10개,19900
2026-03-17,대전,호박,1개,1950
2026-03-17,대전,토마토,1kg,5733
2026-03-17,대전,무,1개,1995
2026-03-17,대전,당근,1kg,3327
2026-03-17,대전,열무,1kg,4170
2026-03-17,대전,양파,1kg,2467
2026-03-17,대전,대파,1kg,3997
2026-03-17,대전,피망,100g,24900
2026-03-17,대전,파프리카,1개,1960
2026-03-17,대전,마늘,1kg,12500
2026-03-17,대전,브로콜리,1개,2127
2026-03-17,대전,사과,10개,31033
2026-03-17,대전,배,10개,42200
2026-03-18,대전,배추,1포기,4743
2026-03-18,대전,시금치,100g,8890
2026-03-18,대전,상추,100g,10267
2026-03-18,대전,얼갈이배추,1kg,3770
2026-03-18,대전,오이,10개,19900
2026-03-18,대전,호박,1개,1950
2026-03-18,대전,토마토,1kg,5733
2026-03-18,대전,무,1개,1995
2026-03-18,대전,당근,1kg,3327
2026-03-18,대전,열무,1kg,4113
2026-03-18,대전,양파,1kg,2467
2026-03-18,대전,대파,1kg,3997
2026-03-18,대전,피망,100g,24900
2026-03-18,대전,파프리카,1개,1960
2026-03-18,대전,마늘,1kg,12500
2026-03-18,대전,브로콜리,1개,2127
2026-03-18,대전,사과,10개,31033
2026-03-18,대전,배,10개,42200
2026-03-19,대전,배추,1포기,4827
2026-03-19,대전,시금치,100g,8490
2026-03-19,대전,상추,100g,9667
2026-03-19,대전,얼갈이배추,1kg,3770
2026-03-19,대전,오이,10개,19900
2026-03-19,대전,호박,1개,1993
2026-03-19,대전,토마토,1kg,6233
2026-03-19,대전,무,1개,2000
2026-03-19,대전,당근,1kg,3380
2026-03-19,대전,열무,1kg,4227
2026-03-19,대전,양파,1kg,2353
2026-03-19,대전,대파,1kg,4043
2026-03-19,대전,피망,100g,19900
2026-03-19,대전,파프리카,1개,1960
2026-03-19,대전,마늘,1kg,13167
2026-03-19,대전,브로콜리,1개,2660
2026-03-19,대전,사과,10개,33033
2026-03-19,대전,배,10개,42200
2026-03-20,대전,배추,1포기,4827
2026-03-20,대전,시금치,100g,8890
2026-03-20,대전,상추,100g,9667
2026-03-20,대전,얼갈이배추,1kg,3770
2026-03-20,대전,오이,10개,19900
2026-03-20,대전,호박,1개,1993
2026-03-20,대전,토마토,1kg,6233
2026-03-20,대전,무,1개,2000
2026-03-20,대전,당근,1kg,3380
2026-03-20,대전,열무,1kg,4170
2026-03-20,대전,양파,1kg,2353
2026-03-20,대전,대파,1kg,3963
2026-03-20,대전,피망,100g,24900
2026-03-20,대전,파프리카,1개,1957
2026-03-20,대전,마늘,1kg,13167
2026-03-20,대전,브로콜리,1개,2660
2026-03-20,대전,사과,10개,33033
2026-03-20,대전,배,10개,42200
2026-03-23,대전,배추,1포기,4827
2026-03-23,대전,시금치,100g,9167
2026-03-23,대전,상추,100g,9667
2026-03-23,대전,얼갈이배추,1kg,3713
2026-03-23,대전,오이,10개,19900
2026-03-23,대전,호박,1개,1993
2026-03-23,대전,토마토,1kg,6233
2026-03-23,대전,무,1개,2000
2026-03-23,대전,당근,1kg,3380
2026-03-23,대전,열무,1kg,4170
2026-03-23,대전,양파,1kg,2353
2026-03-23,대전,대파,1kg,3953
2026-03-23,대전,피망,100g,24900
2026-03-23,대전,파프리카,1개,1960
2026-03-23,대전,마늘,1kg,13167
2026-03-23,대전,브로콜리,1개,2603
2026-03-23,대전,사과,10개,33033
2026-03-23,대전,배,10개,42200
2026-03-24,대전,배추,1포기,4910
2026-03-24,대전,시금치,100g,8567
2026-03-24,대전,상추,100g,9967
2026-03-24,대전,얼갈이배추,1kg,3713
2026-03-24,대전,오이,10개,19900
2026-03-24,대전,호박,1개,1910
2026-03-24,대전,토마토,1kg,6233
2026-03-24,대전,무,1개,2000
2026-03-24,대전,당근,1kg,3380
2026-03-24,대전,열무,1kg,4170
2026-03-24,대전,양파,1kg,2353
2026-03-24,대전,대파,1kg,3893
2026-03-24,대전,피망,100g,24900
2026-03-24,대전,파프리카,1개,1903
2026-03-24,대전,마늘,1kg,13167
2026-03-24,대전,브로콜리,1개,2660
2026-03-24,대전,사과,10개,33033
2026-03-24,대전,배,10개,42200
2026-03-25,대전,배추,1포기,4910
2026-03-25,대전,시금치,100g,8567
2026-03-25,대전,상추,100g,9967
2026-03-25,대전,얼갈이배추,1kg,3770
2026-03-25,대전,오이,10개,19900
2026-03-25,대전,호박,1개,1910
2026-03-25,대전,토마토,1kg,6233
2026-03-25,대전,무,1개,2000
2026-03-25,대전,당근,1kg,3380
2026-03-25,대전,열무,1kg,4280
2026-03-25,대전,양파,1kg,2353
2026-03-25,대전,대파,1kg,3893
2026-03-25,대전,피망,100g,24900
2026-03-25,대전,파프리카,1개,1903
2026-03-25,대전,마늘,1kg,13167
2026-03-25,대전,브로콜리,1개,2660
2026-03-25,대전,사과,10개,33033
2026-03-25,대전,배,10개,42200
2026-03-26,대전,배추,1포기,4577
2026-03-26,대전,시금치,100g,8057
2026-03-26,대전,상추,100g,10400
2026-03-26,대전,얼갈이배추,1kg,3853
2026-03-26,대전,오이,10개,19900
2026-03-26,대전,호박,1개,1677
2026-03-26,대전,토마토,1kg,5983
2026-03-26,대전,무,1개,2245
2026-03-26,대전,당근,1kg,3660
2026-03-26,대전,열무,1kg,3950
2026-03-26,대전,양파,1kg,2110
2026-03-26,대전,대파,1kg,3317
2026-03-26,대전,피망,100g,24900
2026-03-26,대전,파프리카,1개,1770
2026-03-26,대전,마늘,1kg,13833
2026-03-26,대전,브로콜리,1개,2660
2026-03-26,대전,사과,10개,30367
2026-03-26,대전,배,10개,42200
2026-03-27,대전,배추,1포기,4660
2026-03-27,대전,시금치,100g,7823
2026-03-27,대전,상추,100g,10400
2026-03-27,대전,얼갈이배추,1kg,3853
2026-03-27,대전,오이,10개,19900
2026-03-27,대전,호박,1개,1677
2026-03-27,대전,토마토,1kg,5983
2026-03-27,대전,무,1개,2180
2026-03-27,대전,당근,1kg,3660
2026-03-27,대전,열무,1kg,3870
2026-03-27,대전,양파,1kg,2053
2026-03-27,대전,대파,1kg,3273
2026-03-27,대전,피망,100g,24400
2026-03-27,대전,파프리카,1개,1770
2026-03-27,대전,마늘,1kg,13833
2026-03-27,대전,브로콜리,1개,2660
2026-03-27,대전,사과,10개,30367
2026-03-27,대전,배,10개,42200
2026-03-30,대전,배추,1포기,4660
2026-03-30,대전,시금치,100g,8357
2026-03-30,대전,상추,100g,10400
2026-03-30,대전,얼갈이배추,1kg,3770
2026-03-30,대전,오이,10개,19900
2026-03-30,대전,호박,1개,1567
2026-03-30,대전,토마토,1kg,5983
2026-03-30,대전,무,1개,2077
2026-03-30,대전,당근,1kg,3660
2026-03-30,대전,열무,1kg,3700
2026-03-30,대전,양파,1kg,2053
2026-03-30,대전,대파,1kg,3297
2026-03-30,대전,피망,100g,24400
2026-03-30,대전,파프리카,1개,1770
2026-03-30,대전,마늘,1kg,13833
2026-03-30,대전,브로콜리,1개,2660
2026-03-30,대전,사과,10개,30367
2026-03-30,대전,배,10개,42200
2026-03-31,대전,배추,1포기,4660
2026-03-31,대전,시금치,100g,8357
2026-03-31,대전,상추,100g,10400
2026-03-31,대전,얼갈이배추,1kg,3713
2026-03-31,대전,오이,10개,19900
2026-03-31,대전,호박,1개,1567
2026-03-31,대전,토마토,1kg,5983
2026-03-31,대전,무,1개,1930
2026-03-31,대전,당근,1kg,3660
2026-03-31,대전,열무,1kg,3620
2026-03-31,대전,양파,1kg,2053
2026-03-31,대전,대파,1kg,3277
2026-03-31,대전,피망,100g,24400
2026-03-31,대전,파프리카,1개,1713
2026-03-31,대전,마늘,1kg,13833
2026-03-31,대전,브로콜리,1개,2660
2026-03-31,대전,사과,10개,30367
2026-03-31,대전,배,10개,42200
2026-04-01,대전,배추,1포기,4660
2026-04-01,대전,시금치,100g,8557
2026-04-01,대전,상추,100g,10400
2026-04-01,대전,얼갈이배추,1kg,3713
2026-04-01,대전,오이,10개,19900
2026-04-01,대전,호박,1개,1527
2026-04-01,대전,토마토,1kg,6067
2026-04-01,대전,무,1개,1995
2026-04-01,대전,당근,1kg,3660
2026-04-01,대전,열무,1kg,3700
2026-04-01,대전,양파,1kg,2053
2026-04-01,대전,대파,1kg,3277
2026-04-01,대전,피망,100g,24400
2026-04-01,대전,파프리카,1개,1770
2026-04-01,대전,마늘,1kg,13833
2026-04-01,대전,브로콜리,1개,2603
2026-04-01,대전,사과,10개,30367
2026-04-01,대전,배,10개,44300
2026-04-02,대전,배추,1포기,4660
2026-04-02,대전,시금치,100g,8790
2026-04-02,대전,상추,100g,10400
2026-04-02,대전,얼갈이배추,1kg,3713
2026-04-02,대전,오이,10개,16600
2026-04-02,대전,호박,1개,1593
2026-04-02,대전,토마토,1kg,6067
2026-04-02,대전,무,1개,1995
2026-04-02,대전,당근,1kg,2993
2026-04-02,대전,열무,1kg,3700
2026-04-02,대전,양파,1kg,2053
2026-04-02,대전,대파,1kg,3500
2026-04-02,대전,피망,100g,24900
2026-04-02,대전,파프리카,1개,1770
2026-04-02,대전,마늘,1kg,12500
2026-04-02,대전,브로콜리,1개,2437
2026-04-02,대전,사과,10개,33033
2026-04-02,대전,배,10개,44300
2026-04-03,대전,배추,1포기,4660
2026-04-03,대전,시금치,100g,8590
2026-04-03,대전,상추,100g,10400
2026-04-03,대전,얼갈이배추,1kg,3827
2026-04-03,대전,오이,10개,16600
2026-04-03,대전,호박,1개,1593
2026-04-03,대전,토마토,1kg,6067
2026-04-03,대전,무,1개,1995
2026-04-03,대전,당근,1kg,2993
2026-04-03,대전,열무,1kg,3620
2026-04-03,대전,양파,1kg,2053
2026-04-03,대전,대파,1kg,3500
2026-04-03,대전,피망,100g,24900
2026-04-03,대전,파프리카,1개,1770
2026-04-03,대전,마늘,1kg,12500
2026-04-03,대전,브로콜리,1개,2493
2026-04-03,대전,사과,10개,33033
2026-04-03,대전,배,10개,43700
2026-04-06,대전,배추,1포기,4660
2026-04-06,대전,시금치,100g,9143
2026-04-06,대전,상추,100g,10400
2026-04-06,대전,얼갈이배추,1kg,3713
2026-04-06,대전,오이,10개,16600
2026-04-06,대전,호박,1개,1593
2026-04-06,대전,토마토,1kg,5567
2026-04-06,대전,무,1개,1995
2026-04-06,대전,당근,1kg,3160
2026-04-06,대전,열무,1kg,3410
2026-04-06,대전,양파,1kg,1997
2026-04-06,대전,대파,1kg,3570
2026-04-06,대전,피망,100g,24900
2026-04-06,대전,파프리카,1개,1770
2026-04-06,대전,마늘,1kg,12500
2026-04-06,대전,브로콜리,1개,2493
2026-04-06,대전,사과,10개,33033
2026-04-06,대전,배,10개,43700
2026-04-07,대전,배추,1포기,4577
2026-04-07,대전,시금치,100g,9143
2026-04-07,대전,상추,100g,10400
2026-04-07,대전,얼갈이배추,1kg,3713
2026-04-07,대전,오이,10개,16600
2026-04-07,대전,호박,1개,1593
2026-04-07,대전,토마토,1kg,5567
2026-04-07,대전,무,1개,1995
2026-04-07,대전,당근,1kg,3160
2026-04-07,대전,열무,1kg,3495
2026-04-07,대전,양파,1kg,1855
2026-04-07,대전,대파,1kg,3527
2026-04-07,대전,피망,100g,24900
2026-04-07,대전,파프리카,1개,1827
2026-04-07,대전,마늘,1kg,12500
2026-04-07,대전,브로콜리,1개,2493
2026-04-07,대전,사과,10개,33033
2026-04-07,대전,배,10개,43700
2026-04-08,대전,배추,1포기,4577
2026-04-08,대전,시금치,100g,9143
2026-04-08,대전,상추,100g,10400
2026-04-08,대전,얼갈이배추,1kg,3713
2026-04-08,대전,오이,10개,16600
2026-04-08,대전,호박,1개,1593
2026-04-08,대전,토마토,1kg,5567
2026-04-08,대전,무,1개,1995
2026-04-08,대전,당근,1kg,3160
2026-04-08,대전,열무,1kg,3495
2026-04-08,대전,양파,1kg,1855
2026-04-08,대전,대파,1kg,3527
2026-04-08,대전,피망,100g,24900
2026-04-08,대전,파프리카,1개,1827
2026-04-08,대전,마늘,1kg,12500
2026-04-08,대전,브로콜리,1개,2493
2026-04-08,대전,사과,10개,33033
2026-04-08,대전,배,10개,43700
2026-04-09,대전,배추,1포기,4577
2026-04-09,대전,시금치,100g,8827
2026-04-09,대전,상추,100g,10267
2026-04-09,대전,얼갈이배추,1kg,3270
2026-04-09,대전,오이,10개,7240
2026-04-09,대전,호박,1개,1495
2026-04-09,대전,토마토,1kg,5013
2026-04-09,대전,무,1개,1995
2026-04-09,대전,당근,1kg,2967
2026-04-09,대전,열무,1kg,2245
2026-04-09,대전,양파,1kg,1910
2026-04-09,대전,대파,1kg,3743
2026-04-09,대전,피망,100g,29900
2026-04-09,대전,파프리카,1개,1770
2026-04-09,대전,마늘,1kg,13567
2026-04-09,대전,브로콜리,1개,2770
2026-04-09,대전,사과,10개,33033
2026-04-09,대전,배,10개,43700
2026-04-10,대전,배추,1포기,4910
2026-04-10,대전,시금치,100g,8827
2026-04-10,대전,상추,100g,10267
2026-04-10,대전,얼갈이배추,1kg,3270
2026-04-10,대전,오이,10개,7425
2026-04-10,대전,호박,1개,1495
2026-04-10,대전,토마토,1kg,5013
2026-04-10,대전,무,1개,1995
2026-04-10,대전,당근,1kg,2967
2026-04-10,대전,열무,1kg,3160
2026-04-10,대전,양파,1kg,1910
2026-04-10,대전,대파,1kg,3743
2026-04-10,대전,피망,100g,29900
2026-04-10,대전,파프리카,1개,1770
2026-04-10,대전,마늘,1kg,13567
2026-04-10,대전,브로콜리,1개,2770
2026-04-10,대전,사과,10개,33033
2026-04-10,대전,배,10개,43700
2026-04-13,대전,배추,1포기,4827
2026-04-13,대전,시금치,100g,8827
2026-04-13,대전,상추,100g,10000
2026-04-13,대전,얼갈이배추,1kg,3213
2026-04-13,대전,오이,10개,7365
2026-04-13,대전,호박,1개,1495
2026-04-13,대전,토마토,1kg,5013
2026-04-13,대전,무,1개,1995
2026-04-13,대전,당근,1kg,3020
2026-04-13,대전,열무,1kg,3047
2026-04-13,대전,양파,1kg,1825
2026-04-13,대전,대파,1kg,3783
2026-04-13,대전,피망,100g,29900
2026-04-13,대전,파프리카,1개,1660
2026-04-13,대전,마늘,1kg,13567
2026-04-13,대전,브로콜리,1개,2770
2026-04-13,대전,사과,10개,33033
2026-04-13,대전,배,10개,43700
2026-04-14,대전,배추,1포기,4910
2026-04-14,대전,시금치,100g,9780
2026-04-14,대전,상추,100g,10000
2026-04-14,대전,얼갈이배추,1kg,3160
2026-04-14,대전,오이,10개,8365
2026-04-14,대전,호박,1개,1430
2026-04-14,대전,토마토,1kg,5013
2026-04-14,대전,무,1개,1995
2026-04-14,대전,당근,1kg,3020
2026-04-14,대전,열무,1kg,3047
2026-04-14,대전,양파,1kg,2490
2026-04-14,대전,대파,1kg,3783
2026-04-14,대전,피망,100g,29900
2026-04-14,대전,파프리카,1개,1660
2026-04-14,대전,마늘,1kg,13567
2026-04-14,대전,브로콜리,1개,2770
2026-04-14,대전,사과,10개,31033
2026-04-14,대전,배,10개,43700
2026-04-15,대전,배추,1포기,4910
2026-04-15,대전,시금치,100g,9780
2026-04-15,대전,상추,100g,10000
2026-04-15,대전,얼갈이배추,1kg,3160
2026-04-15,대전,오이,10개,8365
2026-04-15,대전,호박,1개,1430
2026-04-15,대전,토마토,1kg,5013
2026-04-15,대전,무,1개,1995
2026-04-15,대전,당근,1kg,3020
2026-04-15,대전,열무,1kg,3047
2026-04-15,대전,양파,1kg,2160
2026-04-15,대전,대파,1kg,3783
2026-04-15,대전,피망,100g,29900
2026-04-15,대전,파프리카,1개,1660
2026-04-15,대전,마늘,1kg,13567
2026-04-15,대전,브로콜리,1개,2770
2026-04-15,대전,사과,10개,31033
2026-04-15,대전,배,10개,43700
2026-04-16,대전,배추,1포기,4077
2026-04-16,대전,시금치,100g,7683
2026-04-16,대전,상추,100g,9733
2026-04-16,대전,얼갈이배추,1kg,3160
2026-04-16,대전,오이,10개,7365
2026-04-16,대전,호박,1개,1120
2026-04-16,대전,토마토,1kg,4930
2026-04-16,대전,무,1개,1995
2026-04-16,대전,당근,1kg,3130
2026-04-16,대전,열무,1kg,3103
2026-04-16,대전,양파,1kg,2490
2026-04-16,대전,대파,1kg,3627
2026-04-16,대전,피망,100g,24900
2026-04-16,대전,파프리카,1개,1627
2026-04-16,대전,마늘,1kg,12500
2026-04-16,대전,브로콜리,1개,2770
2026-04-16,대전,사과,10개,31700
2026-04-16,대전,배,10개,43700
2026-04-17,대전,배추,1포기,3993
2026-04-17,대전,시금치,100g,7783
2026-04-17,대전,상추,100g,9733
2026-04-17,대전,얼갈이배추,1kg,3160
2026-04-17,대전,오이,10개,7215
2026-04-17,대전,호박,1개,1055
2026-04-17,대전,토마토,1kg,4930
2026-04-17,대전,무,1개,1995
2026-04-17,대전,당근,1kg,3130
2026-04-17,대전,열무,1kg,3103
2026-04-17,대전,양파,1kg,2490
2026-04-17,대전,대파,1kg,3627
2026-04-17,대전,피망,100g,24900
2026-04-17,대전,파프리카,1개,1627
2026-04-17,대전,마늘,1kg,12500
2026-04-17,대전,브로콜리,1개,2770
2026-04-17,대전,사과,10개,31033
2026-04-17,대전,배,10개,43700
2026-04-20,대전,배추,1포기,4077
2026-04-20,대전,시금치,100g,7583
2026-04-20,대전,상추,100g,10133
2026-04-20,대전,얼갈이배추,1kg,3620
2026-04-20,대전,오이,10개,6945
2026-04-20,대전,호박,1개,1245
2026-04-20,대전,토마토,1kg,4930
2026-04-20,대전,무,1개,1995
2026-04-20,대전,당근,1kg,3077
2026-04-20,대전,열무,1kg,3660
2026-04-20,대전,양파,1kg,2437
2026-04-20,대전,대파,1kg,3523
2026-04-20,대전,피망,100g,24900
2026-04-20,대전,파프리카,1개,1680
2026-04-20,대전,마늘,1kg,12500
2026-04-20,대전,브로콜리,1개,2827
2026-04-20,대전,사과,10개,31700
2026-04-20,대전,배,10개,43700
2026-04-21,대전,배추,1포기,4077
2026-04-21,대전,시금치,100g,7583
2026-04-21,대전,상추,100g,10267
2026-04-21,대전,얼갈이배추,1kg,3660
2026-04-21,대전,오이,10개,6820
2026-04-21,대전,호박,1개,1245
2026-04-21,대전,토마토,1kg,5680
2026-04-21,대전,무,1개,2120
2026-04-21,대전,당근,1kg,3077
2026-04-21,대전,열무,1kg,3660
2026-04-21,대전,양파,1kg,2437
2026-04-21,대전,대파,1kg,3523
2026-04-21,대전,피망,100g,24900
2026-04-21,대전,파프리카,1개,1680
2026-04-21,대전,마늘,1kg,12500
2026-04-21,대전,브로콜리,1개,2827
2026-04-21,대전,사과,10개,31700
2026-04-21,대전,배,10개,43700
2026-04-22,대전,배추,1포기,4160
2026-04-22,대전,시금치,100g,7583
2026-04-22,대전,상추,100g,10567
2026-04-22,대전,얼갈이배추,1kg,3660
2026-04-22,대전,오이,10개,6615
2026-04-22,대전,호박,1개,1305
2026-04-22,대전,토마토,1kg,6150
2026-04-22,대전,무,1개,2120
2026-04-22,대전,당근,1kg,3187
2026-04-22,대전,열무,1kg,3660
2026-04-22,대전,양파,1kg,2437
2026-04-22,대전,대파,1kg,3607
2026-04-22,대전,피망,100g,24900
2026-04-22,대전,파프리카,1개,1737
2026-04-22,대전,마늘,1kg,12500
2026-04-22,대전,브로콜리,1개,2770
2026-04-22,대전,사과,10개,31700
2026-04-22,대전,배,10개,44300
2026-04-23,대전,배추,1포기,4160
2026-04-23,대전,시금치,100g,7820
2026-04-23,대전,상추,100g,10567
2026-04-23,대전,얼갈이배추,1kg,3270
2026-04-23,대전,오이,10개,6615
2026-04-23,대전,호박,1개,1145
2026-04-23,대전,토마토,1kg,5373
2026-04-23,대전,무,1개,2243
2026-04-23,대전,당근,1kg,3297
2026-04-23,대전,열무,1kg,3603
2026-04-23,대전,양파,1kg,2213
2026-04-23,대전,대파,1kg,3140
2026-04-23,대전,피망,100g,24900
2026-04-23,대전,파프리카,1개,1657
2026-04-23,대전,마늘,1kg,13567
2026-04-23,대전,브로콜리,1개,2770
2026-04-23,대전,사과,10개,30367
2026-04-23,대전,배,10개,44300
2026-04-24,대전,배추,1포기,4077
2026-04-24,대전,시금치,100g,7820
2026-04-24,대전,상추,100g,10333
2026-04-24,대전,얼갈이배추,1kg,3243
2026-04-24,대전,오이,10개,6690
2026-04-24,대전,호박,1개,1145
2026-04-24,대전,토마토,1kg,5207
2026-04-24,대전,무,1개,2243
2026-04-24,대전,당근,1kg,3297
2026-04-24,대전,열무,1kg,3103
2026-04-24,대전,양파,1kg,2213
2026-04-24,대전,대파,1kg,3140
2026-04-24,대전,피망,100g,24900
2026-04-24,대전,파프리카,1개,1717
2026-04-24,대전,마늘,1kg,13567
2026-04-24,대전,브로콜리,1개,2770
2026-04-24,대전,사과,10개,30367
2026-04-24,대전,배,10개,44300
2026-04-27,부산,배추,1포기,4575
2026-04-27,부산,시금치,100g,8620
2026-04-27,부산,상추,100g,9233
2026-04-27,부산,얼갈이배추,1kg,2873
2026-04-27,부산,오이,10개,6353
2026-04-27,부산,호박,1개,1043
2026-04-27,부산,토마토,1kg,5008
2026-04-27,부산,무,1개,1913
2026-04-27,부산,당근,1kg,3588
2026-04-27,부산,열무,1kg,2878
2026-04-27,부산,양파,1kg,2073
2026-04-27,부산,대파,1kg,2705
2026-04-27,부산,피망,100g,12700
2026-04-27,부산,파프리카,1개,1600
2026-04-27,부산,마늘,1kg,12825
2026-04-27,부산,브로콜리,1개,2843
2026-04-27,부산,사과,10개,26000
2026-04-27,부산,배,10개,29750
2026-04-28,부산,배추,1포기,4437
2026-04-28,부산,시금치,100g,8898
2026-04-28,부산,상추,100g,9233
2026-04-28,부산,얼갈이배추,1kg,2873
2026-04-28,부산,오이,10개,6243
2026-04-28,부산,호박,1개,1020
2026-04-28,부산,토마토,1kg,4990
2026-04-28,부산,무,1개,1913
2026-04-28,부산,당근,1kg,3588
2026-04-28,부산,열무,1kg,2878
2026-04-28,부산,양파,1kg,2073
2026-04-28,부산,대파,1kg,2705
2026-04-28,부산,피망,100g,12733
2026-04-28,부산,파프리카,1개,1625
2026-04-28,부산,마늘,1kg,12908
2026-04-28,부산,브로콜리,1개,2843
2026-04-28,부산,사과,10개,26000
2026-04-28,부산,배,10개,29750
2026-04-29,부산,배추,1포기,4447
2026-04-29,부산,시금치,100g,9145
2026-04-29,부산,상추,100g,9267
2026-04-29,부산,얼갈이배추,1kg,3015
2026-04-29,부산,오이,10개,6677
2026-04-29,부산,호박,1개,993
2026-04-29,부산,토마토,1kg,5458
2026-04-29,부산,무,1개,1927
2026-04-29,부산,당근,1kg,2995
2026-04-29,부산,열무,1kg,2978
2026-04-29,부산,양파,1kg,2063
2026-04-29,부산,대파,1kg,2698
2026-04-29,부산,피망,100g,12767
2026-04-29,부산,파프리카,1개,1675
2026-04-29,부산,마늘,1kg,12908
2026-04-29,부산,브로콜리,1개,2843
2026-04-29,부산,사과,10개,25375
2026-04-29,부산,배,10개,29850
2026-04-30,부산,배추,1포기,4220
2026-04-30,부산,시금치,100g,8178
2026-04-30,부산,상추,100g,9300
2026-04-30,부산,얼갈이배추,1kg,2765
2026-04-30,부산,오이,10개,6187
2026-04-30,부산,호박,1개,993
2026-04-30,부산,토마토,1kg,5600
2026-04-30,부산,무,1개,1793
2026-04-30,부산,당근,1kg,3328
2026-04-30,부산,열무,1kg,2753
2026-04-30,부산,양파,1kg,1908
2026-04-30,부산,대파,1kg,2718
2026-04-30,부산,피망,100g,13633
2026-04-30,부산,파프리카,1개,1758
2026-04-30,부산,마늘,1kg,12925
2026-04-30,부산,브로콜리,1개,2843
2026-04-30,부산,사과,10개,27375
2026-04-30,부산,배,10개,29850
2026-05-04,부산,배추,1포기,4220
2026-05-04,부산,시금치,100g,6400
2026-05-04,부산,상추,100g,9300
2026-05-04,부산,얼갈이배추,1kg,2765
2026-05-04,부산,오이,10개,6187
2026-05-04,부산,호박,1개,993
2026-05-04,부산,토마토,1kg,5265
2026-05-04,부산,무,1개,1793
2026-05-04,부산,당근,1kg,3863
2026-05-04,부산,열무,1kg,2753
2026-05-04,부산,양파,1kg,1908
2026-05-04,부산,대파,1kg,2718
2026-05-04,부산,피망,100g,13633
2026-05-04,부산,파프리카,1개,1758
2026-05-04,부산,마늘,1kg,12925
2026-05-04,부산,브로콜리,1개,2843
2026-05-04,부산,사과,10개,26875
2026-05-04,부산,배,10개,29850
2026-05-06,부산,배추,1포기,4220
2026-05-06,부산,시금치,100g,6413
2026-05-06,부산,상추,100g,9367
2026-05-06,부산,얼갈이배추,1kg,2765
2026-05-06,부산,오이,10개,6243
2026-05-06,부산,호박,1개,960
2026-05-06,부산,토마토,1kg,5600
2026-05-06,부산,무,1개,1793
2026-05-06,부산,당근,1kg,3863
2026-05-06,부산,열무,1kg,2753
2026-05-06,부산,양파,1kg,1908
2026-05-06,부산,대파,1kg,2580
2026-05-06,부산,피망,100g,13633
2026-05-06,부산,파프리카,1개,1718
2026-05-06,부산,마늘,1kg,12243
2026-05-06,부산,브로콜리,1개,2883
2026-05-06,부산,사과,10개,28625
2026-05-06,부산,배,10개,31100
2026-05-07,부산,배추,1포기,4220
2026-05-07,부산,시금치,100g,6617
2026-05-07,부산,상추,100g,8300
2026-05-07,부산,얼갈이배추,1kg,2585
2026-05-07,부산,오이,10개,6630
2026-05-07,부산,호박,1개,803
2026-05-07,부산,토마토,1kg,4523
2026-05-07,부산,무,1개,1960
2026-05-07,부산,당근,1kg,3863
2026-05-07,부산,열무,1kg,2685
2026-05-07,부산,양파,1kg,2055
2026-05-07,부산,대파,1kg,2813
2026-05-07,부산,피망,100g,13700
2026-05-07,부산,파프리카,1개,1833
2026-05-07,부산,마늘,1kg,13233
2026-05-07,부산,브로콜리,1개,2710
2026-05-07,부산,사과,10개,29750
2026-05-07,부산,배,10개,31100
2026-05-08,부산,배추,1포기,4220
2026-05-08,부산,시금치,100g,6273
2026-05-08,부산,상추,100g,8500
2026-05-08,부산,얼갈이배추,1kg,2618
2026-05-08,부산,오이,10개,6630
2026-05-08,부산,호박,1개,803
2026-05-08,부산,토마토,1kg,4790
2026-05-08,부산,무,1개,1960
2026-05-08,부산,당근,1kg,3863
2026-05-08,부산,열무,1kg,2750
2026-05-08,부산,양파,1kg,2048
2026-05-08,부산,대파,1kg,2855
2026-05-08,부산,피망,100g,13700
2026-05-08,부산,파프리카,1개,1733
2026-05-08,부산,마늘,1kg,13233
2026-05-08,부산,브로콜리,1개,2710
2026-05-08,부산,사과,10개,29250
2026-05-08,부산,배,10개,31100
2026-05-11,부산,배추,1포기,3980
2026-05-11,부산,시금치,100g,7340
2026-05-11,부산,상추,100g,8400
2026-05-11,부산,얼갈이배추,1kg,1960
2026-05-11,부산,오이,10개,5753
2026-05-11,부산,호박,1개,877
2026-05-11,부산,토마토,1kg,4050
2026-05-11,부산,무,1개,1970
2026-05-11,부산,당근,1kg,3397
2026-05-11,부산,열무,1kg,2003
2026-05-11,부산,양파,1kg,1763
2026-05-11,부산,대파,1kg,2023
2026-05-11,부산,피망,100g,13800
2026-05-11,부산,파프리카,1개,1647
2026-05-11,부산,마늘,1kg,12110
2026-05-11,부산,브로콜리,1개,2320
2026-05-11,부산,사과,10개,25067
2026-05-11,부산,배,10개,31250
2026-05-12,부산,배추,1포기,3980
2026-05-12,부산,시금치,100g,7340
2026-05-12,부산,상추,100g,8400
2026-05-12,부산,얼갈이배추,1kg,1907
2026-05-12,부산,오이,10개,5753
2026-05-12,부산,호박,1개,877
2026-05-12,부산,토마토,1kg,4160
2026-05-12,부산,무,1개,1970
2026-05-12,부산,당근,1kg,3397
2026-05-12,부산,열무,1kg,2013
2026-05-12,부산,양파,1kg,1753
2026-05-12,부산,대파,1kg,2037
2026-05-12,부산,피망,100g,13800
2026-05-12,부산,파프리카,1개,1660
2026-05-12,부산,마늘,1kg,12110
2026-05-12,부산,브로콜리,1개,2405
2026-05-12,부산,사과,10개,25067
2026-05-12,부산,배,10개,31100
2026-05-13,부산,배추,1포기,3450
2026-05-13,부산,시금치,100g,7403
2026-05-13,부산,상추,100g,10100
2026-05-13,부산,얼갈이배추,1kg,1873
2026-05-13,부산,오이,10개,6077
2026-05-13,부산,호박,1개,877
2026-05-13,부산,토마토,1kg,4227
2026-05-13,부산,무,1개,1980
2026-05-13,부산,당근,1kg,3400
2026-05-13,부산,열무,1kg,2200
2026-05-13,부산,양파,1kg,1743
2026-05-13,부산,대파,1kg,2267
2026-05-13,부산,피망,100g,13900
2026-05-13,부산,파프리카,1개,1787
2026-05-13,부산,마늘,1kg,12110
2026-05-13,부산,브로콜리,1개,2405
2026-05-13,부산,사과,10개,27067
2026-05-13,부산,배,10개,31100
2026-05-14,부산,배추,1포기,2940
2026-05-14,부산,시금치,100g,7543
2026-05-14,부산,상추,100g,8933
2026-05-14,부산,얼갈이배추,1kg,1583
2026-05-14,부산,오이,10개,4930
2026-05-14,부산,호박,1개,920
2026-05-14,부산,토마토,1kg,3870
2026-05-14,부산,무,1개,1980
2026-05-14,부산,당근,1kg,3030
2026-05-14,부산,열무,1kg,1800
2026-05-14,부산,양파,1kg,1447
2026-05-14,부산,대파,1kg,2233
2026-05-14,부산,피망,100g,13900
2026-05-14,부산,파프리카,1개,1263
2026-05-14,부산,마늘,1kg,10803
2026-05-14,부산,브로콜리,1개,2155
2026-05-14,부산,사과,10개,25067
2026-05-14,부산,배,10개,31100
2026-05-15,부산,배추,1포기,2940
2026-05-15,부산,시금치,100g,7543
2026-05-15,부산,상추,100g,8933
2026-05-15,부산,얼갈이배추,1kg,1740
2026-05-15,부산,오이,10개,4930
2026-05-15,부산,호박,1개,920
2026-05-15,부산,토마토,1kg,3870
2026-05-15,부산,무,1개,1993
2026-05-15,부산,당근,1kg,3040
2026-05-15,부산,열무,1kg,1783
2026-05-15,부산,양파,1kg,1437
2026-05-15,부산,대파,1kg,2233
2026-05-15,부산,피망,100g,13900
2026-05-15,부산,파프리카,1개,1263
2026-05-15,부산,마늘,1kg,10803
2026-05-15,부산,브로콜리,1개,2155
2026-05-15,부산,사과,10개,23767
2026-05-15,부산,배,10개,31100
2026-05-18,부산,배추,1포기,2940
2026-05-18,부산,시금치,100g,8170
2026-05-18,부산,상추,100g,11625
2026-05-18,부산,얼갈이배추,1kg,1717
2026-05-18,부산,오이,10개,4930
2026-05-18,부산,호박,1개,853
2026-05-18,부산,토마토,1kg,3943
2026-05-18,부산,무,1개,1980
2026-05-18,부산,당근,1kg,3670
2026-05-18,부산,열무,1kg,1773
2026-05-18,부산,양파,1kg,1493
2026-05-18,부산,대파,1kg,2403
2026-05-18,부산,피망,100g,13900
2026-05-18,부산,파프리카,1개,1195
2026-05-18,부산,마늘,1kg,10178
2026-05-18,부산,브로콜리,1개,2633
2026-05-18,부산,사과,10개,23767
2026-05-18,부산,배,10개,31100
2026-05-19,부산,배추,1포기,3440
2026-05-19,부산,시금치,100g,8195
2026-05-19,부산,상추,100g,11600
2026-05-19,부산,얼갈이배추,1kg,1777
2026-05-19,부산,오이,10개,5407
2026-05-19,부산,호박,1개,858
2026-05-19,부산,토마토,1kg,4193
2026-05-19,부산,무,1개,1980
2026-05-19,부산,당근,1kg,3920
2026-05-19,부산,열무,1kg,1940
2026-05-19,부산,양파,1kg,1643
2026-05-19,부산,대파,1kg,2403
2026-05-19,부산,피망,100g,13900
2026-05-19,부산,파프리카,1개,1320
2026-05-19,부산,마늘,1kg,11533
2026-05-19,부산,브로콜리,1개,2800
2026-05-19,부산,사과,10개,27067
2026-05-19,부산,배,10개,31100
2026-05-20,부산,배추,1포기,3440
2026-05-20,부산,시금치,100g,8170
2026-05-20,부산,상추,100g,11550
2026-05-20,부산,얼갈이배추,1kg,1777
2026-05-20,부산,오이,10개,5305
2026-05-20,부산,호박,1개,850
2026-05-20,부산,토마토,1kg,4193
2026-05-20,부산,무,1개,1980
2026-05-20,부산,당근,1kg,3910
2026-05-20,부산,열무,1kg,1917
2026-05-20,부산,양파,1kg,1638
2026-05-20,부산,대파,1kg,2348
2026-05-20,부산,피망,100g,13900
2026-05-20,부산,파프리카,1개,1320
2026-05-20,부산,마늘,1kg,11833
2026-05-20,부산,브로콜리,1개,2777
2026-05-20,부산,사과,10개,27200
2026-05-20,부산,배,10개,26533
2026-05-21,부산,배추,1포기,3440
2026-05-21,부산,시금치,100g,8230
2026-05-21,부산,상추,100g,11550
2026-05-21,부산,얼갈이배추,1kg,1537
2026-05-21,부산,오이,10개,5305
2026-05-21,부산,호박,1개,768
2026-05-21,부산,토마토,1kg,4193
2026-05-21,부산,무,1개,1980
2026-05-21,부산,당근,1kg,3660
2026-05-21,부산,열무,1kg,1676
2026-05-21,부산,양파,1kg,1483
2026-05-21,부산,대파,1kg,2303
2026-05-21,부산,피망,100g,13067
2026-05-21,부산,파프리카,1개,1218
2026-05-21,부산,마늘,1kg,11833
2026-05-21,부산,브로콜리,1개,2777
2026-05-21,부산,사과,10개,27200
2026-05-21,부산,배,10개,26533
2026-05-22,부산,배추,1포기,3440
2026-05-22,부산,시금치,100g,8228
2026-05-22,부산,상추,100g,11550
2026-05-22,부산,얼갈이배추,1kg,1193
2026-05-22,부산,오이,10개,5305
2026-05-22,부산,호박,1개,768
2026-05-22,부산,토마토,1kg,4193
2026-05-22,부산,무,1개,1980
2026-05-22,부산,당근,1kg,3660
2026-05-22,부산,열무,1kg,1676
2026-05-22,부산,양파,1kg,1483
2026-05-22,부산,대파,1kg,2163
2026-05-22,부산,피망,100g,13067
2026-05-22,부산,파프리카,1개,1218
2026-05-22,부산,마늘,1kg,11833
2026-05-22,부산,브로콜리,1개,2777
2026-05-22,부산,사과,10개,27200
2026-05-22,부산,배,10개,26533
2026-05-26,부산,배추,1포기,3440
2026-05-26,부산,시금치,100g,8280
2026-05-26,부산,상추,100g,11500
2026-05-26,부산,얼갈이배추,1kg,1433
2026-05-26,부산,오이,10개,5265
2026-05-26,부산,호박,1개,788
2026-05-26,부산,토마토,1kg,4193
2026-05-26,부산,무,1개,1980
2026-05-26,부산,당근,1kg,3660
2026-05-26,부산,열무,1kg,1913
2026-05-26,부산,양파,1kg,1483
2026-05-26,부산,대파,1kg,2328
2026-05-26,부산,피망,100g,13067
2026-05-26,부산,파프리카,1개,1340
2026-05-26,부산,마늘,1kg,11833
2026-05-26,부산,브로콜리,1개,2777
2026-05-26,부산,사과,10개,27325
2026-05-26,부산,배,10개,26533
2026-05-27,부산,배추,1포기,3190
2026-05-27,부산,시금치,100g,8278
2026-05-27,부산,상추,100g,12233
2026-05-27,부산,얼갈이배추,1kg,1710
2026-05-27,부산,오이,10개,4810
2026-05-27,부산,호박,1개,780
2026-05-27,부산,토마토,1kg,4490
2026-05-27,부산,무,1개,2480
2026-05-27,부산,당근,1kg,3673
2026-05-27,부산,열무,1kg,1913
2026-05-27,부산,양파,1kg,1630
2026-05-27,부산,대파,1kg,2533
2026-05-27,부산,피망,100g,12967
2026-05-27,부산,파프리카,1개,1323
2026-05-27,부산,마늘,1kg,11533
2026-05-27,부산,브로콜리,1개,2518
2026-05-27,부산,사과,10개,25825
2026-05-27,부산,배,10개,28200
2026-05-28,부산,배추,1포기,2985
2026-05-28,부산,시금치,100g,8278
2026-05-28,부산,상추,100g,11750
2026-05-28,부산,얼갈이배추,1kg,1380
2026-05-28,부산,오이,10개,5260
2026-05-28,부산,호박,1개,868
2026-05-28,부산,토마토,1kg,4490
2026-05-28,부산,무,1개,2480
2026-05-28,부산,당근,1kg,3405
2026-05-28,부산,열무,1kg,1487
2026-05-28,부산,양파,1kg,1448
2026-05-28,부산,대파,1kg,2735
2026-05-28,부산,피망,100g,12967
2026-05-28,부산,파프리카,1개,1325
2026-05-28,부산,마늘,1kg,11308
2026-05-28,부산,브로콜리,1개,2133
2026-05-28,부산,사과,10개,24375
2026-05-28,부산,배,10개,28200
2026-05-29,부산,배추,1포기,2985
2026-05-29,부산,시금치,100g,8278
2026-05-29,부산,상추,100g,11800
2026-05-29,부산,얼갈이배추,1kg,1370
2026-05-29,부산,오이,10개,5260
2026-05-29,부산,호박,1개,873
2026-05-29,부산,토마토,1kg,4490
2026-05-29,부산,무,1개,2480
2026-05-29,부산,당근,1kg,3365
2026-05-29,부산,열무,1kg,1463
2026-05-29,부산,양파,1kg,1443
2026-05-29,부산,대파,1kg,2750
2026-05-29,부산,피망,100g,12967
2026-05-29,부산,파프리카,1개,1318
2026-05-29,부산,마늘,1kg,11308
2026-05-29,부산,브로콜리,1개,2125
2026-05-29,부산,사과,10개,24375
2026-05-29,부산,배,10개,28200
2026-06-01,부산,배추,1포기,3190
2026-06-01,부산,시금치,100g,8278
2026-06-01,부산,상추,100g,11875
2026-06-01,부산,얼갈이배추,1kg,1173
2026-06-01,부산,오이,10개,5488
2026-06-01,부산,호박,1개,950
2026-06-01,부산,토마토,1kg,4657
2026-06-01,부산,무,1개,2480
2026-06-01,부산,당근,1kg,3330
2026-06-01,부산,열무,1kg,1463
2026-06-01,부산,양파,1kg,1443
2026-06-01,부산,대파,1kg,2710
2026-06-01,부산,피망,100g,12867
2026-06-01,부산,파프리카,1개,1403
2026-06-01,부산,마늘,1kg,11308
2026-06-01,부산,브로콜리,1개,1850
2026-06-01,부산,사과,10개,24375
2026-06-01,부산,배,10개,28200
2026-06-02,부산,배추,1포기,3190
2026-06-02,부산,시금치,100g,7723
2026-06-02,부산,상추,100g,11975
2026-06-02,부산,얼갈이배추,1kg,1173
2026-06-02,부산,오이,10개,5488
2026-06-02,부산,호박,1개,975
2026-06-02,부산,토마토,1kg,4680
2026-06-02,부산,무,1개,2480
2026-06-02,부산,당근,1kg,2678
2026-06-02,부산,열무,1kg,1463
2026-06-02,부산,양파,1kg,1440
2026-06-02,부산,대파,1kg,2725
2026-06-02,부산,피망,100g,12867
2026-06-02,부산,파프리카,1개,1385
2026-06-02,부산,마늘,1kg,10833
2026-06-02,부산,브로콜리,1개,1975
2026-06-02,부산,사과,10개,23900
2026-06-02,부산,배,10개,28200
2026-06-04,부산,배추,1포기,3190
2026-06-04,부산,시금치,100g,7673
2026-06-04,부산,상추,100g,11975
2026-06-04,부산,얼갈이배추,1kg,1913
2026-06-04,부산,오이,10개,5440
2026-06-04,부산,호박,1개,1108
2026-06-04,부산,토마토,1kg,4623
2026-06-04,부산,무,1개,2240
2026-06-04,부산,당근,1kg,3253
2026-06-04,부산,열무,1kg,1793
2026-06-04,부산,양파,1kg,1588
2026-06-04,부산,대파,1kg,3048
2026-06-04,부산,피망,100g,12867
2026-06-04,부산,파프리카,1개,1493
2026-06-04,부산,마늘,1kg,11133
2026-06-04,부산,브로콜리,1개,2100
2026-06-04,부산,사과,10개,28500
2026-06-04,부산,배,10개,28200
2026-06-05,부산,배추,1포기,3440
2026-06-05,부산,시금치,100g,7673
2026-06-05,부산,상추,100g,11950
2026-06-05,부산,얼갈이배추,1kg,2023
2026-06-05,부산,오이,10개,5243
2026-06-05,부산,호박,1개,1105
2026-06-05,부산,토마토,1kg,4790
2026-06-05,부산,무,1개,2240
2026-06-05,부산,당근,1kg,2995
2026-06-05,부산,열무,1kg,1750
2026-06-05,부산,양파,1kg,1333
2026-06-05,부산,대파,1kg,3015
2026-06-05,부산,피망,100g,12867
2026-06-05,부산,파프리카,1개,1493
2026-06-05,부산,마늘,1kg,11108
2026-06-05,부산,브로콜리,1개,1850
2026-06-05,부산,사과,10개,28500
2026-06-05,부산,배,10개,28200
2026-06-08,부산,배추,1포기,3440
2026-06-08,부산,시금치,100g,7673
2026-06-08,부산,상추,100g,11950
2026-06-08,부산,얼갈이배추,1kg,2023
2026-06-08,부산,오이,10개,5243
2026-06-08,부산,호박,1개,1115
2026-06-08,부산,토마토,1kg,4590
2026-06-08,부산,무,1개,2240
2026-06-08,부산,당근,1kg,3245
2026-06-08,부산,열무,1kg,1750
2026-06-08,부산,양파,1kg,1333
2026-06-08,부산,대파,1kg,3030
2026-06-08,부산,피망,100g,12867
2026-06-08,부산,파프리카,1개,1450
2026-06-08,부산,마늘,1kg,11108
2026-06-08,부산,브로콜리,1개,1850
2026-06-08,부산,사과,10개,27325
2026-06-08,부산,배,10개,28200
2026-06-09,부산,배추,1포기,3440
2026-06-09,부산,시금치,100g,7678
2026-06-09,부산,상추,100g,11975
2026-06-09,부산,얼갈이배추,1kg,2023
2026-06-09,부산,오이,10개,5243
2026-06-09,부산,호박,1개,1115
2026-06-09,부산,토마토,1kg,4590
2026-06-09,부산,무,1개,2240
2026-06-09,부산,당근,1kg,3245
2026-06-09,부산,열무,1kg,1750
2026-06-09,부산,양파,1kg,1333
2026-06-09,부산,대파,1kg,3030
2026-06-09,부산,피망,100g,12867
2026-06-09,부산,파프리카,1개,1450
2026-06-09,부산,마늘,1kg,11108
2026-06-09,부산,브로콜리,1개,1850
2026-06-09,부산,사과,10개,27325
2026-06-09,부산,배,10개,28200
2026-06-10,부산,배추,1포기,3690
2026-06-10,부산,시금치,100g,8358
2026-06-10,부산,상추,100g,10850
2026-06-10,부산,얼갈이배추,1kg,2035
2026-06-10,부산,오이,10개,4830
2026-06-10,부산,호박,1개,1265
2026-06-10,부산,토마토,1kg,4215
2026-06-10,부산,무,1개,2240
2026-06-10,부산,당근,1kg,3245
2026-06-10,부산,열무,1kg,1750
2026-06-10,부산,양파,1kg,1438
2026-06-10,부산,대파,1kg,3040
2026-06-10,부산,피망,100g,12867
2026-06-10,부산,파프리카,1개,1425
2026-06-10,부산,마늘,1kg,10558
2026-06-10,부산,브로콜리,1개,2250
2026-06-10,부산,사과,10개,25825
2026-06-10,부산,배,10개,28200
2026-06-11,부산,배추,1포기,3440
2026-06-11,부산,시금치,100g,8330
2026-06-11,부산,상추,100g,11575
2026-06-11,부산,얼갈이배추,1kg,2045
2026-06-11,부산,오이,10개,5670
2026-06-11,부산,호박,1개,1123
2026-06-11,부산,토마토,1kg,3523
2026-06-11,부산,무,1개,2240
2026-06-11,부산,당근,1kg,3565
2026-06-11,부산,열무,1kg,1783
2026-06-11,부산,양파,1kg,1445
2026-06-11,부산,대파,1kg,2900
2026-06-11,부산,피망,100g,12867
2026-06-11,부산,파프리카,1개,1475
2026-06-11,부산,마늘,1kg,10808
2026-06-11,부산,브로콜리,1개,2250
2026-06-11,부산,사과,10개,22825
2026-06-11,부산,배,10개,30900
2026-06-12,부산,배추,1포기,3940
2026-06-12,부산,시금치,100g,8330
2026-06-12,부산,상추,100g,11575
2026-06-12,부산,얼갈이배추,1kg,2045
2026-06-12,부산,오이,10개,5670
2026-06-12,부산,호박,1개,1123
2026-06-12,부산,토마토,1kg,3523
2026-06-12,부산,무,1개,2240
2026-06-12,부산,당근,1kg,3565
2026-06-12,부산,열무,1kg,1783
2026-06-12,부산,양파,1kg,1445
2026-06-12,부산,대파,1kg,2900
2026-06-12,부산,피망,100g,12867
2026-06-12,부산,파프리카,1개,1418
2026-06-12,부산,마늘,1kg,10808
2026-06-12,부산,브로콜리,1개,2250
2026-06-12,부산,사과,10개,22825
2026-06-12,부산,배,10개,30900
2026-06-15,부산,배추,1포기,3940
2026-06-15,부산,시금치,100g,8355
2026-06-15,부산,상추,100g,11700
2026-06-15,부산,얼갈이배추,1kg,1613
2026-06-15,부산,오이,10개,5670
2026-06-15,부산,호박,1개,1243
2026-06-15,부산,토마토,1kg,3813
2026-06-15,부산,무,1개,2240
2026-06-15,부산,당근,1kg,3565
2026-06-15,부산,열무,1kg,1783
2026-06-15,부산,양파,1kg,1458
2026-06-15,부산,대파,1kg,2925
2026-06-15,부산,피망,100g,11033
2026-06-15,부산,파프리카,1개,1343
2026-06-15,부산,마늘,1kg,10808
2026-06-15,부산,브로콜리,1개,2200
2026-06-15,부산,사과,10개,23325
2026-06-15,부산,배,10개,30975
2026-06-16,부산,배추,1포기,3593
2026-06-16,부산,시금치,100g,8283
2026-06-16,부산,상추,100g,11775
2026-06-16,부산,얼갈이배추,1kg,1620
2026-06-16,부산,오이,10개,5175
2026-06-16,부산,호박,1개,1243
2026-06-16,부산,토마토,1kg,4175
2026-06-16,부산,무,1개,2240
2026-06-16,부산,당근,1kg,3565
2026-06-16,부산,열무,1kg,1770
2026-06-16,부산,양파,1kg,1653
2026-06-16,부산,대파,1kg,2950
2026-06-16,부산,피망,100g,11033
2026-06-16,부산,파프리카,1개,1335
2026-06-16,부산,마늘,1kg,10808
2026-06-16,부산,브로콜리,1개,2200
2026-06-16,부산,사과,10개,23400
2026-06-16,부산,배,10개,28400
2026-06-17,부산,배추,1포기,3593
2026-06-17,부산,시금치,100g,8520
2026-06-17,부산,상추,100g,13125
2026-06-17,부산,얼갈이배추,1kg,1627
2026-06-17,부산,오이,10개,5633
2026-06-17,부산,호박,1개,1243
2026-06-17,부산,토마토,1kg,4425
2026-06-17,부산,무,1개,2160
2026-06-17,부산,당근,1kg,3795
2026-06-17,부산,열무,1kg,1770
2026-06-17,부산,양파,1kg,1673
2026-06-17,부산,대파,1kg,2965
2026-06-17,부산,피망,100g,11033
2026-06-17,부산,파프리카,1개,1335
2026-06-17,부산,마늘,1kg,12233
2026-06-17,부산,브로콜리,1개,2200
2026-06-17,부산,사과,10개,23400
2026-06-17,부산,배,10개,28400
2026-06-18,부산,배추,1포기,3293
2026-06-18,부산,시금치,100g,8565
2026-06-18,부산,상추,100g,12825
2026-06-18,부산,얼갈이배추,1kg,1377
2026-06-18,부산,오이,10개,5118
2026-06-18,부산,호박,1개,1118
2026-06-18,부산,토마토,1kg,3925
2026-06-18,부산,무,1개,1680
2026-06-18,부산,당근,1kg,3000
2026-06-18,부산,열무,1kg,1707
2026-06-18,부산,양파,1kg,1390
2026-06-18,부산,대파,1kg,2568
2026-06-18,부산,피망,100g,10633
2026-06-18,부산,파프리카,1개,1168
2026-06-18,부산,마늘,1kg,10445
2026-06-18,부산,브로콜리,1개,1758
2026-06-18,부산,사과,10개,22275
2026-06-18,부산,배,10개,28400
2026-06-19,부산,배추,1포기,3293
2026-06-19,부산,시금치,100g,8565
2026-06-19,부산,상추,100g,12825
2026-06-19,부산,얼갈이배추,1kg,1377
2026-06-19,부산,오이,10개,5118
2026-06-19,부산,호박,1개,1118
2026-06-19,부산,토마토,1kg,3925
2026-06-19,부산,무,1개,1680
2026-06-19,부산,당근,1kg,3000
2026-06-19,부산,열무,1kg,1707
2026-06-19,부산,양파,1kg,1390
2026-06-19,부산,대파,1kg,2568
2026-06-19,부산,피망,100g,10633
2026-06-19,부산,파프리카,1개,1168
2026-06-19,부산,마늘,1kg,10445
2026-06-19,부산,브로콜리,1개,1758
2026-06-19,부산,사과,10개,22275
2026-06-19,부산,배,10개,28400
2026-06-22,부산,배추,1포기,3293
2026-06-22,부산,시금치,100g,8565
2026-06-22,부산,상추,100g,12900
2026-06-22,부산,얼갈이배추,1kg,1377
2026-06-22,부산,오이,10개,5078
2026-06-22,부산,호박,1개,1118
2026-06-22,부산,토마토,1kg,3925
2026-06-22,부산,무,1개,1680
2026-06-22,부산,당근,1kg,3000
2026-06-22,부산,열무,1kg,1707
2026-06-22,부산,양파,1kg,1408
2026-06-22,부산,대파,1kg,2583
2026-06-22,부산,피망,100g,10633
2026-06-22,부산,파프리카,1개,1158
2026-06-22,부산,마늘,1kg,10445
2026-06-22,부산,브로콜리,1개,1743
2026-06-22,부산,사과,10개,22275
2026-06-22,부산,배,10개,28400
2026-06-23,부산,배추,1포기,3413
2026-06-23,부산,시금치,100g,8565
2026-06-23,부산,상추,100g,12650
2026-06-23,부산,얼갈이배추,1kg,1367
2026-06-23,부산,오이,10개,4993
2026-06-23,부산,호박,1개,1158
2026-06-23,부산,토마토,1kg,3925
2026-06-23,부산,무,1개,1680
2026-06-23,부산,당근,1kg,2968
2026-06-23,부산,열무,1kg,1697
2026-06-23,부산,양파,1kg,1423
2026-06-23,부산,대파,1kg,2583
2026-06-23,부산,피망,100g,10633
2026-06-23,부산,파프리카,1개,1143
2026-06-23,부산,마늘,1kg,10445
2026-06-23,부산,브로콜리,1개,1743
2026-06-23,부산,사과,10개,22275
2026-06-23,부산,배,10개,28400
2026-06-24,부산,배추,1포기,3793
2026-06-24,부산,시금치,100g,9268
2026-06-24,부산,상추,100g,12833
2026-06-24,부산,얼갈이배추,1kg,1533
2026-06-24,부산,오이,10개,4528
2026-06-24,부산,호박,1개,1088
2026-06-24,부산,토마토,1kg,4237
2026-06-24,부산,무,1개,1970
2026-06-24,부산,당근,1kg,3735
2026-06-24,부산,열무,1kg,1697
2026-06-24,부산,양파,1kg,1580
2026-06-24,부산,대파,1kg,2915
2026-06-24,부산,피망,100g,11033
2026-06-24,부산,파프리카,1개,1125
2026-06-24,부산,마늘,1kg,11933
2026-06-24,부산,브로콜리,1개,2093
2026-06-24,부산,사과,10개,24900
2026-06-24,부산,배,10개,33550
2026-06-25,부산,배추,1포기,3847
2026-06-25,부산,시금치,100g,9268
2026-06-25,부산,상추,100g,12733
2026-06-25,부산,얼갈이배추,1kg,1527
2026-06-25,부산,오이,10개,4490
2026-06-25,부산,호박,1개,973
2026-06-25,부산,토마토,1kg,4070
2026-06-25,부산,무,1개,2037
2026-06-25,부산,당근,1kg,3478
2026-06-25,부산,열무,1kg,1683
2026-06-25,부산,양파,1kg,1658
2026-06-25,부산,대파,1kg,2640
2026-06-25,부산,피망,100g,11033
2026-06-25,부산,파프리카,1개,1168
2026-06-25,부산,마늘,1kg,11058
2026-06-25,부산,브로콜리,1개,2093
2026-06-25,부산,사과,10개,24900
2026-06-25,부산,배,10개,33550
2026-06-26,부산,배추,1포기,3860
2026-06-26,부산,시금치,100g,9268
2026-06-26,부산,상추,100g,12500
2026-06-26,부산,얼갈이배추,1kg,1540
2026-06-26,부산,오이,10개,4490
2026-06-26,부산,호박,1개,973
2026-06-26,부산,토마토,1kg,3957
2026-06-26,부산,무,1개,2037
2026-06-26,부산,당근,1kg,3478
2026-06-26,부산,열무,1kg,1683
2026-06-26,부산,양파,1kg,1683
2026-06-26,부산,대파,1kg,2640
2026-06-26,부산,피망,100g,11033
2026-06-26,부산,파프리카,1개,1150
2026-06-26,부산,마늘,1kg,11050
2026-06-26,부산,브로콜리,1개,2100
2026-06-26,부산,사과,10개,24975
2026-06-26,부산,배,10개,33650
2026-06-29,부산,배추,1포기,3860
2026-06-29,부산,시금치,100g,9268
2026-06-29,부산,상추,100g,12833
2026-06-29,부산,얼갈이배추,1kg,1540
2026-06-29,부산,오이,10개,4575
2026-06-29,부산,호박,1개,948
2026-06-29,부산,토마토,1kg,3957
2026-06-29,부산,무,1개,2027
2026-06-29,부산,당근,1kg,3478
2026-06-29,부산,열무,1kg,1673
2026-06-29,부산,양파,1kg,1693
2026-06-29,부산,대파,1kg,2640
2026-06-29,부산,피망,100g,11033
2026-06-29,부산,파프리카,1개,1143
2026-06-29,부산,마늘,1kg,11050
2026-06-29,부산,브로콜리,1개,2108
2026-06-29,부산,사과,10개,25075
2026-06-29,부산,배,10개,33725
2026-06-30,부산,배추,1포기,3860
2026-06-30,부산,시금치,100g,9268
2026-06-30,부산,상추,100g,13067
2026-06-30,부산,얼갈이배추,1kg,1533
2026-06-30,부산,오이,10개,4975
2026-06-30,부산,호박,1개,948
2026-06-30,부산,토마토,1kg,3617
2026-06-30,부산,무,1개,2027
2026-06-30,부산,당근,1kg,3728
2026-06-30,부산,열무,1kg,1607
2026-06-30,부산,양파,1kg,1678
2026-06-30,부산,대파,1kg,2598
2026-06-30,부산,피망,100g,11033
2026-06-30,부산,파프리카,1개,1193
2026-06-30,부산,마늘,1kg,11550
2026-06-30,부산,브로콜리,1개,2118
2026-06-30,부산,사과,10개,23100
2026-06-30,부산,배,10개,36300
2026-07-01,부산,배추,1포기,3860
2026-07-01,부산,시금치,100g,7875
2026-07-01,부산,상추,100g,11733
2026-07-01,부산,얼갈이배추,1kg,1533
2026-07-01,부산,오이,10개,5450
2026-07-01,부산,호박,1개,948
2026-07-01,부산,토마토,1kg,3617
2026-07-01,부산,무,1개,2027
2026-07-01,부산,당근,1kg,3343
2026-07-01,부산,열무,1kg,1607
2026-07-01,부산,양파,1kg,1658
2026-07-01,부산,대파,1kg,2598
2026-07-01,부산,피망,100g,11033
2026-07-01,부산,파프리카,1개,1118
2026-07-01,부산,마늘,1kg,10945
2026-07-01,부산,브로콜리,1개,2118
2026-07-01,부산,사과,10개,23100
2026-07-01,부산,배,10개,40933
2026-07-02,부산,배추,1포기,3393
2026-07-02,부산,시금치,100g,7303
2026-07-02,부산,상추,100g,10863
2026-07-02,부산,얼갈이배추,1kg,1483
2026-07-02,부산,오이,10개,5573
2026-07-02,부산,호박,1개,896
2026-07-02,부산,토마토,1kg,3617
2026-07-02,부산,무,1개,1713
2026-07-02,부산,당근,1kg,2905
2026-07-02,부산,열무,1kg,1563
2026-07-02,부산,양파,1kg,1548
2026-07-02,부산,대파,1kg,2510
2026-07-02,부산,피망,100g,11033
2026-07-02,부산,파프리카,1개,988
2026-07-02,부산,마늘,1kg,10210
2026-07-02,부산,브로콜리,1개,1818
2026-07-02,부산,사과,10개,22725
2026-07-02,부산,배,10개,41167
2026-07-03,부산,배추,1포기,3393
2026-07-03,부산,시금치,100g,7303
2026-07-03,부산,상추,100g,10863
2026-07-03,부산,얼갈이배추,1kg,1483
2026-07-03,부산,오이,10개,5573
2026-07-03,부산,호박,1개,888
2026-07-03,부산,토마토,1kg,3617
2026-07-03,부산,무,1개,1713
2026-07-03,부산,당근,1kg,2920
2026-07-03,부산,열무,1kg,1563
2026-07-03,부산,양파,1kg,1548
2026-07-03,부산,대파,1kg,2493
2026-07-03,부산,피망,100g,11033
2026-07-03,부산,파프리카,1개,980
2026-07-03,부산,마늘,1kg,10210
2026-07-03,부산,브로콜리,1개,1818
2026-07-03,부산,사과,10개,23100
2026-07-03,부산,배,10개,37175
2026-07-06,부산,배추,1포기,3393
2026-07-06,부산,시금치,100g,7353
2026-07-06,부산,상추,100g,10963
2026-07-06,부산,얼갈이배추,1kg,1493
2026-07-06,부산,오이,10개,5573
2026-07-06,부산,호박,1개,888
2026-07-06,부산,토마토,1kg,4350
2026-07-06,부산,무,1개,1713
2026-07-06,부산,당근,1kg,2955
2026-07-06,부산,열무,1kg,1630
2026-07-06,부산,양파,1kg,1548
2026-07-06,부산,대파,1kg,2478
2026-07-06,부산,피망,100g,11033
2026-07-06,부산,파프리카,1개,963
2026-07-06,부산,마늘,1kg,10210
2026-07-06,부산,브로콜리,1개,1818
2026-07-06,부산,사과,10개,23650
2026-07-06,부산,배,10개,35925
2026-07-07,부산,배추,1포기,3393
2026-07-07,부산,시금치,100g,7878
2026-07-07,부산,상추,100g,10963
2026-07-07,부산,얼갈이배추,1kg,1617
2026-07-07,부산,오이,10개,5573
2026-07-07,부산,호박,1개,888
2026-07-07,부산,토마토,1kg,4337
2026-07-07,부산,무,1개,1713
2026-07-07,부산,당근,1kg,3123
2026-07-07,부산,열무,1kg,1630
2026-07-07,부산,양파,1kg,1598
2026-07-07,부산,대파,1kg,2485
2026-07-07,부산,피망,100g,11033
2026-07-07,부산,파프리카,1개,1005
2026-07-07,부산,마늘,1kg,10210
2026-07-07,부산,브로콜리,1개,1825
2026-07-07,부산,사과,10개,23675
2026-07-07,부산,배,10개,37175
2026-07-08,부산,배추,1포기,3403
2026-07-08,부산,시금치,100g,9228
2026-07-08,부산,상추,100g,10788
2026-07-08,부산,얼갈이배추,1kg,1650
2026-07-08,부산,오이,10개,5163
2026-07-08,부산,호박,1개,888
2026-07-08,부산,토마토,1kg,3968
2026-07-08,부산,무,1개,1847
2026-07-08,부산,당근,1kg,3123
2026-07-08,부산,열무,1kg,1630
2026-07-08,부산,양파,1kg,1640
2026-07-08,부산,대파,1kg,2468
2026-07-08,부산,피망,100g,11033
2026-07-08,부산,파프리카,1개,1005
2026-07-08,부산,마늘,1kg,10210
2026-07-08,부산,브로콜리,1개,1833
2026-07-08,부산,사과,10개,23675
2026-07-08,부산,배,10개,41267
2026-07-09,부산,배추,1포기,3403
2026-07-09,부산,시금치,100g,9653
2026-07-09,부산,상추,100g,11833
2026-07-09,부산,얼갈이배추,1kg,1477
2026-07-09,부산,오이,10개,5130
2026-07-09,부산,호박,1개,794
2026-07-09,부산,토마토,1kg,4200
2026-07-09,부산,무,1개,1847
2026-07-09,부산,당근,1kg,2948
2026-07-09,부산,열무,1kg,1376
2026-07-09,부산,양파,1kg,1793
2026-07-09,부산,대파,1kg,2520
2026-07-09,부산,피망,100g,9423
2026-07-09,부산,파프리카,1개,928
2026-07-09,부산,마늘,1kg,9255
2026-07-09,부산,브로콜리,1개,1825
2026-07-09,부산,사과,10개,23650
2026-07-09,부산,배,10개,41267
2026-07-10,부산,배추,1포기,3403
2026-07-10,부산,시금치,100g,9653
2026-07-10,부산,상추,100g,13000
2026-07-10,부산,얼갈이배추,1kg,1487
2026-07-10,부산,오이,10개,5020
2026-07-10,부산,호박,1개,794
2026-07-10,부산,토마토,1kg,4193
2026-07-10,부산,무,1개,2013
2026-07-10,부산,당근,1kg,2948
2026-07-10,부산,열무,1kg,1292
2026-07-10,부산,양파,1kg,1833
2026-07-10,부산,대파,1kg,2538
2026-07-10,부산,피망,100g,9423
2026-07-10,부산,파프리카,1개,920
2026-07-10,부산,마늘,1kg,9255
2026-07-10,부산,브로콜리,1개,1808
2026-07-10,부산,사과,10개,24900
2026-07-10,부산,배,10개,41267
2026-07-13,부산,배추,1포기,3413
2026-07-13,부산,시금치,100g,9653
2026-07-13,부산,상추,100g,13100
2026-07-13,부산,얼갈이배추,1kg,1343
2026-07-13,부산,오이,10개,5073
2026-07-13,부산,호박,1개,794
2026-07-13,부산,토마토,1kg,4200
2026-07-13,부산,무,1개,2027
2026-07-13,부산,당근,1kg,2948
2026-07-13,부산,열무,1kg,1435
2026-07-13,부산,양파,1kg,1858
2026-07-13,부산,대파,1kg,2553
2026-07-13,부산,피망,100g,9423
2026-07-13,부산,파프리카,1개,928
2026-07-13,부산,마늘,1kg,9255
2026-07-13,부산,브로콜리,1개,1825
2026-07-13,부산,사과,10개,25650
2026-07-13,부산,배,10개,41267
2026-07-14,부산,배추,1포기,3413
2026-07-14,부산,시금치,100g,9653
2026-07-14,부산,상추,100g,13100
2026-07-14,부산,얼갈이배추,1kg,1343
2026-07-14,부산,오이,10개,5073
2026-07-14,부산,호박,1개,794
2026-07-14,부산,토마토,1kg,4200
2026-07-14,부산,무,1개,2027
2026-07-14,부산,당근,1kg,2948
2026-07-14,부산,열무,1kg,1435
2026-07-14,부산,양파,1kg,1883
2026-07-14,부산,대파,1kg,2563
2026-07-14,부산,피망,100g,9427
2026-07-14,부산,파프리카,1개,928
2026-07-14,부산,마늘,1kg,9255
2026-07-14,부산,브로콜리,1개,1825
2026-07-14,부산,사과,10개,25650
2026-07-14,부산,배,10개,41267
2026-07-15,부산,배추,1포기,2400
2026-07-15,부산,시금치,100g,10403
2026-07-15,부산,상추,100g,13333
2026-07-15,부산,얼갈이배추,1kg,1583
2026-07-15,부산,오이,10개,5297
2026-07-15,부산,호박,1개,819
2026-07-15,부산,토마토,1kg,4200
2026-07-15,부산,무,1개,2027
2026-07-15,부산,당근,1kg,3103
2026-07-15,부산,열무,1kg,1782
2026-07-15,부산,양파,1kg,1900
2026-07-15,부산,대파,1kg,2588
2026-07-15,부산,피망,100g,9423
2026-07-15,부산,파프리카,1개,1003
2026-07-15,부산,마늘,1kg,9255
2026-07-15,부산,브로콜리,1개,1825
2026-07-15,부산,사과,10개,24950
2026-07-15,부산,배,10개,41267
2026-07-16,부산,배추,1포기,2950
2026-07-16,부산,시금치,100g,10480
2026-07-16,부산,상추,100g,13433
2026-07-16,부산,얼갈이배추,1kg,1717
2026-07-16,부산,오이,10개,5573
2026-07-16,부산,호박,1개,863
2026-07-16,부산,토마토,1kg,3743
2026-07-16,부산,무,1개,2187
2026-07-16,부산,당근,1kg,3195
2026-07-16,부산,열무,1kg,2083
2026-07-16,부산,양파,1kg,2020
2026-07-16,부산,대파,1kg,2855
2026-07-16,부산,피망,100g,9423
2026-07-16,부산,파프리카,1개,1003
2026-07-16,부산,마늘,1kg,9768
2026-07-16,부산,브로콜리,1개,1700
2026-07-16,부산,사과,10개,21975
2026-07-16,부산,배,10개,41267
2026-07-20,부산,배추,1포기,2950
2026-07-20,부산,시금치,100g,10480
2026-07-20,부산,상추,100g,13567
2026-07-20,부산,얼갈이배추,1kg,1760
2026-07-20,부산,오이,10개,6730
2026-07-20,부산,호박,1개,863
2026-07-20,부산,토마토,1kg,3743
2026-07-20,부산,무,1개,2187
2026-07-20,부산,당근,1kg,3195
2026-07-20,부산,열무,1kg,2097
2026-07-20,부산,양파,1kg,2020
2026-07-20,부산,대파,1kg,2675
2026-07-20,부산,피망,100g,9423
2026-07-20,부산,파프리카,1개,1003
2026-07-20,부산,마늘,1kg,9810
2026-07-20,부산,브로콜리,1개,1700
2026-07-20,부산,사과,10개,21975
2026-07-20,부산,배,10개,41267
2026-07-21,부산,배추,1포기,3220
2026-07-21,부산,시금치,100g,11182
2026-07-21,부산,상추,100g,13120
2026-07-21,부산,얼갈이배추,1kg,2188
2026-07-21,부산,오이,10개,8855
2026-07-21,부산,호박,1개,940
2026-07-21,부산,토마토,1kg,4678
2026-07-21,부산,무,1개,2138
2026-07-21,부산,당근,1kg,3194
2026-07-21,부산,열무,1kg,2285
2026-07-21,부산,양파,1kg,1934
2026-07-21,부산,대파,1kg,3070
2026-07-21,부산,피망,100g,9423
2026-07-21,부산,파프리카,1개,1046
2026-07-21,부산,마늘,1kg,10128
2026-07-21,부산,브로콜리,1개,1958
2026-07-21,부산,사과,10개,23660
2026-07-21,부산,배,10개,44900
2026-07-22,부산,배추,1포기,3220
2026-07-22,부산,시금치,100g,10253
2026-07-22,부산,상추,100g,13720
2026-07-22,부산,얼갈이배추,1kg,2188
2026-07-22,부산,오이,10개,8940
2026-07-22,부산,호박,1개,1020
2026-07-22,부산,토마토,1kg,4778
2026-07-22,부산,무,1개,2138
2026-07-22,부산,당근,1kg,3556
2026-07-22,부산,열무,1kg,2303
2026-07-22,부산,양파,1kg,1934
2026-07-22,부산,대파,1kg,3056
2026-07-22,부산,피망,100g,9090
2026-07-22,부산,파프리카,1개,1038
2026-07-22,부산,마늘,1kg,10128
2026-07-22,부산,브로콜리,1개,1964
2026-07-22,부산,사과,10개,24660
2026-07-22,부산,배,10개,44900
2026-07-23,부산,배추,1포기,2950
2026-07-23,부산,시금치,100g,12350
2026-07-23,부산,상추,100g,14960
2026-07-23,부산,얼갈이배추,1kg,2568
2026-07-23,부산,오이,10개,9958
2026-07-23,부산,호박,1개,1018
2026-07-23,부산,토마토,1kg,4578
2026-07-23,부산,무,1개,2190
2026-07-23,부산,당근,1kg,3482
2026-07-23,부산,열무,1kg,2778
2026-07-23,부산,양파,1kg,1876
2026-07-23,부산,대파,1kg,2892
2026-07-23,부산,피망,100g,8283
2026-07-23,부산,파프리카,1개,1132
2026-07-23,부산,마늘,1kg,10900
2026-07-23,부산,브로콜리,1개,2260
2026-07-23,부산,사과,10개,28240
2026-07-23,부산,배,10개,39067
2026-07-24,부산,배추,1포기,3470
2026-07-24,부산,시금치,100g,12350
2026-07-24,부산,상추,100g,14960
2026-07-24,부산,얼갈이배추,1kg,2568
2026-07-24,부산,오이,10개,9958
2026-07-24,부산,호박,1개,1018
2026-07-24,부산,토마토,1kg,4578
2026-07-24,부산,무,1개,2190
2026-07-24,부산,당근,1kg,3482
2026-07-24,부산,열무,1kg,2778
2026-07-24,부산,양파,1kg,1876
2026-07-24,부산,대파,1kg,2892
2026-07-24,부산,피망,100g,8283
2026-07-24,부산,파프리카,1개,1132
2026-07-24,부산,마늘,1kg,10900
2026-07-24,부산,브로콜리,1개,2260
2026-07-24,부산,사과,10개,25860
2026-07-24,부산,배,10개,36567
2026-04-27,대구,배추,1포기,4825
2026-04-27,대구,시금치,100g,8723
2026-04-27,대구,상추,100g,9767
2026-04-27,대구,얼갈이배추,1kg,3160
2026-04-27,대구,오이,10개,8850
2026-04-27,대구,호박,1개,1425
2026-04-27,대구,토마토,1kg,5400
2026-04-27,대구,무,1개,2395
2026-04-27,대구,당근,1kg,3693
2026-04-27,대구,열무,1kg,2495
2026-04-27,대구,양파,1kg,2050
2026-04-27,대구,대파,1kg,3137
2026-04-27,대구,피망,100g,16700
2026-04-27,대구,파프리카,1개,1813
2026-04-27,대구,마늘,1kg,13567
2026-04-27,대구,브로콜리,1개,2770
2026-04-27,대구,사과,10개,30800
2026-04-27,대구,배,10개,39950
2026-04-28,대구,배추,1포기,4825
2026-04-28,대구,시금치,100g,8720
2026-04-28,대구,상추,100g,9767
2026-04-28,대구,얼갈이배추,1kg,3160
2026-04-28,대구,오이,10개,8850
2026-04-28,대구,호박,1개,1425
2026-04-28,대구,토마토,1kg,5490
2026-04-28,대구,무,1개,2395
2026-04-28,대구,당근,1kg,3693
2026-04-28,대구,열무,1kg,2495
2026-04-28,대구,양파,1kg,2050
2026-04-28,대구,대파,1kg,3120
2026-04-28,대구,피망,100g,16700
2026-04-28,대구,파프리카,1개,1813
2026-04-28,대구,마늘,1kg,13567
2026-04-28,대구,브로콜리,1개,2770
2026-04-28,대구,사과,10개,31833
2026-04-28,대구,배,10개,39950
2026-04-29,대구,배추,1포기,4825
2026-04-29,대구,시금치,100g,8720
2026-04-29,대구,상추,100g,9767
2026-04-29,대구,얼갈이배추,1kg,3160
2026-04-29,대구,오이,10개,8850
2026-04-29,대구,호박,1개,1425
2026-04-29,대구,토마토,1kg,5490
2026-04-29,대구,무,1개,2395
2026-04-29,대구,당근,1kg,3693
2026-04-29,대구,열무,1kg,2495
2026-04-29,대구,양파,1kg,2050
2026-04-29,대구,대파,1kg,3120
2026-04-29,대구,피망,100g,16800
2026-04-29,대구,파프리카,1개,1813
2026-04-29,대구,마늘,1kg,13567
2026-04-29,대구,브로콜리,1개,2770
2026-04-29,대구,사과,10개,31833
2026-04-29,대구,배,10개,39950
2026-04-30,대구,배추,1포기,4075
2026-04-30,대구,시금치,100g,9277
2026-04-30,대구,상추,100g,9767
2026-04-30,대구,얼갈이배추,1kg,3493
2026-04-30,대구,오이,10개,8850
2026-04-30,대구,호박,1개,1475
2026-04-30,대구,토마토,1kg,5823
2026-04-30,대구,무,1개,2195
2026-04-30,대구,당근,1kg,4447
2026-04-30,대구,열무,1kg,2995
2026-04-30,대구,양파,1kg,2033
2026-04-30,대구,대파,1kg,3343
2026-04-30,대구,피망,100g,19550
2026-04-30,대구,파프리카,1개,1883
2026-04-30,대구,마늘,1kg,13567
2026-04-30,대구,브로콜리,1개,2937
2026-04-30,대구,사과,10개,30500
2026-04-30,대구,배,10개,39950
2026-05-04,대구,배추,1포기,4075
2026-05-04,대구,시금치,100g,6815
2026-05-04,대구,상추,100g,8750
2026-05-04,대구,얼갈이배추,1kg,3493
2026-05-04,대구,오이,10개,8850
2026-05-04,대구,호박,1개,1475
2026-05-04,대구,토마토,1kg,5823
2026-05-04,대구,무,1개,2195
2026-05-04,대구,당근,1kg,4447
2026-05-04,대구,열무,1kg,2995
2026-05-04,대구,양파,1kg,2033
2026-05-04,대구,대파,1kg,3343
2026-05-04,대구,피망,100g,19550
2026-05-04,대구,파프리카,1개,1950
2026-05-04,대구,마늘,1kg,13567
2026-05-04,대구,브로콜리,1개,2937
2026-05-04,대구,사과,10개,31167
2026-05-04,대구,배,10개,39950
2026-05-06,대구,배추,1포기,4075
2026-05-06,대구,시금치,100g,6815
2026-05-06,대구,상추,100g,9450
2026-05-06,대구,얼갈이배추,1kg,3493
2026-05-06,대구,오이,10개,8850
2026-05-06,대구,호박,1개,1475
2026-05-06,대구,토마토,1kg,5780
2026-05-06,대구,무,1개,2195
2026-05-06,대구,당근,1kg,4447
2026-05-06,대구,열무,1kg,2870
2026-05-06,대구,양파,1kg,2370
2026-05-06,대구,대파,1kg,3427
2026-05-06,대구,피망,100g,19550
2026-05-06,대구,파프리카,1개,1950
2026-05-06,대구,마늘,1kg,13567
2026-05-06,대구,브로콜리,1개,2937
2026-05-06,대구,사과,10개,31167
2026-05-06,대구,배,10개,39950
2026-05-07,대구,배추,1포기,3825
2026-05-07,대구,시금치,100g,9450
2026-05-07,대구,상추,100g,9450
2026-05-07,대구,얼갈이배추,1kg,2993
2026-05-07,대구,오이,10개,8850
2026-05-07,대구,호박,1개,1052
2026-05-07,대구,토마토,1kg,4883
2026-05-07,대구,무,1개,2695
2026-05-07,대구,당근,1kg,4280
2026-05-07,대구,열무,1kg,2120
2026-05-07,대구,양파,1kg,2237
2026-05-07,대구,대파,1kg,3470
2026-05-07,대구,피망,100g,19550
2026-05-07,대구,파프리카,1개,2117
2026-05-07,대구,마늘,1kg,12500
2026-05-07,대구,브로콜리,1개,2880
2026-05-07,대구,사과,10개,31167
2026-05-07,대구,배,10개,39950
2026-05-08,대구,배추,1포기,1990
2026-05-08,대구,시금치,100g,9450
2026-05-08,대구,상추,100g,9600
2026-05-08,대구,얼갈이배추,1kg,2993
2026-05-08,대구,오이,10개,8850
2026-05-08,대구,호박,1개,1052
2026-05-08,대구,토마토,1kg,4883
2026-05-08,대구,무,1개,2695
2026-05-08,대구,당근,1kg,4280
2026-05-08,대구,열무,1kg,2120
2026-05-08,대구,양파,1kg,2237
2026-05-08,대구,대파,1kg,3470
2026-05-08,대구,피망,100g,19800
2026-05-08,대구,파프리카,1개,2117
2026-05-08,대구,마늘,1kg,12500
2026-05-08,대구,브로콜리,1개,2880
2026-05-08,대구,사과,10개,31167
2026-05-08,대구,배,10개,39950
2026-05-11,대구,배추,1포기,1990
2026-05-11,대구,시금치,100g,11900
2026-05-11,대구,상추,100g,9600
2026-05-11,대구,얼갈이배추,1kg,2993
2026-05-11,대구,오이,10개,8850
2026-05-11,대구,호박,1개,1052
2026-05-11,대구,토마토,1kg,4817
2026-05-11,대구,무,1개,2695
2026-05-11,대구,당근,1kg,4280
2026-05-11,대구,열무,1kg,2120
2026-05-11,대구,양파,1kg,2237
2026-05-11,대구,대파,1kg,3403
2026-05-11,대구,피망,100g,19800
2026-05-11,대구,파프리카,1개,2033
2026-05-11,대구,마늘,1kg,12500
2026-05-11,대구,브로콜리,1개,2880
2026-05-11,대구,사과,10개,31167
2026-05-11,대구,배,10개,39950
2026-05-12,대구,배추,1포기,1990
2026-05-12,대구,시금치,100g,11900
2026-05-12,대구,상추,100g,9600
2026-05-12,대구,얼갈이배추,1kg,2993
2026-05-12,대구,오이,10개,8250
2026-05-12,대구,호박,1개,1052
2026-05-12,대구,토마토,1kg,4817
2026-05-12,대구,무,1개,2695
2026-05-12,대구,당근,1kg,4280
2026-05-12,대구,열무,1kg,2120
2026-05-12,대구,양파,1kg,2223
2026-05-12,대구,대파,1kg,3403
2026-05-12,대구,피망,100g,19800
2026-05-12,대구,파프리카,1개,2033
2026-05-12,대구,마늘,1kg,12500
2026-05-12,대구,브로콜리,1개,3047
2026-05-12,대구,사과,10개,31167
2026-05-12,대구,배,10개,39950
2026-05-13,대구,배추,1포기,1990
2026-05-13,대구,시금치,100g,11900
2026-05-13,대구,상추,100g,9600
2026-05-13,대구,얼갈이배추,1kg,2880
2026-05-13,대구,오이,10개,8250
2026-05-13,대구,호박,1개,1052
2026-05-13,대구,토마토,1kg,4817
2026-05-13,대구,무,1개,2695
2026-05-13,대구,당근,1kg,4280
2026-05-13,대구,열무,1kg,2120
2026-05-13,대구,양파,1kg,2203
2026-05-13,대구,대파,1kg,3387
2026-05-13,대구,피망,100g,19800
2026-05-13,대구,파프리카,1개,1993
2026-05-13,대구,마늘,1kg,12500
2026-05-13,대구,브로콜리,1개,2993
2026-05-13,대구,사과,10개,31167
2026-05-13,대구,배,10개,39950
2026-05-14,대구,배추,1포기,1990
2026-05-14,대구,시금치,100g,7470
2026-05-14,대구,상추,100g,8375
2026-05-14,대구,얼갈이배추,1kg,3047
2026-05-14,대구,오이,10개,8250
2026-05-14,대구,호박,1개,1016
2026-05-14,대구,토마토,1kg,5787
2026-05-14,대구,무,1개,2695
2026-05-14,대구,당근,1kg,4280
2026-05-14,대구,열무,1kg,2370
2026-05-14,대구,양파,1kg,2313
2026-05-14,대구,대파,1kg,3430
2026-05-14,대구,피망,100g,19800
2026-05-14,대구,파프리카,1개,1480
2026-05-14,대구,마늘,1kg,12500
2026-05-14,대구,브로콜리,1개,2493
2026-05-14,대구,사과,10개,33833
2026-05-14,대구,배,10개,39950
2026-05-15,대구,배추,1포기,1990
2026-05-15,대구,시금치,100g,7470
2026-05-15,대구,상추,100g,8375
2026-05-15,대구,얼갈이배추,1kg,3047
2026-05-15,대구,오이,10개,8250
2026-05-15,대구,호박,1개,1016
2026-05-15,대구,토마토,1kg,5647
2026-05-15,대구,무,1개,2695
2026-05-15,대구,당근,1kg,4280
2026-05-15,대구,열무,1kg,2370
2026-05-15,대구,양파,1kg,2313
2026-05-15,대구,대파,1kg,3430
2026-05-15,대구,피망,100g,19800
2026-05-15,대구,파프리카,1개,1480
2026-05-15,대구,마늘,1kg,12500
2026-05-15,대구,브로콜리,1개,2493
2026-05-15,대구,사과,10개,33833
2026-05-15,대구,배,10개,39950
2026-05-18,대구,배추,1포기,2995
2026-05-18,대구,시금치,100g,7470
2026-05-18,대구,상추,100g,7870
2026-05-18,대구,얼갈이배추,1kg,3047
2026-05-18,대구,오이,10개,8150
2026-05-18,대구,호박,1개,1016
2026-05-18,대구,토마토,1kg,5537
2026-05-18,대구,무,1개,2695
2026-05-18,대구,당근,1kg,4280
2026-05-18,대구,열무,1kg,2370
2026-05-18,대구,양파,1kg,2313
2026-05-18,대구,대파,1kg,3430
2026-05-18,대구,피망,100g,19550
2026-05-18,대구,파프리카,1개,1440
2026-05-18,대구,마늘,1kg,12500
2026-05-18,대구,브로콜리,1개,2493
2026-05-18,대구,사과,10개,30767
2026-05-18,대구,배,10개,39950
2026-05-19,대구,배추,1포기,3660
2026-05-19,대구,시금치,100g,7470
2026-05-19,대구,상추,100g,7725
2026-05-19,대구,얼갈이배추,1kg,3047
2026-05-19,대구,오이,10개,8150
2026-05-19,대구,호박,1개,1016
2026-05-19,대구,토마토,1kg,5713
2026-05-19,대구,무,1개,2695
2026-05-19,대구,당근,1kg,4280
2026-05-19,대구,열무,1kg,2370
2026-05-19,대구,양파,1kg,2313
2026-05-19,대구,대파,1kg,3430
2026-05-19,대구,피망,100g,19550
2026-05-19,대구,파프리카,1개,1440
2026-05-19,대구,마늘,1kg,12500
2026-05-19,대구,브로콜리,1개,2493
2026-05-19,대구,사과,10개,30767
2026-05-19,대구,배,10개,39950
2026-05-20,대구,배추,1포기,3660
2026-05-20,대구,시금치,100g,7470
2026-05-20,대구,상추,100g,7725
2026-05-20,대구,얼갈이배추,1kg,3047
2026-05-20,대구,오이,10개,8150
2026-05-20,대구,호박,1개,1016
2026-05-20,대구,토마토,1kg,5713
2026-05-20,대구,무,1개,2695
2026-05-20,대구,당근,1kg,4280
2026-05-20,대구,열무,1kg,2370
2026-05-20,대구,양파,1kg,2313
2026-05-20,대구,대파,1kg,3430
2026-05-20,대구,피망,100g,19550
2026-05-20,대구,파프리카,1개,1440
2026-05-20,대구,마늘,1kg,12500
2026-05-20,대구,브로콜리,1개,2493
2026-05-20,대구,사과,10개,30767
2026-05-20,대구,배,10개,39950
2026-05-21,대구,배추,1포기,4037
2026-05-21,대구,시금치,100g,7470
2026-05-21,대구,상추,100g,7725
2026-05-21,대구,얼갈이배추,1kg,3047
2026-05-21,대구,오이,10개,7950
2026-05-21,대구,호박,1개,976
2026-05-21,대구,토마토,1kg,5450
2026-05-21,대구,무,1개,2445
2026-05-21,대구,당근,1kg,4280
2026-05-21,대구,열무,1kg,2370
2026-05-21,대구,양파,1kg,1980
2026-05-21,대구,대파,1kg,3477
2026-05-21,대구,피망,100g,17050
2026-05-21,대구,파프리카,1개,1577
2026-05-21,대구,마늘,1kg,13567
2026-05-21,대구,브로콜리,1개,2827
2026-05-21,대구,사과,10개,31167
2026-05-21,대구,배,10개,43250
2026-05-22,대구,배추,1포기,4037
2026-05-22,대구,시금치,100g,7470
2026-05-22,대구,상추,100g,7725
2026-05-22,대구,얼갈이배추,1kg,3047
2026-05-22,대구,오이,10개,7950
2026-05-22,대구,호박,1개,976
2026-05-22,대구,토마토,1kg,5450
2026-05-22,대구,무,1개,1990
2026-05-22,대구,당근,1kg,4280
2026-05-22,대구,열무,1kg,2370
2026-05-22,대구,양파,1kg,1980
2026-05-22,대구,대파,1kg,3477
2026-05-22,대구,피망,100g,16800
2026-05-22,대구,파프리카,1개,1533
2026-05-22,대구,마늘,1kg,13567
2026-05-22,대구,브로콜리,1개,2827
2026-05-22,대구,사과,10개,31167
2026-05-22,대구,배,10개,43250
2026-05-26,대구,배추,1포기,4037
2026-05-26,대구,시금치,100g,7960
2026-05-26,대구,상추,100g,7725
2026-05-26,대구,얼갈이배추,1kg,3047
2026-05-26,대구,오이,10개,7950
2026-05-26,대구,호박,1개,976
2026-05-26,대구,토마토,1kg,5407
2026-05-26,대구,무,1개,1990
2026-05-26,대구,당근,1kg,4280
2026-05-26,대구,열무,1kg,2370
2026-05-26,대구,양파,1kg,1980
2026-05-26,대구,대파,1kg,3520
2026-05-26,대구,피망,100g,16800
2026-05-26,대구,파프리카,1개,1533
2026-05-26,대구,마늘,1kg,13567
2026-05-26,대구,브로콜리,1개,2827
2026-05-26,대구,사과,10개,31167
2026-05-26,대구,배,10개,43250
2026-05-27,대구,배추,1포기,4037
2026-05-27,대구,시금치,100g,7960
2026-05-27,대구,상추,100g,7725
2026-05-27,대구,얼갈이배추,1kg,2993
2026-05-27,대구,오이,10개,7950
2026-05-27,대구,호박,1개,976
2026-05-27,대구,토마토,1kg,5407
2026-05-27,대구,무,1개,1990
2026-05-27,대구,당근,1kg,4280
2026-05-27,대구,열무,1kg,2370
2026-05-27,대구,양파,1kg,1980
2026-05-27,대구,대파,1kg,3520
2026-05-27,대구,피망,100g,16800
2026-05-27,대구,파프리카,1개,1533
2026-05-27,대구,마늘,1kg,13567
2026-05-27,대구,브로콜리,1개,2770
2026-05-27,대구,사과,10개,31167
2026-05-27,대구,배,10개,43250
2026-05-28,대구,배추,1포기,4037
2026-05-28,대구,시금치,100g,9960
2026-05-28,대구,상추,100g,7725
2026-05-28,대구,얼갈이배추,1kg,2993
2026-05-28,대구,오이,10개,7950
2026-05-28,대구,호박,1개,1075
2026-05-28,대구,토마토,1kg,5697
2026-05-28,대구,무,1개,1990
2026-05-28,대구,당근,1kg,4280
2026-05-28,대구,열무,1kg,2370
2026-05-28,대구,양파,1kg,2203
2026-05-28,대구,대파,1kg,3240
2026-05-28,대구,피망,100g,16800
2026-05-28,대구,파프리카,1개,1600
2026-05-28,대구,마늘,1kg,13567
2026-05-28,대구,브로콜리,1개,2603
2026-05-28,대구,사과,10개,33667
2026-05-28,대구,배,10개,43250
2026-05-29,대구,배추,1포기,4037
2026-05-29,대구,시금치,100g,9960
2026-05-29,대구,상추,100g,7775
2026-05-29,대구,얼갈이배추,1kg,2993
2026-05-29,대구,오이,10개,7950
2026-05-29,대구,호박,1개,1075
2026-05-29,대구,토마토,1kg,5697
2026-05-29,대구,무,1개,1990
2026-05-29,대구,당근,1kg,4280
2026-05-29,대구,열무,1kg,2370
2026-05-29,대구,양파,1kg,2203
2026-05-29,대구,대파,1kg,3240
2026-05-29,대구,피망,100g,16300
2026-05-29,대구,파프리카,1개,1600
2026-05-29,대구,마늘,1kg,13567
2026-05-29,대구,브로콜리,1개,2410
2026-05-29,대구,사과,10개,33667
2026-05-29,대구,배,10개,43250
2026-06-01,대구,배추,1포기,4037
2026-06-01,대구,시금치,100g,9960
2026-06-01,대구,상추,100g,7775
2026-06-01,대구,얼갈이배추,1kg,2993
2026-06-01,대구,오이,10개,7950
2026-06-01,대구,호박,1개,1075
2026-06-01,대구,토마토,1kg,5697
2026-06-01,대구,무,1개,1990
2026-06-01,대구,당근,1kg,4280
2026-06-01,대구,열무,1kg,2370
2026-06-01,대구,양파,1kg,1980
2026-06-01,대구,대파,1kg,3240
2026-06-01,대구,피망,100g,16300
2026-06-01,대구,파프리카,1개,1600
2026-06-01,대구,마늘,1kg,13567
2026-06-01,대구,브로콜리,1개,2160
2026-06-01,대구,사과,10개,33667
2026-06-01,대구,배,10개,43250
2026-06-02,대구,배추,1포기,4037
2026-06-02,대구,시금치,100g,9960
2026-06-02,대구,상추,100g,7775
2026-06-02,대구,얼갈이배추,1kg,2993
2026-06-02,대구,오이,10개,7950
2026-06-02,대구,호박,1개,1075
2026-06-02,대구,토마토,1kg,4340
2026-06-02,대구,무,1개,1990
2026-06-02,대구,당근,1kg,4280
2026-06-02,대구,열무,1kg,2370
2026-06-02,대구,양파,1kg,1980
2026-06-02,대구,대파,1kg,3365
2026-06-02,대구,피망,100g,16550
2026-06-02,대구,파프리카,1개,1600
2026-06-02,대구,마늘,1kg,13567
2026-06-02,대구,브로콜리,1개,2437
2026-06-02,대구,사과,10개,33667
2026-06-02,대구,배,10개,43250
2026-06-04,대구,배추,1포기,3827
2026-06-04,대구,시금치,100g,7960
2026-06-04,대구,상추,100g,9200
2026-06-04,대구,얼갈이배추,1kg,3160
2026-06-04,대구,오이,10개,8150
2026-06-04,대구,호박,1개,1225
2026-06-04,대구,토마토,1kg,4325
2026-06-04,대구,무,1개,2045
2026-06-04,대구,당근,1kg,4370
2026-06-04,대구,열무,1kg,2620
2026-06-04,대구,양파,1kg,2070
2026-06-04,대구,대파,1kg,3500
2026-06-04,대구,피망,100g,16550
2026-06-04,대구,파프리카,1개,1533
2026-06-04,대구,마늘,1kg,13567
2026-06-04,대구,브로콜리,1개,2103
2026-06-04,대구,사과,10개,32833
2026-06-04,대구,배,10개,43250
2026-06-05,대구,배추,1포기,3827
2026-06-05,대구,시금치,100g,7960
2026-06-05,대구,상추,100g,9200
2026-06-05,대구,얼갈이배추,1kg,3160
2026-06-05,대구,오이,10개,8150
2026-06-05,대구,호박,1개,1225
2026-06-05,대구,토마토,1kg,4325
2026-06-05,대구,무,1개,2045
2026-06-05,대구,당근,1kg,4370
2026-06-05,대구,열무,1kg,2620
2026-06-05,대구,양파,1kg,2070
2026-06-05,대구,대파,1kg,3500
2026-06-05,대구,피망,100g,16550
2026-06-05,대구,파프리카,1개,1533
2026-06-05,대구,마늘,1kg,13567
2026-06-05,대구,브로콜리,1개,2103
2026-06-05,대구,사과,10개,32833
2026-06-05,대구,배,10개,43250
2026-06-08,대구,배추,1포기,3827
2026-06-08,대구,시금치,100g,7960
2026-06-08,대구,상추,100g,9350
2026-06-08,대구,얼갈이배추,1kg,3160
2026-06-08,대구,오이,10개,8150
2026-06-08,대구,호박,1개,1225
2026-06-08,대구,토마토,1kg,4325
2026-06-08,대구,무,1개,2045
2026-06-08,대구,당근,1kg,4370
2026-06-08,대구,열무,1kg,2620
2026-06-08,대구,양파,1kg,2070
2026-06-08,대구,대파,1kg,3500
2026-06-08,대구,피망,100g,16550
2026-06-08,대구,파프리카,1개,1533
2026-06-08,대구,마늘,1kg,13567
2026-06-08,대구,브로콜리,1개,2103
2026-06-08,대구,사과,10개,32833
2026-06-08,대구,배,10개,43250
2026-06-09,대구,배추,1포기,3827
2026-06-09,대구,시금치,100g,7960
2026-06-09,대구,상추,100g,9350
2026-06-09,대구,얼갈이배추,1kg,3160
2026-06-09,대구,오이,10개,8150
2026-06-09,대구,호박,1개,1275
2026-06-09,대구,토마토,1kg,4325
2026-06-09,대구,무,1개,2045
2026-06-09,대구,당근,1kg,3977
2026-06-09,대구,열무,1kg,2620
2026-06-09,대구,양파,1kg,1980
2026-06-09,대구,대파,1kg,3500
2026-06-09,대구,피망,100g,16550
2026-06-09,대구,파프리카,1개,1533
2026-06-09,대구,마늘,1kg,13567
2026-06-09,대구,브로콜리,1개,2103
2026-06-09,대구,사과,10개,31300
2026-06-09,대구,배,10개,43250
2026-06-10,대구,배추,1포기,3827
2026-06-10,대구,시금치,100g,7960
2026-06-10,대구,상추,100g,9350
2026-06-10,대구,얼갈이배추,1kg,3160
2026-06-10,대구,오이,10개,8150
2026-06-10,대구,호박,1개,1275
2026-06-10,대구,토마토,1kg,4325
2026-06-10,대구,무,1개,2045
2026-06-10,대구,당근,1kg,3977
2026-06-10,대구,열무,1kg,2620
2026-06-10,대구,양파,1kg,1980
2026-06-10,대구,대파,1kg,3500
2026-06-10,대구,피망,100g,16550
2026-06-10,대구,파프리카,1개,1533
2026-06-10,대구,마늘,1kg,13567
2026-06-10,대구,브로콜리,1개,2103
2026-06-10,대구,사과,10개,31300
2026-06-10,대구,배,10개,43250
2026-06-11,대구,배추,1포기,3993
2026-06-11,대구,시금치,100g,11900
2026-06-11,대구,상추,100g,10100
2026-06-11,대구,얼갈이배추,1kg,2993
2026-06-11,대구,오이,10개,8150
2026-06-11,대구,호박,1개,1325
2026-06-11,대구,토마토,1kg,3325
2026-06-11,대구,무,1개,2145
2026-06-11,대구,당근,1kg,4370
2026-06-11,대구,열무,1kg,2370
2026-06-11,대구,양파,1kg,2070
2026-06-11,대구,대파,1kg,3365
2026-06-11,대구,피망,100g,15550
2026-06-11,대구,파프리카,1개,1600
2026-06-11,대구,마늘,1kg,13567
2026-06-11,대구,브로콜리,1개,2103
2026-06-11,대구,사과,10개,35050
2026-06-11,대구,배,10개,43250
2026-06-12,대구,배추,1포기,3993
2026-06-12,대구,시금치,100g,11900
2026-06-12,대구,상추,100g,10100
2026-06-12,대구,얼갈이배추,1kg,2993
2026-06-12,대구,오이,10개,8150
2026-06-12,대구,호박,1개,1325
2026-06-12,대구,토마토,1kg,3325
2026-06-12,대구,무,1개,2145
2026-06-12,대구,당근,1kg,4370
2026-06-12,대구,열무,1kg,2370
2026-06-12,대구,양파,1kg,2070
2026-06-12,대구,대파,1kg,3365
2026-06-12,대구,피망,100g,15550
2026-06-12,대구,파프리카,1개,1600
2026-06-12,대구,마늘,1kg,13567
2026-06-12,대구,브로콜리,1개,2103
2026-06-12,대구,사과,10개,35050
2026-06-12,대구,배,10개,43250
2026-06-15,대구,배추,1포기,3993
2026-06-15,대구,시금치,100g,11900
2026-06-15,대구,상추,100g,10100
2026-06-15,대구,얼갈이배추,1kg,2993
2026-06-15,대구,오이,10개,8050
2026-06-15,대구,호박,1개,1325
2026-06-15,대구,토마토,1kg,3295
2026-06-15,대구,무,1개,2145
2026-06-15,대구,당근,1kg,4280
2026-06-15,대구,열무,1kg,2370
2026-06-15,대구,양파,1kg,2070
2026-06-15,대구,대파,1kg,3300
2026-06-15,대구,피망,100g,15550
2026-06-15,대구,파프리카,1개,1600
2026-06-15,대구,마늘,1kg,13567
2026-06-15,대구,브로콜리,1개,2437
2026-06-15,대구,사과,10개,35050
2026-06-15,대구,배,10개,43250
2026-06-16,대구,배추,1포기,3993
2026-06-16,대구,시금치,100g,11900
2026-06-16,대구,상추,100g,10200
2026-06-16,대구,얼갈이배추,1kg,2993
2026-06-16,대구,오이,10개,8050
2026-06-16,대구,호박,1개,1325
2026-06-16,대구,토마토,1kg,3295
2026-06-16,대구,무,1개,2145
2026-06-16,대구,당근,1kg,4280
2026-06-16,대구,열무,1kg,2370
2026-06-16,대구,양파,1kg,2070
2026-06-16,대구,대파,1kg,3300
2026-06-16,대구,피망,100g,15550
2026-06-16,대구,파프리카,1개,1600
2026-06-16,대구,마늘,1kg,13567
2026-06-16,대구,브로콜리,1개,2437
2026-06-16,대구,사과,10개,35050
2026-06-16,대구,배,10개,43250
2026-06-17,대구,배추,1포기,3993
2026-06-17,대구,시금치,100g,11900
2026-06-17,대구,상추,100g,10700
2026-06-17,대구,얼갈이배추,1kg,2993
2026-06-17,대구,오이,10개,8050
2026-06-17,대구,호박,1개,1325
2026-06-17,대구,토마토,1kg,3295
2026-06-17,대구,무,1개,2145
2026-06-17,대구,당근,1kg,4280
2026-06-17,대구,열무,1kg,2495
2026-06-17,대구,양파,1kg,2047
2026-06-17,대구,대파,1kg,3300
2026-06-17,대구,피망,100g,15550
2026-06-17,대구,파프리카,1개,1600
2026-06-17,대구,마늘,1kg,13567
2026-06-17,대구,브로콜리,1개,2437
2026-06-17,대구,사과,10개,35050
2026-06-17,대구,배,10개,43250
2026-06-18,대구,배추,1포기,4160
2026-06-18,대구,시금치,100g,8890
2026-06-18,대구,상추,100g,10200
2026-06-18,대구,얼갈이배추,1kg,2993
2026-06-18,대구,오이,10개,8050
2026-06-18,대구,호박,1개,1175
2026-06-18,대구,토마토,1kg,4193
2026-06-18,대구,무,1개,2500
2026-06-18,대구,당근,1kg,3887
2026-06-18,대구,열무,1kg,2495
2026-06-18,대구,양파,1kg,2047
2026-06-18,대구,대파,1kg,3300
2026-06-18,대구,피망,100g,16550
2026-06-18,대구,파프리카,1개,1250
2026-06-18,대구,마늘,1kg,13567
2026-06-18,대구,브로콜리,1개,2410
2026-06-18,대구,사과,10개,29800
2026-06-18,대구,배,10개,43250
2026-06-19,대구,배추,1포기,4160
2026-06-19,대구,시금치,100g,8890
2026-06-19,대구,상추,100g,9750
2026-06-19,대구,얼갈이배추,1kg,2993
2026-06-19,대구,오이,10개,8050
2026-06-19,대구,호박,1개,1175
2026-06-19,대구,토마토,1kg,4193
2026-06-19,대구,무,1개,2500
2026-06-19,대구,당근,1kg,3887
2026-06-19,대구,열무,1kg,2495
2026-06-19,대구,양파,1kg,1957
2026-06-19,대구,대파,1kg,3300
2026-06-19,대구,피망,100g,16550
2026-06-19,대구,파프리카,1개,1250
2026-06-19,대구,마늘,1kg,13567
2026-06-19,대구,브로콜리,1개,2437
2026-06-19,대구,사과,10개,29800
2026-06-19,대구,배,10개,43250
2026-06-22,대구,배추,1포기,4160
2026-06-22,대구,시금치,100g,8890
2026-06-22,대구,상추,100g,9600
2026-06-22,대구,얼갈이배추,1kg,2993
2026-06-22,대구,오이,10개,7950
2026-06-22,대구,호박,1개,1175
2026-06-22,대구,토마토,1kg,4193
2026-06-22,대구,무,1개,2500
2026-06-22,대구,당근,1kg,3887
2026-06-22,대구,열무,1kg,2495
2026-06-22,대구,양파,1kg,1957
2026-06-22,대구,대파,1kg,3300
2026-06-22,대구,피망,100g,16550
2026-06-22,대구,파프리카,1개,1250
2026-06-22,대구,마늘,1kg,13567
2026-06-22,대구,브로콜리,1개,2437
2026-06-22,대구,사과,10개,30950
2026-06-22,대구,배,10개,43250
2026-06-23,대구,배추,1포기,4160
2026-06-23,대구,시금치,100g,8890
2026-06-23,대구,상추,100g,9600
2026-06-23,대구,얼갈이배추,1kg,2993
2026-06-23,대구,오이,10개,7950
2026-06-23,대구,호박,1개,1325
2026-06-23,대구,토마토,1kg,4110
2026-06-23,대구,무,1개,2500
2026-06-23,대구,당근,1kg,3690
2026-06-23,대구,열무,1kg,2495
2026-06-23,대구,양파,1kg,1957
2026-06-23,대구,대파,1kg,3300
2026-06-23,대구,피망,100g,16200
2026-06-23,대구,파프리카,1개,1250
2026-06-23,대구,마늘,1kg,13567
2026-06-23,대구,브로콜리,1개,2270
2026-06-23,대구,사과,10개,30950
2026-06-23,대구,배,10개,43250
2026-06-24,대구,배추,1포기,4160
2026-06-24,대구,시금치,100g,8890
2026-06-24,대구,상추,100g,9600
2026-06-24,대구,얼갈이배추,1kg,2993
2026-06-24,대구,오이,10개,7950
2026-06-24,대구,호박,1개,1295
2026-06-24,대구,토마토,1kg,4110
2026-06-24,대구,무,1개,2500
2026-06-24,대구,당근,1kg,3690
2026-06-24,대구,열무,1kg,2495
2026-06-24,대구,양파,1kg,1957
2026-06-24,대구,대파,1kg,3240
2026-06-24,대구,피망,100g,16200
2026-06-24,대구,파프리카,1개,1250
2026-06-24,대구,마늘,1kg,13567
2026-06-24,대구,브로콜리,1개,2270
2026-06-24,대구,사과,10개,30950
2026-06-24,대구,배,10개,36600
2026-06-25,대구,배추,1포기,4160
2026-06-25,대구,시금치,100g,8300
2026-06-25,대구,상추,100g,10600
2026-06-25,대구,얼갈이배추,1kg,2993
2026-06-25,대구,오이,10개,7750
2026-06-25,대구,호박,1개,1295
2026-06-25,대구,토마토,1kg,4023
2026-06-25,대구,무,1개,2500
2026-06-25,대구,당근,1kg,4130
2026-06-25,대구,열무,1kg,2745
2026-06-25,대구,양파,1kg,1957
2026-06-25,대구,대파,1kg,3575
2026-06-25,대구,피망,100g,16550
2026-06-25,대구,파프리카,1개,1360
2026-06-25,대구,마늘,1kg,13567
2026-06-25,대구,브로콜리,1개,2270
2026-06-25,대구,사과,10개,32450
2026-06-25,대구,배,10개,36600
2026-06-26,대구,배추,1포기,4160
2026-06-26,대구,시금치,100g,8300
2026-06-26,대구,상추,100g,10600
2026-06-26,대구,얼갈이배추,1kg,2993
2026-06-26,대구,오이,10개,7750
2026-06-26,대구,호박,1개,1295
2026-06-26,대구,토마토,1kg,4023
2026-06-26,대구,무,1개,2500
2026-06-26,대구,당근,1kg,4130
2026-06-26,대구,열무,1kg,2620
2026-06-26,대구,양파,1kg,1957
2026-06-26,대구,대파,1kg,3575
2026-06-26,대구,피망,100g,16550
2026-06-26,대구,파프리카,1개,1360
2026-06-26,대구,마늘,1kg,13567
2026-06-26,대구,브로콜리,1개,2270
2026-06-26,대구,사과,10개,32450
2026-06-26,대구,배,10개,36600
2026-06-29,대구,배추,1포기,4160
2026-06-29,대구,시금치,100g,8300
2026-06-29,대구,상추,100g,10750
2026-06-29,대구,얼갈이배추,1kg,2993
2026-06-29,대구,오이,10개,7750
2026-06-29,대구,호박,1개,1295
2026-06-29,대구,토마토,1kg,3165
2026-06-29,대구,무,1개,2500
2026-06-29,대구,당근,1kg,4130
2026-06-29,대구,열무,1kg,2745
2026-06-29,대구,양파,1kg,2047
2026-06-29,대구,대파,1kg,3510
2026-06-29,대구,피망,100g,16550
2026-06-29,대구,파프리카,1개,1360
2026-06-29,대구,마늘,1kg,13567
2026-06-29,대구,브로콜리,1개,2270
2026-06-29,대구,사과,10개,32450
2026-06-29,대구,배,10개,36600
2026-06-30,대구,배추,1포기,4160
2026-06-30,대구,시금치,100g,8300
2026-06-30,대구,상추,100g,10750
2026-06-30,대구,얼갈이배추,1kg,2993
2026-06-30,대구,오이,10개,7750
2026-06-30,대구,호박,1개,1295
2026-06-30,대구,토마토,1kg,3165
2026-06-30,대구,무,1개,2500
2026-06-30,대구,당근,1kg,4130
2026-06-30,대구,열무,1kg,2745
2026-06-30,대구,양파,1kg,2047
2026-06-30,대구,대파,1kg,3510
2026-06-30,대구,피망,100g,16550
2026-06-30,대구,파프리카,1개,1360
2026-06-30,대구,마늘,1kg,13567
2026-06-30,대구,브로콜리,1개,2270
2026-06-30,대구,사과,10개,32450
2026-06-30,대구,배,10개,36600
2026-07-01,대구,배추,1포기,4160
2026-07-01,대구,시금치,100g,8300
2026-07-01,대구,상추,100g,10750
2026-07-01,대구,얼갈이배추,1kg,2993
2026-07-01,대구,오이,10개,7750
2026-07-01,대구,호박,1개,1245
2026-07-01,대구,토마토,1kg,3165
2026-07-01,대구,무,1개,2500
2026-07-01,대구,당근,1kg,4130
2026-07-01,대구,열무,1kg,2745
2026-07-01,대구,양파,1kg,2047
2026-07-01,대구,대파,1kg,4090
2026-07-01,대구,피망,100g,16550
2026-07-01,대구,파프리카,1개,1360
2026-07-01,대구,마늘,1kg,13567
2026-07-01,대구,브로콜리,1개,2270
2026-07-01,대구,사과,10개,32450
2026-07-01,대구,배,10개,36600
2026-07-02,대구,배추,1포기,4270
2026-07-02,대구,시금치,100g,8300
2026-07-02,대구,상추,100g,11250
2026-07-02,대구,얼갈이배추,1kg,2993
2026-07-02,대구,오이,10개,8115
2026-07-02,대구,호박,1개,1195
2026-07-02,대구,토마토,1kg,3995
2026-07-02,대구,무,1개,2500
2026-07-02,대구,당근,1kg,3690
2026-07-02,대구,열무,1kg,2745
2026-07-02,대구,양파,1kg,2047
2026-07-02,대구,대파,1kg,4090
2026-07-02,대구,피망,100g,15550
2026-07-02,대구,파프리카,1개,1360
2026-07-02,대구,마늘,1kg,11707
2026-07-02,대구,브로콜리,1개,2047
2026-07-02,대구,사과,10개,31950
2026-07-02,대구,배,10개,36600
2026-07-03,대구,배추,1포기,4270
2026-07-03,대구,시금치,100g,8300
2026-07-03,대구,상추,100g,11250
2026-07-03,대구,얼갈이배추,1kg,2245
2026-07-03,대구,오이,10개,8115
2026-07-03,대구,호박,1개,1195
2026-07-03,대구,토마토,1kg,3995
2026-07-03,대구,무,1개,2500
2026-07-03,대구,당근,1kg,4625
2026-07-03,대구,열무,1kg,2745
2026-07-03,대구,양파,1kg,2047
2026-07-03,대구,대파,1kg,4090
2026-07-03,대구,피망,100g,15550
2026-07-03,대구,파프리카,1개,1360
2026-07-03,대구,마늘,1kg,11707
2026-07-03,대구,브로콜리,1개,2047
2026-07-03,대구,사과,10개,31950
2026-07-03,대구,배,10개,36600
2026-07-06,대구,배추,1포기,4270
2026-07-06,대구,시금치,100g,8300
2026-07-06,대구,상추,100g,11450
2026-07-06,대구,얼갈이배추,1kg,2245
2026-07-06,대구,오이,10개,8115
2026-07-06,대구,호박,1개,1195
2026-07-06,대구,토마토,1kg,3995
2026-07-06,대구,무,1개,2500
2026-07-06,대구,당근,1kg,4625
2026-07-06,대구,열무,1kg,2745
2026-07-06,대구,양파,1kg,2047
2026-07-06,대구,대파,1kg,4090
2026-07-06,대구,피망,100g,15550
2026-07-06,대구,파프리카,1개,1360
2026-07-06,대구,마늘,1kg,11707
2026-07-06,대구,브로콜리,1개,1825
2026-07-06,대구,사과,10개,31950
2026-07-06,대구,배,10개,36600
2026-07-07,대구,배추,1포기,4437
2026-07-07,대구,시금치,100g,8300
2026-07-07,대구,상추,100g,11450
2026-07-07,대구,얼갈이배추,1kg,2245
2026-07-07,대구,오이,10개,8115
2026-07-07,대구,호박,1개,1195
2026-07-07,대구,토마토,1kg,3995
2026-07-07,대구,무,1개,3000
2026-07-07,대구,당근,1kg,5220
2026-07-07,대구,열무,1kg,2870
2026-07-07,대구,양파,1kg,2057
2026-07-07,대구,대파,1kg,4090
2026-07-07,대구,피망,100g,15550
2026-07-07,대구,파프리카,1개,1360
2026-07-07,대구,마늘,1kg,11707
2026-07-07,대구,브로콜리,1개,1825
2026-07-07,대구,사과,10개,31950
2026-07-07,대구,배,10개,36600
2026-07-08,대구,배추,1포기,3503
2026-07-08,대구,시금치,100g,8300
2026-07-08,대구,상추,100g,11750
2026-07-08,대구,얼갈이배추,1kg,2245
2026-07-08,대구,오이,10개,8115
2026-07-08,대구,호박,1개,1195
2026-07-08,대구,토마토,1kg,3995
2026-07-08,대구,무,1개,3000
2026-07-08,대구,당근,1kg,2835
2026-07-08,대구,열무,1kg,2870
2026-07-08,대구,양파,1kg,2013
2026-07-08,대구,대파,1kg,3210
2026-07-08,대구,피망,100g,15450
2026-07-08,대구,파프리카,1개,1360
2026-07-08,대구,마늘,1kg,11707
2026-07-08,대구,브로콜리,1개,1910
2026-07-08,대구,사과,10개,31950
2026-07-08,대구,배,10개,36600
2026-07-09,대구,배추,1포기,3503
2026-07-09,대구,시금치,100g,13900
2026-07-09,대구,상추,100g,11100
2026-07-09,대구,얼갈이배추,1kg,2075
2026-07-09,대구,오이,10개,6715
2026-07-09,대구,호박,1개,1195
2026-07-09,대구,토마토,1kg,4975
2026-07-09,대구,무,1개,3000
2026-07-09,대구,당근,1kg,4500
2026-07-09,대구,열무,1kg,2990
2026-07-09,대구,양파,1kg,1460
2026-07-09,대구,대파,1kg,3297
2026-07-09,대구,피망,100g,13950
2026-07-09,대구,파프리카,1개,1455
2026-07-09,대구,마늘,1kg,12050
2026-07-09,대구,브로콜리,1개,1910
2026-07-09,대구,사과,10개,32450
2026-07-09,대구,배,10개,36600
2026-07-10,대구,배추,1포기,3503
2026-07-10,대구,시금치,100g,13900
2026-07-10,대구,상추,100g,11100
2026-07-10,대구,얼갈이배추,1kg,2075
2026-07-10,대구,오이,10개,6715
2026-07-10,대구,호박,1개,1195
2026-07-10,대구,토마토,1kg,4975
2026-07-10,대구,무,1개,2495
2026-07-10,대구,당근,1kg,4500
2026-07-10,대구,열무,1kg,2990
2026-07-10,대구,양파,1kg,1460
2026-07-10,대구,대파,1kg,2440
2026-07-10,대구,피망,100g,13950
2026-07-10,대구,파프리카,1개,1455
2026-07-10,대구,마늘,1kg,12050
2026-07-10,대구,브로콜리,1개,2075
2026-07-10,대구,사과,10개,32450
2026-07-10,대구,배,10개,36600
2026-07-13,대구,배추,1포기,3503
2026-07-13,대구,시금치,100g,13900
2026-07-13,대구,상추,100g,11100
2026-07-13,대구,얼갈이배추,1kg,2075
2026-07-13,대구,오이,10개,6715
2026-07-13,대구,호박,1개,1195
2026-07-13,대구,토마토,1kg,5045
2026-07-13,대구,무,1개,2495
2026-07-13,대구,당근,1kg,4500
2026-07-13,대구,열무,1kg,2910
2026-07-13,대구,양파,1kg,1460
2026-07-13,대구,대파,1kg,2440
2026-07-13,대구,피망,100g,13800
2026-07-13,대구,파프리카,1개,1455
2026-07-13,대구,마늘,1kg,12050
2026-07-13,대구,브로콜리,1개,2075
2026-07-13,대구,사과,10개,32450
2026-07-13,대구,배,10개,36600
2026-07-14,대구,배추,1포기,3503
2026-07-14,대구,시금치,100g,13900
2026-07-14,대구,상추,100g,11100
2026-07-14,대구,얼갈이배추,1kg,2075
2026-07-14,대구,오이,10개,9515
2026-07-14,대구,호박,1개,1160
2026-07-14,대구,토마토,1kg,5045
2026-07-14,대구,무,1개,2495
2026-07-14,대구,당근,1kg,4500
2026-07-14,대구,열무,1kg,2910
2026-07-14,대구,양파,1kg,1460
2026-07-14,대구,대파,1kg,3297
2026-07-14,대구,피망,100g,13800
2026-07-14,대구,파프리카,1개,1455
2026-07-14,대구,마늘,1kg,12050
2026-07-14,대구,브로콜리,1개,2160
2026-07-14,대구,사과,10개,32450
2026-07-14,대구,배,10개,36600
2026-07-15,대구,배추,1포기,3503
2026-07-15,대구,시금치,100g,13900
2026-07-15,대구,상추,100g,11100
2026-07-15,대구,얼갈이배추,1kg,2075
2026-07-15,대구,오이,10개,10515
2026-07-15,대구,호박,1개,1160
2026-07-15,대구,토마토,1kg,5045
2026-07-15,대구,무,1개,2495
2026-07-15,대구,당근,1kg,4500
2026-07-15,대구,열무,1kg,2910
2026-07-15,대구,양파,1kg,1460
2026-07-15,대구,대파,1kg,3297
2026-07-15,대구,피망,100g,13450
2026-07-15,대구,파프리카,1개,1455
2026-07-15,대구,마늘,1kg,12050
2026-07-15,대구,브로콜리,1개,2160
2026-07-15,대구,사과,10개,32450
2026-07-15,대구,배,10개,36600
2026-07-16,대구,배추,1포기,3910
2026-07-16,대구,시금치,100g,13900
2026-07-16,대구,상추,100g,11000
2026-07-16,대구,얼갈이배추,1kg,2490
2026-07-16,대구,오이,10개,10815
2026-07-16,대구,호박,1개,995
2026-07-16,대구,토마토,1kg,5045
2026-07-16,대구,무,1개,2495
2026-07-16,대구,당근,1kg,5000
2026-07-16,대구,열무,1kg,2910
2026-07-16,대구,양파,1kg,1360
2026-07-16,대구,대파,1kg,3575
2026-07-16,대구,피망,100g,9450
2026-07-16,대구,파프리카,1개,1250
2026-07-16,대구,마늘,1kg,9260
2026-07-16,대구,브로콜리,1개,2245
2026-07-16,대구,사과,10개,31950
2026-07-16,대구,배,10개,36600
2026-07-20,대구,배추,1포기,3533
2026-07-20,대구,시금치,100g,12950
2026-07-20,대구,상추,100g,14733
2026-07-20,대구,얼갈이배추,1kg,2123
2026-07-20,대구,오이,10개,11743
2026-07-20,대구,호박,1개,1123
2026-07-20,대구,토마토,1kg,4690
2026-07-20,대구,무,1개,2495
2026-07-20,대구,당근,1kg,3820
2026-07-20,대구,열무,1kg,2443
2026-07-20,대구,양파,1kg,1234
2026-07-20,대구,대파,1kg,2970
2026-07-20,대구,피망,100g,9450
2026-07-20,대구,파프리카,1개,1041
2026-07-20,대구,마늘,1kg,9100
2026-07-20,대구,브로콜리,1개,2290
2026-07-20,대구,사과,10개,31950
2026-07-20,대구,배,10개,36600
2026-07-21,대구,배추,1포기,3533
2026-07-21,대구,시금치,100g,12950
2026-07-21,대구,상추,100g,14733
2026-07-21,대구,얼갈이배추,1kg,2123
2026-07-21,대구,오이,10개,12543
2026-07-21,대구,호박,1개,1123
2026-07-21,대구,토마토,1kg,4690
2026-07-21,대구,무,1개,2495
2026-07-21,대구,당근,1kg,3820
2026-07-21,대구,열무,1kg,2287
2026-07-21,대구,양파,1kg,1234
2026-07-21,대구,대파,1kg,2970
2026-07-21,대구,피망,100g,9450
2026-07-21,대구,파프리카,1개,1041
2026-07-21,대구,마늘,1kg,9100
2026-07-21,대구,브로콜리,1개,2290
2026-07-21,대구,사과,10개,31950
2026-07-21,대구,배,10개,36600
2026-07-22,대구,배추,1포기,3910
2026-07-22,대구,시금치,100g,12950
2026-07-22,대구,상추,100g,14833
2026-07-22,대구,얼갈이배추,1kg,2237
2026-07-22,대구,오이,10개,11777
2026-07-22,대구,호박,1개,1123
2026-07-22,대구,토마토,1kg,4690
2026-07-22,대구,무,1개,2023
2026-07-22,대구,당근,1kg,3820
2026-07-22,대구,열무,1kg,2430
2026-07-22,대구,양파,1kg,1234
2026-07-22,대구,대파,1kg,2970
2026-07-22,대구,피망,100g,8550
2026-07-22,대구,파프리카,1개,1041
2026-07-22,대구,마늘,1kg,9100
2026-07-22,대구,브로콜리,1개,2290
2026-07-22,대구,사과,10개,31950
2026-07-22,대구,배,10개,36600
2026-07-23,대구,배추,1포기,4330
2026-07-23,대구,시금치,100g,13050
2026-07-23,대구,상추,100g,17333
2026-07-23,대구,얼갈이배추,1kg,2520
2026-07-23,대구,오이,10개,11910
2026-07-23,대구,호박,1개,981
2026-07-23,대구,토마토,1kg,4037
2026-07-23,대구,무,1개,2190
2026-07-23,대구,당근,1kg,3820
2026-07-23,대구,열무,1kg,2740
2026-07-23,대구,양파,1kg,1234
2026-07-23,대구,대파,1kg,3043
2026-07-23,대구,피망,100g,8550
2026-07-23,대구,파프리카,1개,1301
2026-07-23,대구,마늘,1kg,11227
2026-07-23,대구,브로콜리,1개,2757
2026-07-23,대구,사과,10개,33950
2026-07-23,대구,배,10개,36600
2026-07-24,대구,배추,1포기,4057
2026-07-24,대구,시금치,100g,13050
2026-07-24,대구,상추,100g,16767
2026-07-24,대구,얼갈이배추,1kg,2573
2026-07-24,대구,오이,10개,12133
2026-07-24,대구,호박,1개,981
2026-07-24,대구,토마토,1kg,4037
2026-07-24,대구,무,1개,2075
2026-07-24,대구,당근,1kg,3820
2026-07-24,대구,열무,1kg,2740
2026-07-24,대구,양파,1kg,1377
2026-07-24,대구,대파,1kg,3043
2026-07-24,대구,피망,100g,8950
2026-07-24,대구,파프리카,1개,1301
2026-07-24,대구,마늘,1kg,11227
2026-07-24,대구,브로콜리,1개,2757
2026-07-24,대구,사과,10개,33950
2026-07-24,대구,배,10개,36600
2026-04-27,광주,배추,1포기,4117
2026-04-27,광주,시금치,100g,7553
2026-04-27,광주,상추,100g,9333
2026-04-27,광주,얼갈이배추,1kg,3297
2026-04-27,광주,오이,10개,7875
2026-04-27,광주,호박,1개,1310
2026-04-27,광주,토마토,1kg,5070
2026-04-27,광주,무,1개,1995
2026-04-27,광주,당근,1kg,4463
2026-04-27,광주,열무,1kg,2140
2026-04-27,광주,양파,1kg,1907
2026-04-27,광주,대파,1kg,3237
2026-04-27,광주,피망,100g,16150
2026-04-27,광주,파프리카,1개,1883
2026-04-27,광주,마늘,1kg,13900
2026-04-27,광주,브로콜리,1개,2787
2026-04-27,광주,사과,10개,29600
2026-04-27,광주,배,10개,40900
2026-04-28,광주,배추,1포기,4117
2026-04-28,광주,시금치,100g,7553
2026-04-28,광주,상추,100g,9333
2026-04-28,광주,얼갈이배추,1kg,3297
2026-04-28,광주,오이,10개,7875
2026-04-28,광주,호박,1개,1310
2026-04-28,광주,토마토,1kg,5070
2026-04-28,광주,무,1개,1995
2026-04-28,광주,당근,1kg,4463
2026-04-28,광주,열무,1kg,2140
2026-04-28,광주,양파,1kg,1907
2026-04-28,광주,대파,1kg,3237
2026-04-28,광주,피망,100g,16150
2026-04-28,광주,파프리카,1개,1883
2026-04-28,광주,마늘,1kg,13900
2026-04-28,광주,브로콜리,1개,2787
2026-04-28,광주,사과,10개,29600
2026-04-28,광주,배,10개,40900
2026-04-29,광주,배추,1포기,4117
2026-04-29,광주,시금치,100g,7520
2026-04-29,광주,상추,100g,9333
2026-04-29,광주,얼갈이배추,1kg,3327
2026-04-29,광주,오이,10개,7710
2026-04-29,광주,호박,1개,1310
2026-04-29,광주,토마토,1kg,5070
2026-04-29,광주,무,1개,1995
2026-04-29,광주,당근,1kg,4463
2026-04-29,광주,열무,1kg,2200
2026-04-29,광주,양파,1kg,1907
2026-04-29,광주,대파,1kg,3237
2026-04-29,광주,피망,100g,16150
2026-04-29,광주,파프리카,1개,1883
2026-04-29,광주,마늘,1kg,13900
2026-04-29,광주,브로콜리,1개,2810
2026-04-29,광주,사과,10개,29267
2026-04-29,광주,배,10개,41600
2026-04-30,광주,배추,1포기,4117
2026-04-30,광주,시금치,100g,7877
2026-04-30,광주,상추,100g,9333
2026-04-30,광주,얼갈이배추,1kg,3660
2026-04-30,광주,오이,10개,6460
2026-04-30,광주,호박,1개,1410
2026-04-30,광주,토마토,1kg,5633
2026-04-30,광주,무,1개,1795
2026-04-30,광주,당근,1kg,4527
2026-04-30,광주,열무,1kg,2700
2026-04-30,광주,양파,1kg,1907
2026-04-30,광주,대파,1kg,3393
2026-04-30,광주,피망,100g,18650
2026-04-30,광주,파프리카,1개,1870
2026-04-30,광주,마늘,1kg,13900
2026-04-30,광주,브로콜리,1개,2643
2026-04-30,광주,사과,10개,32600
2026-04-30,광주,배,10개,38300
2026-05-04,광주,배추,1포기,4117
2026-05-04,광주,시금치,100g,7877
2026-05-04,광주,상추,100g,9333
2026-05-04,광주,얼갈이배추,1kg,3660
2026-05-04,광주,오이,10개,6835
2026-05-04,광주,호박,1개,1410
2026-05-04,광주,토마토,1kg,5633
2026-05-04,광주,무,1개,1795
2026-05-04,광주,당근,1kg,4527
2026-05-04,광주,열무,1kg,2700
2026-05-04,광주,양파,1kg,1907
2026-05-04,광주,대파,1kg,3393
2026-05-04,광주,피망,100g,18650
2026-05-04,광주,파프리카,1개,1937
2026-05-04,광주,마늘,1kg,13900
2026-05-04,광주,브로콜리,1개,2643
2026-05-04,광주,사과,10개,30600
2026-05-04,광주,배,10개,38300
2026-05-06,광주,배추,1포기,4160
2026-05-06,광주,시금치,100g,7843
2026-05-06,광주,상추,100g,9633
2026-05-06,광주,얼갈이배추,1kg,3610
2026-05-06,광주,오이,10개,6670
2026-05-06,광주,호박,1개,1325
2026-05-06,광주,토마토,1kg,5633
2026-05-06,광주,무,1개,1910
2026-05-06,광주,당근,1kg,4527
2026-05-06,광주,열무,1kg,2640
2026-05-06,광주,양파,1kg,2290
2026-05-06,광주,대파,1kg,3393
2026-05-06,광주,피망,100g,18600
2026-05-06,광주,파프리카,1개,1827
2026-05-06,광주,마늘,1kg,13900
2026-05-06,광주,브로콜리,1개,2620
2026-05-06,광주,사과,10개,28400
2026-05-06,광주,배,10개,38700
2026-05-07,광주,배추,1포기,3430
2026-05-07,광주,시금치,100g,6150
2026-05-07,광주,상추,100g,8600
2026-05-07,광주,얼갈이배추,1kg,3110
2026-05-07,광주,오이,10개,6190
2026-05-07,광주,호박,1개,1022
2026-05-07,광주,토마토,1kg,4850
2026-05-07,광주,무,1개,2375
2026-05-07,광주,당근,1kg,4360
2026-05-07,광주,열무,1kg,1890
2026-05-07,광주,양파,1kg,2157
2026-05-07,광주,대파,1kg,3367
2026-05-07,광주,피망,100g,18600
2026-05-07,광주,파프리카,1개,1993
2026-05-07,광주,마늘,1kg,12833
2026-05-07,광주,브로콜리,1개,2620
2026-05-07,광주,사과,10개,28400
2026-05-07,광주,배,10개,38700
2026-05-08,광주,배추,1포기,2970
2026-05-08,광주,시금치,100g,6150
2026-05-08,광주,상추,100g,8600
2026-05-08,광주,얼갈이배추,1kg,3110
2026-05-08,광주,오이,10개,6135
2026-05-08,광주,호박,1개,1022
2026-05-08,광주,토마토,1kg,4883
2026-05-08,광주,무,1개,2375
2026-05-08,광주,당근,1kg,4360
2026-05-08,광주,열무,1kg,1910
2026-05-08,광주,양파,1kg,2170
2026-05-08,광주,대파,1kg,3367
2026-05-08,광주,피망,100g,18600
2026-05-08,광주,파프리카,1개,1993
2026-05-08,광주,마늘,1kg,12833
2026-05-08,광주,브로콜리,1개,2620
2026-05-08,광주,사과,10개,28600
2026-05-08,광주,배,10개,38700
2026-05-11,광주,배추,1포기,2805
2026-05-11,광주,시금치,100g,6400
2026-05-11,광주,상추,100g,8650
2026-05-11,광주,얼갈이배추,1kg,3047
2026-05-11,광주,오이,10개,6135
2026-05-11,광주,호박,1개,952
2026-05-11,광주,토마토,1kg,4883
2026-05-11,광주,무,1개,2375
2026-05-11,광주,당근,1kg,4360
2026-05-11,광주,열무,1kg,2910
2026-05-11,광주,양파,1kg,2187
2026-05-11,광주,대파,1kg,3420
2026-05-11,광주,피망,100g,18450
2026-05-11,광주,파프리카,1개,1947
2026-05-11,광주,마늘,1kg,12833
2026-05-11,광주,브로콜리,1개,2620
2026-05-11,광주,사과,10개,28600
2026-05-11,광주,배,10개,38900
2026-05-12,광주,배추,1포기,2805
2026-05-12,광주,시금치,100g,6400
2026-05-12,광주,상추,100g,9000
2026-05-12,광주,얼갈이배추,1kg,3047
2026-05-12,광주,오이,10개,6135
2026-05-12,광주,호박,1개,962
2026-05-12,광주,토마토,1kg,4920
2026-05-12,광주,무,1개,2295
2026-05-12,광주,당근,1kg,4360
2026-05-12,광주,열무,1kg,2910
2026-05-12,광주,양파,1kg,2187
2026-05-12,광주,대파,1kg,3420
2026-05-12,광주,피망,100g,18450
2026-05-12,광주,파프리카,1개,1947
2026-05-12,광주,마늘,1kg,12833
2026-05-12,광주,브로콜리,1개,2620
2026-05-12,광주,사과,10개,28600
2026-05-12,광주,배,10개,38900
2026-05-13,광주,배추,1포기,2805
2026-05-13,광주,시금치,100g,6550
2026-05-13,광주,상추,100g,9000
2026-05-13,광주,얼갈이배추,1kg,3047
2026-05-13,광주,오이,10개,6135
2026-05-13,광주,호박,1개,972
2026-05-13,광주,토마토,1kg,4960
2026-05-13,광주,무,1개,2245
2026-05-13,광주,당근,1kg,4360
2026-05-13,광주,열무,1kg,2910
2026-05-13,광주,양파,1kg,2187
2026-05-13,광주,대파,1kg,3477
2026-05-13,광주,피망,100g,18450
2026-05-13,광주,파프리카,1개,1947
2026-05-13,광주,마늘,1kg,12933
2026-05-13,광주,브로콜리,1개,2653
2026-05-13,광주,사과,10개,28600
2026-05-13,광주,배,10개,38900
2026-05-14,광주,배추,1포기,2805
2026-05-14,광주,시금치,100g,6135
2026-05-14,광주,상추,100g,8025
2026-05-14,광주,얼갈이배추,1kg,3213
2026-05-14,광주,오이,10개,6320
2026-05-14,광주,호박,1개,936
2026-05-14,광주,토마토,1kg,5930
2026-05-14,광주,무,1개,2160
2026-05-14,광주,당근,1kg,4257
2026-05-14,광주,열무,1kg,2120
2026-05-14,광주,양파,1kg,2240
2026-05-14,광주,대파,1kg,3520
2026-05-14,광주,피망,100g,18750
2026-05-14,광주,파프리카,1개,1467
2026-05-14,광주,마늘,1kg,13033
2026-05-14,광주,브로콜리,1개,2487
2026-05-14,광주,사과,10개,32433
2026-05-14,광주,배,10개,39150
2026-05-15,광주,배추,1포기,2745
2026-05-15,광주,시금치,100g,6135
2026-05-15,광주,상추,100g,7925
2026-05-15,광주,얼갈이배추,1kg,3187
2026-05-15,광주,오이,10개,5820
2026-05-15,광주,호박,1개,936
2026-05-15,광주,토마토,1kg,5930
2026-05-15,광주,무,1개,2245
2026-05-15,광주,당근,1kg,4257
2026-05-15,광주,열무,1kg,2120
2026-05-15,광주,양파,1kg,2173
2026-05-15,광주,대파,1kg,3520
2026-05-15,광주,피망,100g,18700
2026-05-15,광주,파프리카,1개,1457
2026-05-15,광주,마늘,1kg,13033
2026-05-15,광주,브로콜리,1개,2513
2026-05-15,광주,사과,10개,32433
2026-05-15,광주,배,10개,39150
2026-05-18,광주,배추,1포기,2680
2026-05-18,광주,시금치,100g,6035
2026-05-18,광주,상추,100g,7770
2026-05-18,광주,얼갈이배추,1kg,3187
2026-05-18,광주,오이,10개,6210
2026-05-18,광주,호박,1개,966
2026-05-18,광주,토마토,1kg,5930
2026-05-18,광주,무,1개,2245
2026-05-18,광주,당근,1kg,4257
2026-05-18,광주,열무,1kg,2120
2026-05-18,광주,양파,1kg,2147
2026-05-18,광주,대파,1kg,3520
2026-05-18,광주,피망,100g,18700
2026-05-18,광주,파프리카,1개,1500
2026-05-18,광주,마늘,1kg,13033
2026-05-18,광주,브로콜리,1개,2503
2026-05-18,광주,사과,10개,30367
2026-05-18,광주,배,10개,39150
2026-05-19,광주,배추,1포기,3470
2026-05-19,광주,시금치,100g,6035
2026-05-19,광주,상추,100g,7775
2026-05-19,광주,얼갈이배추,1kg,3160
2026-05-19,광주,오이,10개,6210
2026-05-19,광주,호박,1개,936
2026-05-19,광주,토마토,1kg,5930
2026-05-19,광주,무,1개,2245
2026-05-19,광주,당근,1kg,4257
2026-05-19,광주,열무,1kg,2120
2026-05-19,광주,양파,1kg,2147
2026-05-19,광주,대파,1kg,3520
2026-05-19,광주,피망,100g,18600
2026-05-19,광주,파프리카,1개,1500
2026-05-19,광주,마늘,1kg,13000
2026-05-19,광주,브로콜리,1개,2540
2026-05-19,광주,사과,10개,30200
2026-05-19,광주,배,10개,38500
2026-05-20,광주,배추,1포기,3470
2026-05-20,광주,시금치,100g,6035
2026-05-20,광주,상추,100g,7775
2026-05-20,광주,얼갈이배추,1kg,3160
2026-05-20,광주,오이,10개,6210
2026-05-20,광주,호박,1개,936
2026-05-20,광주,토마토,1kg,5930
2026-05-20,광주,무,1개,2310
2026-05-20,광주,당근,1kg,4223
2026-05-20,광주,열무,1kg,2180
2026-05-20,광주,양파,1kg,2147
2026-05-20,광주,대파,1kg,3520
2026-05-20,광주,피망,100g,18600
2026-05-20,광주,파프리카,1개,1500
2026-05-20,광주,마늘,1kg,13000
2026-05-20,광주,브로콜리,1개,2540
2026-05-20,광주,사과,10개,30200
2026-05-20,광주,배,10개,38500
2026-05-21,광주,배추,1포기,3847
2026-05-21,광주,시금치,100g,6230
2026-05-21,광주,상추,100g,7775
2026-05-21,광주,얼갈이배추,1kg,3160
2026-05-21,광주,오이,10개,5765
2026-05-21,광주,호박,1개,896
2026-05-21,광주,토마토,1kg,5630
2026-05-21,광주,무,1개,2245
2026-05-21,광주,당근,1kg,4223
2026-05-21,광주,열무,1kg,2305
2026-05-21,광주,양파,1kg,1990
2026-05-21,광주,대파,1kg,3025
2026-05-21,광주,피망,100g,15750
2026-05-21,광주,파프리카,1개,1593
2026-05-21,광주,마늘,1kg,13900
2026-05-21,광주,브로콜리,1개,2800
2026-05-21,광주,사과,10개,28600
2026-05-21,광주,배,10개,42100
2026-05-22,광주,배추,1포기,3847
2026-05-22,광주,시금치,100g,6230
2026-05-22,광주,상추,100g,7775
2026-05-22,광주,얼갈이배추,1kg,3160
2026-05-22,광주,오이,10개,5765
2026-05-22,광주,호박,1개,896
2026-05-22,광주,토마토,1kg,5630
2026-05-22,광주,무,1개,2245
2026-05-22,광주,당근,1kg,4223
2026-05-22,광주,열무,1kg,2305
2026-05-22,광주,양파,1kg,1963
2026-05-22,광주,대파,1kg,3110
2026-05-22,광주,피망,100g,15750
2026-05-22,광주,파프리카,1개,1593
2026-05-22,광주,마늘,1kg,13900
2026-05-22,광주,브로콜리,1개,2800
2026-05-22,광주,사과,10개,28600
2026-05-22,광주,배,10개,44300
2026-05-26,광주,배추,1포기,4077
2026-05-26,광주,시금치,100g,6230
2026-05-26,광주,상추,100g,7775
2026-05-26,광주,얼갈이배추,1kg,3213
2026-05-26,광주,오이,10개,5600
2026-05-26,광주,호박,1개,896
2026-05-26,광주,토마토,1kg,5630
2026-05-26,광주,무,1개,1990
2026-05-26,광주,당근,1kg,4223
2026-05-26,광주,열무,1kg,2450
2026-05-26,광주,양파,1kg,1963
2026-05-26,광주,대파,1kg,3110
2026-05-26,광주,피망,100g,15750
2026-05-26,광주,파프리카,1개,1593
2026-05-26,광주,마늘,1kg,13900
2026-05-26,광주,브로콜리,1개,2800
2026-05-26,광주,사과,10개,28600
2026-05-26,광주,배,10개,44500
2026-05-27,광주,배추,1포기,4037
2026-05-27,광주,시금치,100g,6230
2026-05-27,광주,상추,100g,7775
2026-05-27,광주,얼갈이배추,1kg,3213
2026-05-27,광주,오이,10개,5490
2026-05-27,광주,호박,1개,896
2026-05-27,광주,토마토,1kg,5630
2026-05-27,광주,무,1개,1990
2026-05-27,광주,당근,1kg,4223
2026-05-27,광주,열무,1kg,2535
2026-05-27,광주,양파,1kg,1947
2026-05-27,광주,대파,1kg,3315
2026-05-27,광주,피망,100g,15850
2026-05-27,광주,파프리카,1개,1580
2026-05-27,광주,마늘,1kg,13900
2026-05-27,광주,브로콜리,1개,2800
2026-05-27,광주,사과,10개,28300
2026-05-27,광주,배,10개,44500
2026-05-28,광주,배추,1포기,4037
2026-05-28,광주,시금치,100g,7430
2026-05-28,광주,상추,100g,7975
2026-05-28,광주,얼갈이배추,1kg,3243
2026-05-28,광주,오이,10개,5805
2026-05-28,광주,호박,1개,1045
2026-05-28,광주,토마토,1kg,5920
2026-05-28,광주,무,1개,1990
2026-05-28,광주,당근,1kg,4397
2026-05-28,광주,열무,1kg,2595
2026-05-28,광주,양파,1kg,2003
2026-05-28,광주,대파,1kg,3530
2026-05-28,광주,피망,100g,15750
2026-05-28,광주,파프리카,1개,1593
2026-05-28,광주,마늘,1kg,13900
2026-05-28,광주,브로콜리,1개,2455
2026-05-28,광주,사과,10개,31633
2026-05-28,광주,배,10개,44500
2026-05-29,광주,배추,1포기,4013
2026-05-29,광주,시금치,100g,7430
2026-05-29,광주,상추,100g,8175
2026-05-29,광주,얼갈이배추,1kg,3243
2026-05-29,광주,오이,10개,6490
2026-05-29,광주,호박,1개,1045
2026-05-29,광주,토마토,1kg,5920
2026-05-29,광주,무,1개,1990
2026-05-29,광주,당근,1kg,4397
2026-05-29,광주,열무,1kg,2640
2026-05-29,광주,양파,1kg,2240
2026-05-29,광주,대파,1kg,3655
2026-05-29,광주,피망,100g,15750
2026-05-29,광주,파프리카,1개,1593
2026-05-29,광주,마늘,1kg,13900
2026-05-29,광주,브로콜리,1개,2667
2026-05-29,광주,사과,10개,31633
2026-05-29,광주,배,10개,44500
2026-06-01,광주,배추,1포기,4077
2026-06-01,광주,시금치,100g,7330
2026-06-01,광주,상추,100g,8025
2026-06-01,광주,얼갈이배추,1kg,3243
2026-06-01,광주,오이,10개,6320
2026-06-01,광주,호박,1개,995
2026-06-01,광주,토마토,1kg,5883
2026-06-01,광주,무,1개,1990
2026-06-01,광주,당근,1kg,4397
2026-06-01,광주,열무,1kg,2640
2026-06-01,광주,양파,1kg,2240
2026-06-01,광주,대파,1kg,3615
2026-06-01,광주,피망,100g,15700
2026-06-01,광주,파프리카,1개,1583
2026-06-01,광주,마늘,1kg,13900
2026-06-01,광주,브로콜리,1개,2667
2026-06-01,광주,사과,10개,31367
2026-06-01,광주,배,10개,44600
2026-06-02,광주,배추,1포기,3993
2026-06-02,광주,시금치,100g,7330
2026-06-02,광주,상추,100g,7925
2026-06-02,광주,얼갈이배추,1kg,3243
2026-06-02,광주,오이,10개,6320
2026-06-02,광주,호박,1개,995
2026-06-02,광주,토마토,1kg,5850
2026-06-02,광주,무,1개,1990
2026-06-02,광주,당근,1kg,4383
2026-06-02,광주,열무,1kg,2785
2026-06-02,광주,양파,1kg,2240
2026-06-02,광주,대파,1kg,3530
2026-06-02,광주,피망,100g,15700
2026-06-02,광주,파프리카,1개,1583
2026-06-02,광주,마늘,1kg,13900
2026-06-02,광주,브로콜리,1개,2667
2026-06-02,광주,사과,10개,32200
2026-06-02,광주,배,10개,44600
2026-06-04,광주,배추,1포기,3783
2026-06-04,광주,시금치,100g,6130
2026-06-04,광주,상추,100g,9250
2026-06-04,광주,얼갈이배추,1kg,3410
2026-06-04,광주,오이,10개,4790
2026-06-04,광주,호박,1개,1095
2026-06-04,광주,토마토,1kg,4890
2026-06-04,광주,무,1개,1590
2026-06-04,광주,당근,1kg,4110
2026-06-04,광주,열무,1kg,3035
2026-06-04,광주,양파,1kg,2240
2026-06-04,광주,대파,1kg,3580
2026-06-04,광주,피망,100g,15700
2026-06-04,광주,파프리카,1개,1570
2026-06-04,광주,마늘,1kg,13900
2026-06-04,광주,브로콜리,1개,2005
2026-06-04,광주,사과,10개,31367
2026-06-04,광주,배,10개,44600
2026-06-05,광주,배추,1포기,3783
2026-06-05,광주,시금치,100g,6130
2026-06-05,광주,상추,100g,9250
2026-06-05,광주,얼갈이배추,1kg,3410
2026-06-05,광주,오이,10개,4790
2026-06-05,광주,호박,1개,1095
2026-06-05,광주,토마토,1kg,4890
2026-06-05,광주,무,1개,1590
2026-06-05,광주,당근,1kg,4110
2026-06-05,광주,열무,1kg,3035
2026-06-05,광주,양파,1kg,2017
2026-06-05,광주,대파,1kg,3580
2026-06-05,광주,피망,100g,15700
2026-06-05,광주,파프리카,1개,1570
2026-06-05,광주,마늘,1kg,13900
2026-06-05,광주,브로콜리,1개,2167
2026-06-05,광주,사과,10개,31367
2026-06-05,광주,배,10개,44600
2026-06-08,광주,배추,1포기,3783
2026-06-08,광주,시금치,100g,6130
2026-06-08,광주,상추,100g,9850
2026-06-08,광주,얼갈이배추,1kg,3410
2026-06-08,광주,오이,10개,4790
2026-06-08,광주,호박,1개,1095
2026-06-08,광주,토마토,1kg,4890
2026-06-08,광주,무,1개,1590
2026-06-08,광주,당근,1kg,3943
2026-06-08,광주,열무,1kg,3035
2026-06-08,광주,양파,1kg,2017
2026-06-08,광주,대파,1kg,3580
2026-06-08,광주,피망,100g,15700
2026-06-08,광주,파프리카,1개,1570
2026-06-08,광주,마늘,1kg,13900
2026-06-08,광주,브로콜리,1개,2167
2026-06-08,광주,사과,10개,31367
2026-06-08,광주,배,10개,44600
2026-06-09,광주,배추,1포기,3700
2026-06-09,광주,시금치,100g,6130
2026-06-09,광주,상추,100g,10000
2026-06-09,광주,얼갈이배추,1kg,3410
2026-06-09,광주,오이,10개,5210
2026-06-09,광주,호박,1개,1095
2026-06-09,광주,토마토,1kg,4890
2026-06-09,광주,무,1개,1795
2026-06-09,광주,당근,1kg,3943
2026-06-09,광주,열무,1kg,3120
2026-06-09,광주,양파,1kg,2090
2026-06-09,광주,대파,1kg,3500
2026-06-09,광주,피망,100g,15700
2026-06-09,광주,파프리카,1개,1537
2026-06-09,광주,마늘,1kg,13900
2026-06-09,광주,브로콜리,1개,2500
2026-06-09,광주,사과,10개,31367
2026-06-09,광주,배,10개,46500
2026-06-10,광주,배추,1포기,3700
2026-06-10,광주,시금치,100g,6230
2026-06-10,광주,상추,100g,10000
2026-06-10,광주,얼갈이배추,1kg,3437
2026-06-10,광주,오이,10개,5070
2026-06-10,광주,호박,1개,1175
2026-06-10,광주,토마토,1kg,4890
2026-06-10,광주,무,1개,1795
2026-06-10,광주,당근,1kg,3910
2026-06-10,광주,열무,1kg,3075
2026-06-10,광주,양파,1kg,2090
2026-06-10,광주,대파,1kg,3580
2026-06-10,광주,피망,100g,15700
2026-06-10,광주,파프리카,1개,1513
2026-06-10,광주,마늘,1kg,13900
2026-06-10,광주,브로콜리,1개,2500
2026-06-10,광주,사과,10개,31367
2026-06-10,광주,배,10개,46500
2026-06-11,광주,배추,1포기,3910
2026-06-11,광주,시금치,100g,8250
2026-06-11,광주,상추,100g,10750
2026-06-11,광주,얼갈이배추,1kg,3270
2026-06-11,광주,오이,10개,5500
2026-06-11,광주,호박,1개,1310
2026-06-11,광주,토마토,1kg,4640
2026-06-11,광주,무,1개,1895
2026-06-11,광주,당근,1kg,4257
2026-06-11,광주,열무,1kg,2825
2026-06-11,광주,양파,1kg,2090
2026-06-11,광주,대파,1kg,3365
2026-06-11,광주,피망,100g,14700
2026-06-11,광주,파프리카,1개,1580
2026-06-11,광주,마늘,1kg,13900
2026-06-11,광주,브로콜리,1개,2005
2026-06-11,광주,사과,10개,29600
2026-06-11,광주,배,10개,46500
2026-06-12,광주,배추,1포기,3910
2026-06-12,광주,시금치,100g,8250
2026-06-12,광주,상추,100g,10750
2026-06-12,광주,얼갈이배추,1kg,3270
2026-06-12,광주,오이,10개,5500
2026-06-12,광주,호박,1개,1310
2026-06-12,광주,토마토,1kg,4640
2026-06-12,광주,무,1개,1895
2026-06-12,광주,당근,1kg,4257
2026-06-12,광주,열무,1kg,2825
2026-06-12,광주,양파,1kg,2090
2026-06-12,광주,대파,1kg,3365
2026-06-12,광주,피망,100g,14700
2026-06-12,광주,파프리카,1개,1580
2026-06-12,광주,마늘,1kg,13900
2026-06-12,광주,브로콜리,1개,2005
2026-06-12,광주,사과,10개,29600
2026-06-12,광주,배,10개,46500
2026-06-15,광주,배추,1포기,3887
2026-06-15,광주,시금치,100g,8350
2026-06-15,광주,상추,100g,10750
2026-06-15,광주,얼갈이배추,1kg,3270
2026-06-15,광주,오이,10개,5500
2026-06-15,광주,호박,1개,1310
2026-06-15,광주,토마토,1kg,4640
2026-06-15,광주,무,1개,1895
2026-06-15,광주,당근,1kg,4313
2026-06-15,광주,열무,1kg,2785
2026-06-15,광주,양파,1kg,2360
2026-06-15,광주,대파,1kg,3380
2026-06-15,광주,피망,100g,14700
2026-06-15,광주,파프리카,1개,1580
2026-06-15,광주,마늘,1kg,13900
2026-06-15,광주,브로콜리,1개,2167
2026-06-15,광주,사과,10개,29600
2026-06-15,광주,배,10개,46500
2026-06-16,광주,배추,1포기,3887
2026-06-16,광주,시금치,100g,8600
2026-06-16,광주,상추,100g,10750
2026-06-16,광주,얼갈이배추,1kg,3270
2026-06-16,광주,오이,10개,5500
2026-06-16,광주,호박,1개,1270
2026-06-16,광주,토마토,1kg,4640
2026-06-16,광주,무,1개,1895
2026-06-16,광주,당근,1kg,4340
2026-06-16,광주,열무,1kg,2785
2026-06-16,광주,양파,1kg,2360
2026-06-16,광주,대파,1kg,3320
2026-06-16,광주,피망,100g,14700
2026-06-16,광주,파프리카,1개,1580
2026-06-16,광주,마늘,1kg,13900
2026-06-16,광주,브로콜리,1개,2500
2026-06-16,광주,사과,10개,29600
2026-06-16,광주,배,10개,46500
2026-06-17,광주,배추,1포기,3887
2026-06-17,광주,시금치,100g,8750
2026-06-17,광주,상추,100g,10750
2026-06-17,광주,얼갈이배추,1kg,3270
2026-06-17,광주,오이,10개,5500
2026-06-17,광주,호박,1개,1270
2026-06-17,광주,토마토,1kg,4640
2026-06-17,광주,무,1개,1895
2026-06-17,광주,당근,1kg,4337
2026-06-17,광주,열무,1kg,2785
2026-06-17,광주,양파,1kg,2407
2026-06-17,광주,대파,1kg,3320
2026-06-17,광주,피망,100g,14700
2026-06-17,광주,파프리카,1개,1580
2026-06-17,광주,마늘,1kg,13900
2026-06-17,광주,브로콜리,1개,2500
2026-06-17,광주,사과,10개,29600
2026-06-17,광주,배,10개,46500
2026-06-18,광주,배추,1포기,4053
2026-06-18,광주,시금치,100g,6425
2026-06-18,광주,상추,100g,10450
2026-06-18,광주,얼갈이배추,1kg,3270
2026-06-18,광주,오이,10개,6320
2026-06-18,광주,호박,1개,1075
2026-06-18,광주,토마토,1kg,5090
2026-06-18,광주,무,1개,2000
2026-06-18,광주,당근,1kg,3853
2026-06-18,광주,열무,1kg,2825
2026-06-18,광주,양파,1kg,2437
2026-06-18,광주,대파,1kg,3320
2026-06-18,광주,피망,100g,15700
2026-06-18,광주,파프리카,1개,1310
2026-06-18,광주,마늘,1kg,13900
2026-06-18,광주,브로콜리,1개,2500
2026-06-18,광주,사과,10개,27600
2026-06-18,광주,배,10개,43100
2026-06-19,광주,배추,1포기,4020
2026-06-19,광주,시금치,100g,6270
2026-06-19,광주,상추,100g,10450
2026-06-19,광주,얼갈이배추,1kg,3270
2026-06-19,광주,오이,10개,6320
2026-06-19,광주,호박,1개,1075
2026-06-19,광주,토마토,1kg,5090
2026-06-19,광주,무,1개,2000
2026-06-19,광주,당근,1kg,3850
2026-06-19,광주,열무,1kg,2825
2026-06-19,광주,양파,1kg,2240
2026-06-19,광주,대파,1kg,3320
2026-06-19,광주,피망,100g,15700
2026-06-19,광주,파프리카,1개,1310
2026-06-19,광주,마늘,1kg,13900
2026-06-19,광주,브로콜리,1개,2500
2026-06-19,광주,사과,10개,27600
2026-06-19,광주,배,10개,43100
2026-06-22,광주,배추,1포기,4020
2026-06-22,광주,시금치,100g,6070
2026-06-22,광주,상추,100g,10450
2026-06-22,광주,얼갈이배추,1kg,3327
2026-06-22,광주,오이,10개,6320
2026-06-22,광주,호박,1개,1225
2026-06-22,광주,토마토,1kg,5007
2026-06-22,광주,무,1개,2000
2026-06-22,광주,당근,1kg,3853
2026-06-22,광주,열무,1kg,2870
2026-06-22,광주,양파,1kg,2240
2026-06-22,광주,대파,1kg,3320
2026-06-22,광주,피망,100g,15700
2026-06-22,광주,파프리카,1개,1310
2026-06-22,광주,마늘,1kg,13900
2026-06-22,광주,브로콜리,1개,2500
2026-06-22,광주,사과,10개,27600
2026-06-22,광주,배,10개,43700
2026-06-23,광주,배추,1포기,4020
2026-06-23,광주,시금치,100g,6070
2026-06-23,광주,상추,100g,10450
2026-06-23,광주,얼갈이배추,1kg,3327
2026-06-23,광주,오이,10개,6320
2026-06-23,광주,호박,1개,1225
2026-06-23,광주,토마토,1kg,5007
2026-06-23,광주,무,1개,1995
2026-06-23,광주,당근,1kg,3690
2026-06-23,광주,열무,1kg,2870
2026-06-23,광주,양파,1kg,2240
2026-06-23,광주,대파,1kg,3320
2026-06-23,광주,피망,100g,15700
2026-06-23,광주,파프리카,1개,1310
2026-06-23,광주,마늘,1kg,13900
2026-06-23,광주,브로콜리,1개,2500
2026-06-23,광주,사과,10개,27600
2026-06-23,광주,배,10개,43700
2026-06-24,광주,배추,1포기,4040
2026-06-24,광주,시금치,100g,6070
2026-06-24,광주,상추,100g,10450
2026-06-24,광주,얼갈이배추,1kg,3327
2026-06-24,광주,오이,10개,6320
2026-06-24,광주,호박,1개,1225
2026-06-24,광주,토마토,1kg,5007
2026-06-24,광주,무,1개,1995
2026-06-24,광주,당근,1kg,3690
2026-06-24,광주,열무,1kg,2910
2026-06-24,광주,양파,1kg,2240
2026-06-24,광주,대파,1kg,3320
2026-06-24,광주,피망,100g,15700
2026-06-24,광주,파프리카,1개,1310
2026-06-24,광주,마늘,1kg,13900
2026-06-24,광주,브로콜리,1개,2500
2026-06-24,광주,사과,10개,27600
2026-06-24,광주,배,10개,43700
2026-06-25,광주,배추,1포기,4083
2026-06-25,광주,시금치,100g,6450
2026-06-25,광주,상추,100g,11450
2026-06-25,광주,얼갈이배추,1kg,3327
2026-06-25,광주,오이,10개,5410
2026-06-25,광주,호박,1개,1145
2026-06-25,광주,토마토,1kg,4523
2026-06-25,광주,무,1개,1995
2026-06-25,광주,당근,1kg,3957
2026-06-25,광주,열무,1kg,3075
2026-06-25,광주,양파,1kg,2240
2026-06-25,광주,대파,1kg,3740
2026-06-25,광주,피망,100g,15700
2026-06-25,광주,파프리카,1개,1383
2026-06-25,광주,마늘,1kg,13900
2026-06-25,광주,브로콜리,1개,2500
2026-06-25,광주,사과,10개,27850
2026-06-25,광주,배,10개,47500
2026-06-26,광주,배추,1포기,4083
2026-06-26,광주,시금치,100g,6450
2026-06-26,광주,상추,100g,11450
2026-06-26,광주,얼갈이배추,1kg,3327
2026-06-26,광주,오이,10개,5410
2026-06-26,광주,호박,1개,1145
2026-06-26,광주,토마토,1kg,4523
2026-06-26,광주,무,1개,1995
2026-06-26,광주,당근,1kg,3957
2026-06-26,광주,열무,1kg,3035
2026-06-26,광주,양파,1kg,2240
2026-06-26,광주,대파,1kg,3740
2026-06-26,광주,피망,100g,15700
2026-06-26,광주,파프리카,1개,1383
2026-06-26,광주,마늘,1kg,13900
2026-06-26,광주,브로콜리,1개,2500
2026-06-26,광주,사과,10개,27850
2026-06-26,광주,배,10개,48700
2026-06-29,광주,배추,1포기,4083
2026-06-29,광주,시금치,100g,6450
2026-06-29,광주,상추,100g,11450
2026-06-29,광주,얼갈이배추,1kg,3327
2026-06-29,광주,오이,10개,5410
2026-06-29,광주,호박,1개,1145
2026-06-29,광주,토마토,1kg,4523
2026-06-29,광주,무,1개,1995
2026-06-29,광주,당근,1kg,4293
2026-06-29,광주,열무,1kg,3160
2026-06-29,광주,양파,1kg,2463
2026-06-29,광주,대파,1kg,3825
2026-06-29,광주,피망,100g,15700
2026-06-29,광주,파프리카,1개,1383
2026-06-29,광주,마늘,1kg,13900
2026-06-29,광주,브로콜리,1개,2500
2026-06-29,광주,사과,10개,27850
2026-06-29,광주,배,10개,48700
2026-06-30,광주,배추,1포기,4103
2026-06-30,광주,시금치,100g,6450
2026-06-30,광주,상추,100g,11700
2026-06-30,광주,얼갈이배추,1kg,3327
2026-06-30,광주,오이,10개,5690
2026-06-30,광주,호박,1개,1145
2026-06-30,광주,토마토,1kg,4523
2026-06-30,광주,무,1개,1995
2026-06-30,광주,당근,1kg,4293
2026-06-30,광주,열무,1kg,3160
2026-06-30,광주,양파,1kg,2463
2026-06-30,광주,대파,1kg,3655
2026-06-30,광주,피망,100g,15700
2026-06-30,광주,파프리카,1개,1383
2026-06-30,광주,마늘,1kg,13900
2026-06-30,광주,브로콜리,1개,2500
2026-06-30,광주,사과,10개,29950
2026-06-30,광주,배,10개,48700
2026-07-01,광주,배추,1포기,4103
2026-07-01,광주,시금치,100g,6550
2026-07-01,광주,상추,100g,11700
2026-07-01,광주,얼갈이배추,1kg,3340
2026-07-01,광주,오이,10개,5940
2026-07-01,광주,호박,1개,1145
2026-07-01,광주,토마토,1kg,4523
2026-07-01,광주,무,1개,1995
2026-07-01,광주,당근,1kg,4293
2026-07-01,광주,열무,1kg,3160
2026-07-01,광주,양파,1kg,2463
2026-07-01,광주,대파,1kg,3740
2026-07-01,광주,피망,100g,15700
2026-07-01,광주,파프리카,1개,1383
2026-07-01,광주,마늘,1kg,13900
2026-07-01,광주,브로콜리,1개,2500
2026-07-01,광주,사과,10개,29950
2026-07-01,광주,배,10개,48700
2026-07-02,광주,배추,1포기,4103
2026-07-02,광주,시금치,100g,6055
2026-07-02,광주,상추,100g,11450
2026-07-02,광주,얼갈이배추,1kg,3353
2026-07-02,광주,오이,10개,6040
2026-07-02,광주,호박,1개,1145
2026-07-02,광주,토마토,1kg,5745
2026-07-02,광주,무,1개,1995
2026-07-02,광주,당근,1kg,4153
2026-07-02,광주,열무,1kg,3160
2026-07-02,광주,양파,1kg,2330
2026-07-02,광주,대파,1kg,3740
2026-07-02,광주,피망,100g,14700
2026-07-02,광주,파프리카,1개,1290
2026-07-02,광주,마늘,1kg,9760
2026-07-02,광주,브로콜리,1개,2193
2026-07-02,광주,사과,10개,32950
2026-07-02,광주,배,10개,48700
2026-07-03,광주,배추,1포기,4060
2026-07-03,광주,시금치,100g,6055
2026-07-03,광주,상추,100g,11350
2026-07-03,광주,얼갈이배추,1kg,3327
2026-07-03,광주,오이,10개,6315
2026-07-03,광주,호박,1개,1145
2026-07-03,광주,토마토,1kg,4745
2026-07-03,광주,무,1개,1995
2026-07-03,광주,당근,1kg,3987
2026-07-03,광주,열무,1kg,3160
2026-07-03,광주,양파,1kg,2330
2026-07-03,광주,대파,1kg,3740
2026-07-03,광주,피망,100g,14700
2026-07-03,광주,파프리카,1개,1290
2026-07-03,광주,마늘,1kg,9760
2026-07-03,광주,브로콜리,1개,2213
2026-07-03,광주,사과,10개,33350
2026-07-03,광주,배,10개,48700
2026-07-06,광주,배추,1포기,4060
2026-07-06,광주,시금치,100g,6055
2026-07-06,광주,상추,100g,11350
2026-07-06,광주,얼갈이배추,1kg,3327
2026-07-06,광주,오이,10개,6315
2026-07-06,광주,호박,1개,1145
2026-07-06,광주,토마토,1kg,4780
2026-07-06,광주,무,1개,1995
2026-07-06,광주,당근,1kg,3987
2026-07-06,광주,열무,1kg,3160
2026-07-06,광주,양파,1kg,2330
2026-07-06,광주,대파,1kg,4267
2026-07-06,광주,피망,100g,14750
2026-07-06,광주,파프리카,1개,1290
2026-07-06,광주,마늘,1kg,9760
2026-07-06,광주,브로콜리,1개,2237
2026-07-06,광주,사과,10개,33350
2026-07-06,광주,배,10개,48700
2026-07-07,광주,배추,1포기,4050
2026-07-07,광주,시금치,100g,6005
2026-07-07,광주,상추,100g,11300
2026-07-07,광주,얼갈이배추,1kg,3310
2026-07-07,광주,오이,10개,6315
2026-07-07,광주,호박,1개,1145
2026-07-07,광주,토마토,1kg,4780
2026-07-07,광주,무,1개,1995
2026-07-07,광주,당근,1kg,3377
2026-07-07,광주,열무,1kg,3160
2026-07-07,광주,양파,1kg,1787
2026-07-07,광주,대파,1kg,3320
2026-07-07,광주,피망,100g,14750
2026-07-07,광주,파프리카,1개,1290
2026-07-07,광주,마늘,1kg,9760
2026-07-07,광주,브로콜리,1개,2247
2026-07-07,광주,사과,10개,33150
2026-07-07,광주,배,10개,48100
2026-07-08,광주,배추,1포기,4040
2026-07-08,광주,시금치,100g,6005
2026-07-08,광주,상추,100g,11200
2026-07-08,광주,얼갈이배추,1kg,3203
2026-07-08,광주,오이,10개,6370
2026-07-08,광주,호박,1개,1145
2026-07-08,광주,토마토,1kg,4770
2026-07-08,광주,무,1개,2025
2026-07-08,광주,당근,1kg,3003
2026-07-08,광주,열무,1kg,3060
2026-07-08,광주,양파,1kg,1800
2026-07-08,광주,대파,1kg,3350
2026-07-08,광주,피망,100g,14750
2026-07-08,광주,파프리카,1개,1300
2026-07-08,광주,마늘,1kg,9760
2026-07-08,광주,브로콜리,1개,2260
2026-07-08,광주,사과,10개,32950
2026-07-08,광주,배,10개,47500
2026-07-09,광주,배추,1포기,3550
2026-07-09,광주,시금치,100g,7485
2026-07-09,광주,상추,100g,11200
2026-07-09,광주,얼갈이배추,1kg,2355
2026-07-09,광주,오이,10개,5820
2026-07-09,광주,호박,1개,1175
2026-07-09,광주,토마토,1kg,5555
2026-07-09,광주,무,1개,2045
2026-07-09,광주,당근,1kg,3550
2026-07-09,광주,열무,1kg,2995
2026-07-09,광주,양파,1kg,1875
2026-07-09,광주,대파,1kg,3780
2026-07-09,광주,피망,100g,13350
2026-07-09,광주,파프리카,1개,1395
2026-07-09,광주,마늘,1kg,12600
2026-07-09,광주,브로콜리,1개,2160
2026-07-09,광주,사과,10개,32200
2026-07-09,광주,배,10개,46800
2026-07-10,광주,배추,1포기,3535
2026-07-10,광주,시금치,100g,7535
2026-07-10,광주,상추,100g,11100
2026-07-10,광주,얼갈이배추,1kg,2335
2026-07-10,광주,오이,10개,5875
2026-07-10,광주,호박,1개,1195
2026-07-10,광주,토마토,1kg,5565
2026-07-10,광주,무,1개,2060
2026-07-10,광주,당근,1kg,3550
2026-07-10,광주,열무,1kg,3015
2026-07-10,광주,양파,1kg,1885
2026-07-10,광주,대파,1kg,2470
2026-07-10,광주,피망,100g,13300
2026-07-10,광주,파프리카,1개,1375
2026-07-10,광주,마늘,1kg,12700
2026-07-10,광주,브로콜리,1개,2175
2026-07-10,광주,사과,10개,31800
2026-07-10,광주,배,10개,46800
2026-07-13,광주,배추,1포기,3520
2026-07-13,광주,시금치,100g,7535
2026-07-13,광주,상추,100g,11050
2026-07-13,광주,얼갈이배추,1kg,2325
2026-07-13,광주,오이,10개,6215
2026-07-13,광주,호박,1개,1195
2026-07-13,광주,토마토,1kg,5590
2026-07-13,광주,무,1개,2060
2026-07-13,광주,당근,1kg,3550
2026-07-13,광주,열무,1kg,3015
2026-07-13,광주,양파,1kg,2085
2026-07-13,광주,대파,1kg,3755
2026-07-13,광주,피망,100g,13300
2026-07-13,광주,파프리카,1개,1375
2026-07-13,광주,마늘,1kg,12800
2026-07-13,광주,브로콜리,1개,2175
2026-07-13,광주,사과,10개,31600
2026-07-13,광주,배,10개,46800
2026-07-14,광주,배추,1포기,3520
2026-07-14,광주,시금치,100g,7535
2026-07-14,광주,상추,100g,11050
2026-07-14,광주,얼갈이배추,1kg,2325
2026-07-14,광주,오이,10개,6415
2026-07-14,광주,호박,1개,1195
2026-07-14,광주,토마토,1kg,5565
2026-07-14,광주,무,1개,2060
2026-07-14,광주,당근,1kg,3515
2026-07-14,광주,열무,1kg,3035
2026-07-14,광주,양파,1kg,2085
2026-07-14,광주,대파,1kg,3755
2026-07-14,광주,피망,100g,13300
2026-07-14,광주,파프리카,1개,1375
2026-07-14,광주,마늘,1kg,12850
2026-07-14,광주,브로콜리,1개,2175
2026-07-14,광주,사과,10개,29100
2026-07-14,광주,배,10개,44600
2026-07-15,광주,배추,1포기,3490
2026-07-15,광주,시금치,100g,7485
2026-07-15,광주,상추,100g,11000
2026-07-15,광주,얼갈이배추,1kg,2320
2026-07-15,광주,오이,10개,6415
2026-07-15,광주,호박,1개,1195
2026-07-15,광주,토마토,1kg,5555
2026-07-15,광주,무,1개,2060
2026-07-15,광주,당근,1kg,3515
2026-07-15,광주,열무,1kg,3035
2026-07-15,광주,양파,1kg,2085
2026-07-15,광주,대파,1kg,3740
2026-07-15,광주,피망,100g,13300
2026-07-15,광주,파프리카,1개,1375
2026-07-15,광주,마늘,1kg,12850
2026-07-15,광주,브로콜리,1개,2175
2026-07-15,광주,사과,10개,28550
2026-07-15,광주,배,10개,44600
2026-07-16,광주,배추,1포기,3490
2026-07-16,광주,시금치,100g,9450
2026-07-16,광주,상추,100g,11050
2026-07-16,광주,얼갈이배추,1kg,2500
2026-07-16,광주,오이,10개,9015
2026-07-16,광주,호박,1개,1045
2026-07-16,광주,토마토,1kg,5495
2026-07-16,광주,무,1개,2060
2026-07-16,광주,당근,1kg,3765
2026-07-16,광주,열무,1kg,2995
2026-07-16,광주,양파,1kg,2085
2026-07-16,광주,대파,1kg,3675
2026-07-16,광주,피망,100g,9250
2026-07-16,광주,파프리카,1개,1170
2026-07-16,광주,마늘,1kg,10060
2026-07-16,광주,브로콜리,1개,2175
2026-07-16,광주,사과,10개,30350
2026-07-16,광주,배,10개,45350
2026-07-20,광주,배추,1포기,3490
2026-07-20,광주,시금치,100g,9500
2026-07-20,광주,상추,100g,11200
2026-07-20,광주,얼갈이배추,1kg,2455
2026-07-20,광주,오이,10개,9125
2026-07-20,광주,호박,1개,1045
2026-07-20,광주,토마토,1kg,3700
2026-07-20,광주,무,1개,2060
2026-07-20,광주,당근,1kg,3800
2026-07-20,광주,열무,1kg,2995
2026-07-20,광주,양파,1kg,1900
2026-07-20,광주,대파,1kg,3675
2026-07-20,광주,피망,100g,9250
2026-07-20,광주,파프리카,1개,1170
2026-07-20,광주,마늘,1kg,10060
2026-07-20,광주,브로콜리,1개,2175
2026-07-20,광주,사과,10개,30150
2026-07-20,광주,배,10개,45350
2026-07-21,광주,배추,1포기,3490
2026-07-21,광주,시금치,100g,10467
2026-07-21,광주,상추,100g,11033
2026-07-21,광주,얼갈이배추,1kg,2283
2026-07-21,광주,오이,10개,8600
2026-07-21,광주,호박,1개,1090
2026-07-21,광주,토마토,1kg,3947
2026-07-21,광주,무,1개,1733
2026-07-21,광주,당근,1kg,3140
2026-07-21,광주,열무,1kg,2683
2026-07-21,광주,양파,1kg,1577
2026-07-21,광주,대파,1kg,2987
2026-07-21,광주,피망,100g,9250
2026-07-21,광주,파프리카,1개,1011
2026-07-21,광주,마늘,1kg,9633
2026-07-21,광주,브로콜리,1개,2277
2026-07-21,광주,사과,10개,28733
2026-07-21,광주,배,10개,45350
2026-07-22,광주,배추,1포기,3490
2026-07-22,광주,시금치,100g,10567
2026-07-22,광주,상추,100g,11133
2026-07-22,광주,얼갈이배추,1kg,2280
2026-07-22,광주,오이,10개,8600
2026-07-22,광주,호박,1개,1090
2026-07-22,광주,토마토,1kg,3947
2026-07-22,광주,무,1개,1733
2026-07-22,광주,당근,1kg,3140
2026-07-22,광주,열무,1kg,2683
2026-07-22,광주,양파,1kg,1577
2026-07-22,광주,대파,1kg,2987
2026-07-22,광주,피망,100g,9250
2026-07-22,광주,파프리카,1개,1011
2026-07-22,광주,마늘,1kg,9633
2026-07-22,광주,브로콜리,1개,2277
2026-07-22,광주,사과,10개,28733
2026-07-22,광주,배,10개,45350
2026-07-23,광주,배추,1포기,3763
2026-07-23,광주,시금치,100g,10367
2026-07-23,광주,상추,100g,15000
2026-07-23,광주,얼갈이배추,1kg,2560
2026-07-23,광주,오이,10개,8843
2026-07-23,광주,호박,1개,1014
2026-07-23,광주,토마토,1kg,4770
2026-07-23,광주,무,1개,1900
2026-07-23,광주,당근,1kg,3163
2026-07-23,광주,열무,1kg,3510
2026-07-23,광주,양파,1kg,1707
2026-07-23,광주,대파,1kg,2820
2026-07-23,광주,피망,100g,9250
2026-07-23,광주,파프리카,1개,1271
2026-07-23,광주,마늘,1kg,11760
2026-07-23,광주,브로콜리,1개,2610
2026-07-23,광주,사과,10개,27333
2026-07-23,광주,배,10개,45550
2026-07-24,광주,배추,1포기,3743
2026-07-24,광주,시금치,100g,10400
2026-07-24,광주,상추,100g,14967
2026-07-24,광주,얼갈이배추,1kg,2547
2026-07-24,광주,오이,10개,8957
2026-07-24,광주,호박,1개,1024
2026-07-24,광주,토마토,1kg,4770
2026-07-24,광주,무,1개,1890
2026-07-24,광주,당근,1kg,3163
2026-07-24,광주,열무,1kg,3523
2026-07-24,광주,양파,1kg,1717
2026-07-24,광주,대파,1kg,2820
2026-07-24,광주,피망,100g,9250
2026-07-24,광주,파프리카,1개,1271
2026-07-24,광주,마늘,1kg,11827
2026-07-24,광주,브로콜리,1개,2610
2026-07-24,광주,사과,10개,27333
2026-07-24,광주,배,10개,45550
2026-04-27,대전,배추,1포기,4577
2026-04-27,대전,시금치,100g,7820
2026-04-27,대전,상추,100g,10133
2026-04-27,대전,얼갈이배추,1kg,3160
2026-04-27,대전,오이,10개,6590
2026-04-27,대전,호박,1개,1145
2026-04-27,대전,토마토,1kg,5290
2026-04-27,대전,무,1개,2243
2026-04-27,대전,당근,1kg,3187
2026-04-27,대전,열무,1kg,3187
2026-04-27,대전,양파,1kg,2157
2026-04-27,대전,대파,1kg,3077
2026-04-27,대전,피망,100g,24900
2026-04-27,대전,파프리카,1개,1773
2026-04-27,대전,마늘,1kg,13567
2026-04-27,대전,브로콜리,1개,2770
2026-04-27,대전,사과,10개,30367
2026-04-27,대전,배,10개,44300
2026-04-28,대전,배추,1포기,4437
2026-04-28,대전,시금치,100g,7820
2026-04-28,대전,상추,100g,10333
2026-04-28,대전,얼갈이배추,1kg,3130
2026-04-28,대전,오이,10개,6590
2026-04-28,대전,호박,1개,1145
2026-04-28,대전,토마토,1kg,5290
2026-04-28,대전,무,1개,2243
2026-04-28,대전,당근,1kg,3187
2026-04-28,대전,열무,1kg,3160
2026-04-28,대전,양파,1kg,2157
2026-04-28,대전,대파,1kg,3140
2026-04-28,대전,피망,100g,24900
2026-04-28,대전,파프리카,1개,1717
2026-04-28,대전,마늘,1kg,13567
2026-04-28,대전,브로콜리,1개,2770
2026-04-28,대전,사과,10개,30367
2026-04-28,대전,배,10개,44300
2026-04-29,대전,배추,1포기,4437
2026-04-29,대전,시금치,100g,7820
2026-04-29,대전,상추,100g,10333
2026-04-29,대전,얼갈이배추,1kg,3130
2026-04-29,대전,오이,10개,6590
2026-04-29,대전,호박,1개,1145
2026-04-29,대전,토마토,1kg,5290
2026-04-29,대전,무,1개,2160
2026-04-29,대전,당근,1kg,3560
2026-04-29,대전,열무,1kg,3160
2026-04-29,대전,양파,1kg,2213
2026-04-29,대전,대파,1kg,3140
2026-04-29,대전,피망,100g,24900
2026-04-29,대전,파프리카,1개,1773
2026-04-29,대전,마늘,1kg,13567
2026-04-29,대전,브로콜리,1개,2827
2026-04-29,대전,사과,10개,30367
2026-04-29,대전,배,10개,44300
2026-04-30,대전,배추,1포기,3410
2026-04-30,대전,시금치,100g,8377
2026-04-30,대전,상추,100g,10333
2026-04-30,대전,얼갈이배추,1kg,3130
2026-04-30,대전,오이,10개,5340
2026-04-30,대전,호박,1개,1245
2026-04-30,대전,토마토,1kg,5770
2026-04-30,대전,무,1개,2027
2026-04-30,대전,당근,1kg,4183
2026-04-30,대전,열무,1kg,3187
2026-04-30,대전,양파,1kg,2157
2026-04-30,대전,대파,1kg,3240
2026-04-30,대전,피망,100g,29900
2026-04-30,대전,파프리카,1개,1870
2026-04-30,대전,마늘,1kg,13567
2026-04-30,대전,브로콜리,1개,2880
2026-04-30,대전,사과,10개,26600
2026-04-30,대전,배,10개,42450
2026-05-04,대전,배추,1포기,3245
2026-05-04,대전,시금치,100g,8643
2026-05-04,대전,상추,100g,10333
2026-05-04,대전,얼갈이배추,1kg,3493
2026-05-04,대전,오이,10개,5715
2026-05-04,대전,호박,1개,1305
2026-05-04,대전,토마토,1kg,5853
2026-05-04,대전,무,1개,2110
2026-05-04,대전,당근,1kg,4183
2026-05-04,대전,열무,1kg,3577
2026-05-04,대전,양파,1kg,2157
2026-05-04,대전,대파,1kg,3260
2026-05-04,대전,피망,100g,29900
2026-05-04,대전,파프리카,1개,1880
2026-05-04,대전,마늘,1kg,13567
2026-05-04,대전,브로콜리,1개,2827
2026-05-04,대전,사과,10개,29700
2026-05-04,대전,배,10개,42450
2026-05-06,대전,배추,1포기,3245
2026-05-06,대전,시금치,100g,8910
2026-05-06,대전,상추,100g,10333
2026-05-06,대전,얼갈이배추,1kg,3437
2026-05-06,대전,오이,10개,5715
2026-05-06,대전,호박,1개,1245
2026-05-06,대전,토마토,1kg,5853
2026-05-06,대전,무,1개,2150
2026-05-06,대전,당근,1kg,4240
2026-05-06,대전,열무,1kg,3547
2026-05-06,대전,양파,1kg,2513
2026-05-06,대전,대파,1kg,3303
2026-05-06,대전,피망,100g,29900
2026-05-06,대전,파프리카,1개,1770
2026-05-06,대전,마늘,1kg,13567
2026-05-06,대전,브로콜리,1개,2827
2026-05-06,대전,사과,10개,29700
2026-05-06,대전,배,10개,43250
2026-05-07,대전,배추,1포기,2995
2026-05-07,대전,시금치,100g,9467
2026-05-07,대전,상추,100g,9600
2026-05-07,대전,얼갈이배추,1kg,2937
2026-05-07,대전,오이,10개,5405
2026-05-07,대전,호박,1개,972
2026-05-07,대전,토마토,1kg,4840
2026-05-07,대전,무,1개,2430
2026-05-07,대전,당근,1kg,4133
2026-05-07,대전,열무,1kg,3047
2026-05-07,대전,양파,1kg,2380
2026-05-07,대전,대파,1kg,3387
2026-05-07,대전,피망,100g,29900
2026-05-07,대전,파프리카,1개,1937
2026-05-07,대전,마늘,1kg,12500
2026-05-07,대전,브로콜리,1개,2827
2026-05-07,대전,사과,10개,29700
2026-05-07,대전,배,10개,43250
2026-05-08,대전,배추,1포기,2495
2026-05-08,대전,시금치,100g,8933
2026-05-08,대전,상추,100g,9600
2026-05-08,대전,얼갈이배추,1kg,2963
2026-05-08,대전,오이,10개,5405
2026-05-08,대전,호박,1개,972
2026-05-08,대전,토마토,1kg,4840
2026-05-08,대전,무,1개,2430
2026-05-08,대전,당근,1kg,4133
2026-05-08,대전,열무,1kg,2937
2026-05-08,대전,양파,1kg,2380
2026-05-08,대전,대파,1kg,3450
2026-05-08,대전,피망,100g,29900
2026-05-08,대전,파프리카,1개,1880
2026-05-08,대전,마늘,1kg,12500
2026-05-08,대전,브로콜리,1개,2827
2026-05-08,대전,사과,10개,29700
2026-05-08,대전,배,10개,42700
2026-05-11,대전,배추,1포기,2495
2026-05-11,대전,시금치,100g,8933
2026-05-11,대전,상추,100g,9300
2026-05-11,대전,얼갈이배추,1kg,2937
2026-05-11,대전,오이,10개,5305
2026-05-11,대전,호박,1개,972
2026-05-11,대전,토마토,1kg,4840
2026-05-11,대전,무,1개,2370
2026-05-11,대전,당근,1kg,4133
2026-05-11,대전,열무,1kg,2910
2026-05-11,대전,양파,1kg,2323
2026-05-11,대전,대파,1kg,3430
2026-05-11,대전,피망,100g,29900
2026-05-11,대전,파프리카,1개,1880
2026-05-11,대전,마늘,1kg,12500
2026-05-11,대전,브로콜리,1개,2827
2026-05-11,대전,사과,10개,29700
2026-05-11,대전,배,10개,44350
2026-05-12,대전,배추,1포기,2495
2026-05-12,대전,시금치,100g,8933
2026-05-12,대전,상추,100g,9500
2026-05-12,대전,얼갈이배추,1kg,2937
2026-05-12,대전,오이,10개,5305
2026-05-12,대전,호박,1개,972
2026-05-12,대전,토마토,1kg,4757
2026-05-12,대전,무,1개,2370
2026-05-12,대전,당근,1kg,4133
2026-05-12,대전,열무,1kg,2910
2026-05-12,대전,양파,1kg,2323
2026-05-12,대전,대파,1kg,3430
2026-05-12,대전,피망,100g,29900
2026-05-12,대전,파프리카,1개,1880
2026-05-12,대전,마늘,1kg,12500
2026-05-12,대전,브로콜리,1개,2827
2026-05-12,대전,사과,10개,29700
2026-05-12,대전,배,10개,44350
2026-05-13,대전,배추,1포기,2495
2026-05-13,대전,시금치,100g,8933
2026-05-13,대전,상추,100g,9500
2026-05-13,대전,얼갈이배추,1kg,2910
2026-05-13,대전,오이,10개,5090
2026-05-13,대전,호박,1개,972
2026-05-13,대전,토마토,1kg,4757
2026-05-13,대전,무,1개,2495
2026-05-13,대전,당근,1kg,4017
2026-05-13,대전,열무,1kg,3047
2026-05-13,대전,양파,1kg,2323
2026-05-13,대전,대파,1kg,3470
2026-05-13,대전,피망,100g,29900
2026-05-13,대전,파프리카,1개,1880
2026-05-13,대전,마늘,1kg,12500
2026-05-13,대전,브로콜리,1개,2827
2026-05-13,대전,사과,10개,29700
2026-05-13,대전,배,10개,44350
2026-05-14,대전,배추,1포기,2370
2026-05-14,대전,시금치,100g,8657
2026-05-14,대전,상추,100g,8275
2026-05-14,대전,얼갈이배추,1kg,3077
2026-05-14,대전,오이,10개,4775
2026-05-14,대전,호박,1개,876
2026-05-14,대전,토마토,1kg,5753
2026-05-14,대전,무,1개,2555
2026-05-14,대전,당근,1kg,4077
2026-05-14,대전,열무,1kg,3213
2026-05-14,대전,양파,1kg,2323
2026-05-14,대전,대파,1kg,3470
2026-05-14,대전,피망,100g,29900
2026-05-14,대전,파프리카,1개,1410
2026-05-14,대전,마늘,1kg,12500
2026-05-14,대전,브로콜리,1개,2493
2026-05-14,대전,사과,10개,32367
2026-05-14,대전,배,10개,38800
2026-05-15,대전,배추,1포기,2495
2026-05-15,대전,시금치,100g,8657
2026-05-15,대전,상추,100g,8725
2026-05-15,대전,얼갈이배추,1kg,3047
2026-05-15,대전,오이,10개,4820
2026-05-15,대전,호박,1개,936
2026-05-15,대전,토마토,1kg,5827
2026-05-15,대전,무,1개,2495
2026-05-15,대전,당근,1kg,4077
2026-05-15,대전,열무,1kg,3160
2026-05-15,대전,양파,1kg,2323
2026-05-15,대전,대파,1kg,3520
2026-05-15,대전,피망,100g,29900
2026-05-15,대전,파프리카,1개,1410
2026-05-15,대전,마늘,1kg,12500
2026-05-15,대전,브로콜리,1개,2493
2026-05-15,대전,사과,10개,32367
2026-05-15,대전,배,10개,38800
2026-05-18,대전,배추,1포기,2495
2026-05-18,대전,시금치,100g,8923
2026-05-18,대전,상추,100g,7870
2026-05-18,대전,얼갈이배추,1kg,3047
2026-05-18,대전,오이,10개,5035
2026-05-18,대전,호박,1개,876
2026-05-18,대전,토마토,1kg,5827
2026-05-18,대전,무,1개,2410
2026-05-18,대전,당근,1kg,4077
2026-05-18,대전,열무,1kg,3103
2026-05-18,대전,양파,1kg,2490
2026-05-18,대전,대파,1kg,3520
2026-05-18,대전,피망,100g,29900
2026-05-18,대전,파프리카,1개,1410
2026-05-18,대전,마늘,1kg,12500
2026-05-18,대전,브로콜리,1개,2493
2026-05-18,대전,사과,10개,31467
2026-05-18,대전,배,10개,38800
2026-05-19,대전,배추,1포기,3327
2026-05-19,대전,시금치,100g,8923
2026-05-19,대전,상추,100g,7475
2026-05-19,대전,얼갈이배추,1kg,3077
2026-05-19,대전,오이,10개,4945
2026-05-19,대전,호박,1개,876
2026-05-19,대전,토마토,1kg,5827
2026-05-19,대전,무,1개,2410
2026-05-19,대전,당근,1kg,4057
2026-05-19,대전,열무,1kg,3077
2026-05-19,대전,양파,1kg,2490
2026-05-19,대전,대파,1kg,3520
2026-05-19,대전,피망,100g,29900
2026-05-19,대전,파프리카,1개,1410
2026-05-19,대전,마늘,1kg,12500
2026-05-19,대전,브로콜리,1개,2493
2026-05-19,대전,사과,10개,29300
2026-05-19,대전,배,10개,38800
2026-05-20,대전,배추,1포기,3327
2026-05-20,대전,시금치,100g,8923
2026-05-20,대전,상추,100g,7475
2026-05-20,대전,얼갈이배추,1kg,3077
2026-05-20,대전,오이,10개,4995
2026-05-20,대전,호박,1개,876
2026-05-20,대전,토마토,1kg,5827
2026-05-20,대전,무,1개,2410
2026-05-20,대전,당근,1kg,4057
2026-05-20,대전,열무,1kg,3103
2026-05-20,대전,양파,1kg,2490
2026-05-20,대전,대파,1kg,3520
2026-05-20,대전,피망,100g,29900
2026-05-20,대전,파프리카,1개,1410
2026-05-20,대전,마늘,1kg,12500
2026-05-20,대전,브로콜리,1개,2493
2026-05-20,대전,사과,10개,29300
2026-05-20,대전,배,10개,38800
2026-05-21,대전,배추,1포기,3703
2026-05-21,대전,시금치,100g,8923
2026-05-21,대전,상추,100g,7475
2026-05-21,대전,얼갈이배추,1kg,3077
2026-05-21,대전,오이,10개,4750
2026-05-21,대전,호박,1개,781
2026-05-21,대전,토마토,1kg,5490
2026-05-21,대전,무,1개,2410
2026-05-21,대전,당근,1kg,4037
2026-05-21,대전,열무,1kg,3077
2026-05-21,대전,양파,1kg,2157
2026-05-21,대전,대파,1kg,3583
2026-05-21,대전,피망,100g,24900
2026-05-21,대전,파프리카,1개,1603
2026-05-21,대전,마늘,1kg,13567
2026-05-21,대전,브로콜리,1개,2827
2026-05-21,대전,사과,10개,29700
2026-05-21,대전,배,10개,38800
2026-05-22,대전,배추,1포기,3703
2026-05-22,대전,시금치,100g,8923
2026-05-22,대전,상추,100g,7475
2026-05-22,대전,얼갈이배추,1kg,3077
2026-05-22,대전,오이,10개,4660
2026-05-22,대전,호박,1개,781
2026-05-22,대전,토마토,1kg,5490
2026-05-22,대전,무,1개,2410
2026-05-22,대전,당근,1kg,4100
2026-05-22,대전,열무,1kg,3130
2026-05-22,대전,양파,1kg,2157
2026-05-22,대전,대파,1kg,3583
2026-05-22,대전,피망,100g,24900
2026-05-22,대전,파프리카,1개,1603
2026-05-22,대전,마늘,1kg,13567
2026-05-22,대전,브로콜리,1개,2827
2026-05-22,대전,사과,10개,30433
2026-05-22,대전,배,10개,41100
2026-05-26,대전,배추,1포기,3757
2026-05-26,대전,시금치,100g,9087
2026-05-26,대전,상추,100g,7475
2026-05-26,대전,얼갈이배추,1kg,3047
2026-05-26,대전,오이,10개,4990
2026-05-26,대전,호박,1개,836
2026-05-26,대전,토마토,1kg,5490
2026-05-26,대전,무,1개,1990
2026-05-26,대전,당근,1kg,4100
2026-05-26,대전,열무,1kg,3103
2026-05-26,대전,양파,1kg,2157
2026-05-26,대전,대파,1kg,3693
2026-05-26,대전,피망,100g,24900
2026-05-26,대전,파프리카,1개,1493
2026-05-26,대전,마늘,1kg,13567
2026-05-26,대전,브로콜리,1개,2827
2026-05-26,대전,사과,10개,31167
2026-05-26,대전,배,10개,43300
2026-05-27,대전,배추,1포기,3813
2026-05-27,대전,시금치,100g,8820
2026-05-27,대전,상추,100g,7475
2026-05-27,대전,얼갈이배추,1kg,3047
2026-05-27,대전,오이,10개,4990
2026-05-27,대전,호박,1개,896
2026-05-27,대전,토마토,1kg,5377
2026-05-27,대전,무,1개,1990
2026-05-27,대전,당근,1kg,4100
2026-05-27,대전,열무,1kg,3077
2026-05-27,대전,양파,1kg,2157
2026-05-27,대전,대파,1kg,3750
2026-05-27,대전,피망,100g,24900
2026-05-27,대전,파프리카,1개,1493
2026-05-27,대전,마늘,1kg,13567
2026-05-27,대전,브로콜리,1개,2770
2026-05-27,대전,사과,10개,31167
2026-05-27,대전,배,10개,43300
2026-05-28,대전,배추,1포기,3870
2026-05-28,대전,시금치,100g,9487
2026-05-28,대전,상추,100g,7475
2026-05-28,대전,얼갈이배추,1kg,3047
2026-05-28,대전,오이,10개,5305
2026-05-28,대전,호박,1개,995
2026-05-28,대전,토마토,1kg,5667
2026-05-28,대전,무,1개,1990
2026-05-28,대전,당근,1kg,4100
2026-05-28,대전,열무,1kg,3130
2026-05-28,대전,양파,1kg,2157
2026-05-28,대전,대파,1kg,3837
2026-05-28,대전,피망,100g,24900
2026-05-28,대전,파프리카,1개,1560
2026-05-28,대전,마늘,1kg,13567
2026-05-28,대전,브로콜리,1개,2547
2026-05-28,대전,사과,10개,32600
2026-05-28,대전,배,10개,43300
2026-05-29,대전,배추,1포기,3813
2026-05-29,대전,시금치,100g,9487
2026-05-29,대전,상추,100g,7475
2026-05-29,대전,얼갈이배추,1kg,3047
2026-05-29,대전,오이,10개,5305
2026-05-29,대전,호박,1개,995
2026-05-29,대전,토마토,1kg,5557
2026-05-29,대전,무,1개,1990
2026-05-29,대전,당근,1kg,4100
2026-05-29,대전,열무,1kg,3130
2026-05-29,대전,양파,1kg,2157
2026-05-29,대전,대파,1kg,3837
2026-05-29,대전,피망,100g,24900
2026-05-29,대전,파프리카,1개,1560
2026-05-29,대전,마늘,1kg,13567
2026-05-29,대전,브로콜리,1개,2547
2026-05-29,대전,사과,10개,32600
2026-05-29,대전,배,10개,43300
2026-06-01,대전,배추,1포기,3870
2026-06-01,대전,시금치,100g,9487
2026-06-01,대전,상추,100g,7475
2026-06-01,대전,얼갈이배추,1kg,3047
2026-06-01,대전,오이,10개,5870
2026-06-01,대전,호박,1개,995
2026-06-01,대전,토마토,1kg,5557
2026-06-01,대전,무,1개,1990
2026-06-01,대전,당근,1kg,4057
2026-06-01,대전,열무,1kg,3160
2026-06-01,대전,양파,1kg,2380
2026-06-01,대전,대파,1kg,3405
2026-06-01,대전,피망,100g,24900
2026-06-01,대전,파프리카,1개,1560
2026-06-01,대전,마늘,1kg,13567
2026-06-01,대전,브로콜리,1개,2493
2026-06-01,대전,사과,10개,33667
2026-06-01,대전,배,10개,46600
2026-06-02,대전,배추,1포기,3870
2026-06-02,대전,시금치,100g,9320
2026-06-02,대전,상추,100g,7475
2026-06-02,대전,얼갈이배추,1kg,3047
2026-06-02,대전,오이,10개,5870
2026-06-02,대전,호박,1개,995
2026-06-02,대전,토마토,1kg,5557
2026-06-02,대전,무,1개,1990
2026-06-02,대전,당근,1kg,4057
2026-06-02,대전,열무,1kg,3160
2026-06-02,대전,양파,1kg,2380
2026-06-02,대전,대파,1kg,3405
2026-06-02,대전,피망,100g,24900
2026-06-02,대전,파프리카,1개,1560
2026-06-02,대전,마늘,1kg,13567
2026-06-02,대전,브로콜리,1개,2493
2026-06-02,대전,사과,10개,33667
2026-06-02,대전,배,10개,46600
2026-06-04,대전,배추,1포기,3660
2026-06-04,대전,시금치,100g,9087
2026-06-04,대전,상추,100g,8700
2026-06-04,대전,얼갈이배추,1kg,3187
2026-06-04,대전,오이,10개,5490
2026-06-04,대전,호박,1개,1095
2026-06-04,대전,토마토,1kg,4660
2026-06-04,대전,무,1개,1590
2026-06-04,대전,당근,1kg,4100
2026-06-04,대전,열무,1kg,2410
2026-06-04,대전,양파,1kg,2380
2026-06-04,대전,대파,1kg,3455
2026-06-04,대전,피망,100g,24900
2026-06-04,대전,파프리카,1개,1493
2026-06-04,대전,마늘,1kg,13567
2026-06-04,대전,브로콜리,1개,1993
2026-06-04,대전,사과,10개,32833
2026-06-04,대전,배,10개,46600
2026-06-05,대전,배추,1포기,3660
2026-06-05,대전,시금치,100g,9087
2026-06-05,대전,상추,100g,9100
2026-06-05,대전,얼갈이배추,1kg,3187
2026-06-05,대전,오이,10개,4460
2026-06-05,대전,호박,1개,1095
2026-06-05,대전,토마토,1kg,4495
2026-06-05,대전,무,1개,1590
2026-06-05,대전,당근,1kg,4100
2026-06-05,대전,열무,1kg,2325
2026-06-05,대전,양파,1kg,2157
2026-06-05,대전,대파,1kg,4023
2026-06-05,대전,피망,100g,24900
2026-06-05,대전,파프리카,1개,1493
2026-06-05,대전,마늘,1kg,13567
2026-06-05,대전,브로콜리,1개,1993
2026-06-05,대전,사과,10개,32833
2026-06-05,대전,배,10개,46600
2026-06-08,대전,배추,1포기,3547
2026-06-08,대전,시금치,100g,9087
2026-06-08,대전,상추,100g,9500
2026-06-08,대전,얼갈이배추,1kg,3187
2026-06-08,대전,오이,10개,4340
2026-06-08,대전,호박,1개,1095
2026-06-08,대전,토마토,1kg,4325
2026-06-08,대전,무,1개,1590
2026-06-08,대전,당근,1kg,3630
2026-06-08,대전,열무,1kg,2990
2026-06-08,대전,양파,1kg,2157
2026-06-08,대전,대파,1kg,4070
2026-06-08,대전,피망,100g,24900
2026-06-08,대전,파프리카,1개,1493
2026-06-08,대전,마늘,1kg,13567
2026-06-08,대전,브로콜리,1개,1993
2026-06-08,대전,사과,10개,32833
2026-06-08,대전,배,10개,46600
2026-06-09,대전,배추,1포기,3547
2026-06-09,대전,시금치,100g,9087
2026-06-09,대전,상추,100g,9950
2026-06-09,대전,얼갈이배추,1kg,3187
2026-06-09,대전,오이,10개,4220
2026-06-09,대전,호박,1개,1095
2026-06-09,대전,토마토,1kg,4325
2026-06-09,대전,무,1개,1590
2026-06-09,대전,당근,1kg,3607
2026-06-09,대전,열무,1kg,3047
2026-06-09,대전,양파,1kg,2490
2026-06-09,대전,대파,1kg,4013
2026-06-09,대전,피망,100g,24900
2026-06-09,대전,파프리카,1개,1493
2026-06-09,대전,마늘,1kg,13567
2026-06-09,대전,브로콜리,1개,1993
2026-06-09,대전,사과,10개,32833
2026-06-09,대전,배,10개,46600
2026-06-10,대전,배추,1포기,3547
2026-06-10,대전,시금치,100g,9087
2026-06-10,대전,상추,100g,9950
2026-06-10,대전,얼갈이배추,1kg,3187
2026-06-10,대전,오이,10개,4220
2026-06-10,대전,호박,1개,1095
2026-06-10,대전,토마토,1kg,4325
2026-06-10,대전,무,1개,1590
2026-06-10,대전,당근,1kg,3607
2026-06-10,대전,열무,1kg,3047
2026-06-10,대전,양파,1kg,2490
2026-06-10,대전,대파,1kg,4013
2026-06-10,대전,피망,100g,24900
2026-06-10,대전,파프리카,1개,1493
2026-06-10,대전,마늘,1kg,13567
2026-06-10,대전,브로콜리,1개,1993
2026-06-10,대전,사과,10개,32833
2026-06-10,대전,배,10개,46600
2026-06-11,대전,배추,1포기,3713
2026-06-11,대전,시금치,100g,10400
2026-06-11,대전,상추,100g,10700
2026-06-11,대전,얼갈이배추,1kg,3047
2026-06-11,대전,오이,10개,4650
2026-06-11,대전,호박,1개,1145
2026-06-11,대전,토마토,1kg,3325
2026-06-11,대전,무,1개,2093
2026-06-11,대전,당근,1kg,4043
2026-06-11,대전,열무,1kg,3160
2026-06-11,대전,양파,1kg,2247
2026-06-11,대전,대파,1kg,3155
2026-06-11,대전,피망,100g,22900
2026-06-11,대전,파프리카,1개,1560
2026-06-11,대전,마늘,1kg,13567
2026-06-11,대전,브로콜리,1개,1993
2026-06-11,대전,사과,10개,32000
2026-06-11,대전,배,10개,46600
2026-06-12,대전,배추,1포기,3713
2026-06-12,대전,시금치,100g,10400
2026-06-12,대전,상추,100g,10700
2026-06-12,대전,얼갈이배추,1kg,3047
2026-06-12,대전,오이,10개,4650
2026-06-12,대전,호박,1개,1145
2026-06-12,대전,토마토,1kg,3325
2026-06-12,대전,무,1개,2093
2026-06-12,대전,당근,1kg,4043
2026-06-12,대전,열무,1kg,3160
2026-06-12,대전,양파,1kg,2247
2026-06-12,대전,대파,1kg,3155
2026-06-12,대전,피망,100g,22900
2026-06-12,대전,파프리카,1개,1560
2026-06-12,대전,마늘,1kg,13567
2026-06-12,대전,브로콜리,1개,1993
2026-06-12,대전,사과,10개,32000
2026-06-12,대전,배,10개,46600
2026-06-15,대전,배추,1포기,3713
2026-06-15,대전,시금치,100g,10400
2026-06-15,대전,상추,100g,11100
2026-06-15,대전,얼갈이배추,1kg,3047
2026-06-15,대전,오이,10개,4650
2026-06-15,대전,호박,1개,1145
2026-06-15,대전,토마토,1kg,3325
2026-06-15,대전,무,1개,2093
2026-06-15,대전,당근,1kg,4043
2026-06-15,대전,열무,1kg,3160
2026-06-15,대전,양파,1kg,2247
2026-06-15,대전,대파,1kg,3155
2026-06-15,대전,피망,100g,22900
2026-06-15,대전,파프리카,1개,1503
2026-06-15,대전,마늘,1kg,13567
2026-06-15,대전,브로콜리,1개,1937
2026-06-15,대전,사과,10개,32000
2026-06-15,대전,배,10개,46600
2026-06-16,대전,배추,1포기,3713
2026-06-16,대전,시금치,100g,10400
2026-06-16,대전,상추,100g,11500
2026-06-16,대전,얼갈이배추,1kg,3020
2026-06-16,대전,오이,10개,4650
2026-06-16,대전,호박,1개,1145
2026-06-16,대전,토마토,1kg,3325
2026-06-16,대전,무,1개,2147
2026-06-16,대전,당근,1kg,4043
2026-06-16,대전,열무,1kg,3130
2026-06-16,대전,양파,1kg,2247
2026-06-16,대전,대파,1kg,3240
2026-06-16,대전,피망,100g,22900
2026-06-16,대전,파프리카,1개,1447
2026-06-16,대전,마늘,1kg,13567
2026-06-16,대전,브로콜리,1개,1880
2026-06-16,대전,사과,10개,35050
2026-06-16,대전,배,10개,42450
2026-06-17,대전,배추,1포기,3713
2026-06-17,대전,시금치,100g,10667
2026-06-17,대전,상추,100g,11950
2026-06-17,대전,얼갈이배추,1kg,3047
2026-06-17,대전,오이,10개,4650
2026-06-17,대전,호박,1개,1145
2026-06-17,대전,토마토,1kg,3325
2026-06-17,대전,무,1개,2145
2026-06-17,대전,당근,1kg,4043
2026-06-17,대전,열무,1kg,3103
2026-06-17,대전,양파,1kg,2247
2026-06-17,대전,대파,1kg,3240
2026-06-17,대전,피망,100g,22900
2026-06-17,대전,파프리카,1개,1393
2026-06-17,대전,마늘,1kg,13567
2026-06-17,대전,브로콜리,1개,2213
2026-06-17,대전,사과,10개,35050
2026-06-17,대전,배,10개,42450
2026-06-18,대전,배추,1포기,3993
2026-06-18,대전,시금치,100g,9370
2026-06-18,대전,상추,100g,11000
2026-06-18,대전,얼갈이배추,1kg,3077
2026-06-18,대전,오이,10개,5585
2026-06-18,대전,호박,1개,995
2026-06-18,대전,토마토,1kg,4213
2026-06-18,대전,무,1개,2500
2026-06-18,대전,당근,1kg,3650
2026-06-18,대전,열무,1kg,3130
2026-06-18,대전,양파,1kg,2190
2026-06-18,대전,대파,1kg,3155
2026-06-18,대전,피망,100g,24900
2026-06-18,대전,파프리카,1개,1123
2026-06-18,대전,마늘,1kg,13567
2026-06-18,대전,브로콜리,1개,2213
2026-06-18,대전,사과,10개,29800
2026-06-18,대전,배,10개,35000
2026-06-19,대전,배추,1포기,3937
2026-06-19,대전,시금치,100g,9370
2026-06-19,대전,상추,100g,10600
2026-06-19,대전,얼갈이배추,1kg,3047
2026-06-19,대전,오이,10개,5425
2026-06-19,대전,호박,1개,995
2026-06-19,대전,토마토,1kg,4213
2026-06-19,대전,무,1개,2500
2026-06-19,대전,당근,1kg,3650
2026-06-19,대전,열무,1kg,3130
2026-06-19,대전,양파,1kg,2100
2026-06-19,대전,대파,1kg,3155
2026-06-19,대전,피망,100g,24900
2026-06-19,대전,파프리카,1개,1123
2026-06-19,대전,마늘,1kg,13567
2026-06-19,대전,브로콜리,1개,2270
2026-06-19,대전,사과,10개,29800
2026-06-19,대전,배,10개,35000
2026-06-22,대전,배추,1포기,3993
2026-06-22,대전,시금치,100g,9837
2026-06-22,대전,상추,100g,10200
2026-06-22,대전,얼갈이배추,1kg,3047
2026-06-22,대전,오이,10개,5265
2026-06-22,대전,호박,1개,1145
2026-06-22,대전,토마토,1kg,4243
2026-06-22,대전,무,1개,2160
2026-06-22,대전,당근,1kg,3587
2026-06-22,대전,열무,1kg,3130
2026-06-22,대전,양파,1kg,2100
2026-06-22,대전,대파,1kg,3155
2026-06-22,대전,피망,100g,24900
2026-06-22,대전,파프리카,1개,1123
2026-06-22,대전,마늘,1kg,13567
2026-06-22,대전,브로콜리,1개,2327
2026-06-22,대전,사과,10개,29800
2026-06-22,대전,배,10개,43300
2026-06-23,대전,배추,1포기,4047
2026-06-23,대전,시금치,100g,9570
2026-06-23,대전,상추,100g,10200
2026-06-23,대전,얼갈이배추,1kg,3047
2026-06-23,대전,오이,10개,5375
2026-06-23,대전,호박,1개,1145
2026-06-23,대전,토마토,1kg,4243
2026-06-23,대전,무,1개,1995
2026-06-23,대전,당근,1kg,3447
2026-06-23,대전,열무,1kg,3130
2026-06-23,대전,양파,1kg,2100
2026-06-23,대전,대파,1kg,3155
2026-06-23,대전,피망,100g,24900
2026-06-23,대전,파프리카,1개,1123
2026-06-23,대전,마늘,1kg,13567
2026-06-23,대전,브로콜리,1개,2327
2026-06-23,대전,사과,10개,29800
2026-06-23,대전,배,10개,43300
2026-06-24,대전,배추,1포기,3993
2026-06-24,대전,시금치,100g,9570
2026-06-24,대전,상추,100g,10200
2026-06-24,대전,얼갈이배추,1kg,3077
2026-06-24,대전,오이,10개,5490
2026-06-24,대전,호박,1개,1145
2026-06-24,대전,토마토,1kg,4243
2026-06-24,대전,무,1개,1995
2026-06-24,대전,당근,1kg,3503
2026-06-24,대전,열무,1kg,3103
2026-06-24,대전,양파,1kg,2123
2026-06-24,대전,대파,1kg,3240
2026-06-24,대전,피망,100g,24900
2026-06-24,대전,파프리카,1개,1123
2026-06-24,대전,마늘,1kg,13567
2026-06-24,대전,브로콜리,1개,2270
2026-06-24,대전,사과,10개,29800
2026-06-24,대전,배,10개,43300
2026-06-25,대전,배추,1포기,3993
2026-06-25,대전,시금치,100g,9983
2026-06-25,대전,상추,100g,11200
2026-06-25,대전,얼갈이배추,1kg,2827
2026-06-25,대전,오이,10개,4640
2026-06-25,대전,호박,1개,1145
2026-06-25,대전,토마토,1kg,4243
2026-06-25,대전,무,1개,1995
2026-06-25,대전,당근,1kg,3923
2026-06-25,대전,열무,1kg,2757
2026-06-25,대전,양파,1kg,2147
2026-06-25,대전,대파,1kg,3540
2026-06-25,대전,피망,100g,24900
2026-06-25,대전,파프리카,1개,1197
2026-06-25,대전,마늘,1kg,13567
2026-06-25,대전,브로콜리,1개,2213
2026-06-25,대전,사과,10개,31300
2026-06-25,대전,배,10개,43300
2026-06-26,대전,배추,1포기,3950
2026-06-26,대전,시금치,100g,9980
2026-06-26,대전,상추,100g,11200
2026-06-26,대전,얼갈이배추,1kg,2797
2026-06-26,대전,오이,10개,4890
2026-06-26,대전,호박,1개,1145
2026-06-26,대전,토마토,1kg,4357
2026-06-26,대전,무,1개,1995
2026-06-26,대전,당근,1kg,3923
2026-06-26,대전,열무,1kg,2730
2026-06-26,대전,양파,1kg,2103
2026-06-26,대전,대파,1kg,3540
2026-06-26,대전,피망,100g,24900
2026-06-26,대전,파프리카,1개,1197
2026-06-26,대전,마늘,1kg,13567
2026-06-26,대전,브로콜리,1개,2213
2026-06-26,대전,사과,10개,30200
2026-06-26,대전,배,10개,40000
2026-06-29,대전,배추,1포기,4033
2026-06-29,대전,시금치,100g,9980
2026-06-29,대전,상추,100g,11600
2026-06-29,대전,얼갈이배추,1kg,3047
2026-06-29,대전,오이,10개,5030
2026-06-29,대전,호박,1개,1145
2026-06-29,대전,토마토,1kg,4357
2026-06-29,대전,무,1개,2120
2026-06-29,대전,당근,1kg,3923
2026-06-29,대전,열무,1kg,3047
2026-06-29,대전,양파,1kg,2153
2026-06-29,대전,대파,1kg,3540
2026-06-29,대전,피망,100g,24900
2026-06-29,대전,파프리카,1개,1197
2026-06-29,대전,마늘,1kg,13567
2026-06-29,대전,브로콜리,1개,2270
2026-06-29,대전,사과,10개,29100
2026-06-29,대전,배,10개,40000
2026-06-30,대전,배추,1포기,4033
2026-06-30,대전,시금치,100g,9980
2026-06-30,대전,상추,100g,12450
2026-06-30,대전,얼갈이배추,1kg,3020
2026-06-30,대전,오이,10개,5280
2026-06-30,대전,호박,1개,1145
2026-06-30,대전,토마토,1kg,4357
2026-06-30,대전,무,1개,2120
2026-06-30,대전,당근,1kg,3867
2026-06-30,대전,열무,1kg,3047
2026-06-30,대전,양파,1kg,2153
2026-06-30,대전,대파,1kg,3540
2026-06-30,대전,피망,100g,24900
2026-06-30,대전,파프리카,1개,1197
2026-06-30,대전,마늘,1kg,13567
2026-06-30,대전,브로콜리,1개,2327
2026-06-30,대전,사과,10개,29100
2026-06-30,대전,배,10개,40000
2026-07-01,대전,배추,1포기,3993
2026-07-01,대전,시금치,100g,9980
2026-07-01,대전,상추,100g,12850
2026-07-01,대전,얼갈이배추,1kg,3020
2026-07-01,대전,오이,10개,5280
2026-07-01,대전,호박,1개,1145
2026-07-01,대전,토마토,1kg,4357
2026-07-01,대전,무,1개,2120
2026-07-01,대전,당근,1kg,3867
2026-07-01,대전,열무,1kg,3047
2026-07-01,대전,양파,1kg,2153
2026-07-01,대전,대파,1kg,3540
2026-07-01,대전,피망,100g,24900
2026-07-01,대전,파프리카,1개,1197
2026-07-01,대전,마늘,1kg,13567
2026-07-01,대전,브로콜리,1개,2380
2026-07-01,대전,사과,10개,29100
2026-07-01,대전,배,10개,40000
2026-07-02,대전,배추,1포기,4033
2026-07-02,대전,시금치,100g,10500
2026-07-02,대전,상추,100g,12450
2026-07-02,대전,얼갈이배추,1kg,3077
2026-07-02,대전,오이,10개,5255
2026-07-02,대전,호박,1개,1145
2026-07-02,대전,토마토,1kg,4325
2026-07-02,대전,무,1개,2120
2026-07-02,대전,당근,1kg,4007
2026-07-02,대전,열무,1kg,3103
2026-07-02,대전,양파,1kg,2153
2026-07-02,대전,대파,1kg,3540
2026-07-02,대전,피망,100g,22900
2026-07-02,대전,파프리카,1개,1197
2026-07-02,대전,마늘,1kg,11707
2026-07-02,대전,브로콜리,1개,1993
2026-07-02,대전,사과,10개,29600
2026-07-02,대전,배,10개,40000
2026-07-03,대전,배추,1포기,4033
2026-07-03,대전,시금치,100g,10500
2026-07-03,대전,상추,100g,12450
2026-07-03,대전,얼갈이배추,1kg,3077
2026-07-03,대전,오이,10개,5255
2026-07-03,대전,호박,1개,1145
2026-07-03,대전,토마토,1kg,4325
2026-07-03,대전,무,1개,2120
2026-07-03,대전,당근,1kg,4595
2026-07-03,대전,열무,1kg,3103
2026-07-03,대전,양파,1kg,2153
2026-07-03,대전,대파,1kg,3540
2026-07-03,대전,피망,100g,22900
2026-07-03,대전,파프리카,1개,1197
2026-07-03,대전,마늘,1kg,11707
2026-07-03,대전,브로콜리,1개,1993
2026-07-03,대전,사과,10개,29600
2026-07-03,대전,배,10개,40000
2026-07-06,대전,배추,1포기,4033
2026-07-06,대전,시금치,100g,12450
2026-07-06,대전,상추,100g,12000
2026-07-06,대전,얼갈이배추,1kg,3130
2026-07-06,대전,오이,10개,5130
2026-07-06,대전,호박,1개,1145
2026-07-06,대전,토마토,1kg,4160
2026-07-06,대전,무,1개,2180
2026-07-06,대전,당근,1kg,4595
2026-07-06,대전,열무,1kg,3130
2026-07-06,대전,양파,1kg,2153
2026-07-06,대전,대파,1kg,3605
2026-07-06,대전,피망,100g,22900
2026-07-06,대전,파프리카,1개,1197
2026-07-06,대전,마늘,1kg,11707
2026-07-06,대전,브로콜리,1개,2047
2026-07-06,대전,사과,10개,29600
2026-07-06,대전,배,10개,40000
2026-07-07,대전,배추,1포기,3243
2026-07-07,대전,시금치,100g,8295
2026-07-07,대전,상추,100g,11600
2026-07-07,대전,얼갈이배추,1kg,3103
2026-07-07,대전,오이,10개,4865
2026-07-07,대전,호박,1개,1145
2026-07-07,대전,토마토,1kg,4495
2026-07-07,대전,무,1개,2180
2026-07-07,대전,당근,1kg,3250
2026-07-07,대전,열무,1kg,3160
2026-07-07,대전,양파,1kg,2153
2026-07-07,대전,대파,1kg,3665
2026-07-07,대전,피망,100g,22900
2026-07-07,대전,파프리카,1개,1030
2026-07-07,대전,마늘,1kg,11707
2026-07-07,대전,브로콜리,1개,1880
2026-07-07,대전,사과,10개,29600
2026-07-07,대전,배,10개,43300
2026-07-08,대전,배추,1포기,3350
2026-07-08,대전,시금치,100g,8290
2026-07-08,대전,상추,100g,11400
2026-07-08,대전,얼갈이배추,1kg,2963
2026-07-08,대전,오이,10개,4740
2026-07-08,대전,호박,1개,1145
2026-07-08,대전,토마토,1kg,4660
2026-07-08,대전,무,1개,2245
2026-07-08,대전,당근,1kg,2663
2026-07-08,대전,열무,1kg,3047
2026-07-08,대전,양파,1kg,2177
2026-07-08,대전,대파,1kg,3730
2026-07-08,대전,피망,100g,22900
2026-07-08,대전,파프리카,1개,930
2026-07-08,대전,마늘,1kg,11707
2026-07-08,대전,브로콜리,1개,1670
2026-07-08,대전,사과,10개,29600
2026-07-08,대전,배,10개,45000
2026-07-09,대전,배추,1포기,3393
2026-07-09,대전,시금치,100g,11600
2026-07-09,대전,상추,100g,11600
2026-07-09,대전,얼갈이배추,1kg,2245
2026-07-09,대전,오이,10개,4160
2026-07-09,대전,호박,1개,1145
2026-07-09,대전,토마토,1kg,5160
2026-07-09,대전,무,1개,2305
2026-07-09,대전,당근,1kg,2887
2026-07-09,대전,열무,1kg,2660
2026-07-09,대전,양파,1kg,2177
2026-07-09,대전,대파,1kg,3730
2026-07-09,대전,파프리카,1개,1225
2026-07-09,대전,마늘,1kg,12050
2026-07-09,대전,브로콜리,1개,1825
2026-07-09,대전,사과,10개,29100
2026-07-09,대전,배,10개,46600
2026-07-10,대전,배추,1포기,3393
2026-07-10,대전,시금치,100g,11600
2026-07-10,대전,상추,100g,12000
2026-07-10,대전,얼갈이배추,1kg,2200
2026-07-10,대전,오이,10개,4245
2026-07-10,대전,호박,1개,1145
2026-07-10,대전,토마토,1kg,5495
2026-07-10,대전,무,1개,2245
2026-07-10,대전,당근,1kg,2847
2026-07-10,대전,열무,1kg,2660
2026-07-10,대전,양파,1kg,2137
2026-07-10,대전,대파,1kg,2415
2026-07-10,대전,파프리카,1개,1310
2026-07-10,대전,마늘,1kg,12050
2026-07-10,대전,브로콜리,1개,1745
2026-07-10,대전,사과,10개,29100
2026-07-10,대전,배,10개,50000
2026-07-13,대전,배추,1포기,3393
2026-07-13,대전,시금치,100g,11600
2026-07-13,대전,상추,100g,12450
2026-07-13,대전,얼갈이배추,1kg,2285
2026-07-13,대전,오이,10개,4890
2026-07-13,대전,호박,1개,1145
2026-07-13,대전,토마토,1kg,5575
2026-07-13,대전,무,1개,2245
2026-07-13,대전,당근,1kg,2903
2026-07-13,대전,열무,1kg,2740
2026-07-13,대전,양파,1kg,2177
2026-07-13,대전,대파,1kg,3640
2026-07-13,대전,피망,100g,19900
2026-07-13,대전,파프리카,1개,1395
2026-07-13,대전,마늘,1kg,12050
2026-07-13,대전,브로콜리,1개,1825
2026-07-13,대전,사과,10개,29100
2026-07-13,대전,배,10개,50000
2026-07-14,대전,배추,1포기,3393
2026-07-14,대전,시금치,100g,11600
2026-07-14,대전,상추,100g,12450
2026-07-14,대전,얼갈이배추,1kg,2285
2026-07-14,대전,오이,10개,5095
2026-07-14,대전,호박,1개,1145
2026-07-14,대전,토마토,1kg,5745
2026-07-14,대전,무,1개,2180
2026-07-14,대전,당근,1kg,2903
2026-07-14,대전,열무,1kg,2910
2026-07-14,대전,양파,1kg,2177
2026-07-14,대전,대파,1kg,3575
2026-07-14,대전,피망,100g,19900
2026-07-14,대전,파프리카,1개,1310
2026-07-14,대전,마늘,1kg,12050
2026-07-14,대전,브로콜리,1개,1910
2026-07-14,대전,사과,10개,29100
2026-07-14,대전,배,10개,50000
2026-07-15,대전,배추,1포기,3090
2026-07-15,대전,시금치,100g,11600
2026-07-15,대전,상추,100g,12650
2026-07-15,대전,얼갈이배추,1kg,2370
2026-07-15,대전,오이,10개,5515
2026-07-15,대전,호박,1개,1145
2026-07-15,대전,토마토,1kg,5745
2026-07-15,대전,무,1개,2180
2026-07-15,대전,당근,1kg,2903
2026-07-15,대전,열무,1kg,3075
2026-07-15,대전,양파,1kg,2220
2026-07-15,대전,대파,1kg,3575
2026-07-15,대전,피망,100g,19900
2026-07-15,대전,파프리카,1개,1225
2026-07-15,대전,마늘,1kg,12050
2026-07-15,대전,브로콜리,1개,1995
2026-07-15,대전,사과,10개,29100
2026-07-15,대전,배,10개,50000
2026-07-16,대전,배추,1포기,3490
2026-07-16,대전,시금치,100g,11600
2026-07-16,대전,상추,100g,12850
2026-07-16,대전,얼갈이배추,1kg,2865
2026-07-16,대전,오이,10개,8425
2026-07-16,대전,호박,1개,980
2026-07-16,대전,토마토,1kg,5745
2026-07-16,대전,무,1개,2180
2026-07-16,대전,당근,1kg,3665
2026-07-16,대전,열무,1kg,3285
2026-07-16,대전,양파,1kg,1670
2026-07-16,대전,대파,1kg,3510
2026-07-16,대전,피망,100g,11900
2026-07-16,대전,파프리카,1개,1020
2026-07-16,대전,마늘,1kg,9260
2026-07-16,대전,브로콜리,1개,1995
2026-07-16,대전,사과,10개,28600
2026-07-16,대전,배,10개,50000
2026-07-20,대전,배추,1포기,3490
2026-07-20,대전,시금치,100g,12600
2026-07-20,대전,상추,100g,13733
2026-07-20,대전,얼갈이배추,1kg,2580
2026-07-20,대전,오이,10개,7013
2026-07-20,대전,호박,1개,1080
2026-07-20,대전,토마토,1kg,4813
2026-07-20,대전,무,1개,1973
2026-07-20,대전,당근,1kg,3370
2026-07-20,대전,열무,1kg,2830
2026-07-20,대전,양파,1kg,1445
2026-07-20,대전,대파,1kg,3157
2026-07-20,대전,피망,100g,15500
2026-07-20,대전,파프리카,1개,969
2026-07-20,대전,마늘,1kg,11473
2026-07-20,대전,브로콜리,1개,1870
2026-07-20,대전,사과,10개,24767
2026-07-20,대전,배,10개,49950
2026-07-21,대전,배추,1포기,3490
2026-07-21,대전,시금치,100g,12600
2026-07-21,대전,상추,100g,14000
2026-07-21,대전,얼갈이배추,1kg,2663
2026-07-21,대전,오이,10개,7220
2026-07-21,대전,호박,1개,1147
2026-07-21,대전,토마토,1kg,4813
2026-07-21,대전,무,1개,1930
2026-07-21,대전,당근,1kg,3370
2026-07-21,대전,열무,1kg,2913
2026-07-21,대전,양파,1kg,1486
2026-07-21,대전,대파,1kg,3157
2026-07-21,대전,피망,100g,15500
2026-07-21,대전,파프리카,1개,969
2026-07-21,대전,마늘,1kg,11473
2026-07-21,대전,브로콜리,1개,1870
2026-07-21,대전,사과,10개,24767
2026-07-21,대전,배,10개,49950
2026-07-22,대전,배추,1포기,3490
2026-07-22,대전,시금치,100g,12600
2026-07-22,대전,상추,100g,13733
2026-07-22,대전,얼갈이배추,1kg,2690
2026-07-22,대전,오이,10개,7500
2026-07-22,대전,호박,1개,983
2026-07-22,대전,토마토,1kg,4803
2026-07-22,대전,무,1개,1890
2026-07-22,대전,당근,1kg,3370
2026-07-22,대전,열무,1kg,2773
2026-07-22,대전,양파,1kg,1933
2026-07-22,대전,대파,1kg,3157
2026-07-22,대전,피망,100g,15900
2026-07-22,대전,파프리카,1개,1025
2026-07-22,대전,마늘,1kg,11473
2026-07-22,대전,브로콜리,1개,1870
2026-07-22,대전,사과,10개,24767
2026-07-22,대전,배,10개,49950
2026-07-23,대전,배추,1포기,3857
2026-07-23,대전,시금치,100g,14600
2026-07-23,대전,상추,100g,15333
2026-07-23,대전,얼갈이배추,1kg,3180
2026-07-23,대전,오이,10개,9207
2026-07-23,대전,호박,1개,1147
2026-07-23,대전,토마토,1kg,4483
2026-07-23,대전,무,1개,2235
2026-07-23,대전,당근,1kg,3770
2026-07-23,대전,열무,1kg,3150
2026-07-23,대전,양파,1kg,1973
2026-07-23,대전,대파,1kg,3200
2026-07-23,대전,피망,100g,15900
2026-07-23,대전,파프리카,1개,1427
2026-07-23,대전,마늘,1kg,13333
2026-07-23,대전,브로콜리,1개,2493
2026-07-23,대전,사과,10개,26100
2026-07-23,대전,배,10개,49950
2026-07-24,대전,배추,1포기,3857
2026-07-24,대전,시금치,100g,14600
2026-07-24,대전,상추,100g,15333
2026-07-24,대전,얼갈이배추,1kg,3040
2026-07-24,대전,오이,10개,9343
2026-07-24,대전,호박,1개,1147
2026-07-24,대전,토마토,1kg,4483
2026-07-24,대전,무,1개,2235
2026-07-24,대전,당근,1kg,3770
2026-07-24,대전,열무,1kg,3180
2026-07-24,대전,양파,1kg,1890
2026-07-24,대전,대파,1kg,3200
2026-07-24,대전,피망,100g,15900
2026-07-24,대전,파프리카,1개,1370
2026-07-24,대전,마늘,1kg,13333
2026-07-24,대전,브로콜리,1개,2437
2026-07-24,대전,사과,10개,26100
2026-07-24,대전,배,10개,49950
2026-07-27,부산,배추,1포기,3480
2026-07-27,부산,시금치,100g,12400
2026-07-27,부산,상추,100g,14960
2026-07-27,부산,얼갈이배추,1kg,2575
2026-07-27,부산,오이,10개,10208
2026-07-27,부산,호박,1개,1004
2026-07-27,부산,토마토,1kg,4578
2026-07-27,부산,무,1개,2190
2026-07-27,부산,당근,1kg,3482
2026-07-27,부산,열무,1kg,2878
2026-07-27,부산,양파,1kg,1876
2026-07-27,부산,대파,1kg,2886
2026-07-27,부산,피망,100g,8283
2026-07-27,부산,파프리카,1개,1132
2026-07-27,부산,마늘,1kg,10908
2026-07-27,부산,브로콜리,1개,2260
2026-07-27,부산,사과,10개,25860
2026-07-27,부산,배,10개,39067
2026-07-28,부산,배추,1포기,3480
2026-07-28,부산,시금치,100g,12400
2026-07-28,부산,상추,100g,14960
2026-07-28,부산,얼갈이배추,1kg,2585
2026-07-28,부산,오이,10개,10293
2026-07-28,부산,호박,1개,1004
2026-07-28,부산,토마토,1kg,4578
2026-07-28,부산,무,1개,2190
2026-07-28,부산,당근,1kg,3482
2026-07-28,부산,열무,1kg,2920
2026-07-28,부산,양파,1kg,1876
2026-07-28,부산,대파,1kg,2886
2026-07-28,부산,피망,100g,8283
2026-07-28,부산,파프리카,1개,1132
2026-07-28,부산,마늘,1kg,10908
2026-07-28,부산,브로콜리,1개,2260
2026-07-28,부산,사과,10개,25000
2026-07-28,부산,배,10개,39200
2026-07-29,부산,배추,1포기,3730
2026-07-29,부산,시금치,100g,14100
2026-07-29,부산,상추,100g,14960
2026-07-29,부산,얼갈이배추,1kg,2648
2026-07-29,부산,오이,10개,11125
2026-07-29,부산,호박,1개,1138
2026-07-29,부산,토마토,1kg,4492
2026-07-29,부산,무,1개,2190
2026-07-29,부산,당근,1kg,3602
2026-07-29,부산,열무,1kg,3313
2026-07-29,부산,양파,1kg,1934
2026-07-29,부산,대파,1kg,3026
2026-07-29,부산,피망,100g,8283
2026-07-29,부산,파프리카,1개,1176
2026-07-29,부산,마늘,1kg,10908
2026-07-29,부산,브로콜리,1개,2260
2026-07-29,부산,사과,10개,26125
2026-07-29,부산,배,10개,39200
2026-07-30,부산,배추,1포기,3980
2026-07-30,부산,시금치,100g,16700
2026-07-30,부산,상추,100g,15400
2026-07-30,부산,얼갈이배추,1kg,2578
2026-07-30,부산,오이,10개,10058
2026-07-30,부산,호박,1개,1014
2026-07-30,부산,토마토,1kg,4486
2026-07-30,부산,무,1개,2190
2026-07-30,부산,당근,1kg,3240
2026-07-30,부산,열무,1kg,3635
2026-07-30,부산,양파,1kg,1876
2026-07-30,부산,대파,1kg,3082
2026-07-30,부산,피망,100g,6617
2026-07-30,부산,파프리카,1개,1068
2026-07-30,부산,마늘,1kg,9804
2026-07-30,부산,브로콜리,1개,2060
2026-07-30,부산,사과,10개,25625
2026-07-30,부산,배,10개,39200
2026-07-31,부산,배추,1포기,3980
2026-07-31,부산,시금치,100g,16750
2026-07-31,부산,상추,100g,15475
2026-07-31,부산,얼갈이배추,1kg,2585
2026-07-31,부산,오이,10개,10968
2026-07-31,부산,호박,1개,1138
2026-07-31,부산,토마토,1kg,4486
2026-07-31,부산,무,1개,2235
2026-07-31,부산,당근,1kg,3240
2026-07-31,부산,열무,1kg,3760
2026-07-31,부산,양파,1kg,1876
2026-07-31,부산,대파,1kg,3150
2026-07-31,부산,피망,100g,6617
2026-07-31,부산,파프리카,1개,1082
2026-07-31,부산,마늘,1kg,10368
2026-07-31,부산,브로콜리,1개,2060
2026-07-31,부산,사과,10개,25625
2026-07-31,부산,배,10개,39300
2026-08-03,부산,배추,1포기,3980
2026-08-03,부산,시금치,100g,16750
2026-08-03,부산,상추,100g,15480
2026-08-03,부산,얼갈이배추,1kg,2620
2026-08-03,부산,오이,10개,10800
2026-08-03,부산,호박,1개,1158
2026-08-03,부산,토마토,1kg,4624
2026-08-03,부산,무,1개,1980
2026-08-03,부산,당근,1kg,3534
2026-08-03,부산,열무,1kg,3843
2026-08-03,부산,양파,1kg,2024
2026-08-03,부산,대파,1kg,3156
2026-08-03,부산,피망,100g,6483
2026-08-03,부산,파프리카,1개,1048
2026-08-03,부산,마늘,1kg,10400
2026-08-03,부산,브로콜리,1개,2048
2026-08-03,부산,사과,10개,25625
2026-08-03,부산,배,10개,39300
2026-08-04,부산,배추,1포기,4230
2026-08-04,부산,시금치,100g,19333
2026-08-04,부산,상추,100g,15560
2026-08-04,부산,얼갈이배추,1kg,2940
2026-08-04,부산,오이,10개,10718
2026-08-04,부산,호박,1개,1190
2026-08-04,부산,토마토,1kg,4824
2026-08-04,부산,무,1개,1980
2026-08-04,부산,당근,1kg,3566
2026-08-04,부산,열무,1kg,4303
2026-08-04,부산,양파,1kg,2082
2026-08-04,부산,대파,1kg,3164
2026-08-04,부산,피망,100g,8150
2026-08-04,부산,파프리카,1개,1042
2026-08-04,부산,마늘,1kg,10400
2026-08-04,부산,브로콜리,1개,2048
2026-08-04,부산,사과,10개,25625
2026-08-04,부산,배,10개,39300
2026-07-27,대구,배추,1포기,4057
2026-07-27,대구,시금치,100g,13050
2026-07-27,대구,상추,100g,16767
2026-07-27,대구,얼갈이배추,1kg,2857
2026-07-27,대구,오이,10개,13467
2026-07-27,대구,호박,1개,1004
2026-07-27,대구,토마토,1kg,4103
2026-07-27,대구,무,1개,2019
2026-07-27,대구,당근,1kg,4175
2026-07-27,대구,열무,1kg,2857
2026-07-27,대구,양파,1kg,1377
2026-07-27,대구,대파,1kg,3043
2026-07-27,대구,피망,100g,8450
2026-07-27,대구,파프리카,1개,1301
2026-07-27,대구,마늘,1kg,11227
2026-07-27,대구,브로콜리,1개,2757
2026-07-27,대구,사과,10개,33950
2026-07-27,대구,배,10개,36600
2026-07-28,대구,배추,1포기,4057
2026-07-28,대구,시금치,100g,13050
2026-07-28,대구,상추,100g,16767
2026-07-28,대구,얼갈이배추,1kg,2857
2026-07-28,대구,오이,10개,13467
2026-07-28,대구,호박,1개,1004
2026-07-28,대구,토마토,1kg,4103
2026-07-28,대구,무,1개,2133
2026-07-28,대구,당근,1kg,4175
2026-07-28,대구,열무,1kg,2913
2026-07-28,대구,양파,1kg,1400
2026-07-28,대구,대파,1kg,3043
2026-07-28,대구,피망,100g,8450
2026-07-28,대구,파프리카,1개,1301
2026-07-28,대구,마늘,1kg,11227
2026-07-28,대구,브로콜리,1개,2590
2026-07-28,대구,사과,10개,33950
2026-07-28,대구,배,10개,36600
2026-07-29,대구,배추,1포기,4057
2026-07-29,대구,시금치,100g,13050
2026-07-29,대구,상추,100g,16900
2026-07-29,대구,얼갈이배추,1kg,2890
2026-07-29,대구,오이,10개,13467
2026-07-29,대구,호박,1개,1004
2026-07-29,대구,토마토,1kg,4103
2026-07-29,대구,무,1개,2133
2026-07-29,대구,당근,1kg,3820
2026-07-29,대구,열무,1kg,3057
2026-07-29,대구,양파,1kg,1400
2026-07-29,대구,대파,1kg,3043
2026-07-29,대구,피망,100g,8450
2026-07-29,대구,파프리카,1개,1261
2026-07-29,대구,마늘,1kg,10893
2026-07-29,대구,브로콜리,1개,2590
2026-07-29,대구,사과,10개,33950
2026-07-29,대구,배,10개,36600
2026-07-30,대구,배추,1포기,4070
2026-07-30,대구,시금치,100g,19800
2026-07-30,대구,상추,100g,14333
2026-07-30,대구,얼갈이배추,1kg,2987
2026-07-30,대구,오이,10개,13467
2026-07-30,대구,호박,1개,932
2026-07-30,대구,토마토,1kg,3410
2026-07-30,대구,무,1개,2101
2026-07-30,대구,당근,1kg,2915
2026-07-30,대구,열무,1kg,3663
2026-07-30,대구,양파,1kg,1407
2026-07-30,대구,대파,1kg,3150
2026-07-30,대구,피망,100g,8450
2026-07-30,대구,파프리카,1개,1025
2026-07-30,대구,마늘,1kg,10160
2026-07-30,대구,브로콜리,1개,2423
2026-07-30,대구,사과,10개,32950
2026-07-30,대구,배,10개,36600
2026-07-31,대구,배추,1포기,4180
2026-07-31,대구,시금치,100g,19800
2026-07-31,대구,상추,100g,14467
2026-07-31,대구,얼갈이배추,1kg,3077
2026-07-31,대구,오이,10개,14033
2026-07-31,대구,호박,1개,932
2026-07-31,대구,토마토,1kg,4075
2026-07-31,대구,무,1개,2660
2026-07-31,대구,당근,1kg,2915
2026-07-31,대구,열무,1kg,3550
2026-07-31,대구,양파,1kg,1440
2026-07-31,대구,대파,1kg,3190
2026-07-31,대구,피망,100g,8800
2026-07-31,대구,파프리카,1개,1025
2026-07-31,대구,마늘,1kg,10160
2026-07-31,대구,브로콜리,1개,2600
2026-07-31,대구,사과,10개,32950
2026-07-31,대구,배,10개,36600
2026-08-03,대구,배추,1포기,4403
2026-08-03,대구,시금치,100g,19800
2026-08-03,대구,상추,100g,13667
2026-08-03,대구,얼갈이배추,1kg,3130
2026-08-03,대구,오이,10개,14700
2026-08-03,대구,호박,1개,1101
2026-08-03,대구,토마토,1kg,4227
2026-08-03,대구,무,1개,2830
2026-08-03,대구,당근,1kg,4095
2026-08-03,대구,열무,1kg,3550
2026-08-03,대구,양파,1kg,1483
2026-08-03,대구,대파,1kg,3190
2026-08-03,대구,피망,100g,8550
2026-08-03,대구,파프리카,1개,1025
2026-08-03,대구,마늘,1kg,10160
2026-08-03,대구,브로콜리,1개,2657
2026-08-03,대구,사과,10개,32950
2026-08-03,대구,배,10개,36600
2026-08-04,대구,배추,1포기,4403
2026-08-04,대구,시금치,100g,19800
2026-08-04,대구,상추,100g,13833
2026-08-04,대구,얼갈이배추,1kg,3230
2026-08-04,대구,오이,10개,14700
2026-08-04,대구,호박,1개,1101
2026-08-04,대구,토마토,1kg,4227
2026-08-04,대구,무,1개,2830
2026-08-04,대구,당근,1kg,4095
2026-08-04,대구,열무,1kg,3290
2026-08-04,대구,양파,1kg,1483
2026-08-04,대구,대파,1kg,3190
2026-08-04,대구,피망,100g,8550
2026-08-04,대구,파프리카,1개,1025
2026-08-04,대구,마늘,1kg,10160
2026-08-04,대구,브로콜리,1개,2710
2026-08-04,대구,사과,10개,32950
2026-08-04,대구,배,10개,36600
2026-07-27,광주,배추,1포기,3743
2026-07-27,광주,시금치,100g,10433
2026-07-27,광주,상추,100g,15133
2026-07-27,광주,얼갈이배추,1kg,2520
2026-07-27,광주,오이,10개,9277
2026-07-27,광주,호박,1개,1053
2026-07-27,광주,토마토,1kg,4770
2026-07-27,광주,무,1개,1890
2026-07-27,광주,당근,1kg,3063
2026-07-27,광주,열무,1kg,3620
2026-07-27,광주,양파,1kg,1700
2026-07-27,광주,대파,1kg,3043
2026-07-27,광주,피망,100g,9250
2026-07-27,광주,파프리카,1개,1271
2026-07-27,광주,마늘,1kg,11593
2026-07-27,광주,브로콜리,1개,3000
2026-07-27,광주,사과,10개,31950
2026-07-27,광주,배,10개,45550
2026-07-28,광주,배추,1포기,3743
2026-07-28,광주,시금치,100g,10433
2026-07-28,광주,상추,100g,15100
2026-07-28,광주,얼갈이배추,1kg,2520
2026-07-28,광주,오이,10개,8430
2026-07-28,광주,호박,1개,991
2026-07-28,광주,토마토,1kg,4407
2026-07-28,광주,무,1개,1890
2026-07-28,광주,당근,1kg,3083
2026-07-28,광주,열무,1kg,3620
2026-07-28,광주,양파,1kg,1700
2026-07-28,광주,대파,1kg,3043
2026-07-28,광주,피망,100g,9200
2026-07-28,광주,파프리카,1개,1271
2026-07-28,광주,마늘,1kg,11593
2026-07-28,광주,브로콜리,1개,3000
2026-07-28,광주,사과,10개,31950
2026-07-28,광주,배,10개,45550
2026-07-29,광주,배추,1포기,3743
2026-07-29,광주,시금치,100g,10433
2026-07-29,광주,상추,100g,15133
2026-07-29,광주,얼갈이배추,1kg,2520
2026-07-29,광주,오이,10개,8430
2026-07-29,광주,호박,1개,991
2026-07-29,광주,토마토,1kg,4407
2026-07-29,광주,무,1개,1890
2026-07-29,광주,당근,1kg,3083
2026-07-29,광주,열무,1kg,3620
2026-07-29,광주,양파,1kg,1707
2026-07-29,광주,대파,1kg,3030
2026-07-29,광주,피망,100g,9250
2026-07-29,광주,파프리카,1개,1281
2026-07-29,광주,마늘,1kg,11593
2026-07-29,광주,브로콜리,1개,2710
2026-07-29,광주,사과,10개,31950
2026-07-29,광주,배,10개,45550
2026-07-30,광주,배추,1포기,3777
2026-07-30,광주,시금치,100g,15300
2026-07-30,광주,상추,100g,12033
2026-07-30,광주,얼갈이배추,1kg,3263
2026-07-30,광주,오이,10개,8430
2026-07-30,광주,호박,1개,919
2026-07-30,광주,토마토,1kg,3350
2026-07-30,광주,무,1개,1525
2026-07-30,광주,당근,1kg,2493
2026-07-30,광주,열무,1kg,4130
2026-07-30,광주,양파,1kg,1707
2026-07-30,광주,대파,1kg,3097
2026-07-30,광주,피망,100g,9250
2026-07-30,광주,파프리카,1개,1045
2026-07-30,광주,마늘,1kg,10193
2026-07-30,광주,브로콜리,1개,2677
2026-07-30,광주,사과,10개,30950
2026-07-30,광주,배,10개,45550
2026-07-31,광주,배추,1포기,3777
2026-07-31,광주,시금치,100g,15300
2026-07-31,광주,상추,100g,12033
2026-07-31,광주,얼갈이배추,1kg,3263
2026-07-31,광주,오이,10개,8430
2026-07-31,광주,호박,1개,919
2026-07-31,광주,토마토,1kg,3350
2026-07-31,광주,무,1개,1525
2026-07-31,광주,당근,1kg,2493
2026-07-31,광주,열무,1kg,4080
2026-07-31,광주,양파,1kg,1707
2026-07-31,광주,대파,1kg,3097
2026-07-31,광주,피망,100g,9250
2026-07-31,광주,파프리카,1개,1045
2026-07-31,광주,마늘,1kg,10193
2026-07-31,광주,브로콜리,1개,2377
2026-07-31,광주,사과,10개,30950
2026-07-31,광주,배,10개,45550
2026-08-03,광주,배추,1포기,3777
2026-08-03,광주,시금치,100g,15467
2026-08-03,광주,상추,100g,12233
2026-08-03,광주,얼갈이배추,1kg,3303
2026-08-03,광주,오이,10개,8613
2026-08-03,광주,호박,1개,919
2026-08-03,광주,토마토,1kg,3350
2026-08-03,광주,무,1개,1490
2026-08-03,광주,당근,1kg,3363
2026-08-03,광주,열무,1kg,4080
2026-08-03,광주,양파,1kg,1717
2026-08-03,광주,대파,1kg,3097
2026-08-03,광주,피망,100g,9250
2026-08-03,광주,파프리카,1개,1012
2026-08-03,광주,마늘,1kg,10260
2026-08-03,광주,브로콜리,1개,2377
2026-08-03,광주,사과,10개,30950
2026-08-03,광주,배,10개,45550
2026-08-04,광주,배추,1포기,3777
2026-08-04,광주,시금치,100g,15567
2026-08-04,광주,상추,100g,12300
2026-08-04,광주,얼갈이배추,1kg,3303
2026-08-04,광주,오이,10개,8753
2026-08-04,광주,호박,1개,978
2026-08-04,광주,토마토,1kg,4233
2026-08-04,광주,무,1개,1490
2026-08-04,광주,당근,1kg,3397
2026-08-04,광주,열무,1kg,4110
2026-08-04,광주,양파,1kg,1723
2026-08-04,광주,대파,1kg,3097
2026-08-04,광주,피망,100g,9200
2026-08-04,광주,파프리카,1개,1012
2026-08-04,광주,마늘,1kg,10260
2026-08-04,광주,브로콜리,1개,2400
2026-08-04,광주,사과,10개,30950
2026-08-04,광주,배,10개,45550
2026-07-27,대전,배추,1포기,3857
2026-07-27,대전,시금치,100g,14900
2026-07-27,대전,상추,100g,15333
2026-07-27,대전,얼갈이배추,1kg,3040
2026-07-27,대전,오이,10개,9343
2026-07-27,대전,호박,1개,1147
2026-07-27,대전,토마토,1kg,4483
2026-07-27,대전,무,1개,2235
2026-07-27,대전,당근,1kg,3770
2026-07-27,대전,열무,1kg,3180
2026-07-27,대전,양파,1kg,1890
2026-07-27,대전,대파,1kg,3200
2026-07-27,대전,피망,100g,15900
2026-07-27,대전,파프리카,1개,1370
2026-07-27,대전,마늘,1kg,13333
2026-07-27,대전,브로콜리,1개,2437
2026-07-27,대전,사과,10개,27600
2026-07-27,대전,배,10개,49950
2026-07-28,대전,배추,1포기,3940
2026-07-28,대전,시금치,100g,14900
2026-07-28,대전,상추,100g,15333
2026-07-28,대전,얼갈이배추,1kg,3263
2026-07-28,대전,오이,10개,9137
2026-07-28,대전,호박,1개,1147
2026-07-28,대전,토마토,1kg,4483
2026-07-28,대전,무,1개,2235
2026-07-28,대전,당근,1kg,3770
2026-07-28,대전,열무,1kg,3263
2026-07-28,대전,양파,1kg,1890
2026-07-28,대전,대파,1kg,3200
2026-07-28,대전,피망,100g,15900
2026-07-28,대전,파프리카,1개,1370
2026-07-28,대전,마늘,1kg,13417
2026-07-28,대전,브로콜리,1개,2437
2026-07-28,대전,사과,10개,27600
2026-07-28,대전,배,10개,49950
2026-07-29,대전,배추,1포기,3940
2026-07-29,대전,시금치,100g,14900
2026-07-29,대전,상추,100g,15333
2026-07-29,대전,얼갈이배추,1kg,3263
2026-07-29,대전,오이,10개,9137
2026-07-29,대전,호박,1개,1147
2026-07-29,대전,토마토,1kg,4483
2026-07-29,대전,무,1개,2235
2026-07-29,대전,당근,1kg,3770
2026-07-29,대전,열무,1kg,3263
2026-07-29,대전,양파,1kg,1890
2026-07-29,대전,대파,1kg,3200
2026-07-29,대전,피망,100g,15900
2026-07-29,대전,파프리카,1개,1370
2026-07-29,대전,마늘,1kg,13417
2026-07-29,대전,브로콜리,1개,2437
2026-07-29,대전,사과,10개,27600
2026-07-29,대전,배,10개,49950
2026-07-30,대전,배추,1포기,4307
2026-07-30,대전,시금치,100g,18600
2026-07-30,대전,상추,100g,13867
2026-07-30,대전,얼갈이배추,1kg,3853
2026-07-30,대전,오이,10개,9553
2026-07-30,대전,호박,1개,1100
2026-07-30,대전,토마토,1kg,3227
2026-07-30,대전,무,1개,1985
2026-07-30,대전,당근,1kg,3993
2026-07-30,대전,열무,1kg,3535
2026-07-30,대전,양파,1kg,1933
2026-07-30,대전,대파,1kg,3037
2026-07-30,대전,피망,100g,15900
2026-07-30,대전,파프리카,1개,1020
2026-07-30,대전,마늘,1kg,9307
2026-07-30,대전,브로콜리,1개,2047
2026-07-30,대전,사과,10개,27600
2026-07-30,대전,배,10개,49950
2026-07-31,대전,배추,1포기,4640
2026-07-31,대전,시금치,100g,18600
2026-07-31,대전,상추,100g,14167
2026-07-31,대전,얼갈이배추,1kg,3907
2026-07-31,대전,오이,10개,10023
2026-07-31,대전,호박,1개,1157
2026-07-31,대전,토마토,1kg,3227
2026-07-31,대전,무,1개,1985
2026-07-31,대전,당근,1kg,3993
2026-07-31,대전,열무,1kg,3853
2026-07-31,대전,양파,1kg,1957
2026-07-31,대전,대파,1kg,3077
2026-07-31,대전,피망,100g,15900
2026-07-31,대전,파프리카,1개,1020
2026-07-31,대전,마늘,1kg,9307
2026-07-31,대전,브로콜리,1개,1993
2026-07-31,대전,사과,10개,27600
2026-07-31,대전,배,10개,49950
2026-08-03,대전,배추,1포기,4640
2026-08-03,대전,시금치,100g,18600
2026-08-03,대전,상추,100g,14167
2026-08-03,대전,얼갈이배추,1kg,3907
2026-08-03,대전,오이,10개,11020
2026-08-03,대전,호박,1개,1157
2026-08-03,대전,토마토,1kg,4980
2026-08-03,대전,무,1개,2490
2026-08-03,대전,당근,1kg,3713
2026-08-03,대전,열무,1kg,3853
2026-08-03,대전,양파,1kg,1957
2026-08-03,대전,대파,1kg,3417
2026-08-03,대전,피망,100g,15900
2026-08-03,대전,파프리카,1개,1067
2026-08-03,대전,마늘,1kg,11850
2026-08-03,대전,브로콜리,1개,1993
2026-08-03,대전,사과,10개,27600
2026-08-03,대전,배,10개,49950
2026-08-04,대전,배추,1포기,4640
2026-08-04,대전,시금치,100g,18600
2026-08-04,대전,상추,100g,13600
2026-08-04,대전,얼갈이배추,1kg,3770
2026-08-04,대전,오이,10개,10820
2026-08-04,대전,호박,1개,1213
2026-08-04,대전,토마토,1kg,4317
2026-08-04,대전,무,1개,2490
2026-08-04,대전,당근,1kg,3713
2026-08-04,대전,열무,1kg,3880
2026-08-04,대전,양파,1kg,1957
2026-08-04,대전,대파,1kg,3417
2026-08-04,대전,피망,100g,15900
2026-08-04,대전,파프리카,1개,1067
2026-08-04,대전,마늘,1kg,11850
2026-08-04,대전,브로콜리,1개,1993
2026-08-04,대전,사과,10개,27600
2026-08-04,대전,배,10개,49950
2026-08-05,부산,배추,1포기,4230
2026-08-05,부산,시금치,100g,20833
2026-08-05,부산,상추,100g,15620
2026-08-05,부산,얼갈이배추,1kg,2958
2026-08-05,부산,오이,10개,10633
2026-08-05,부산,호박,1개,1184
2026-08-05,부산,토마토,1kg,5018
2026-08-05,부산,무,1개,2333
2026-08-05,부산,당근,1kg,3566
2026-08-05,부산,열무,1kg,4385
2026-08-05,부산,양파,1kg,2082
2026-08-05,부산,대파,1kg,3164
2026-08-05,부산,피망,100g,8150
2026-08-05,부산,파프리카,1개,1054
2026-08-05,부산,마늘,1kg,10414
2026-08-05,부산,브로콜리,1개,2040
2026-08-05,부산,사과,10개,25680
2026-08-05,부산,배,10개,39300
2026-08-06,부산,배추,1포기,3980
2026-08-06,부산,시금치,100g,19333
2026-08-06,부산,상추,100g,17360
2026-08-06,부산,얼갈이배추,1kg,3035
2026-08-06,부산,오이,10개,8458
2026-08-06,부산,호박,1개,1350
2026-08-06,부산,토마토,1kg,4730
2026-08-06,부산,무,1개,2255
2026-08-06,부산,당근,1kg,3734
2026-08-06,부산,열무,1kg,4385
2026-08-06,부산,양파,1kg,1934
2026-08-06,부산,대파,1kg,3140
2026-08-06,부산,피망,100g,8150
2026-08-06,부산,파프리카,1개,1124
2026-08-06,부산,마늘,1kg,11518
2026-08-06,부산,브로콜리,1개,2240
2026-08-06,부산,사과,10개,25740
2026-08-06,부산,배,10개,39300
2026-08-07,부산,배추,1포기,3980
2026-08-07,부산,시금치,100g,19333
2026-08-07,부산,상추,100g,17360
2026-08-07,부산,얼갈이배추,1kg,3043
2026-08-07,부산,오이,10개,8418
2026-08-07,부산,호박,1개,1252
2026-08-07,부산,토마토,1kg,4738
2026-08-07,부산,무,1개,1755
2026-08-07,부산,당근,1kg,3734
2026-08-07,부산,열무,1kg,4468
2026-08-07,부산,양파,1kg,1876
2026-08-07,부산,대파,1kg,3140
2026-08-07,부산,피망,100g,8150
2026-08-07,부산,파프리카,1개,1116
2026-08-07,부산,마늘,1kg,11552
2026-08-07,부산,브로콜리,1개,2240
2026-08-07,부산,사과,10개,25740
2026-08-07,부산,배,10개,39300
2026-08-05,대구,배추,1포기,4513
2026-08-05,대구,시금치,100g,19800
2026-08-05,대구,상추,100g,12833
2026-08-05,대구,얼갈이배추,1kg,3230
2026-08-05,대구,오이,10개,14467
2026-08-05,대구,호박,1개,1101
2026-08-05,대구,토마토,1kg,4227
2026-08-05,대구,무,1개,1892
2026-08-05,대구,당근,1kg,4095
2026-08-05,대구,열무,1kg,3457
2026-08-05,대구,양파,1kg,1483
2026-08-05,대구,대파,1kg,3190
2026-08-05,대구,피망,100g,8950
2026-08-05,대구,파프리카,1개,1025
2026-08-05,대구,마늘,1kg,10160
2026-08-05,대구,브로콜리,1개,2710
2026-08-05,대구,사과,10개,32950
2026-08-05,대구,배,10개,36600
2026-08-06,대구,배추,1포기,4473
2026-08-06,대구,시금치,100g,23550
2026-08-06,대구,상추,100g,15633
2026-08-06,대구,얼갈이배추,1kg,3633
2026-08-06,대구,오이,10개,9453
2026-08-06,대구,호박,1개,1570
2026-08-06,대구,토마토,1kg,4227
2026-08-06,대구,무,1개,1892
2026-08-06,대구,당근,1kg,4160
2026-08-06,대구,열무,1kg,4223
2026-08-06,대구,양파,1kg,1780
2026-08-06,대구,대파,1kg,3297
2026-08-06,대구,피망,100g,8950
2026-08-06,대구,파프리카,1개,1262
2026-08-06,대구,마늘,1kg,11227
2026-08-06,대구,브로콜리,1개,3043
2026-08-06,대구,사과,10개,32950
2026-08-06,대구,배,10개,36600
2026-08-07,대구,배추,1포기,4473
2026-08-07,대구,시금치,100g,23550
2026-08-07,대구,상추,100g,15767
2026-08-07,대구,얼갈이배추,1kg,3690
2026-08-07,대구,오이,10개,9453
2026-08-07,대구,호박,1개,1570
2026-08-07,대구,토마토,1kg,4180
2026-08-07,대구,무,1개,1892
2026-08-07,대구,당근,1kg,4160
2026-08-07,대구,열무,1kg,4280
2026-08-07,대구,양파,1kg,1623
2026-08-07,대구,대파,1kg,3297
2026-08-07,대구,피망,100g,9050
2026-08-07,대구,파프리카,1개,1262
2026-08-07,대구,마늘,1kg,11227
2026-08-07,대구,브로콜리,1개,3043
2026-08-07,대구,사과,10개,32950
2026-08-07,대구,배,10개,36600
2026-08-05,광주,배추,1포기,3797
2026-08-05,광주,시금치,100g,15633
2026-08-05,광주,상추,100g,12300
2026-08-05,광주,얼갈이배추,1kg,3303
2026-08-05,광주,오이,10개,8753
2026-08-05,광주,호박,1개,978
2026-08-05,광주,토마토,1kg,4233
2026-08-05,광주,무,1개,1742
2026-08-05,광주,당근,1kg,3363
2026-08-05,광주,열무,1kg,4137
2026-08-05,광주,양파,1kg,1743
2026-08-05,광주,대파,1kg,3070
2026-08-05,광주,피망,100g,9200
2026-08-05,광주,파프리카,1개,1012
2026-08-05,광주,마늘,1kg,10260
2026-08-05,광주,브로콜리,1개,2433
2026-08-05,광주,사과,10개,30950
2026-08-05,광주,배,10개,45850
2026-08-06,광주,배추,1포기,3967
2026-08-06,광주,시금치,100g,15433
2026-08-06,광주,상추,100g,15133
2026-08-06,광주,얼갈이배추,1kg,3827
2026-08-06,광주,오이,10개,9440
2026-08-06,광주,호박,1개,1447
2026-08-06,광주,토마토,1kg,4693
2026-08-06,광주,무,1개,1772
2026-08-06,광주,당근,1kg,3363
2026-08-06,광주,열무,1kg,4343
2026-08-06,광주,양파,1kg,1830
2026-08-06,광주,대파,1kg,3170
2026-08-06,광주,피망,100g,9200
2026-08-06,광주,파프리카,1개,1343
2026-08-06,광주,마늘,1kg,11660
2026-08-06,광주,브로콜리,1개,2767
2026-08-06,광주,사과,10개,31250
2026-08-06,광주,배,10개,48100
2026-08-07,광주,배추,1포기,3987
2026-08-07,광주,시금치,100g,15467
2026-08-07,광주,상추,100g,15133
2026-08-07,광주,얼갈이배추,1kg,3827
2026-08-07,광주,오이,10개,9477
2026-08-07,광주,호박,1개,1447
2026-08-07,광주,토마토,1kg,4693
2026-08-07,광주,무,1개,1772
2026-08-07,광주,당근,1kg,3363
2026-08-07,광주,열무,1kg,4343
2026-08-07,광주,양파,1kg,1830
2026-08-07,광주,대파,1kg,3170
2026-08-07,광주,피망,100g,9200
2026-08-07,광주,파프리카,1개,1357
2026-08-07,광주,마늘,1kg,11660
2026-08-07,광주,브로콜리,1개,2767
2026-08-07,광주,사과,10개,31450
2026-08-07,광주,배,10개,48700
2026-08-05,대전,배추,1포기,4723
2026-08-05,대전,시금치,100g,18600
2026-08-05,대전,상추,100g,13333
2026-08-05,대전,얼갈이배추,1kg,3770
2026-08-05,대전,오이,10개,9993
2026-08-05,대전,호박,1개,1213
2026-08-05,대전,토마토,1kg,4317
2026-08-05,대전,무,1개,2073
2026-08-05,대전,당근,1kg,3713
2026-08-05,대전,열무,1kg,3770
2026-08-05,대전,양파,1kg,1957
2026-08-05,대전,대파,1kg,3417
2026-08-05,대전,피망,100g,15900
2026-08-05,대전,파프리카,1개,1123
2026-08-05,대전,마늘,1kg,11850
2026-08-05,대전,브로콜리,1개,1993
2026-08-05,대전,사과,10개,26667
2026-08-05,대전,배,10개,49950
2026-08-06,대전,배추,1포기,4590
2026-08-06,대전,시금치,100g,19100
2026-08-06,대전,상추,100g,15733
2026-08-06,대전,얼갈이배추,1kg,3917
2026-08-06,대전,오이,10개,8457
2026-08-06,대전,호박,1개,1533
2026-08-06,대전,토마토,1kg,5250
2026-08-06,대전,무,1개,2047
2026-08-06,대전,당근,1kg,3313
2026-08-06,대전,열무,1kg,3807
2026-08-06,대전,양파,1kg,1770
2026-08-06,대전,대파,1kg,3433
2026-08-06,대전,피망,100g,15900
2026-08-06,대전,파프리카,1개,1303
2026-08-06,대전,마늘,1kg,14457
2026-08-06,대전,브로콜리,1개,2380
2026-08-06,대전,사과,10개,28267
2026-08-06,대전,배,10개,49950
2026-08-07,대전,배추,1포기,4673
2026-08-07,대전,시금치,100g,19100
2026-08-07,대전,상추,100g,16000
2026-08-07,대전,얼갈이배추,1kg,3917
2026-08-07,대전,오이,10개,8373
2026-08-07,대전,호박,1개,1533
2026-08-07,대전,토마토,1kg,5250
2026-08-07,대전,무,1개,2140
2026-08-07,대전,당근,1kg,3313
2026-08-07,대전,열무,1kg,3807
2026-08-07,대전,양파,1kg,1770
2026-08-07,대전,대파,1kg,3477
2026-08-07,대전,피망,100g,15900
2026-08-07,대전,파프리카,1개,1303
2026-08-07,대전,마늘,1kg,14457
2026-08-07,대전,브로콜리,1개,2437
2026-08-07,대전,사과,10개,24933
2026-08-07,대전,배,10개,49950
2026-08-10,부산,배추,1포기,3798
2026-08-10,부산,시금치,100g,19633
2026-08-10,부산,상추,100g,17360
2026-08-10,부산,얼갈이배추,1kg,3060
2026-08-10,부산,오이,10개,8885
2026-08-10,부산,호박,1개,1266
2026-08-10,부산,토마토,1kg,4738
2026-08-10,부산,무,1개,1820
2026-08-10,부산,당근,1kg,3734
2026-08-10,부산,열무,1kg,4555
2026-08-10,부산,양파,1kg,1806
2026-08-10,부산,대파,1kg,2932
2026-08-10,부산,피망,100g,8150
2026-08-10,부산,파프리카,1개,1176
2026-08-10,부산,마늘,1kg,11558
2026-08-10,부산,브로콜리,1개,2234
2026-08-10,부산,사과,10개,25740
2026-08-10,부산,배,10개,39367
2026-08-10,대구,배추,1포기,4473
2026-08-10,대구,시금치,100g,23550
2026-08-10,대구,상추,100g,15767
2026-08-10,대구,얼갈이배추,1kg,3647
2026-08-10,대구,오이,10개,9253
2026-08-10,대구,호박,1개,1570
2026-08-10,대구,토마토,1kg,4160
2026-08-10,대구,무,1개,1892
2026-08-10,대구,당근,1kg,4515
2026-08-10,대구,열무,1kg,5477
2026-08-10,대구,양파,1kg,1623
2026-08-10,대구,대파,1kg,3297
2026-08-10,대구,피망,100g,9050
2026-08-10,대구,파프리카,1개,1302
2026-08-10,대구,마늘,1kg,11227
2026-08-10,대구,브로콜리,1개,3043
2026-08-10,대구,사과,10개,32950
2026-08-10,대구,배,10개,36600
2026-08-10,광주,배추,1포기,4050
2026-08-10,광주,시금치,100g,18200
2026-08-10,광주,상추,100g,14133
2026-08-10,광주,얼갈이배추,1kg,4183
2026-08-10,광주,오이,10개,9477
2026-08-10,광주,호박,1개,1357
2026-08-10,광주,토마토,1kg,4677
2026-08-10,광주,무,1개,1845
2026-08-10,광주,당근,1kg,3363
2026-08-10,광주,열무,1kg,4597
2026-08-10,광주,양파,1kg,1813
2026-08-10,광주,대파,1kg,3153
2026-08-10,광주,피망,100g,9350
2026-08-10,광주,파프리카,1개,1357
2026-08-10,광주,마늘,1kg,11593
2026-08-10,광주,브로콜리,1개,3133
2026-08-10,광주,사과,10개,28167
2026-08-10,광주,배,10개,48700
2026-08-10,대전,배추,1포기,4757
2026-08-10,대전,시금치,100g,19100
2026-08-10,대전,상추,100g,16267
2026-08-10,대전,얼갈이배추,1kg,3973
2026-08-10,대전,오이,10개,8247
2026-08-10,대전,호박,1개,1590
2026-08-10,대전,토마토,1kg,5250
2026-08-10,대전,무,1개,2265
2026-08-10,대전,당근,1kg,3313
2026-08-10,대전,열무,1kg,3890
2026-08-10,대전,양파,1kg,1747
2026-08-10,대전,대파,1kg,3517
2026-08-10,대전,피망,100g,15900
2026-08-10,대전,파프리카,1개,1303
2026-08-10,대전,마늘,1kg,13817
2026-08-10,대전,브로콜리,1개,2493
2026-08-10,대전,사과,10개,24933
2026-08-10,대전,배,10개,49950
2026-08-11,부산,배추,1포기,3840
2026-08-11,부산,시금치,100g,19633
2026-08-11,부산,상추,100g,17440
2026-08-11,부산,얼갈이배추,1kg,3078
2026-08-11,부산,오이,10개,8843
2026-08-11,부산,호박,1개,1298
2026-08-11,부산,토마토,1kg,4750
2026-08-11,부산,무,1개,1905
2026-08-11,부산,당근,1kg,3734
2026-08-11,부산,열무,1kg,4638
2026-08-11,부산,양파,1kg,1806
2026-08-11,부산,대파,1kg,2932
2026-08-11,부산,피망,100g,8150
2026-08-11,부산,파프리카,1개,1176
2026-08-11,부산,마늘,1kg,11572
2026-08-11,부산,브로콜리,1개,2220
2026-08-11,부산,사과,10개,25940
2026-08-11,부산,배,10개,39367
2026-08-11,대구,배추,1포기,4473
2026-08-11,대구,시금치,100g,23550
2026-08-11,대구,상추,100g,15867
2026-08-11,대구,얼갈이배추,1kg,3647
2026-08-11,대구,오이,10개,9253
2026-08-11,대구,호박,1개,1570
2026-08-11,대구,토마토,1kg,4160
2026-08-11,대구,무,1개,1925
2026-08-11,대구,당근,1kg,4515
2026-08-11,대구,열무,1kg,5033
2026-08-11,대구,양파,1kg,1347
2026-08-11,대구,대파,1kg,3297
2026-08-11,대구,피망,100g,8950
2026-08-11,대구,파프리카,1개,1302
2026-08-11,대구,마늘,1kg,11227
2026-08-11,대구,브로콜리,1개,3043
2026-08-11,대구,사과,10개,32950
2026-08-11,대구,배,10개,36600
2026-08-11,광주,배추,1포기,4133
2026-08-11,광주,시금치,100g,18267
2026-08-11,광주,상추,100g,13067
2026-08-11,광주,얼갈이배추,1kg,4183
2026-08-11,광주,오이,10개,9477
2026-08-11,광주,호박,1개,1357
2026-08-11,광주,토마토,1kg,4677
2026-08-11,광주,무,1개,1825
2026-08-11,광주,당근,1kg,3417
2026-08-11,광주,열무,1kg,4597
2026-08-11,광주,양파,1kg,1827
2026-08-11,광주,대파,1kg,3153
2026-08-11,광주,피망,100g,9350
2026-08-11,광주,파프리카,1개,1333
2026-08-11,광주,마늘,1kg,11593
2026-08-11,광주,브로콜리,1개,3143
2026-08-11,광주,사과,10개,28167
2026-08-11,광주,배,10개,48700
2026-08-11,대전,배추,1포기,4923
2026-08-11,대전,시금치,100g,19100
2026-08-11,대전,상추,100g,16567
2026-08-11,대전,얼갈이배추,1kg,3917
2026-08-11,대전,오이,10개,8457
2026-08-11,대전,호박,1개,1590
2026-08-11,대전,토마토,1kg,5250
2026-08-11,대전,무,1개,2325
2026-08-11,대전,당근,1kg,3313
2026-08-11,대전,열무,1kg,3943
2026-08-11,대전,양파,1kg,1747
2026-08-11,대전,대파,1kg,3433
2026-08-11,대전,피망,100g,15900
2026-08-11,대전,파프리카,1개,1303
2026-08-11,대전,마늘,1kg,13817
2026-08-11,대전,브로콜리,1개,2493
2026-08-11,대전,사과,10개,24933
2026-08-11,대전,배,10개,49950
2026-08-12,부산,배추,1포기,3840
2026-08-12,부산,시금치,100g,19633
2026-08-12,부산,상추,100g,17640
2026-08-12,부산,얼갈이배추,1kg,3173
2026-08-12,부산,오이,10개,8843
2026-08-12,부산,호박,1개,1298
2026-08-12,부산,토마토,1kg,3562
2026-08-12,부산,무,1개,1933
2026-08-12,부산,당근,1kg,3734
2026-08-12,부산,열무,1kg,4638
2026-08-12,부산,양파,1kg,1806
2026-08-12,부산,대파,1kg,2982
2026-08-12,부산,피망,100g,8150
2026-08-12,부산,파프리카,1개,1196
2026-08-12,부산,마늘,1kg,11816
2026-08-12,부산,브로콜리,1개,2360
2026-08-12,부산,사과,10개,25940
2026-08-12,부산,배,10개,39367
2026-08-12,대구,배추,1포기,4473
2026-08-12,대구,시금치,100g,23550
2026-08-12,대구,상추,100g,15867
2026-08-12,대구,얼갈이배추,1kg,3647
2026-08-12,대구,오이,10개,9253
2026-08-12,대구,호박,1개,1570
2026-08-12,대구,토마토,1kg,4160
2026-08-12,대구,무,1개,1925
2026-08-12,대구,당근,1kg,4335
2026-08-12,대구,열무,1kg,5033
2026-08-12,대구,양파,1kg,1347
2026-08-12,대구,대파,1kg,3297
2026-08-12,대구,피망,100g,8950
2026-08-12,대구,파프리카,1개,1483
2026-08-12,대구,마늘,1kg,11227
2026-08-12,대구,브로콜리,1개,2960
2026-08-12,대구,사과,10개,32950
2026-08-12,대구,배,10개,29400
2026-08-12,광주,배추,1포기,4193
2026-08-12,광주,시금치,100g,18267
2026-08-12,광주,상추,100g,13100
2026-08-12,광주,얼갈이배추,1kg,4200
2026-08-12,광주,오이,10개,9440
2026-08-12,광주,호박,1개,1377
2026-08-12,광주,토마토,1kg,4677
2026-08-12,광주,무,1개,1878
2026-08-12,광주,당근,1kg,3417
2026-08-12,광주,열무,1kg,4597
2026-08-12,광주,양파,1kg,1843
2026-08-12,광주,대파,1kg,3143
2026-08-12,광주,피망,100g,9350
2026-08-12,광주,파프리카,1개,1333
2026-08-12,광주,마늘,1kg,11660
2026-08-12,광주,브로콜리,1개,3233
2026-08-12,광주,사과,10개,27767
2026-08-12,광주,배,10개,48700
2026-08-12,대전,배추,1포기,4757
2026-08-12,대전,시금치,100g,19100
2026-08-12,대전,상추,100g,17100
2026-08-12,대전,얼갈이배추,1kg,4027
2026-08-12,대전,오이,10개,8290
2026-08-12,대전,호박,1개,1533
2026-08-12,대전,토마토,1kg,5250
2026-08-12,대전,무,1개,2213
2026-08-12,대전,당근,1kg,3313
2026-08-12,대전,열무,1kg,3973
2026-08-12,대전,양파,1kg,1703
2026-08-12,대전,대파,1kg,3477
2026-08-12,대전,피망,100g,15900
2026-08-12,대전,파프리카,1개,1283
2026-08-12,대전,마늘,1kg,13817
2026-08-12,대전,브로콜리,1개,2437
2026-08-12,대전,사과,10개,24933
2026-08-12,대전,배,10개,49950
2026-08-13,부산,배추,1포기,4320
2026-08-13,부산,시금치,100g,21600
2026-08-13,부산,상추,100g,16480
2026-08-13,부산,얼갈이배추,1kg,3093
2026-08-13,부산,오이,10개,10590
2026-08-13,부산,호박,1개,1450
2026-08-13,부산,토마토,1kg,3682
2026-08-13,부산,무,1개,2157
2026-08-13,부산,당근,1kg,3522
2026-08-13,부산,열무,1kg,4910
2026-08-13,부산,양파,1kg,1810
2026-08-13,부산,대파,1kg,3156
2026-08-13,부산,피망,100g,8150
2026-08-13,부산,파프리카,1개,1017
2026-08-13,부산,마늘,1kg,9480
2026-08-13,부산,브로콜리,1개,2654
2026-08-13,부산,사과,10개,27340
2026-08-13,부산,배,10개,37850
2026-08-13,대구,배추,1포기,4887
2026-08-13,대구,시금치,100g,21250
2026-08-13,대구,상추,100g,15900
2026-08-13,대구,얼갈이배추,1kg,3077
2026-08-13,대구,오이,10개,11243
2026-08-13,대구,호박,1개,1523
2026-08-13,대구,토마토,1kg,4180
2026-08-13,대구,무,1개,2157
2026-08-13,대구,당근,1kg,4585
2026-08-13,대구,열무,1kg,4453
2026-08-13,대구,양파,1kg,2003
2026-08-13,대구,대파,1kg,3340
2026-08-13,대구,피망,100g,10120
2026-08-13,대구,파프리카,1개,1600
2026-08-13,대구,마늘,1kg,9520
2026-08-13,대구,브로콜리,1개,3143
2026-08-13,대구,사과,10개,33950
2026-08-13,대구,배,10개,49900
2026-08-13,광주,배추,1포기,4483
2026-08-13,광주,시금치,100g,17733
2026-08-13,광주,상추,100g,15633
2026-08-13,광주,얼갈이배추,1kg,3650
2026-08-13,광주,오이,10개,7653
2026-08-13,광주,호박,1개,1433
2026-08-13,광주,토마토,1kg,4677
2026-08-13,광주,무,1개,2157
2026-08-13,광주,당근,1kg,3583
2026-08-13,광주,열무,1kg,4290
2026-08-13,광주,양파,1kg,2137
2026-08-13,광주,대파,1kg,3187
2026-08-13,광주,피망,100g,13350
2026-08-13,광주,파프리카,1개,1136
2026-08-13,광주,마늘,1kg,9953
2026-08-13,광주,브로콜리,1개,3300
2026-08-13,광주,사과,10개,30067
2026-08-13,광주,배,10개,48700
2026-08-13,대전,배추,1포기,4507
2026-08-13,대전,시금치,100g,20800
2026-08-13,대전,상추,100g,17233
2026-08-13,대전,얼갈이배추,1kg,4187
2026-08-13,대전,오이,10개,6923
2026-08-13,대전,호박,1개,1657
2026-08-13,대전,토마토,1kg,5250
2026-08-13,대전,무,1개,2173
2026-08-13,대전,당근,1kg,3760
2026-08-13,대전,열무,1kg,4130
2026-08-13,대전,양파,1kg,1703
2026-08-13,대전,대파,1kg,3420
2026-08-13,대전,피망,100g,19900
2026-08-13,대전,파프리카,1개,1416
2026-08-13,대전,마늘,1kg,11977
2026-08-13,대전,브로콜리,1개,2603
2026-08-13,대전,사과,10개,28267
2026-08-13,대전,배,10개,49950
2026-08-14,부산,배추,1포기,4320
2026-08-14,부산,시금치,100g,21600
2026-08-14,부산,상추,100g,16480
2026-08-14,부산,얼갈이배추,1kg,3093
2026-08-14,부산,오이,10개,10590
2026-08-14,부산,호박,1개,1450
2026-08-14,부산,토마토,1kg,3880
2026-08-14,부산,무,1개,2157
2026-08-14,부산,당근,1kg,3522
2026-08-14,부산,열무,1kg,4910
2026-08-14,부산,양파,1kg,1810
2026-08-14,부산,대파,1kg,3156
2026-08-14,부산,피망,100g,8150
2026-08-14,부산,파프리카,1개,1017
2026-08-14,부산,마늘,1kg,9480
2026-08-14,부산,브로콜리,1개,2654
2026-08-14,부산,사과,10개,27340
2026-08-14,부산,배,10개,37850
2026-08-14,대구,배추,1포기,4887
2026-08-14,대구,시금치,100g,21250
2026-08-14,대구,상추,100g,15900
2026-08-14,대구,얼갈이배추,1kg,3077
2026-08-14,대구,오이,10개,11810
2026-08-14,대구,호박,1개,1523
2026-08-14,대구,토마토,1kg,4180
2026-08-14,대구,무,1개,2157
2026-08-14,대구,당근,1kg,4500
2026-08-14,대구,열무,1kg,4453
2026-08-14,대구,양파,1kg,1683
2026-08-14,대구,대파,1kg,3340
2026-08-14,대구,피망,100g,10120
2026-08-14,대구,파프리카,1개,1269
2026-08-14,대구,마늘,1kg,9520
2026-08-14,대구,브로콜리,1개,3210
2026-08-14,대구,사과,10개,33950
2026-08-14,대구,배,10개,49900
2026-08-14,광주,배추,1포기,4503
2026-08-14,광주,시금치,100g,17733
2026-08-14,광주,상추,100g,13133
2026-08-14,광주,얼갈이배추,1kg,3650
2026-08-14,광주,오이,10개,7653
2026-08-14,광주,호박,1개,1457
2026-08-14,광주,토마토,1kg,4677
2026-08-14,광주,무,1개,2157
2026-08-14,광주,당근,1kg,3583
2026-08-14,광주,열무,1kg,4290
2026-08-14,광주,양파,1kg,2163
2026-08-14,광주,대파,1kg,3187
2026-08-14,광주,피망,100g,13350
2026-08-14,광주,파프리카,1개,1159
2026-08-14,광주,마늘,1kg,9600
2026-08-14,광주,브로콜리,1개,3300
2026-08-14,광주,사과,10개,30067
2026-08-14,광주,배,10개,48700
2026-08-14,대전,배추,1포기,4607
2026-08-14,대전,시금치,100g,22450
2026-08-14,대전,상추,100g,16233
2026-08-14,대전,얼갈이배추,1kg,4157
2026-08-14,대전,오이,10개,7217
2026-08-14,대전,호박,1개,1690
2026-08-14,대전,토마토,1kg,5160
2026-08-14,대전,무,1개,2323
2026-08-14,대전,당근,1kg,4160
2026-08-14,대전,열무,1kg,4103
2026-08-14,대전,양파,1kg,1890
2026-08-14,대전,대파,1kg,3420
2026-08-14,대전,피망,100g,19900
2026-08-14,대전,파프리카,1개,1142
2026-08-14,대전,마늘,1kg,10077
2026-08-14,대전,브로콜리,1개,2660
2026-08-14,대전,사과,10개,30450
2026-08-14,대전,배,10개,50000
2026-08-18,부산,배추,1포기,4445
2026-08-18,부산,시금치,100g,21600
2026-08-18,부산,상추,100g,16620
2026-08-18,부산,얼갈이배추,1kg,3093
2026-08-18,부산,오이,10개,10425
2026-08-18,부산,호박,1개,1436
2026-08-18,부산,토마토,1kg,3914
2026-08-18,부산,무,1개,2210
2026-08-18,부산,당근,1kg,3522
2026-08-18,부산,열무,1kg,4995
2026-08-18,부산,양파,1kg,1810
2026-08-18,부산,대파,1kg,3190
2026-08-18,부산,피망,100g,8283
2026-08-18,부산,파프리카,1개,1077
2026-08-18,부산,마늘,1kg,9594
2026-08-18,부산,브로콜리,1개,2668
2026-08-18,부산,사과,10개,27340
2026-08-18,부산,배,10개,37850
2026-08-18,대구,배추,1포기,4887
2026-08-18,대구,시금치,100g,21250
2026-08-18,대구,상추,100g,15600
2026-08-18,대구,얼갈이배추,1kg,3320
2026-08-18,대구,오이,10개,11810
2026-08-18,대구,호박,1개,1457
2026-08-18,대구,토마토,1kg,4180
2026-08-18,대구,무,1개,2157
2026-08-18,대구,당근,1kg,4500
2026-08-18,대구,열무,1kg,4033
2026-08-18,대구,양파,1kg,2103
2026-08-18,대구,대파,1kg,3340
2026-08-18,대구,피망,100g,10187
2026-08-18,대구,파프리카,1개,1269
2026-08-18,대구,마늘,1kg,9520
2026-08-18,대구,브로콜리,1개,3210
2026-08-18,대구,사과,10개,33950
2026-08-18,대구,배,10개,49900
2026-08-18,광주,배추,1포기,4527
2026-08-18,광주,시금치,100g,17733
2026-08-18,광주,상추,100g,13133
2026-08-18,광주,얼갈이배추,1kg,3650
2026-08-18,광주,오이,10개,7793
2026-08-18,광주,호박,1개,1477
2026-08-18,광주,토마토,1kg,4720
2026-08-18,광주,무,1개,2177
2026-08-18,광주,당근,1kg,3583
2026-08-18,광주,열무,1kg,4303
2026-08-18,광주,양파,1kg,2190
2026-08-18,광주,대파,1kg,3187
2026-08-18,광주,피망,100g,13450
2026-08-18,광주,파프리카,1개,1136
2026-08-18,광주,마늘,1kg,9600
2026-08-18,광주,브로콜리,1개,3343
2026-08-18,광주,사과,10개,30067
2026-08-18,광주,배,10개,49300
2026-08-18,대전,배추,1포기,4607
2026-08-18,대전,시금치,100g,22450
2026-08-18,대전,상추,100g,15933
2026-08-18,대전,얼갈이배추,1kg,3990
2026-08-18,대전,오이,10개,7090
2026-08-18,대전,호박,1개,1690
2026-08-18,대전,토마토,1kg,5160
2026-08-18,대전,무,1개,2323
2026-08-18,대전,당근,1kg,4160
2026-08-18,대전,열무,1kg,3990
2026-08-18,대전,양파,1kg,1850
2026-08-18,대전,대파,1kg,3503
2026-08-18,대전,피망,100g,19900
2026-08-18,대전,파프리카,1개,1142
2026-08-18,대전,마늘,1kg,10117
2026-08-18,대전,브로콜리,1개,2660
2026-08-18,대전,사과,10개,30450
2026-08-18,대전,배,10개,50000
2026-08-19,부산,배추,1포기,4778
2026-08-19,부산,시금치,100g,22333
2026-08-19,부산,상추,100g,16620
2026-08-19,부산,얼갈이배추,1kg,2883
2026-08-19,부산,오이,10개,12518
2026-08-19,부산,호박,1개,1316
2026-08-19,부산,토마토,1kg,4410
2026-08-19,부산,무,1개,2153
2026-08-19,부산,당근,1kg,3740
2026-08-19,부산,열무,1kg,4778
2026-08-19,부산,양파,1kg,1890
2026-08-19,부산,대파,1kg,3224
2026-08-19,부산,피망,100g,8283
2026-08-19,부산,파프리카,1개,1093
2026-08-19,부산,마늘,1kg,9350
2026-08-19,부산,브로콜리,1개,2722
2026-08-19,부산,사과,10개,26050
2026-08-19,부산,배,10개,37200
2026-08-19,대구,배추,1포기,4887
2026-08-19,대구,시금치,100g,21250
2026-08-19,대구,상추,100g,15600
2026-08-19,대구,얼갈이배추,1kg,3320
2026-08-19,대구,오이,10개,11810
2026-08-19,대구,호박,1개,1457
2026-08-19,대구,토마토,1kg,4680
2026-08-19,대구,무,1개,2157
2026-08-19,대구,당근,1kg,4500
2026-08-19,대구,열무,1kg,3633
2026-08-19,대구,양파,1kg,2103
2026-08-19,대구,대파,1kg,3340
2026-08-19,대구,피망,100g,10187
2026-08-19,대구,파프리카,1개,1269
2026-08-19,대구,마늘,1kg,9520
2026-08-19,대구,브로콜리,1개,3210
2026-08-19,대구,사과,10개,33950
2026-08-19,대구,배,10개,49900
2026-08-19,광주,배추,1포기,4527
2026-08-19,광주,시금치,100g,17733
2026-08-19,광주,상추,100g,13133
2026-08-19,광주,얼갈이배추,1kg,3650
2026-08-19,광주,오이,10개,7793
2026-08-19,광주,호박,1개,1477
2026-08-19,광주,토마토,1kg,4720
2026-08-19,광주,무,1개,2167
2026-08-19,광주,당근,1kg,3583
2026-08-19,광주,열무,1kg,4303
2026-08-19,광주,양파,1kg,2180
2026-08-19,광주,대파,1kg,3157
2026-08-19,광주,피망,100g,13450
2026-08-19,광주,파프리카,1개,1136
2026-08-19,광주,마늘,1kg,9533
2026-08-19,광주,브로콜리,1개,3343
2026-08-19,광주,사과,10개,30067
2026-08-19,광주,배,10개,49300
2026-08-19,대전,배추,1포기,4440
2026-08-19,대전,시금치,100g,22450
2026-08-19,대전,상추,100g,15400
2026-08-19,대전,얼갈이배추,1kg,3880
2026-08-19,대전,오이,10개,6883
2026-08-19,대전,호박,1개,1633
2026-08-19,대전,토마토,1kg,5160
2026-08-19,대전,무,1개,2407
2026-08-19,대전,당근,1kg,4213
2026-08-19,대전,열무,1kg,3823
2026-08-19,대전,양파,1kg,1807
2026-08-19,대전,대파,1kg,3503
2026-08-19,대전,피망,100g,19900
2026-08-19,대전,파프리카,1개,1085
2026-08-19,대전,마늘,1kg,10117
2026-08-19,대전,브로콜리,1개,2660
2026-08-19,대전,사과,10개,30450
2026-08-19,대전,배,10개,50000
2026-08-20,부산,배추,1포기,5363
2026-08-20,부산,시금치,100g,23433
2026-08-20,부산,상추,100g,18040
2026-08-20,부산,얼갈이배추,1kg,2963
2026-08-20,부산,오이,10개,7210
2026-08-20,부산,호박,1개,1204
2026-08-20,부산,토마토,1kg,4544
2026-08-20,부산,무,1개,2520
2026-08-20,부산,당근,1kg,3928
2026-08-20,부산,열무,1kg,4698
2026-08-20,부산,양파,1kg,1948
2026-08-20,부산,대파,1kg,3180
2026-08-20,부산,피망,100g,11188
2026-08-20,부산,파프리카,1개,1292
2026-08-20,부산,마늘,1kg,10706
2026-08-20,부산,브로콜리,1개,2742
2026-08-20,부산,사과,10개,26050
2026-08-20,부산,배,10개,37200
2026-08-20,대구,배추,1포기,5527
2026-08-20,대구,시금치,100g,23300
2026-08-20,대구,상추,100g,16200
2026-08-20,대구,얼갈이배추,1kg,3320
2026-08-20,대구,오이,10개,11810
2026-08-20,대구,호박,1개,1463
2026-08-20,대구,토마토,1kg,4847
2026-08-20,대구,무,1개,2430
2026-08-20,대구,당근,1kg,4250
2026-08-20,대구,열무,1kg,3800
2026-08-20,대구,양파,1kg,2113
2026-08-20,대구,대파,1kg,3293
2026-08-20,대구,피망,100g,10833
2026-08-20,대구,파프리카,1개,1617
2026-08-20,대구,마늘,1kg,11360
2026-08-20,대구,브로콜리,1개,3267
2026-08-20,대구,사과,10개,33950
2026-08-20,대구,배,10개,49900
2026-08-20,광주,배추,1포기,5220
2026-08-20,광주,시금치,100g,15700
2026-08-20,광주,상추,100g,16167
2026-08-20,광주,얼갈이배추,1kg,3317
2026-08-20,광주,오이,10개,10527
2026-08-20,광주,호박,1개,1450
2026-08-20,광주,토마토,1kg,4887
2026-08-20,광주,무,1개,2430
2026-08-20,광주,당근,1kg,3417
2026-08-20,광주,열무,1kg,3813
2026-08-20,광주,양파,1kg,2163
2026-08-20,광주,대파,1kg,3153
2026-08-20,광주,피망,100g,13350
2026-08-20,광주,파프리카,1개,1490
2026-08-20,광주,마늘,1kg,11693
2026-08-20,광주,브로콜리,1개,3343
2026-08-20,광주,사과,10개,31733
2026-08-20,광주,배,10개,49300
2026-08-20,대전,배추,1포기,5573
2026-08-20,대전,시금치,100g,22450
2026-08-20,대전,상추,100g,13667
2026-08-20,대전,얼갈이배추,1kg,3547
2026-08-20,대전,오이,10개,9663
2026-08-20,대전,호박,1개,1433
2026-08-20,대전,토마토,1kg,5987
2026-08-20,대전,무,1개,2740
2026-08-20,대전,당근,1kg,3647
2026-08-20,대전,열무,1kg,3437
2026-08-20,대전,양파,1kg,1807
2026-08-20,대전,대파,1kg,3420
2026-08-20,대전,피망,100g,19900
2026-08-20,대전,파프리카,1개,1493
2026-08-20,대전,마늘,1kg,11957
2026-08-20,대전,브로콜리,1개,2660
2026-08-20,대전,사과,10개,30450
2026-08-20,대전,배,10개,50000
2026-08-21,부산,배추,1포기,5403
2026-08-21,부산,시금치,100g,23433
2026-08-21,부산,상추,100g,18040
2026-08-21,부산,얼갈이배추,1kg,2963
2026-08-21,부산,오이,10개,8468
2026-08-21,부산,호박,1개,1204
2026-08-21,부산,토마토,1kg,4544
2026-08-21,부산,무,1개,2563
2026-08-21,부산,당근,1kg,3928
2026-08-21,부산,열무,1kg,4448
2026-08-21,부산,양파,1kg,1948
2026-08-21,부산,대파,1kg,3194
2026-08-21,부산,피망,100g,11263
2026-08-21,부산,파프리카,1개,1227
2026-08-21,부산,마늘,1kg,10706
2026-08-21,부산,브로콜리,1개,2748
2026-08-21,부산,사과,10개,23133
2026-08-21,부산,배,10개,49900
2026-08-21,대구,배추,1포기,5527
2026-08-21,대구,시금치,100g,18050
2026-08-21,대구,상추,100g,16200
2026-08-21,대구,얼갈이배추,1kg,2813
2026-08-21,대구,오이,10개,11810
2026-08-21,대구,호박,1개,1294
2026-08-21,대구,토마토,1kg,5463
2026-08-21,대구,무,1개,2430
2026-08-21,대구,당근,1kg,4250
2026-08-21,대구,열무,1kg,3340
2026-08-21,대구,양파,1kg,2113
2026-08-21,대구,대파,1kg,3337
2026-08-21,대구,피망,100g,10833
2026-08-21,대구,파프리카,1개,1617
2026-08-21,대구,마늘,1kg,11360
2026-08-21,대구,브로콜리,1개,3157
2026-08-21,대구,사과,10개,33950
2026-08-21,대구,배,10개,49900
2026-08-21,광주,배추,1포기,5220
2026-08-21,광주,시금치,100g,15767
2026-08-21,광주,상추,100g,13133
2026-08-21,광주,얼갈이배추,1kg,3207
2026-08-21,광주,오이,10개,10527
2026-08-21,광주,호박,1개,1390
2026-08-21,광주,토마토,1kg,5570
2026-08-21,광주,무,1개,2373
2026-08-21,광주,당근,1kg,3417
2026-08-21,광주,열무,1kg,3813
2026-08-21,광주,양파,1kg,2137
2026-08-21,광주,대파,1kg,3153
2026-08-21,광주,피망,100g,13350
2026-08-21,광주,파프리카,1개,1490
2026-08-21,광주,마늘,1kg,11693
2026-08-21,광주,브로콜리,1개,3343
2026-08-21,광주,사과,10개,28367
2026-08-21,광주,배,10개,49300
2026-08-21,대전,배추,1포기,5657
2026-08-21,대전,시금치,100g,22450
2026-08-21,대전,상추,100g,13400
2026-08-21,대전,얼갈이배추,1kg,3630
2026-08-21,대전,오이,10개,9997
2026-08-21,대전,호박,1개,1327
2026-08-21,대전,토마토,1kg,6070
2026-08-21,대전,무,1개,2740
2026-08-21,대전,당근,1kg,3647
2026-08-21,대전,열무,1kg,3463
2026-08-21,대전,양파,1kg,1807
2026-08-21,대전,대파,1kg,3420
2026-08-21,대전,피망,100g,19900
2026-08-21,대전,파프리카,1개,1493
2026-08-21,대전,마늘,1kg,11957
2026-08-21,대전,브로콜리,1개,2713
2026-08-21,대전,사과,10개,30450
2026-08-21,대전,배,10개,50000
